# round	mode	threads	workers	kind	index	value_us	collections
1	checked	1	0	reset	1	37.751	0
1	checked	1	0	reset	2	29.015	0
1	checked	1	0	reset	3	27.201	0
1	checked	1	0	reset	4	27.422	0
1	checked	1	0	reset	5	26.78	0
1	checked	1	0	reset	6	26.57	0
1	checked	1	0	reset	7	26.931	0
1	checked	1	0	reset	8	30.588	0
1	checked	1	0	reset	9	28.313	0
1	checked	1	0	reset	10	26.55	0
1	checked	1	0	reset	11	26.951	0
1	checked	1	0	reset	12	26.54	0
1	checked	1	0	reset	13	27.331	0
1	checked	1	0	reset	14	27.011	0
1	checked	1	0	reset	15	27.142	0
1	checked	1	0	reset	16	26.81	0
1	checked	1	0	reset	17	27.302	0
1	checked	1	0	reset	18	26.49	0
1	checked	1	0	reset	19	27.512	0
1	checked	1	0	reset	20	27.812	0
1	checked	1	0	reset	21	27.683	0
1	checked	1	0	reset	22	27.03	0
1	checked	1	0	reset	23	27.442	0
1	checked	1	0	reset	24	27.171	0
1	checked	1	0	reset	25	31.129	0
1	checked	1	0	reset	26	27.702	0
1	checked	1	0	reset	27	27.252	0
1	checked	1	0	reset	28	27.622	0
1	checked	1	0	reset	29	27.592	0
1	checked	1	0	reset	30	27.412	0
1	checked	1	0	reset	31	27.623	0
1	checked	1	0	reset	32	27.192	0
1	checked	1	0	reset	33	27.843	0
1	checked	1	0	reset	34	27.542	0
1	checked	1	0	reset	35	27.421	0
1	checked	1	0	reset	36	26.65	0
1	checked	1	0	reset	37	27.331	0
1	checked	1	0	reset	38	27.521	0
1	checked	1	0	reset	39	27.592	0
1	checked	1	0	reset	40	27.252	0
1	checked	1	0	reset	41	27.502	0
1	checked	1	0	reset	42	27.903	0
1	checked	1	0	reset	43	27.031	0
1	checked	1	0	reset	44	26.71	0
1	checked	1	0	reset	45	27.341	0
1	checked	1	0	reset	46	27.612	0
1	checked	1	0	reset	47	27.723	0
1	checked	1	0	reset	48	26.951	0
1	checked	1	0	reset	49	27.422	0
1	checked	1	0	reset	50	27.081	0
1	checked	1	0	reset	51	27.492	0
1	checked	1	0	reset	52	28.123	0
1	checked	1	0	reset	53	27.622	0
1	checked	1	0	reset	54	28.274	0
1	checked	1	0	reset	55	28.133	0
1	checked	1	0	reset	56	27.231	0
1	checked	1	0	reset	57	27.812	0
1	checked	1	0	reset	58	27.321	0
1	checked	1	0	reset	59	27.883	0
1	checked	1	0	reset	60	27.752	0
1	checked	1	0	reset	61	27.853	0
1	checked	1	0	reset	62	27.191	0
1	checked	1	0	reset	63	28.484	0
1	checked	1	0	reset	64	26.651	0
1	checked	1	0	reset	65	27.321	0
1	checked	1	0	reset	66	26.91	0
1	checked	1	0	reset	67	29.776	0
1	checked	1	0	reset	68	26.53	0
1	checked	1	0	reset	69	27.442	0
1	checked	1	0	reset	70	26.731	0
1	checked	1	0	reset	71	27.061	0
1	checked	1	0	reset	72	26.9	0
1	checked	1	0	reset	73	27.072	0
1	checked	1	0	reset	74	26.8	0
1	checked	1	0	reset	75	27.071	0
1	checked	1	0	reset	76	26.8	0
1	checked	1	0	reset	77	27.051	0
1	checked	1	0	reset	78	26.5	0
1	checked	1	0	reset	79	26.931	0
1	checked	1	0	reset	80	26.881	0
1	checked	1	0	reset	81	27.102	0
1	checked	1	0	reset	82	26.399	0
1	checked	1	0	reset	83	27.151	0
1	checked	1	0	reset	84	29.335	0
1	checked	1	0	reset	85	27.843	0
1	checked	1	0	reset	86	27.662	0
1	checked	1	0	reset	87	28.324	0
1	checked	1	0	reset	88	29.906	0
1	checked	1	0	reset	89	27.702	0
1	checked	1	0	reset	90	27.482	0
1	checked	1	0	reset	91	27.381	0
1	checked	1	0	reset	92	27.462	0
1	checked	1	0	reset	93	27.502	0
1	checked	1	0	reset	94	26.901	0
1	checked	1	0	reset	95	27.101	0
1	checked	1	0	reset	96	26.47	0
1	checked	1	0	reset	97	27.081	0
1	checked	1	0	reset	98	26.7	0
1	checked	1	0	reset	99	26.911	0
1	checked	1	0	reset	100	26.76	0
1	checked	1	0	reset	101	27.011	0
1	checked	1	0	reset	102	26.65	0
1	checked	1	0	reset	103	26.9	0
1	checked	1	0	reset	104	26.55	0
1	checked	1	0	reset	105	28.724	0
1	checked	1	0	reset	106	27.492	0
1	checked	1	0	reset	107	32.26	0
1	checked	1	0	reset	108	27.762	0
1	checked	1	0	reset	109	30.457	0
1	checked	1	0	reset	110	27.481	0
1	checked	1	0	reset	111	27.803	0
1	checked	1	0	reset	112	27.562	0
1	checked	1	0	reset	113	27.763	0
1	checked	1	0	reset	114	27.712	0
1	checked	1	0	reset	115	28.063	0
1	checked	1	0	reset	116	43.993	0
1	checked	1	0	reset	117	27.492	0
1	checked	1	0	reset	118	27.191	0
1	checked	1	0	reset	119	27.382	0
1	checked	1	0	reset	120	28.123	0
1	checked	1	0	reset	121	27.491	0
1	checked	1	0	reset	122	27.492	0
1	checked	1	0	reset	123	28.194	0
1	checked	1	0	reset	124	27.312	0
1	checked	1	0	reset	125	27.722	0
1	checked	1	0	reset	126	28.003	0
1	checked	1	0	reset	127	27.812	0
1	checked	1	0	reset	128	27.652	0
1	checked	1	0	reset	129	27.442	0
1	checked	1	0	reset	130	27.141	0
1	checked	1	0	reset	131	27.131	0
1	checked	1	0	reset	132	27.382	0
1	checked	1	0	reset	133	27.421	0
1	checked	1	0	reset	134	26.91	0
1	checked	1	0	reset	135	27.652	0
1	checked	1	0	reset	136	27.672	0
1	checked	1	0	reset	137	27.291	0
1	checked	1	0	reset	138	26.53	0
1	checked	1	0	reset	139	27.352	0
1	checked	1	0	reset	140	26.63	0
1	checked	1	0	reset	141	27.192	0
1	checked	1	0	reset	142	26.66	0
1	checked	1	0	reset	143	27.271	0
1	checked	1	0	reset	144	26.46	0
1	checked	1	0	reset	145	26.841	0
1	checked	1	0	reset	146	26.56	0
1	checked	1	0	reset	147	26.83	0
1	checked	1	0	reset	148	26.59	0
1	checked	1	0	reset	149	26.75	0
1	checked	1	0	reset	150	26.47	0
1	checked	1	0	reset	151	26.971	0
1	checked	1	0	reset	152	26.871	0
1	checked	1	0	reset	153	26.861	0
1	checked	1	0	reset	154	26.54	0
1	checked	1	0	reset	155	26.79	0
1	checked	1	0	reset	156	26.621	0
1	checked	1	0	reset	157	26.65	0
1	checked	1	0	reset	158	26.681	0
1	checked	1	0	reset	159	27.462	0
1	checked	1	0	reset	160	27.552	0
1	checked	1	0	reset	161	27.282	0
1	checked	1	0	reset	162	27.162	0
1	checked	1	0	reset	163	27.381	0
1	checked	1	0	reset	164	26.861	0
1	checked	1	0	reset	165	27.142	0
1	checked	1	0	reset	166	27.111	0
1	checked	1	0	reset	167	27.732	0
1	checked	1	0	reset	168	27.251	0
1	checked	1	0	reset	169	26.971	0
1	checked	1	0	reset	170	26.57	0
1	checked	1	0	reset	171	26.751	0
1	checked	1	0	reset	172	27.873	0
1	checked	1	0	reset	173	27.021	0
1	checked	1	0	reset	174	26.47	0
1	checked	1	0	reset	175	26.75	0
1	checked	1	0	reset	176	26.409	0
1	checked	1	0	reset	177	26.91	0
1	checked	1	0	reset	178	26.429	0
1	checked	1	0	reset	179	26.77	0
1	checked	1	0	reset	180	26.7	0
1	checked	1	0	reset	181	27.191	0
1	checked	1	0	reset	182	26.841	0
1	checked	1	0	reset	183	26.921	0
1	checked	1	0	reset	184	26.65	0
1	checked	1	0	reset	185	27.031	0
1	checked	1	0	reset	186	26.5	0
1	checked	1	0	reset	187	26.911	0
1	checked	1	0	reset	188	26.66	0
1	checked	1	0	reset	189	27.061	0
1	checked	1	0	reset	190	26.59	0
1	checked	1	0	reset	191	26.801	0
1	checked	1	0	reset	192	26.55	0
1	checked	1	0	reset	193	27.131	0
1	checked	1	0	reset	194	26.47	0
1	checked	1	0	reset	195	26.881	0
1	checked	1	0	reset	196	26.51	0
1	checked	1	0	reset	197	26.81	0
1	checked	1	0	reset	198	26.84	0
1	checked	1	0	reset	199	26.771	0
1	checked	1	0	reset	200	26.57	0
1	unsafe	1	0	reset	1	0.13	0
1	unsafe	1	0	reset	2	0.08	0
1	unsafe	1	0	reset	3	0.08	0
1	unsafe	1	0	reset	4	0.1	0
1	unsafe	1	0	reset	5	0.09	0
1	unsafe	1	0	reset	6	0.07	0
1	unsafe	1	0	reset	7	0.08	0
1	unsafe	1	0	reset	8	0.08	0
1	unsafe	1	0	reset	9	0.08	0
1	unsafe	1	0	reset	10	0.071	0
1	unsafe	1	0	reset	11	0.07	0
1	unsafe	1	0	reset	12	0.081	0
1	unsafe	1	0	reset	13	0.08	0
1	unsafe	1	0	reset	14	0.08	0
1	unsafe	1	0	reset	15	0.07	0
1	unsafe	1	0	reset	16	0.08	0
1	unsafe	1	0	reset	17	0.09	0
1	unsafe	1	0	reset	18	0.08	0
1	unsafe	1	0	reset	19	0.08	0
1	unsafe	1	0	reset	20	0.07	0
1	unsafe	1	0	reset	21	0.08	0
1	unsafe	1	0	reset	22	0.09	0
1	unsafe	1	0	reset	23	0.08	0
1	unsafe	1	0	reset	24	0.07	0
1	unsafe	1	0	reset	25	0.08	0
1	unsafe	1	0	reset	26	0.1	0
1	unsafe	1	0	reset	27	0.08	0
1	unsafe	1	0	reset	28	0.1	0
1	unsafe	1	0	reset	29	0.07	0
1	unsafe	1	0	reset	30	0.08	0
1	unsafe	1	0	reset	31	0.081	0
1	unsafe	1	0	reset	32	0.09	0
1	unsafe	1	0	reset	33	0.09	0
1	unsafe	1	0	reset	34	0.07	0
1	unsafe	1	0	reset	35	0.091	0
1	unsafe	1	0	reset	36	0.1	0
1	unsafe	1	0	reset	37	0.081	0
1	unsafe	1	0	reset	38	0.071	0
1	unsafe	1	0	reset	39	0.07	0
1	unsafe	1	0	reset	40	0.08	0
1	unsafe	1	0	reset	41	0.08	0
1	unsafe	1	0	reset	42	0.07	0
1	unsafe	1	0	reset	43	0.08	0
1	unsafe	1	0	reset	44	0.08	0
1	unsafe	1	0	reset	45	0.07	0
1	unsafe	1	0	reset	46	0.081	0
1	unsafe	1	0	reset	47	0.071	0
1	unsafe	1	0	reset	48	0.07	0
1	unsafe	1	0	reset	49	0.07	0
1	unsafe	1	0	reset	50	0.08	0
1	unsafe	1	0	reset	51	0.08	0
1	unsafe	1	0	reset	52	0.07	0
1	unsafe	1	0	reset	53	0.071	0
1	unsafe	1	0	reset	54	0.09	0
1	unsafe	1	0	reset	55	0.09	0
1	unsafe	1	0	reset	56	0.07	0
1	unsafe	1	0	reset	57	0.08	0
1	unsafe	1	0	reset	58	0.07	0
1	unsafe	1	0	reset	59	0.07	0
1	unsafe	1	0	reset	60	0.09	0
1	unsafe	1	0	reset	61	0.1	0
1	unsafe	1	0	reset	62	0.11	0
1	unsafe	1	0	reset	63	0.1	0
1	unsafe	1	0	reset	64	0.09	0
1	unsafe	1	0	reset	65	0.091	0
1	unsafe	1	0	reset	66	0.07	0
1	unsafe	1	0	reset	67	0.07	0
1	unsafe	1	0	reset	68	0.07	0
1	unsafe	1	0	reset	69	0.07	0
1	unsafe	1	0	reset	70	0.07	0
1	unsafe	1	0	reset	71	0.07	0
1	unsafe	1	0	reset	72	0.06	0
1	unsafe	1	0	reset	73	0.08	0
1	unsafe	1	0	reset	74	0.091	0
1	unsafe	1	0	reset	75	0.08	0
1	unsafe	1	0	reset	76	0.1	0
1	unsafe	1	0	reset	77	0.08	0
1	unsafe	1	0	reset	78	0.08	0
1	unsafe	1	0	reset	79	0.07	0
1	unsafe	1	0	reset	80	0.08	0
1	unsafe	1	0	reset	81	0.081	0
1	unsafe	1	0	reset	82	0.07	0
1	unsafe	1	0	reset	83	0.08	0
1	unsafe	1	0	reset	84	0.081	0
1	unsafe	1	0	reset	85	0.07	0
1	unsafe	1	0	reset	86	0.06	0
1	unsafe	1	0	reset	87	0.07	0
1	unsafe	1	0	reset	88	0.07	0
1	unsafe	1	0	reset	89	0.08	0
1	unsafe	1	0	reset	90	0.091	0
1	unsafe	1	0	reset	91	0.07	0
1	unsafe	1	0	reset	92	0.08	0
1	unsafe	1	0	reset	93	0.08	0
1	unsafe	1	0	reset	94	0.08	0
1	unsafe	1	0	reset	95	0.07	0
1	unsafe	1	0	reset	96	0.09	0
1	unsafe	1	0	reset	97	0.07	0
1	unsafe	1	0	reset	98	0.14	0
1	unsafe	1	0	reset	99	0.091	0
1	unsafe	1	0	reset	100	0.08	0
1	unsafe	1	0	reset	101	0.07	0
1	unsafe	1	0	reset	102	0.07	0
1	unsafe	1	0	reset	103	0.071	0
1	unsafe	1	0	reset	104	0.1	0
1	unsafe	1	0	reset	105	0.08	0
1	unsafe	1	0	reset	106	0.081	0
1	unsafe	1	0	reset	107	0.08	0
1	unsafe	1	0	reset	108	0.08	0
1	unsafe	1	0	reset	109	0.09	0
1	unsafe	1	0	reset	110	0.08	0
1	unsafe	1	0	reset	111	0.07	0
1	unsafe	1	0	reset	112	0.08	0
1	unsafe	1	0	reset	113	0.081	0
1	unsafe	1	0	reset	114	0.07	0
1	unsafe	1	0	reset	115	0.07	0
1	unsafe	1	0	reset	116	0.07	0
1	unsafe	1	0	reset	117	0.07	0
1	unsafe	1	0	reset	118	0.1	0
1	unsafe	1	0	reset	119	0.07	0
1	unsafe	1	0	reset	120	0.08	0
1	unsafe	1	0	reset	121	0.081	0
1	unsafe	1	0	reset	122	0.09	0
1	unsafe	1	0	reset	123	0.08	0
1	unsafe	1	0	reset	124	0.06	0
1	unsafe	1	0	reset	125	0.081	0
1	unsafe	1	0	reset	126	0.08	0
1	unsafe	1	0	reset	127	0.08	0
1	unsafe	1	0	reset	128	0.08	0
1	unsafe	1	0	reset	129	0.07	0
1	unsafe	1	0	reset	130	0.07	0
1	unsafe	1	0	reset	131	0.08	0
1	unsafe	1	0	reset	132	0.07	0
1	unsafe	1	0	reset	133	0.07	0
1	unsafe	1	0	reset	134	0.08	0
1	unsafe	1	0	reset	135	0.07	0
1	unsafe	1	0	reset	136	0.08	0
1	unsafe	1	0	reset	137	0.08	0
1	unsafe	1	0	reset	138	0.07	0
1	unsafe	1	0	reset	139	0.071	0
1	unsafe	1	0	reset	140	0.07	0
1	unsafe	1	0	reset	141	0.08	0
1	unsafe	1	0	reset	142	0.07	0
1	unsafe	1	0	reset	143	0.07	0
1	unsafe	1	0	reset	144	0.07	0
1	unsafe	1	0	reset	145	0.081	0
1	unsafe	1	0	reset	146	0.08	0
1	unsafe	1	0	reset	147	0.08	0
1	unsafe	1	0	reset	148	0.08	0
1	unsafe	1	0	reset	149	0.07	0
1	unsafe	1	0	reset	150	0.071	0
1	unsafe	1	0	reset	151	0.091	0
1	unsafe	1	0	reset	152	0.07	0
1	unsafe	1	0	reset	153	0.07	0
1	unsafe	1	0	reset	154	0.07	0
1	unsafe	1	0	reset	155	0.07	0
1	unsafe	1	0	reset	156	0.08	0
1	unsafe	1	0	reset	157	0.071	0
1	unsafe	1	0	reset	158	0.08	0
1	unsafe	1	0	reset	159	0.08	0
1	unsafe	1	0	reset	160	0.07	0
1	unsafe	1	0	reset	161	0.1	0
1	unsafe	1	0	reset	162	0.09	0
1	unsafe	1	0	reset	163	0.08	0
1	unsafe	1	0	reset	164	0.1	0
1	unsafe	1	0	reset	165	0.08	0
1	unsafe	1	0	reset	166	0.07	0
1	unsafe	1	0	reset	167	0.07	0
1	unsafe	1	0	reset	168	0.1	0
1	unsafe	1	0	reset	169	0.1	0
1	unsafe	1	0	reset	170	0.091	0
1	unsafe	1	0	reset	171	0.08	0
1	unsafe	1	0	reset	172	0.07	0
1	unsafe	1	0	reset	173	0.071	0
1	unsafe	1	0	reset	174	0.07	0
1	unsafe	1	0	reset	175	0.07	0
1	unsafe	1	0	reset	176	0.09	0
1	unsafe	1	0	reset	177	0.071	0
1	unsafe	1	0	reset	178	0.08	0
1	unsafe	1	0	reset	179	0.08	0
1	unsafe	1	0	reset	180	0.081	0
1	unsafe	1	0	reset	181	0.08	0
1	unsafe	1	0	reset	182	0.071	0
1	unsafe	1	0	reset	183	0.07	0
1	unsafe	1	0	reset	184	0.08	0
1	unsafe	1	0	reset	185	0.121	0
1	unsafe	1	0	reset	186	0.07	0
1	unsafe	1	0	reset	187	0.08	0
1	unsafe	1	0	reset	188	0.07	0
1	unsafe	1	0	reset	189	0.07	0
1	unsafe	1	0	reset	190	0.1	0
1	unsafe	1	0	reset	191	0.08	0
1	unsafe	1	0	reset	192	0.08	0
1	unsafe	1	0	reset	193	0.07	0
1	unsafe	1	0	reset	194	0.06	0
1	unsafe	1	0	reset	195	0.08	0
1	unsafe	1	0	reset	196	0.07	0
1	unsafe	1	0	reset	197	0.07	0
1	unsafe	1	0	reset	198	0.081	0
1	unsafe	1	0	reset	199	0.07	0
1	unsafe	1	0	reset	200	0.08	0
1	checked	4	3	reset	1	120.888	0
1	checked	4	3	reset	2	60.584	0
1	checked	4	3	reset	3	43.162	0
1	checked	4	3	reset	4	36.88	0
1	checked	4	3	reset	5	38.273	0
1	checked	4	3	reset	6	36.379	0
1	checked	4	3	reset	7	130.035	0
1	checked	4	3	reset	8	13816.502	0
1	checked	4	3	reset	9	67.478	0
1	checked	4	3	reset	10	51.617	0
1	checked	4	3	reset	11	50.485	0
1	checked	4	3	reset	12	45.525	0
1	checked	4	3	reset	13	39.475	0
1	checked	4	3	reset	14	136.297	0
1	checked	4	3	reset	15	42.41	0
1	checked	4	3	reset	16	41.639	0
1	checked	4	3	reset	17	51.016	0
1	checked	4	3	reset	18	67.046	0
1	checked	4	3	reset	19	44.253	0
1	checked	4	3	reset	20	37.932	0
1	checked	4	3	reset	21	36.219	0
1	checked	4	3	reset	22	35.888	0
1	checked	4	3	reset	23	35.377	0
1	checked	4	3	reset	24	35.558	0
1	checked	4	3	reset	25	35.206	0
1	checked	4	3	reset	26	34.956	0
1	checked	4	3	reset	27	35.117	0
1	checked	4	3	reset	28	35.066	0
1	checked	4	3	reset	29	34.515	0
1	checked	4	3	reset	30	34.886	0
1	checked	4	3	reset	31	35.737	0
1	checked	4	3	reset	32	35.487	0
1	checked	4	3	reset	33	35.227	0
1	checked	4	3	reset	34	35.036	0
1	checked	4	3	reset	35	43.942	0
1	checked	4	3	reset	36	39.444	0
1	checked	4	3	reset	37	38.513	0
1	checked	4	3	reset	38	35.747	0
1	checked	4	3	reset	39	35.447	0
1	checked	4	3	reset	40	34.234	0
1	checked	4	3	reset	41	34.676	0
1	checked	4	3	reset	42	35.036	0
1	checked	4	3	reset	43	38.222	0
1	checked	4	3	reset	44	34.956	0
1	checked	4	3	reset	45	34.856	0
1	checked	4	3	reset	46	35.477	0
1	checked	4	3	reset	47	34.655	0
1	checked	4	3	reset	48	34.315	0
1	checked	4	3	reset	49	34.605	0
1	checked	4	3	reset	50	34.876	0
1	checked	4	3	reset	51	34.485	0
1	checked	4	3	reset	52	34.204	0
1	checked	4	3	reset	53	35.107	0
1	checked	4	3	reset	54	35.216	0
1	checked	4	3	reset	55	35.337	0
1	checked	4	3	reset	56	35.036	0
1	checked	4	3	reset	57	35.296	0
1	checked	4	3	reset	58	36.448	0
1	checked	4	3	reset	59	36.479	0
1	checked	4	3	reset	60	34.776	0
1	checked	4	3	reset	61	35.077	0
1	checked	4	3	reset	62	34.214	0
1	checked	4	3	reset	63	35.226	0
1	checked	4	3	reset	64	34.836	0
1	checked	4	3	reset	65	34.094	0
1	checked	4	3	reset	66	35.327	0
1	checked	4	3	reset	67	40.226	0
1	checked	4	3	reset	68	35.727	0
1	checked	4	3	reset	69	36.109	0
1	checked	4	3	reset	70	36.859	0
1	checked	4	3	reset	71	37.671	0
1	checked	4	3	reset	72	34.395	0
1	checked	4	3	reset	73	34.445	0
1	checked	4	3	reset	74	36.529	0
1	checked	4	3	reset	75	36.609	0
1	checked	4	3	reset	76	36.479	0
1	checked	4	3	reset	77	36.589	0
1	checked	4	3	reset	78	34.114	0
1	checked	4	3	reset	79	34.665	0
1	checked	4	3	reset	80	34.104	0
1	checked	4	3	reset	81	33.954	0
1	checked	4	3	reset	82	33.764	0
1	checked	4	3	reset	83	34.846	0
1	checked	4	3	reset	84	34.795	0
1	checked	4	3	reset	85	33.884	0
1	checked	4	3	reset	86	34.055	0
1	checked	4	3	reset	87	34.255	0
1	checked	4	3	reset	88	34.896	0
1	checked	4	3	reset	89	33.894	0
1	checked	4	3	reset	90	34.425	0
1	checked	4	3	reset	91	33.783	0
1	checked	4	3	reset	92	34.695	0
1	checked	4	3	reset	93	33.794	0
1	checked	4	3	reset	94	34.996	0
1	checked	4	3	reset	95	33.904	0
1	checked	4	3	reset	96	35.186	0
1	checked	4	3	reset	97	35.006	0
1	checked	4	3	reset	98	33.854	0
1	checked	4	3	reset	99	36.308	0
1	checked	4	3	reset	100	34.044	0
1	checked	4	3	reset	101	33.984	0
1	checked	4	3	reset	102	36.008	0
1	checked	4	3	reset	103	33.914	0
1	checked	4	3	reset	104	36.259	0
1	checked	4	3	reset	105	33.924	0
1	checked	4	3	reset	106	34.145	0
1	checked	4	3	reset	107	34.084	0
1	checked	4	3	reset	108	36.519	0
1	checked	4	3	reset	109	35.377	0
1	checked	4	3	reset	110	33.914	0
1	checked	4	3	reset	111	35.857	0
1	checked	4	3	reset	112	34.776	0
1	checked	4	3	reset	113	34.124	0
1	checked	4	3	reset	114	33.783	0
1	checked	4	3	reset	115	33.834	0
1	checked	4	3	reset	116	33.904	0
1	checked	4	3	reset	117	36.319	0
1	checked	4	3	reset	118	34.806	0
1	checked	4	3	reset	119	34.064	0
1	checked	4	3	reset	120	36.228	0
1	checked	4	3	reset	121	35.177	0
1	checked	4	3	reset	122	35.406	0
1	checked	4	3	reset	123	35.146	0
1	checked	4	3	reset	124	34.345	0
1	checked	4	3	reset	125	33.994	0
1	checked	4	3	reset	126	34.325	0
1	checked	4	3	reset	127	35.778	0
1	checked	4	3	reset	128	36.599	0
1	checked	4	3	reset	129	36.199	0
1	checked	4	3	reset	130	36.829	0
1	checked	4	3	reset	131	33.964	0
1	checked	4	3	reset	132	37.902	0
1	checked	4	3	reset	133	35.356	0
1	checked	4	3	reset	134	34.936	0
1	checked	4	3	reset	135	33.573	0
1	checked	4	3	reset	136	36.959	0
1	checked	4	3	reset	137	33.313	0
1	checked	4	3	reset	138	33.183	0
1	checked	4	3	reset	139	35.737	0
1	checked	4	3	reset	140	35.447	0
1	checked	4	3	reset	141	34.716	0
1	checked	4	3	reset	142	35.177	0
1	checked	4	3	reset	143	35.236	0
1	checked	4	3	reset	144	36.609	0
1	checked	4	3	reset	145	36.008	0
1	checked	4	3	reset	146	35.937	0
1	checked	4	3	reset	147	35.958	0
1	checked	4	3	reset	148	37.05	0
1	checked	4	3	reset	149	37.381	0
1	checked	4	3	reset	150	34.415	0
1	checked	4	3	reset	151	35.176	0
1	checked	4	3	reset	152	36.319	0
1	checked	4	3	reset	153	34.845	0
1	checked	4	3	reset	154	34.755	0
1	checked	4	3	reset	155	35.236	0
1	checked	4	3	reset	156	35.537	0
1	checked	4	3	reset	157	37.02	0
1	checked	4	3	reset	158	34.054	0
1	checked	4	3	reset	159	34.134	0
1	checked	4	3	reset	160	34.996	0
1	checked	4	3	reset	161	34.645	0
1	checked	4	3	reset	162	34.154	0
1	checked	4	3	reset	163	35.477	0
1	checked	4	3	reset	164	33.493	0
1	checked	4	3	reset	165	33.864	0
1	checked	4	3	reset	166	34.535	0
1	checked	4	3	reset	167	34.505	0
1	checked	4	3	reset	168	34.315	0
1	checked	4	3	reset	169	34.695	0
1	checked	4	3	reset	170	33.974	0
1	checked	4	3	reset	171	34.716	0
1	checked	4	3	reset	172	33.593	0
1	checked	4	3	reset	173	35.407	0
1	checked	4	3	reset	174	33.884	0
1	checked	4	3	reset	175	34.355	0
1	checked	4	3	reset	176	34.225	0
1	checked	4	3	reset	177	35.186	0
1	checked	4	3	reset	178	33.473	0
1	checked	4	3	reset	179	35.097	0
1	checked	4	3	reset	180	33.302	0
1	checked	4	3	reset	181	34.745	0
1	checked	4	3	reset	182	33.323	0
1	checked	4	3	reset	183	33.703	0
1	checked	4	3	reset	184	33.964	0
1	checked	4	3	reset	185	33.894	0
1	checked	4	3	reset	186	33.373	0
1	checked	4	3	reset	187	34.124	0
1	checked	4	3	reset	188	33.464	0
1	checked	4	3	reset	189	34.545	0
1	checked	4	3	reset	190	34.385	0
1	checked	4	3	reset	191	33.453	0
1	checked	4	3	reset	192	34.656	0
1	checked	4	3	reset	193	37.201	0
1	checked	4	3	reset	194	34.024	0
1	checked	4	3	reset	195	33.934	0
1	checked	4	3	reset	196	34.425	0
1	checked	4	3	reset	197	34.656	0
1	checked	4	3	reset	198	34.415	0
1	checked	4	3	reset	199	34.405	0
1	checked	4	3	reset	200	33.413	0
1	checked	4	3	stall	1	81.554	0
1	checked	4	3	stall	2	132.17	0
1	checked	4	3	stall	3	131.678	0
1	unsafe	4	3	reset	1	0.31	0
1	unsafe	4	3	reset	2	0.08	0
1	unsafe	4	3	reset	3	0.1	0
1	unsafe	4	3	reset	4	0.09	0
1	unsafe	4	3	reset	5	0.09	0
1	unsafe	4	3	reset	6	0.14	0
1	unsafe	4	3	reset	7	0.131	0
1	unsafe	4	3	reset	8	0.13	0
1	unsafe	4	3	reset	9	0.11	0
1	unsafe	4	3	reset	10	0.14	0
1	unsafe	4	3	reset	11	0.091	0
1	unsafe	4	3	reset	12	0.13	0
1	unsafe	4	3	reset	13	0.09	0
1	unsafe	4	3	reset	14	0.1	0
1	unsafe	4	3	reset	15	0.201	0
1	unsafe	4	3	reset	16	0.37	0
1	unsafe	4	3	reset	17	0.091	0
1	unsafe	4	3	reset	18	0.091	0
1	unsafe	4	3	reset	19	0.08	0
1	unsafe	4	3	reset	20	0.1	0
1	unsafe	4	3	reset	21	0.08	0
1	unsafe	4	3	reset	22	0.08	0
1	unsafe	4	3	reset	23	0.08	0
1	unsafe	4	3	reset	24	0.08	0
1	unsafe	4	3	reset	25	0.09	0
1	unsafe	4	3	reset	26	0.09	0
1	unsafe	4	3	reset	27	0.1	0
1	unsafe	4	3	reset	28	0.07	0
1	unsafe	4	3	reset	29	0.091	0
1	unsafe	4	3	reset	30	0.1	0
1	unsafe	4	3	reset	31	0.081	0
1	unsafe	4	3	reset	32	0.08	0
1	unsafe	4	3	reset	33	0.08	0
1	unsafe	4	3	reset	34	0.09	0
1	unsafe	4	3	reset	35	0.09	0
1	unsafe	4	3	reset	36	0.11	0
1	unsafe	4	3	reset	37	0.09	0
1	unsafe	4	3	reset	38	0.09	0
1	unsafe	4	3	reset	39	0.09	0
1	unsafe	4	3	reset	40	0.081	0
1	unsafe	4	3	reset	41	0.1	0
1	unsafe	4	3	reset	42	0.07	0
1	unsafe	4	3	reset	43	0.09	0
1	unsafe	4	3	reset	44	0.08	0
1	unsafe	4	3	reset	45	0.1	0
1	unsafe	4	3	reset	46	0.09	0
1	unsafe	4	3	reset	47	0.09	0
1	unsafe	4	3	reset	48	0.08	0
1	unsafe	4	3	reset	49	0.08	0
1	unsafe	4	3	reset	50	0.091	0
1	unsafe	4	3	reset	51	0.08	0
1	unsafe	4	3	reset	52	0.08	0
1	unsafe	4	3	reset	53	0.081	0
1	unsafe	4	3	reset	54	0.1	0
1	unsafe	4	3	reset	55	0.09	0
1	unsafe	4	3	reset	56	0.081	0
1	unsafe	4	3	reset	57	0.08	0
1	unsafe	4	3	reset	58	0.081	0
1	unsafe	4	3	reset	59	0.09	0
1	unsafe	4	3	reset	60	0.08	0
1	unsafe	4	3	reset	61	0.09	0
1	unsafe	4	3	reset	62	0.09	0
1	unsafe	4	3	reset	63	0.08	0
1	unsafe	4	3	reset	64	0.09	0
1	unsafe	4	3	reset	65	0.08	0
1	unsafe	4	3	reset	66	0.09	0
1	unsafe	4	3	reset	67	0.09	0
1	unsafe	4	3	reset	68	0.12	0
1	unsafe	4	3	reset	69	0.11	0
1	unsafe	4	3	reset	70	0.09	0
1	unsafe	4	3	reset	71	0.09	0
1	unsafe	4	3	reset	72	0.091	0
1	unsafe	4	3	reset	73	0.11	0
1	unsafe	4	3	reset	74	0.12	0
1	unsafe	4	3	reset	75	0.11	0
1	unsafe	4	3	reset	76	0.1	0
1	unsafe	4	3	reset	77	0.09	0
1	unsafe	4	3	reset	78	0.091	0
1	unsafe	4	3	reset	79	0.06	0
1	unsafe	4	3	reset	80	0.09	0
1	unsafe	4	3	reset	81	0.08	0
1	unsafe	4	3	reset	82	0.081	0
1	unsafe	4	3	reset	83	0.08	0
1	unsafe	4	3	reset	84	0.08	0
1	unsafe	4	3	reset	85	0.091	0
1	unsafe	4	3	reset	86	0.08	0
1	unsafe	4	3	reset	87	0.09	0
1	unsafe	4	3	reset	88	0.09	0
1	unsafe	4	3	reset	89	0.08	0
1	unsafe	4	3	reset	90	0.08	0
1	unsafe	4	3	reset	91	0.101	0
1	unsafe	4	3	reset	92	0.1	0
1	unsafe	4	3	reset	93	0.08	0
1	unsafe	4	3	reset	94	0.101	0
1	unsafe	4	3	reset	95	0.08	0
1	unsafe	4	3	reset	96	0.101	0
1	unsafe	4	3	reset	97	0.081	0
1	unsafe	4	3	reset	98	0.101	0
1	unsafe	4	3	reset	99	0.101	0
1	unsafe	4	3	reset	100	0.081	0
1	unsafe	4	3	reset	101	0.08	0
1	unsafe	4	3	reset	102	0.09	0
1	unsafe	4	3	reset	103	0.08	0
1	unsafe	4	3	reset	104	0.09	0
1	unsafe	4	3	reset	105	0.08	0
1	unsafe	4	3	reset	106	0.09	0
1	unsafe	4	3	reset	107	0.09	0
1	unsafe	4	3	reset	108	0.09	0
1	unsafe	4	3	reset	109	0.1	0
1	unsafe	4	3	reset	110	0.11	0
1	unsafe	4	3	reset	111	0.08	0
1	unsafe	4	3	reset	112	0.09	0
1	unsafe	4	3	reset	113	0.08	0
1	unsafe	4	3	reset	114	0.09	0
1	unsafe	4	3	reset	115	0.091	0
1	unsafe	4	3	reset	116	0.09	0
1	unsafe	4	3	reset	117	0.08	0
1	unsafe	4	3	reset	118	0.08	0
1	unsafe	4	3	reset	119	0.07	0
1	unsafe	4	3	reset	120	0.08	0
1	unsafe	4	3	reset	121	0.08	0
1	unsafe	4	3	reset	122	0.1	0
1	unsafe	4	3	reset	123	0.1	0
1	unsafe	4	3	reset	124	0.101	0
1	unsafe	4	3	reset	125	0.1	0
1	unsafe	4	3	reset	126	0.08	0
1	unsafe	4	3	reset	127	0.08	0
1	unsafe	4	3	reset	128	0.08	0
1	unsafe	4	3	reset	129	0.09	0
1	unsafe	4	3	reset	130	0.081	0
1	unsafe	4	3	reset	131	0.09	0
1	unsafe	4	3	reset	132	0.091	0
1	unsafe	4	3	reset	133	0.091	0
1	unsafe	4	3	reset	134	0.101	0
1	unsafe	4	3	reset	135	0.08	0
1	unsafe	4	3	reset	136	0.08	0
1	unsafe	4	3	reset	137	0.08	0
1	unsafe	4	3	reset	138	0.08	0
1	unsafe	4	3	reset	139	0.08	0
1	unsafe	4	3	reset	140	0.09	0
1	unsafe	4	3	reset	141	0.08	0
1	unsafe	4	3	reset	142	0.101	0
1	unsafe	4	3	reset	143	0.11	0
1	unsafe	4	3	reset	144	0.09	0
1	unsafe	4	3	reset	145	0.08	0
1	unsafe	4	3	reset	146	0.08	0
1	unsafe	4	3	reset	147	0.08	0
1	unsafe	4	3	reset	148	0.09	0
1	unsafe	4	3	reset	149	0.08	0
1	unsafe	4	3	reset	150	0.09	0
1	unsafe	4	3	reset	151	0.091	0
1	unsafe	4	3	reset	152	0.08	0
1	unsafe	4	3	reset	153	0.08	0
1	unsafe	4	3	reset	154	0.08	0
1	unsafe	4	3	reset	155	0.11	0
1	unsafe	4	3	reset	156	0.08	0
1	unsafe	4	3	reset	157	0.09	0
1	unsafe	4	3	reset	158	0.09	0
1	unsafe	4	3	reset	159	0.081	0
1	unsafe	4	3	reset	160	0.081	0
1	unsafe	4	3	reset	161	0.09	0
1	unsafe	4	3	reset	162	0.08	0
1	unsafe	4	3	reset	163	0.08	0
1	unsafe	4	3	reset	164	0.08	0
1	unsafe	4	3	reset	165	0.08	0
1	unsafe	4	3	reset	166	0.09	0
1	unsafe	4	3	reset	167	0.08	0
1	unsafe	4	3	reset	168	0.08	0
1	unsafe	4	3	reset	169	0.081	0
1	unsafe	4	3	reset	170	0.1	0
1	unsafe	4	3	reset	171	0.14	0
1	unsafe	4	3	reset	172	0.081	0
1	unsafe	4	3	reset	173	0.09	0
1	unsafe	4	3	reset	174	0.09	0
1	unsafe	4	3	reset	175	0.09	0
1	unsafe	4	3	reset	176	0.1	0
1	unsafe	4	3	reset	177	0.101	0
1	unsafe	4	3	reset	178	0.1	0
1	unsafe	4	3	reset	179	0.08	0
1	unsafe	4	3	reset	180	0.081	0
1	unsafe	4	3	reset	181	0.07	0
1	unsafe	4	3	reset	182	0.081	0
1	unsafe	4	3	reset	183	0.08	0
1	unsafe	4	3	reset	184	0.09	0
1	unsafe	4	3	reset	185	0.081	0
1	unsafe	4	3	reset	186	0.09	0
1	unsafe	4	3	reset	187	0.111	0
1	unsafe	4	3	reset	188	0.11	0
1	unsafe	4	3	reset	189	0.09	0
1	unsafe	4	3	reset	190	0.09	0
1	unsafe	4	3	reset	191	0.1	0
1	unsafe	4	3	reset	192	0.101	0
1	unsafe	4	3	reset	193	0.08	0
1	unsafe	4	3	reset	194	0.08	0
1	unsafe	4	3	reset	195	0.09	0
1	unsafe	4	3	reset	196	0.08	0
1	unsafe	4	3	reset	197	0.07	0
1	unsafe	4	3	reset	198	0.091	0
1	unsafe	4	3	reset	199	0.08	0
1	unsafe	4	3	reset	200	0.1	0
1	unsafe	4	3	stall	1	0.0	0
1	unsafe	4	3	stall	2	0.0	0
1	unsafe	4	3	stall	3	0.0	0
1	checked	8	7	reset	1	72.777	0
1	checked	8	7	reset	2	46.778	0
1	checked	8	7	reset	3	42.501	0
1	checked	8	7	reset	4	40.917	0
1	checked	8	7	reset	5	125.506	0
1	checked	8	7	reset	6	194.526	0
1	checked	8	7	reset	7	146.336	0
1	checked	8	7	reset	8	49.373	0
1	checked	8	7	reset	9	41.288	0
1	checked	8	7	reset	10	61.677	0
1	checked	8	7	reset	11	58.621	0
1	checked	8	7	reset	12	42.43	0
1	checked	8	7	reset	13	78.338	0
1	checked	8	7	reset	14	53.121	0
1	checked	8	7	reset	15	51.527	0
1	checked	8	7	reset	16	51.046	0
1	checked	8	7	reset	17	50.826	0
1	checked	8	7	reset	18	49.393	0
1	checked	8	7	reset	19	50.756	0
1	checked	8	7	reset	20	48.131	0
1	checked	8	7	reset	21	47.469	0
1	checked	8	7	reset	22	47.68	0
1	checked	8	7	reset	23	47.009	0
1	checked	8	7	reset	24	47.951	0
1	checked	8	7	reset	25	47.47	0
1	checked	8	7	reset	26	46.728	0
1	checked	8	7	reset	27	52.679	0
1	checked	8	7	reset	28	45.316	0
1	checked	8	7	reset	29	47.409	0
1	checked	8	7	reset	30	51.838	0
1	checked	8	7	reset	31	51.367	0
1	checked	8	7	reset	32	46.979	0
1	checked	8	7	reset	33	48.632	0
1	checked	8	7	reset	34	50.004	0
1	checked	8	7	reset	35	49.935	0
1	checked	8	7	reset	36	48.111	0
1	checked	8	7	reset	37	44.975	0
1	checked	8	7	reset	38	49.253	0
1	checked	8	7	reset	39	46.808	0
1	checked	8	7	reset	40	46.728	0
1	checked	8	7	reset	41	47.239	0
1	checked	8	7	reset	42	50.866	0
1	checked	8	7	reset	43	49.353	0
1	checked	8	7	reset	44	46.768	0
1	checked	8	7	reset	45	48.261	0
1	checked	8	7	reset	46	44.664	0
1	checked	8	7	reset	47	43.622	0
1	checked	8	7	reset	48	46.859	0
1	checked	8	7	reset	49	45.646	0
1	checked	8	7	reset	50	45.677	0
1	checked	8	7	reset	51	45.486	0
1	checked	8	7	reset	52	46.799	0
1	checked	8	7	reset	53	47.931	0
1	checked	8	7	reset	54	43.171	0
1	checked	8	7	reset	55	47.489	0
1	checked	8	7	reset	56	58.61	0
1	checked	8	7	reset	57	45.857	0
1	checked	8	7	reset	58	70.794	0
1	checked	8	7	reset	59	51.187	0
1	checked	8	7	reset	60	48.892	0
1	checked	8	7	reset	61	50.796	0
1	checked	8	7	reset	62	49.203	0
1	checked	8	7	reset	63	46.077	0
1	checked	8	7	reset	64	46.138	0
1	checked	8	7	reset	65	62.168	0
1	checked	8	7	reset	66	52.769	0
1	checked	8	7	reset	67	49.474	0
1	checked	8	7	reset	68	45.947	0
1	checked	8	7	reset	69	51.086	0
1	checked	8	7	reset	70	54.202	0
1	checked	8	7	reset	71	43.883	0
1	checked	8	7	reset	72	45.786	0
1	checked	8	7	reset	73	47.569	0
1	checked	8	7	reset	74	44.264	0
1	checked	8	7	reset	75	40.226	0
1	checked	8	7	reset	76	51.808	0
1	checked	8	7	reset	77	39.274	0
1	checked	8	7	reset	78	40.266	0
1	checked	8	7	reset	79	38.824	0
1	checked	8	7	reset	80	38.322	0
1	checked	8	7	reset	81	39.374	0
1	checked	8	7	reset	82	38.422	0
1	checked	8	7	reset	83	39.084	0
1	checked	8	7	reset	84	39.124	0
1	checked	8	7	reset	85	39.815	0
1	checked	8	7	reset	86	38.683	0
1	checked	8	7	reset	87	40.907	0
1	checked	8	7	reset	88	40.326	0
1	checked	8	7	reset	89	39.424	0
1	checked	8	7	reset	90	40.116	0
1	checked	8	7	reset	91	40.978	0
1	checked	8	7	reset	92	40.406	0
1	checked	8	7	reset	93	39.024	0
1	checked	8	7	reset	94	39.965	0
1	checked	8	7	reset	95	41.077	0
1	checked	8	7	reset	96	40.266	0
1	checked	8	7	reset	97	39.244	0
1	checked	8	7	reset	98	39.705	0
1	checked	8	7	reset	99	40.005	0
1	checked	8	7	reset	100	38.202	0
1	checked	8	7	reset	101	41.198	0
1	checked	8	7	reset	102	40.306	0
1	checked	8	7	reset	103	40.166	0
1	checked	8	7	reset	104	38.963	0
1	checked	8	7	reset	105	40.266	0
1	checked	8	7	reset	106	38.833	0
1	checked	8	7	reset	107	39.965	0
1	checked	8	7	reset	108	38.352	0
1	checked	8	7	reset	109	40.256	0
1	checked	8	7	reset	110	39.033	0
1	checked	8	7	reset	111	39.244	0
1	checked	8	7	reset	112	38.242	0
1	checked	8	7	reset	113	38.413	0
1	checked	8	7	reset	114	38.562	0
1	checked	8	7	reset	115	39.334	0
1	checked	8	7	reset	116	39.495	0
1	checked	8	7	reset	117	39.545	0
1	checked	8	7	reset	118	37.271	0
1	checked	8	7	reset	119	38.723	0
1	checked	8	7	reset	120	39.274	0
1	checked	8	7	reset	121	38.643	0
1	checked	8	7	reset	122	39.114	0
1	checked	8	7	reset	123	38.643	0
1	checked	8	7	reset	124	38.683	0
1	checked	8	7	reset	125	38.994	0
1	checked	8	7	reset	126	41.198	0
1	checked	8	7	reset	127	39.414	0
1	checked	8	7	reset	128	39.514	0
1	checked	8	7	reset	129	39.324	0
1	checked	8	7	reset	130	38.784	0
1	checked	8	7	reset	131	40.075	0
1	checked	8	7	reset	132	39.425	0
1	checked	8	7	reset	133	39.795	0
1	checked	8	7	reset	134	39.114	0
1	checked	8	7	reset	135	39.014	0
1	checked	8	7	reset	136	38.132	0
1	checked	8	7	reset	137	39.294	0
1	checked	8	7	reset	138	39.224	0
1	checked	8	7	reset	139	38.813	0
1	checked	8	7	reset	140	39.003	0
1	checked	8	7	reset	141	38.513	0
1	checked	8	7	reset	142	40.216	0
1	checked	8	7	reset	143	55.565	0
1	checked	8	7	reset	144	39.574	0
1	checked	8	7	reset	145	47.7	0
1	checked	8	7	reset	146	40.276	0
1	checked	8	7	reset	147	39.955	0
1	checked	8	7	reset	148	39.074	0
1	checked	8	7	reset	149	39.084	0
1	checked	8	7	reset	150	39.886	0
1	checked	8	7	reset	151	39.245	0
1	checked	8	7	reset	152	39.955	0
1	checked	8	7	reset	153	39.745	0
1	checked	8	7	reset	154	38.994	0
1	checked	8	7	reset	155	38.323	0
1	checked	8	7	reset	156	38.773	0
1	checked	8	7	reset	157	39.304	0
1	checked	8	7	reset	158	39.214	0
1	checked	8	7	reset	159	39.535	0
1	checked	8	7	reset	160	39.655	0
1	checked	8	7	reset	161	39.194	0
1	checked	8	7	reset	162	39.294	0
1	checked	8	7	reset	163	40.015	0
1	checked	8	7	reset	164	39.455	0
1	checked	8	7	reset	165	39.524	0
1	checked	8	7	reset	166	39.906	0
1	checked	8	7	reset	167	39.655	0
1	checked	8	7	reset	168	40.276	0
1	checked	8	7	reset	169	39.305	0
1	checked	8	7	reset	170	40.446	0
1	checked	8	7	reset	171	40.477	0
1	checked	8	7	reset	172	39.845	0
1	checked	8	7	reset	173	40.436	0
1	checked	8	7	reset	174	40.987	0
1	checked	8	7	reset	175	38.883	0
1	checked	8	7	reset	176	38.844	0
1	checked	8	7	reset	177	39.865	0
1	checked	8	7	reset	178	39.124	0
1	checked	8	7	reset	179	38.944	0
1	checked	8	7	reset	180	40.706	0
1	checked	8	7	reset	181	39.425	0
1	checked	8	7	reset	182	38.593	0
1	checked	8	7	reset	183	38.703	0
1	checked	8	7	reset	184	39.564	0
1	checked	8	7	reset	185	40.076	0
1	checked	8	7	reset	186	40.657	0
1	checked	8	7	reset	187	39.846	0
1	checked	8	7	reset	188	39.525	0
1	checked	8	7	reset	189	40.487	0
1	checked	8	7	reset	190	39.174	0
1	checked	8	7	reset	191	39.705	0
1	checked	8	7	reset	192	39.073	0
1	checked	8	7	reset	193	39.745	0
1	checked	8	7	reset	194	38.884	0
1	checked	8	7	reset	195	39.284	0
1	checked	8	7	reset	196	42.33	0
1	checked	8	7	reset	197	39.614	0
1	checked	8	7	reset	198	38.413	0
1	checked	8	7	reset	199	37.491	0
1	checked	8	7	reset	200	39.213	0
1	checked	8	7	stall	1	76.324	0
1	checked	8	7	stall	2	73.118	0
1	checked	8	7	stall	3	83.106	0
1	checked	8	7	stall	4	70.282	0
1	checked	8	7	stall	5	82.044	0
1	checked	8	7	stall	6	81.805	0
1	checked	8	7	stall	7	81.895	0
1	unsafe	8	7	reset	1	0.14	1
1	unsafe	8	7	reset	2	0.05	1
1	unsafe	8	7	reset	3	0.07	1
1	unsafe	8	7	reset	4	0.07	1
1	unsafe	8	7	reset	5	0.06	1
1	unsafe	8	7	reset	6	0.05	1
1	unsafe	8	7	reset	7	0.04	1
1	unsafe	8	7	reset	8	0.05	1
1	unsafe	8	7	reset	9	0.07	1
1	unsafe	8	7	reset	10	0.07	1
1	unsafe	8	7	reset	11	0.04	1
1	unsafe	8	7	reset	12	0.06	1
1	unsafe	8	7	reset	13	0.06	1
1	unsafe	8	7	reset	14	0.06	1
1	unsafe	8	7	reset	15	0.812	1
1	unsafe	8	7	reset	16	0.18	1
1	unsafe	8	7	reset	17	0.05	1
1	unsafe	8	7	reset	18	0.051	1
1	unsafe	8	7	reset	19	0.05	1
1	unsafe	8	7	reset	20	0.06	1
1	unsafe	8	7	reset	21	0.06	1
1	unsafe	8	7	reset	22	0.08	1
1	unsafe	8	7	reset	23	0.05	1
1	unsafe	8	7	reset	24	0.06	1
1	unsafe	8	7	reset	25	0.05	1
1	unsafe	8	7	reset	26	0.05	1
1	unsafe	8	7	reset	27	0.05	1
1	unsafe	8	7	reset	28	0.05	1
1	unsafe	8	7	reset	29	0.05	1
1	unsafe	8	7	reset	30	0.06	1
1	unsafe	8	7	reset	31	0.05	1
1	unsafe	8	7	reset	32	0.051	1
1	unsafe	8	7	reset	33	0.05	1
1	unsafe	8	7	reset	34	0.06	1
1	unsafe	8	7	reset	35	0.06	1
1	unsafe	8	7	reset	36	0.05	1
1	unsafe	8	7	reset	37	0.05	1
1	unsafe	8	7	reset	38	0.06	1
1	unsafe	8	7	reset	39	0.071	1
1	unsafe	8	7	reset	40	0.05	1
1	unsafe	8	7	reset	41	0.06	1
1	unsafe	8	7	reset	42	0.08	1
1	unsafe	8	7	reset	43	0.051	1
1	unsafe	8	7	reset	44	0.06	1
1	unsafe	8	7	reset	45	0.06	1
1	unsafe	8	7	reset	46	0.06	1
1	unsafe	8	7	reset	47	0.05	1
1	unsafe	8	7	reset	48	0.061	1
1	unsafe	8	7	reset	49	0.05	1
1	unsafe	8	7	reset	50	0.061	1
1	unsafe	8	7	reset	51	0.05	1
1	unsafe	8	7	reset	52	0.05	1
1	unsafe	8	7	reset	53	0.07	1
1	unsafe	8	7	reset	54	0.051	1
1	unsafe	8	7	reset	55	0.06	1
1	unsafe	8	7	reset	56	0.05	1
1	unsafe	8	7	reset	57	0.06	1
1	unsafe	8	7	reset	58	0.07	1
1	unsafe	8	7	reset	59	0.06	1
1	unsafe	8	7	reset	60	0.05	1
1	unsafe	8	7	reset	61	0.06	1
1	unsafe	8	7	reset	62	0.06	1
1	unsafe	8	7	reset	63	0.051	1
1	unsafe	8	7	reset	64	0.06	1
1	unsafe	8	7	reset	65	0.05	1
1	unsafe	8	7	reset	66	0.06	1
1	unsafe	8	7	reset	67	0.07	1
1	unsafe	8	7	reset	68	0.05	1
1	unsafe	8	7	reset	69	0.08	1
1	unsafe	8	7	reset	70	0.06	1
1	unsafe	8	7	reset	71	0.06	1
1	unsafe	8	7	reset	72	0.06	1
1	unsafe	8	7	reset	73	0.05	1
1	unsafe	8	7	reset	74	0.05	1
1	unsafe	8	7	reset	75	0.06	1
1	unsafe	8	7	reset	76	0.06	1
1	unsafe	8	7	reset	77	0.061	1
1	unsafe	8	7	reset	78	0.06	1
1	unsafe	8	7	reset	79	0.06	1
1	unsafe	8	7	reset	80	0.06	1
1	unsafe	8	7	reset	81	0.06	1
1	unsafe	8	7	reset	82	0.08	1
1	unsafe	8	7	reset	83	0.061	1
1	unsafe	8	7	reset	84	0.06	1
1	unsafe	8	7	reset	85	0.06	1
1	unsafe	8	7	reset	86	0.06	1
1	unsafe	8	7	reset	87	0.05	1
1	unsafe	8	7	reset	88	0.05	1
1	unsafe	8	7	reset	89	0.06	1
1	unsafe	8	7	reset	90	0.08	1
1	unsafe	8	7	reset	91	0.05	1
1	unsafe	8	7	reset	92	0.05	1
1	unsafe	8	7	reset	93	0.06	1
1	unsafe	8	7	reset	94	0.06	1
1	unsafe	8	7	reset	95	0.06	1
1	unsafe	8	7	reset	96	0.08	1
1	unsafe	8	7	reset	97	0.06	1
1	unsafe	8	7	reset	98	0.06	1
1	unsafe	8	7	reset	99	0.06	1
1	unsafe	8	7	reset	100	0.07	1
1	unsafe	8	7	reset	101	0.06	1
1	unsafe	8	7	reset	102	0.06	1
1	unsafe	8	7	reset	103	0.05	1
1	unsafe	8	7	reset	104	0.051	1
1	unsafe	8	7	reset	105	0.05	1
1	unsafe	8	7	reset	106	0.06	1
1	unsafe	8	7	reset	107	0.05	1
1	unsafe	8	7	reset	108	0.061	1
1	unsafe	8	7	reset	109	0.06	1
1	unsafe	8	7	reset	110	0.05	1
1	unsafe	8	7	reset	111	0.08	1
1	unsafe	8	7	reset	112	0.051	1
1	unsafe	8	7	reset	113	0.05	1
1	unsafe	8	7	reset	114	0.06	1
1	unsafe	8	7	reset	115	0.05	1
1	unsafe	8	7	reset	116	0.05	1
1	unsafe	8	7	reset	117	0.06	1
1	unsafe	8	7	reset	118	0.06	1
1	unsafe	8	7	reset	119	0.05	1
1	unsafe	8	7	reset	120	0.051	1
1	unsafe	8	7	reset	121	0.05	1
1	unsafe	8	7	reset	122	0.06	1
1	unsafe	8	7	reset	123	0.06	1
1	unsafe	8	7	reset	124	0.05	1
1	unsafe	8	7	reset	125	0.06	1
1	unsafe	8	7	reset	126	0.061	1
1	unsafe	8	7	reset	127	0.06	1
1	unsafe	8	7	reset	128	0.06	1
1	unsafe	8	7	reset	129	0.06	1
1	unsafe	8	7	reset	130	0.06	1
1	unsafe	8	7	reset	131	0.05	1
1	unsafe	8	7	reset	132	0.05	1
1	unsafe	8	7	reset	133	0.05	1
1	unsafe	8	7	reset	134	0.05	1
1	unsafe	8	7	reset	135	0.05	1
1	unsafe	8	7	reset	136	0.1	1
1	unsafe	8	7	reset	137	0.07	1
1	unsafe	8	7	reset	138	0.07	1
1	unsafe	8	7	reset	139	0.05	1
1	unsafe	8	7	reset	140	0.06	1
1	unsafe	8	7	reset	141	0.081	1
1	unsafe	8	7	reset	142	0.06	1
1	unsafe	8	7	reset	143	0.06	1
1	unsafe	8	7	reset	144	0.05	1
1	unsafe	8	7	reset	145	0.07	1
1	unsafe	8	7	reset	146	0.05	1
1	unsafe	8	7	reset	147	0.07	1
1	unsafe	8	7	reset	148	0.05	1
1	unsafe	8	7	reset	149	0.06	1
1	unsafe	8	7	reset	150	0.07	1
1	unsafe	8	7	reset	151	0.06	1
1	unsafe	8	7	reset	152	0.05	1
1	unsafe	8	7	reset	153	0.06	1
1	unsafe	8	7	reset	154	0.05	1
1	unsafe	8	7	reset	155	0.061	1
1	unsafe	8	7	reset	156	0.06	1
1	unsafe	8	7	reset	157	0.05	1
1	unsafe	8	7	reset	158	0.07	1
1	unsafe	8	7	reset	159	0.07	1
1	unsafe	8	7	reset	160	0.06	1
1	unsafe	8	7	reset	161	0.05	1
1	unsafe	8	7	reset	162	0.05	1
1	unsafe	8	7	reset	163	0.061	1
1	unsafe	8	7	reset	164	0.06	1
1	unsafe	8	7	reset	165	0.06	1
1	unsafe	8	7	reset	166	0.06	1
1	unsafe	8	7	reset	167	0.05	1
1	unsafe	8	7	reset	168	0.051	1
1	unsafe	8	7	reset	169	0.06	1
1	unsafe	8	7	reset	170	0.06	1
1	unsafe	8	7	reset	171	0.06	1
1	unsafe	8	7	reset	172	0.05	1
1	unsafe	8	7	reset	173	0.06	1
1	unsafe	8	7	reset	174	0.08	1
1	unsafe	8	7	reset	175	0.06	1
1	unsafe	8	7	reset	176	0.05	1
1	unsafe	8	7	reset	177	0.06	1
1	unsafe	8	7	reset	178	0.05	1
1	unsafe	8	7	reset	179	0.06	1
1	unsafe	8	7	reset	180	0.05	1
1	unsafe	8	7	reset	181	0.05	1
1	unsafe	8	7	reset	182	0.06	1
1	unsafe	8	7	reset	183	0.06	1
1	unsafe	8	7	reset	184	0.07	1
1	unsafe	8	7	reset	185	0.05	1
1	unsafe	8	7	reset	186	0.05	1
1	unsafe	8	7	reset	187	0.06	1
1	unsafe	8	7	reset	188	0.06	1
1	unsafe	8	7	reset	189	0.05	1
1	unsafe	8	7	reset	190	0.05	1
1	unsafe	8	7	reset	191	0.05	1
1	unsafe	8	7	reset	192	0.06	1
1	unsafe	8	7	reset	193	0.06	1
1	unsafe	8	7	reset	194	0.05	1
1	unsafe	8	7	reset	195	0.06	1
1	unsafe	8	7	reset	196	0.06	1
1	unsafe	8	7	reset	197	0.05	1
1	unsafe	8	7	reset	198	0.06	1
1	unsafe	8	7	reset	199	0.05	1
1	unsafe	8	7	reset	200	0.05	1
1	unsafe	8	7	stall	1	0.0	1
1	unsafe	8	7	stall	2	0.0	1
1	unsafe	8	7	stall	3	0.0	1
1	unsafe	8	7	stall	4	0.0	1
1	unsafe	8	7	stall	5	0.0	1
1	unsafe	8	7	stall	6	0.0	1
1	unsafe	8	7	stall	7	0.0	1
1	checked	16	15	reset	1	65.744	0
1	checked	16	15	reset	2	47.299	0
1	checked	16	15	reset	3	101.462	0
1	checked	16	15	reset	4	105.359	0
1	checked	16	15	reset	5	114.396	0
1	checked	16	15	reset	6	84.059	0
1	checked	16	15	reset	7	437.435	0
1	checked	16	15	reset	8	47.229	0
1	checked	16	15	reset	9	102.633	0
1	checked	16	15	reset	10	94.749	0
1	checked	16	15	reset	11	80.663	0
1	checked	16	15	reset	12	72.967	0
1	checked	16	15	reset	13	71.775	0
1	checked	16	15	reset	14	73.128	0
1	checked	16	15	reset	15	75.532	0
1	checked	16	15	reset	16	70.132	0
1	checked	16	15	reset	17	62.357	0
1	checked	16	15	reset	18	70.453	0
1	checked	16	15	reset	19	66.034	0
1	checked	16	15	reset	20	67.207	0
1	checked	16	15	reset	21	65.564	0
1	checked	16	15	reset	22	66.706	0
1	checked	16	15	reset	23	66.656	0
1	checked	16	15	reset	24	65.854	0
1	checked	16	15	reset	25	67.628	0
1	checked	16	15	reset	26	65.875	0
1	checked	16	15	reset	27	63.229	0
1	checked	16	15	reset	28	65.143	0
1	checked	16	15	reset	29	67.337	0
1	checked	16	15	reset	30	64.331	0
1	checked	16	15	reset	31	63.359	0
1	checked	16	15	reset	32	61.646	0
1	checked	16	15	reset	33	63.751	0
1	checked	16	15	reset	34	64.201	0
1	checked	16	15	reset	35	65.814	0
1	checked	16	15	reset	36	65.644	0
1	checked	16	15	reset	37	63.059	0
1	checked	16	15	reset	38	65.654	0
1	checked	16	15	reset	39	69.371	0
1	checked	16	15	reset	40	169.028	0
1	checked	16	15	reset	41	102.213	0
1	checked	16	15	reset	42	82.395	0
1	checked	16	15	reset	43	74.28	0
1	checked	16	15	reset	44	70.854	0
1	checked	16	15	reset	45	79.61	0
1	checked	16	15	reset	46	87.876	0
1	checked	16	15	reset	47	72.858	0
1	checked	16	15	reset	48	74.35	0
1	checked	16	15	reset	49	75.903	0
1	checked	16	15	reset	50	72.968	0
1	checked	16	15	reset	51	75.793	0
1	checked	16	15	reset	52	79.53	0
1	checked	16	15	reset	53	69.041	0
1	checked	16	15	reset	54	72.317	0
1	checked	16	15	reset	55	76.424	0
1	checked	16	15	reset	56	71.835	0
1	checked	16	15	reset	57	71.255	0
1	checked	16	15	reset	58	74.13	0
1	checked	16	15	reset	59	75.503	0
1	checked	16	15	reset	60	70.634	0
1	checked	16	15	reset	61	90.21	0
1	checked	16	15	reset	62	78.017	0
1	checked	16	15	reset	63	77.286	0
1	checked	16	15	reset	64	68.87	0
1	checked	16	15	reset	65	72.227	0
1	checked	16	15	reset	66	71.415	0
1	checked	16	15	reset	67	69.08	0
1	checked	16	15	reset	68	70.132	0
1	checked	16	15	reset	69	66.224	0
1	checked	16	15	reset	70	68.519	0
1	checked	16	15	reset	71	92.074	0
1	checked	16	15	reset	72	83.447	0
1	checked	16	15	reset	73	79.019	0
1	checked	16	15	reset	74	72.447	0
1	checked	16	15	reset	75	72.397	0
1	checked	16	15	reset	76	66.946	0
1	checked	16	15	reset	77	68.46	0
1	checked	16	15	reset	78	66.786	0
1	checked	16	15	reset	79	71.966	0
1	checked	16	15	reset	80	71.044	0
1	checked	16	15	reset	81	75.091	0
1	checked	16	15	reset	82	74.25	0
1	checked	16	15	reset	83	71.305	0
1	checked	16	15	reset	84	70.212	0
1	checked	16	15	reset	85	69.752	0
1	checked	16	15	reset	86	68.319	0
1	checked	16	15	reset	87	70.242	0
1	checked	16	15	reset	88	79.871	0
1	checked	16	15	reset	89	71.855	0
1	checked	16	15	reset	90	71.205	0
1	checked	16	15	reset	91	74.48	0
1	checked	16	15	reset	92	72.797	0
1	checked	16	15	reset	93	73.388	0
1	checked	16	15	reset	94	68.319	0
1	checked	16	15	reset	95	73.058	0
1	checked	16	15	reset	96	71.875	0
1	checked	16	15	reset	97	67.548	0
1	checked	16	15	reset	98	72.177	0
1	checked	16	15	reset	99	73.338	0
1	checked	16	15	reset	100	77.456	0
1	checked	16	15	reset	101	72.527	0
1	checked	16	15	reset	102	75.603	0
1	checked	16	15	reset	103	67.908	0
1	checked	16	15	reset	104	72.236	0
1	checked	16	15	reset	105	69.761	0
1	checked	16	15	reset	106	66.606	0
1	checked	16	15	reset	107	72.026	0
1	checked	16	15	reset	108	72.356	0
1	checked	16	15	reset	109	70.432	0
1	checked	16	15	reset	110	72.186	0
1	checked	16	15	reset	111	73.519	0
1	checked	16	15	reset	112	67.768	0
1	checked	16	15	reset	113	72.627	0
1	checked	16	15	reset	114	67.227	0
1	checked	16	15	reset	115	69.01	0
1	checked	16	15	reset	116	69.752	0
1	checked	16	15	reset	117	69.551	0
1	checked	16	15	reset	118	70.924	0
1	checked	16	15	reset	119	72.437	0
1	checked	16	15	reset	120	73.539	0
1	checked	16	15	reset	121	76.053	0
1	checked	16	15	reset	122	68.47	0
1	checked	16	15	reset	123	69.671	0
1	checked	16	15	reset	124	72.006	0
1	checked	16	15	reset	125	73.519	0
1	checked	16	15	reset	126	71.685	0
1	checked	16	15	reset	127	70.533	0
1	checked	16	15	reset	128	72.016	0
1	checked	16	15	reset	129	67.177	0
1	checked	16	15	reset	130	72.808	0
1	checked	16	15	reset	131	71.465	0
1	checked	16	15	reset	132	70.913	0
1	checked	16	15	reset	133	72.406	0
1	checked	16	15	reset	134	66.576	0
1	checked	16	15	reset	135	72.667	0
1	checked	16	15	reset	136	69.791	0
1	checked	16	15	reset	137	71.615	0
1	checked	16	15	reset	138	72.076	0
1	checked	16	15	reset	139	71.355	0
1	checked	16	15	reset	140	70.182	0
1	checked	16	15	reset	141	73.077	0
1	checked	16	15	reset	142	72.246	0
1	checked	16	15	reset	143	70.954	0
1	checked	16	15	reset	144	68.379	0
1	checked	16	15	reset	145	155.935	0
1	checked	16	15	reset	146	71.164	0
1	checked	16	15	reset	147	71.525	0
1	checked	16	15	reset	148	71.394	0
1	checked	16	15	reset	149	74.23	0
1	checked	16	15	reset	150	64.451	0
1	checked	16	15	reset	151	69.711	0
1	checked	16	15	reset	152	68.509	0
1	checked	16	15	reset	153	66.766	0
1	checked	16	15	reset	154	66.816	0
1	checked	16	15	reset	155	2948.181	0
1	checked	16	15	reset	156	74.39	0
1	checked	16	15	reset	157	70.834	0
1	checked	16	15	reset	158	73.829	0
1	checked	16	15	reset	159	72.918	0
1	checked	16	15	reset	160	64.692	0
1	checked	16	15	reset	161	70.332	0
1	checked	16	15	reset	162	68.87	0
1	checked	16	15	reset	163	66.665	0
1	checked	16	15	reset	164	71.655	0
1	checked	16	15	reset	165	69.05	0
1	checked	16	15	reset	166	68.369	0
1	checked	16	15	reset	167	66.085	0
1	checked	16	15	reset	168	69.07	0
1	checked	16	15	reset	169	66.956	0
1	checked	16	15	reset	170	67.327	0
1	checked	16	15	reset	171	66.525	0
1	checked	16	15	reset	172	67.478	0
1	checked	16	15	reset	173	64.101	0
1	checked	16	15	reset	174	64.061	0
1	checked	16	15	reset	175	70.282	0
1	checked	16	15	reset	176	69.101	0
1	checked	16	15	reset	177	67.197	0
1	checked	16	15	reset	178	68.489	0
1	checked	16	15	reset	179	73.238	0
1	checked	16	15	reset	180	67.637	0
1	checked	16	15	reset	181	66.365	0
1	checked	16	15	reset	182	63.56	0
1	checked	16	15	reset	183	68.369	0
1	checked	16	15	reset	184	68.228	0
1	checked	16	15	reset	185	64.763	0
1	checked	16	15	reset	186	67.798	0
1	checked	16	15	reset	187	62.909	0
1	checked	16	15	reset	188	65.052	0
1	checked	16	15	reset	189	58.34	0
1	checked	16	15	reset	190	63.56	0
1	checked	16	15	reset	191	60.444	0
1	checked	16	15	reset	192	70.894	0
1	checked	16	15	reset	193	70.573	0
1	checked	16	15	reset	194	63.36	0
1	checked	16	15	reset	195	68.128	0
1	checked	16	15	reset	196	65.794	0
1	checked	16	15	reset	197	70.833	0
1	checked	16	15	reset	198	63.099	0
1	checked	16	15	reset	199	63.96	0
1	checked	16	15	reset	200	67.267	0
1	checked	16	15	stall	1	149.082	0
1	checked	16	15	stall	2	150.103	0
1	checked	16	15	stall	3	147.749	0
1	checked	16	15	stall	4	146.837	0
1	checked	16	15	stall	5	146.606	0
1	checked	16	15	stall	6	146.005	0
1	checked	16	15	stall	7	148.661	0
1	checked	16	15	stall	8	148.861	0
1	checked	16	15	stall	9	150.905	0
1	checked	16	15	stall	10	145.836	0
1	checked	16	15	stall	11	151.836	0
1	checked	16	15	stall	12	149.432	0
1	checked	16	15	stall	13	149.152	0
1	checked	16	15	stall	14	149.442	0
1	checked	16	15	stall	15	151.256	0
1	unsafe	16	15	reset	1	0.201	0
1	unsafe	16	15	reset	2	0.07	0
1	unsafe	16	15	reset	3	0.07	0
1	unsafe	16	15	reset	4	0.07	0
1	unsafe	16	15	reset	5	0.09	0
1	unsafe	16	15	reset	6	0.08	0
1	unsafe	16	15	reset	7	0.06	0
1	unsafe	16	15	reset	8	0.07	0
1	unsafe	16	15	reset	9	0.12	0
1	unsafe	16	15	reset	10	0.08	0
1	unsafe	16	15	reset	11	0.16	0
1	unsafe	16	15	reset	12	0.2	0
1	unsafe	16	15	reset	13	0.171	0
1	unsafe	16	15	reset	14	0.131	0
1	unsafe	16	15	reset	15	0.13	0
1	unsafe	16	15	reset	16	0.151	0
1	unsafe	16	15	reset	17	0.141	0
1	unsafe	16	15	reset	18	0.13	0
1	unsafe	16	15	reset	19	0.14	0
1	unsafe	16	15	reset	20	0.15	0
1	unsafe	16	15	reset	21	0.14	0
1	unsafe	16	15	reset	22	0.15	0
1	unsafe	16	15	reset	23	1.644	0
1	unsafe	16	15	reset	24	0.12	0
1	unsafe	16	15	reset	25	0.12	0
1	unsafe	16	15	reset	26	0.09	0
1	unsafe	16	15	reset	27	0.09	0
1	unsafe	16	15	reset	28	0.09	0
1	unsafe	16	15	reset	29	0.1	0
1	unsafe	16	15	reset	30	0.09	0
1	unsafe	16	15	reset	31	0.09	0
1	unsafe	16	15	reset	32	0.09	0
1	unsafe	16	15	reset	33	0.1	0
1	unsafe	16	15	reset	34	0.1	0
1	unsafe	16	15	reset	35	0.091	0
1	unsafe	16	15	reset	36	0.08	0
1	unsafe	16	15	reset	37	0.08	0
1	unsafe	16	15	reset	38	0.12	0
1	unsafe	16	15	reset	39	0.091	0
1	unsafe	16	15	reset	40	0.13	0
1	unsafe	16	15	reset	41	0.101	0
1	unsafe	16	15	reset	42	0.09	0
1	unsafe	16	15	reset	43	0.09	0
1	unsafe	16	15	reset	44	0.1	0
1	unsafe	16	15	reset	45	0.1	0
1	unsafe	16	15	reset	46	0.091	0
1	unsafe	16	15	reset	47	0.09	0
1	unsafe	16	15	reset	48	0.1	0
1	unsafe	16	15	reset	49	0.111	0
1	unsafe	16	15	reset	50	0.09	0
1	unsafe	16	15	reset	51	0.08	0
1	unsafe	16	15	reset	52	0.1	0
1	unsafe	16	15	reset	53	0.081	0
1	unsafe	16	15	reset	54	0.1	0
1	unsafe	16	15	reset	55	0.08	0
1	unsafe	16	15	reset	56	0.1	0
1	unsafe	16	15	reset	57	0.13	0
1	unsafe	16	15	reset	58	0.09	0
1	unsafe	16	15	reset	59	0.09	0
1	unsafe	16	15	reset	60	0.08	0
1	unsafe	16	15	reset	61	0.09	0
1	unsafe	16	15	reset	62	0.1	0
1	unsafe	16	15	reset	63	0.09	0
1	unsafe	16	15	reset	64	0.11	0
1	unsafe	16	15	reset	65	0.09	0
1	unsafe	16	15	reset	66	0.09	0
1	unsafe	16	15	reset	67	0.08	0
1	unsafe	16	15	reset	68	0.09	0
1	unsafe	16	15	reset	69	0.09	0
1	unsafe	16	15	reset	70	0.1	0
1	unsafe	16	15	reset	71	0.091	0
1	unsafe	16	15	reset	72	0.09	0
1	unsafe	16	15	reset	73	0.12	0
1	unsafe	16	15	reset	74	0.111	0
1	unsafe	16	15	reset	75	0.09	0
1	unsafe	16	15	reset	76	0.1	0
1	unsafe	16	15	reset	77	0.09	0
1	unsafe	16	15	reset	78	0.09	0
1	unsafe	16	15	reset	79	0.11	0
1	unsafe	16	15	reset	80	0.09	0
1	unsafe	16	15	reset	81	0.1	0
1	unsafe	16	15	reset	82	0.1	0
1	unsafe	16	15	reset	83	0.09	0
1	unsafe	16	15	reset	84	0.1	0
1	unsafe	16	15	reset	85	0.09	0
1	unsafe	16	15	reset	86	0.12	0
1	unsafe	16	15	reset	87	0.1	0
1	unsafe	16	15	reset	88	0.09	0
1	unsafe	16	15	reset	89	0.101	0
1	unsafe	16	15	reset	90	0.1	0
1	unsafe	16	15	reset	91	0.11	0
1	unsafe	16	15	reset	92	0.09	0
1	unsafe	16	15	reset	93	0.09	0
1	unsafe	16	15	reset	94	0.1	0
1	unsafe	16	15	reset	95	0.1	0
1	unsafe	16	15	reset	96	0.1	0
1	unsafe	16	15	reset	97	0.09	0
1	unsafe	16	15	reset	98	0.11	0
1	unsafe	16	15	reset	99	0.09	0
1	unsafe	16	15	reset	100	0.101	0
1	unsafe	16	15	reset	101	0.09	0
1	unsafe	16	15	reset	102	0.1	0
1	unsafe	16	15	reset	103	0.081	0
1	unsafe	16	15	reset	104	0.11	0
1	unsafe	16	15	reset	105	0.1	0
1	unsafe	16	15	reset	106	0.09	0
1	unsafe	16	15	reset	107	0.09	0
1	unsafe	16	15	reset	108	0.14	0
1	unsafe	16	15	reset	109	0.1	0
1	unsafe	16	15	reset	110	0.09	0
1	unsafe	16	15	reset	111	0.091	0
1	unsafe	16	15	reset	112	0.1	0
1	unsafe	16	15	reset	113	0.081	0
1	unsafe	16	15	reset	114	0.1	0
1	unsafe	16	15	reset	115	0.08	0
1	unsafe	16	15	reset	116	0.09	0
1	unsafe	16	15	reset	117	0.091	0
1	unsafe	16	15	reset	118	0.12	0
1	unsafe	16	15	reset	119	0.12	0
1	unsafe	16	15	reset	120	0.1	0
1	unsafe	16	15	reset	121	0.101	0
1	unsafe	16	15	reset	122	0.111	0
1	unsafe	16	15	reset	123	0.09	0
1	unsafe	16	15	reset	124	0.09	0
1	unsafe	16	15	reset	125	0.1	0
1	unsafe	16	15	reset	126	0.1	0
1	unsafe	16	15	reset	127	0.1	0
1	unsafe	16	15	reset	128	0.09	0
1	unsafe	16	15	reset	129	0.091	0
1	unsafe	16	15	reset	130	0.111	0
1	unsafe	16	15	reset	131	0.09	0
1	unsafe	16	15	reset	132	0.11	0
1	unsafe	16	15	reset	133	0.08	0
1	unsafe	16	15	reset	134	0.1	0
1	unsafe	16	15	reset	135	0.09	0
1	unsafe	16	15	reset	136	0.091	0
1	unsafe	16	15	reset	137	0.09	0
1	unsafe	16	15	reset	138	0.09	0
1	unsafe	16	15	reset	139	0.091	0
1	unsafe	16	15	reset	140	0.1	0
1	unsafe	16	15	reset	141	0.09	0
1	unsafe	16	15	reset	142	0.101	0
1	unsafe	16	15	reset	143	0.101	0
1	unsafe	16	15	reset	144	0.1	0
1	unsafe	16	15	reset	145	0.091	0
1	unsafe	16	15	reset	146	0.101	0
1	unsafe	16	15	reset	147	0.091	0
1	unsafe	16	15	reset	148	0.1	0
1	unsafe	16	15	reset	149	0.09	0
1	unsafe	16	15	reset	150	0.14	0
1	unsafe	16	15	reset	151	0.1	0
1	unsafe	16	15	reset	152	0.09	0
1	unsafe	16	15	reset	153	0.09	0
1	unsafe	16	15	reset	154	0.11	0
1	unsafe	16	15	reset	155	0.1	0
1	unsafe	16	15	reset	156	0.091	0
1	unsafe	16	15	reset	157	0.09	0
1	unsafe	16	15	reset	158	0.09	0
1	unsafe	16	15	reset	159	0.101	0
1	unsafe	16	15	reset	160	0.1	0
1	unsafe	16	15	reset	161	0.1	0
1	unsafe	16	15	reset	162	0.12	0
1	unsafe	16	15	reset	163	0.09	0
1	unsafe	16	15	reset	164	0.11	0
1	unsafe	16	15	reset	165	0.09	0
1	unsafe	16	15	reset	166	0.1	0
1	unsafe	16	15	reset	167	0.08	0
1	unsafe	16	15	reset	168	0.09	0
1	unsafe	16	15	reset	169	0.091	0
1	unsafe	16	15	reset	170	0.09	0
1	unsafe	16	15	reset	171	0.11	0
1	unsafe	16	15	reset	172	0.1	0
1	unsafe	16	15	reset	173	0.1	0
1	unsafe	16	15	reset	174	0.1	0
1	unsafe	16	15	reset	175	0.1	0
1	unsafe	16	15	reset	176	0.101	0
1	unsafe	16	15	reset	177	0.09	0
1	unsafe	16	15	reset	178	0.11	0
1	unsafe	16	15	reset	179	0.09	0
1	unsafe	16	15	reset	180	0.09	0
1	unsafe	16	15	reset	181	0.08	0
1	unsafe	16	15	reset	182	0.1	0
1	unsafe	16	15	reset	183	0.101	0
1	unsafe	16	15	reset	184	0.09	0
1	unsafe	16	15	reset	185	0.1	0
1	unsafe	16	15	reset	186	0.1	0
1	unsafe	16	15	reset	187	0.09	0
1	unsafe	16	15	reset	188	0.12	0
1	unsafe	16	15	reset	189	0.09	0
1	unsafe	16	15	reset	190	0.09	0
1	unsafe	16	15	reset	191	0.09	0
1	unsafe	16	15	reset	192	0.1	0
1	unsafe	16	15	reset	193	0.09	0
1	unsafe	16	15	reset	194	0.1	0
1	unsafe	16	15	reset	195	0.09	0
1	unsafe	16	15	reset	196	0.111	0
1	unsafe	16	15	reset	197	0.09	0
1	unsafe	16	15	reset	198	0.11	0
1	unsafe	16	15	reset	199	0.11	0
1	unsafe	16	15	reset	200	0.1	0
1	unsafe	16	15	stall	1	0.0	0
1	unsafe	16	15	stall	2	0.0	0
1	unsafe	16	15	stall	3	0.0	0
1	unsafe	16	15	stall	4	0.0	0
1	unsafe	16	15	stall	5	23.143	0
1	unsafe	16	15	stall	6	0.0	0
1	unsafe	16	15	stall	7	0.0	0
1	unsafe	16	15	stall	8	0.0	0
1	unsafe	16	15	stall	9	0.0	0
1	unsafe	16	15	stall	10	0.0	0
1	unsafe	16	15	stall	11	0.0	0
1	unsafe	16	15	stall	12	0.0	0
1	unsafe	16	15	stall	13	0.0	0
1	unsafe	16	15	stall	14	0.0	0
1	unsafe	16	15	stall	15	0.0	0
1	checked	30	29	reset	1	113.534	0
1	checked	30	29	reset	2	80.763	0
1	checked	30	29	reset	3	55.435	0
1	checked	30	29	reset	4	52.008	0
1	checked	30	29	reset	5	53.551	0
1	checked	30	29	reset	6	259.47	0
1	checked	30	29	reset	7	93.045	0
1	checked	30	29	reset	8	482.119	0
1	checked	30	29	reset	9	67.628	0
1	checked	30	29	reset	10	75.963	0
1	checked	30	29	reset	11	61.837	0
1	checked	30	29	reset	12	65.574	0
1	checked	30	29	reset	13	56.968	0
1	checked	30	29	reset	14	119.926	0
1	checked	30	29	reset	15	125.977	0
1	checked	30	29	reset	16	106.421	0
1	checked	30	29	reset	17	109.256	0
1	checked	30	29	reset	18	516.795	0
1	checked	30	29	reset	19	104.998	0
1	checked	30	29	reset	20	135.415	0
1	checked	30	29	reset	21	120.918	0
1	checked	30	29	reset	22	112.532	0
1	checked	30	29	reset	23	106.952	0
1	checked	30	29	reset	24	108.896	0
1	checked	30	29	reset	25	100.199	0
1	checked	30	29	reset	26	104.478	0
1	checked	30	29	reset	27	100.63	0
1	checked	30	29	reset	28	104.447	0
1	checked	30	29	reset	29	102.964	0
1	checked	30	29	reset	30	106.231	0
1	checked	30	29	reset	31	120.247	0
1	checked	30	29	reset	32	105.238	0
1	checked	30	29	reset	33	107.493	0
1	checked	30	29	reset	34	101.802	0
1	checked	30	29	reset	35	100.499	0
1	checked	30	29	reset	36	107.462	0
1	checked	30	29	reset	37	101.932	0
1	checked	30	29	reset	38	97.774	0
1	checked	30	29	reset	39	101.882	0
1	checked	30	29	reset	40	106.271	0
1	checked	30	29	reset	41	108.595	0
1	checked	30	29	reset	42	103.034	0
1	checked	30	29	reset	43	126.348	0
1	checked	30	29	reset	44	112.212	0
1	checked	30	29	reset	45	113.775	0
1	checked	30	29	reset	46	104.507	0
1	checked	30	29	reset	47	104.687	0
1	checked	30	29	reset	48	99.408	0
1	checked	30	29	reset	49	3425.662	0
1	checked	30	29	reset	50	120.938	0
1	checked	30	29	reset	51	105.358	0
1	checked	30	29	reset	52	107.954	0
1	checked	30	29	reset	53	102.103	0
1	checked	30	29	reset	54	115.969	0
1	checked	30	29	reset	55	117.622	0
1	checked	30	29	reset	56	98.406	0
1	checked	30	29	reset	57	107.613	0
1	checked	30	29	reset	58	114.286	0
1	checked	30	29	reset	59	109.627	0
1	checked	30	29	reset	60	99.478	0
1	checked	30	29	reset	61	100.359	0
1	checked	30	29	reset	62	94.839	0
1	checked	30	29	reset	63	106.171	0
1	checked	30	29	reset	64	3747.639	0
1	checked	30	29	reset	65	126.619	0
1	checked	30	29	reset	66	102.443	0
1	checked	30	29	reset	67	105.489	0
1	checked	30	29	reset	68	104.206	0
1	checked	30	29	reset	69	100.329	0
1	checked	30	29	reset	70	104.858	0
1	checked	30	29	reset	71	96.442	0
1	checked	30	29	reset	72	100.69	0
1	checked	30	29	reset	73	100.911	0
1	checked	30	29	reset	74	110.989	0
1	checked	30	29	reset	75	100.079	0
1	checked	30	29	reset	76	105.178	0
1	checked	30	29	reset	77	102.383	0
1	checked	30	29	reset	78	93.366	0
1	checked	30	29	reset	79	100.79	0
1	checked	30	29	reset	80	102.934	0
1	checked	30	29	reset	81	97.534	0
1	checked	30	29	reset	82	95.991	0
1	checked	30	29	reset	83	104.758	0
1	checked	30	29	reset	84	94.288	0
1	checked	30	29	reset	85	101.341	0
1	checked	30	29	reset	86	92.605	0
1	checked	30	29	reset	87	106.47	0
1	checked	30	29	reset	88	103.585	0
1	checked	30	29	reset	89	96.071	0
1	checked	30	29	reset	90	100.911	0
1	checked	30	29	reset	91	113.284	0
1	checked	30	29	reset	92	107.203	0
1	checked	30	29	reset	93	110.138	0
1	checked	30	29	reset	94	98.867	0
1	checked	30	29	reset	95	108.545	0
1	checked	30	29	reset	96	98.566	0
1	checked	30	29	reset	97	100.349	0
1	checked	30	29	reset	98	102.002	0
1	checked	30	29	reset	99	97.043	0
1	checked	30	29	reset	100	96.362	0
1	checked	30	29	reset	101	98.476	0
1	checked	30	29	reset	102	97.704	0
1	checked	30	29	reset	103	103.235	0
1	checked	30	29	reset	104	99.257	0
1	checked	30	29	reset	105	101.281	0
1	checked	30	29	reset	106	110.629	0
1	checked	30	29	reset	107	107.583	0
1	checked	30	29	reset	108	100.169	0
1	checked	30	29	reset	109	100.34	0
1	checked	30	29	reset	110	101.111	0
1	checked	30	29	reset	111	105.358	0
1	checked	30	29	reset	112	99.688	0
1	checked	30	29	reset	113	102.273	0
1	checked	30	29	reset	114	102.434	0
1	checked	30	29	reset	115	100.47	0
1	checked	30	29	reset	116	101.371	0
1	checked	30	29	reset	117	99.247	0
1	checked	30	29	reset	118	97.764	0
1	checked	30	29	reset	119	98.856	0
1	checked	30	29	reset	120	106.39	0
1	checked	30	29	reset	121	95.31	0
1	checked	30	29	reset	122	99.899	0
1	checked	30	29	reset	123	99.407	0
1	checked	30	29	reset	124	103.466	0
1	checked	30	29	reset	125	97.434	0
1	checked	30	29	reset	126	100.199	0
1	checked	30	29	reset	127	90.16	0
1	checked	30	29	reset	128	100.911	0
1	checked	30	29	reset	129	104.407	0
1	checked	30	29	reset	130	105.449	0
1	checked	30	29	reset	131	99.748	0
1	checked	30	29	reset	132	104.747	0
1	checked	30	29	reset	133	95.87	0
1	checked	30	29	reset	134	96.963	0
1	checked	30	29	reset	135	101.191	0
1	checked	30	29	reset	136	93.517	0
1	checked	30	29	reset	137	92.605	0
1	checked	30	29	reset	138	99.778	0
1	checked	30	29	reset	139	101.551	0
1	checked	30	29	reset	140	98.335	0
1	checked	30	29	reset	141	104.577	0
1	checked	30	29	reset	142	101.842	0
1	checked	30	29	reset	143	99.738	0
1	checked	30	29	reset	144	103.426	0
1	checked	30	29	reset	145	102.062	0
1	checked	30	29	reset	146	95.58	0
1	checked	30	29	reset	147	102.112	0
1	checked	30	29	reset	148	97.604	0
1	checked	30	29	reset	149	117.171	0
1	checked	30	29	reset	150	101.612	0
1	checked	30	29	reset	151	104.017	0
1	checked	30	29	reset	152	101.672	0
1	checked	30	29	reset	153	99.889	0
1	checked	30	29	reset	154	93.256	0
1	checked	30	29	reset	155	104.187	0
1	checked	30	29	reset	156	107.913	0
1	checked	30	29	reset	157	101.902	0
1	checked	30	29	reset	158	117.552	0
1	checked	30	29	reset	159	101.03	0
1	checked	30	29	reset	160	113.374	0
1	checked	30	29	reset	161	99.788	0
1	checked	30	29	reset	162	102.303	0
1	checked	30	29	reset	163	101.641	0
1	checked	30	29	reset	164	110.439	0
1	checked	30	29	reset	165	98.566	0
1	checked	30	29	reset	166	105.239	0
1	checked	30	29	reset	167	101.752	0
1	checked	30	29	reset	168	101.952	0
1	checked	30	29	reset	169	98.987	0
1	checked	30	29	reset	170	105.248	0
1	checked	30	29	reset	171	103.505	0
1	checked	30	29	reset	172	97.063	0
1	checked	30	29	reset	173	105.449	0
1	checked	30	29	reset	174	99.288	0
1	checked	30	29	reset	175	100.821	0
1	checked	30	29	reset	176	101.491	0
1	checked	30	29	reset	177	96.883	0
1	checked	30	29	reset	178	96.272	0
1	checked	30	29	reset	179	102.463	0
1	checked	30	29	reset	180	99.668	0
1	checked	30	29	reset	181	183.536	0
1	checked	30	29	reset	182	102.153	0
1	checked	30	29	reset	183	105.028	0
1	checked	30	29	reset	184	106.06	0
1	checked	30	29	reset	185	101.382	0
1	checked	30	29	reset	186	104.948	0
1	checked	30	29	reset	187	93.557	0
1	checked	30	29	reset	188	99.127	0
1	checked	30	29	reset	189	101.822	0
1	checked	30	29	reset	190	101.862	0
1	checked	30	29	reset	191	103.896	0
1	checked	30	29	reset	192	111.19	0
1	checked	30	29	reset	193	106.491	0
1	checked	30	29	reset	194	103.746	0
1	checked	30	29	reset	195	99.638	0
1	checked	30	29	reset	196	103.045	0
1	checked	30	29	reset	197	107.763	0
1	checked	30	29	reset	198	107.943	0
1	checked	30	29	reset	199	101.101	0
1	checked	30	29	reset	200	106.521	0
1	checked	30	29	stall	1	626.121	0
1	checked	30	29	stall	2	1094.866	0
1	checked	30	29	stall	3	570.315	0
1	checked	30	29	stall	4	593.008	0
1	checked	30	29	stall	5	584.853	0
1	checked	30	29	stall	6	573.692	0
1	checked	30	29	stall	7	590.413	0
1	checked	30	29	stall	8	595.313	0
1	checked	30	29	stall	9	583.09	0
1	checked	30	29	stall	10	488.923	0
1	checked	30	29	stall	11	500.524	0
1	checked	30	29	stall	12	3412.518	0
1	checked	30	29	stall	13	589.933	0
1	checked	30	29	stall	14	576.848	0
1	checked	30	29	stall	15	589.982	0
1	checked	30	29	stall	16	505.072	0
1	checked	30	29	stall	17	582.639	0
1	checked	30	29	stall	18	563.342	0
1	checked	30	29	stall	19	981.992	0
1	checked	30	29	stall	20	603.708	0
1	checked	30	29	stall	21	584.493	0
1	checked	30	29	stall	22	496.286	0
1	checked	30	29	stall	23	588.721	0
1	checked	30	29	stall	24	590.153	0
1	checked	30	29	stall	25	580.234	0
1	checked	30	29	stall	26	986.591	0
1	checked	30	29	stall	27	494.463	0
1	checked	30	29	stall	28	584.382	0
1	checked	30	29	stall	29	566.999	0
1	unsafe	30	29	reset	1	0.101	0
1	unsafe	30	29	reset	2	0.27	0
1	unsafe	30	29	reset	3	0.04	0
1	unsafe	30	29	reset	4	0.06	0
1	unsafe	30	29	reset	5	0.06	0
1	unsafe	30	29	reset	6	0.041	0
1	unsafe	30	29	reset	7	0.05	0
1	unsafe	30	29	reset	8	0.07	0
1	unsafe	30	29	reset	9	0.05	0
1	unsafe	30	29	reset	10	0.07	0
1	unsafe	30	29	reset	11	0.14	0
1	unsafe	30	29	reset	12	0.2	0
1	unsafe	30	29	reset	13	0.061	0
1	unsafe	30	29	reset	14	0.08	0
1	unsafe	30	29	reset	15	0.07	0
1	unsafe	30	29	reset	16	0.071	0
1	unsafe	30	29	reset	17	0.1	0
1	unsafe	30	29	reset	18	0.07	0
1	unsafe	30	29	reset	19	0.08	0
1	unsafe	30	29	reset	20	0.11	0
1	unsafe	30	29	reset	21	0.08	0
1	unsafe	30	29	reset	22	0.1	0
1	unsafe	30	29	reset	23	0.08	0
1	unsafe	30	29	reset	24	0.09	0
1	unsafe	30	29	reset	25	0.111	0
1	unsafe	30	29	reset	26	0.07	0
1	unsafe	30	29	reset	27	0.08	0
1	unsafe	30	29	reset	28	0.111	0
1	unsafe	30	29	reset	29	0.09	0
1	unsafe	30	29	reset	30	0.111	0
1	unsafe	30	29	reset	31	0.07	0
1	unsafe	30	29	reset	32	0.09	0
1	unsafe	30	29	reset	33	0.12	0
1	unsafe	30	29	reset	34	0.08	0
1	unsafe	30	29	reset	35	0.1	0
1	unsafe	30	29	reset	36	0.11	0
1	unsafe	30	29	reset	37	0.07	0
1	unsafe	30	29	reset	38	0.1	0
1	unsafe	30	29	reset	39	0.08	0
1	unsafe	30	29	reset	40	0.1	0
1	unsafe	30	29	reset	41	0.12	0
1	unsafe	30	29	reset	42	0.09	0
1	unsafe	30	29	reset	43	0.1	0
1	unsafe	30	29	reset	44	0.11	0
1	unsafe	30	29	reset	45	0.09	0
1	unsafe	30	29	reset	46	0.1	0
1	unsafe	30	29	reset	47	0.091	0
1	unsafe	30	29	reset	48	0.11	0
1	unsafe	30	29	reset	49	0.101	0
1	unsafe	30	29	reset	50	0.08	0
1	unsafe	30	29	reset	51	0.091	0
1	unsafe	30	29	reset	52	0.12	0
1	unsafe	30	29	reset	53	0.08	0
1	unsafe	30	29	reset	54	0.11	0
1	unsafe	30	29	reset	55	0.08	0
1	unsafe	30	29	reset	56	0.101	0
1	unsafe	30	29	reset	57	0.111	0
1	unsafe	30	29	reset	58	0.09	0
1	unsafe	30	29	reset	59	0.09	0
1	unsafe	30	29	reset	60	0.1	0
1	unsafe	30	29	reset	61	0.08	0
1	unsafe	30	29	reset	62	0.12	0
1	unsafe	30	29	reset	63	0.08	0
1	unsafe	30	29	reset	64	0.101	0
1	unsafe	30	29	reset	65	0.11	0
1	unsafe	30	29	reset	66	0.091	0
1	unsafe	30	29	reset	67	0.13	0
1	unsafe	30	29	reset	68	0.09	0
1	unsafe	30	29	reset	69	0.101	0
1	unsafe	30	29	reset	70	0.12	0
1	unsafe	30	29	reset	71	0.09	0
1	unsafe	30	29	reset	72	0.09	0
1	unsafe	30	29	reset	73	0.1	0
1	unsafe	30	29	reset	74	0.1	0
1	unsafe	30	29	reset	75	0.11	0
1	unsafe	30	29	reset	76	0.08	0
1	unsafe	30	29	reset	77	0.1	0
1	unsafe	30	29	reset	78	0.11	0
1	unsafe	30	29	reset	79	0.09	0
1	unsafe	30	29	reset	80	0.11	0
1	unsafe	30	29	reset	81	0.09	0
1	unsafe	30	29	reset	82	0.091	0
1	unsafe	30	29	reset	83	0.111	0
1	unsafe	30	29	reset	84	0.08	0
1	unsafe	30	29	reset	85	0.101	0
1	unsafe	30	29	reset	86	0.11	0
1	unsafe	30	29	reset	87	0.08	0
1	unsafe	30	29	reset	88	0.1	0
1	unsafe	30	29	reset	89	0.08	0
1	unsafe	30	29	reset	90	0.09	0
1	unsafe	30	29	reset	91	0.111	0
1	unsafe	30	29	reset	92	0.071	0
1	unsafe	30	29	reset	93	0.11	0
1	unsafe	30	29	reset	94	0.09	0
1	unsafe	30	29	reset	95	0.1	0
1	unsafe	30	29	reset	96	0.11	0
1	unsafe	30	29	reset	97	0.08	0
1	unsafe	30	29	reset	98	0.12	0
1	unsafe	30	29	reset	99	0.12	0
1	unsafe	30	29	reset	100	0.09	0
1	unsafe	30	29	reset	101	0.111	0
1	unsafe	30	29	reset	102	0.08	0
1	unsafe	30	29	reset	103	0.1	0
1	unsafe	30	29	reset	104	0.11	0
1	unsafe	30	29	reset	105	0.08	0
1	unsafe	30	29	reset	106	0.11	0
1	unsafe	30	29	reset	107	0.1	0
1	unsafe	30	29	reset	108	0.1	0
1	unsafe	30	29	reset	109	0.101	0
1	unsafe	30	29	reset	110	0.091	0
1	unsafe	30	29	reset	111	0.09	0
1	unsafe	30	29	reset	112	0.11	0
1	unsafe	30	29	reset	113	0.09	0
1	unsafe	30	29	reset	114	0.1	0
1	unsafe	30	29	reset	115	0.09	0
1	unsafe	30	29	reset	116	0.1	0
1	unsafe	30	29	reset	117	0.121	0
1	unsafe	30	29	reset	118	0.09	0
1	unsafe	30	29	reset	119	0.11	0
1	unsafe	30	29	reset	120	0.1	0
1	unsafe	30	29	reset	121	0.1	0
1	unsafe	30	29	reset	122	0.1	0
1	unsafe	30	29	reset	123	0.1	0
1	unsafe	30	29	reset	124	0.09	0
1	unsafe	30	29	reset	125	0.11	0
1	unsafe	30	29	reset	126	0.091	0
1	unsafe	30	29	reset	127	0.131	0
1	unsafe	30	29	reset	128	0.07	0
1	unsafe	30	29	reset	129	0.09	0
1	unsafe	30	29	reset	130	0.12	0
1	unsafe	30	29	reset	131	0.08	0
1	unsafe	30	29	reset	132	0.121	0
1	unsafe	30	29	reset	133	0.07	0
1	unsafe	30	29	reset	134	0.091	0
1	unsafe	30	29	reset	135	0.1	0
1	unsafe	30	29	reset	136	0.09	0
1	unsafe	30	29	reset	137	0.1	0
1	unsafe	30	29	reset	138	0.1	0
1	unsafe	30	29	reset	139	0.08	0
1	unsafe	30	29	reset	140	0.11	0
1	unsafe	30	29	reset	141	0.07	0
1	unsafe	30	29	reset	142	0.09	0
1	unsafe	30	29	reset	143	0.12	0
1	unsafe	30	29	reset	144	0.08	0
1	unsafe	30	29	reset	145	0.11	0
1	unsafe	30	29	reset	146	0.101	0
1	unsafe	30	29	reset	147	0.1	0
1	unsafe	30	29	reset	148	0.12	0
1	unsafe	30	29	reset	149	0.08	0
1	unsafe	30	29	reset	150	0.11	0
1	unsafe	30	29	reset	151	0.11	0
1	unsafe	30	29	reset	152	0.111	0
1	unsafe	30	29	reset	153	0.11	0
1	unsafe	30	29	reset	154	0.091	0
1	unsafe	30	29	reset	155	0.101	0
1	unsafe	30	29	reset	156	0.11	0
1	unsafe	30	29	reset	157	0.07	0
1	unsafe	30	29	reset	158	0.11	0
1	unsafe	30	29	reset	159	0.08	0
1	unsafe	30	29	reset	160	0.101	0
1	unsafe	30	29	reset	161	0.15	0
1	unsafe	30	29	reset	162	0.08	0
1	unsafe	30	29	reset	163	0.08	0
1	unsafe	30	29	reset	164	0.101	0
1	unsafe	30	29	reset	165	0.08	0
1	unsafe	30	29	reset	166	0.11	0
1	unsafe	30	29	reset	167	0.08	0
1	unsafe	30	29	reset	168	0.091	0
1	unsafe	30	29	reset	169	0.13	0
1	unsafe	30	29	reset	170	0.08	0
1	unsafe	30	29	reset	171	0.091	0
1	unsafe	30	29	reset	172	0.111	0
1	unsafe	30	29	reset	173	0.09	0
1	unsafe	30	29	reset	174	0.12	0
1	unsafe	30	29	reset	175	0.08	0
1	unsafe	30	29	reset	176	0.1	0
1	unsafe	30	29	reset	177	0.12	0
1	unsafe	30	29	reset	178	0.081	0
1	unsafe	30	29	reset	179	0.1	0
1	unsafe	30	29	reset	180	0.11	0
1	unsafe	30	29	reset	181	0.08	0
1	unsafe	30	29	reset	182	0.11	0
1	unsafe	30	29	reset	183	0.08	0
1	unsafe	30	29	reset	184	0.101	0
1	unsafe	30	29	reset	185	0.11	0
1	unsafe	30	29	reset	186	0.081	0
1	unsafe	30	29	reset	187	0.101	0
1	unsafe	30	29	reset	188	0.11	0
1	unsafe	30	29	reset	189	0.09	0
1	unsafe	30	29	reset	190	0.11	0
1	unsafe	30	29	reset	191	0.08	0
1	unsafe	30	29	reset	192	0.09	0
1	unsafe	30	29	reset	193	0.12	0
1	unsafe	30	29	reset	194	0.09	0
1	unsafe	30	29	reset	195	0.1	0
1	unsafe	30	29	reset	196	0.09	0
1	unsafe	30	29	reset	197	0.08	0
1	unsafe	30	29	reset	198	0.1	0
1	unsafe	30	29	reset	199	0.11	0
1	unsafe	30	29	reset	200	0.081	0
1	unsafe	30	29	stall	1	0.0	0
1	unsafe	30	29	stall	2	0.0	0
1	unsafe	30	29	stall	3	0.0	0
1	unsafe	30	29	stall	4	0.0	0
1	unsafe	30	29	stall	5	201.761	0
1	unsafe	30	29	stall	6	0.0	0
1	unsafe	30	29	stall	7	0.0	0
1	unsafe	30	29	stall	8	0.0	0
1	unsafe	30	29	stall	9	0.0	0
1	unsafe	30	29	stall	10	297.882	0
1	unsafe	30	29	stall	11	0.0	0
1	unsafe	30	29	stall	12	0.0	0
1	unsafe	30	29	stall	13	0.0	0
1	unsafe	30	29	stall	14	0.0	0
1	unsafe	30	29	stall	15	0.0	0
1	unsafe	30	29	stall	16	0.0	0
1	unsafe	30	29	stall	17	0.0	0
1	unsafe	30	29	stall	18	26.931	0
1	unsafe	30	29	stall	19	0.0	0
1	unsafe	30	29	stall	20	117.682	0
1	unsafe	30	29	stall	21	0.0	0
1	unsafe	30	29	stall	22	216.929	0
1	unsafe	30	29	stall	23	0.0	0
1	unsafe	30	29	stall	24	232.028	0
1	unsafe	30	29	stall	25	0.0	0
1	unsafe	30	29	stall	26	0.0	0
1	unsafe	30	29	stall	27	0.0	0
1	unsafe	30	29	stall	28	68.569	0
1	unsafe	30	29	stall	29	0.0	0
2	checked	1	0	reset	1	41.849	0
2	checked	1	0	reset	2	32.26	0
2	checked	1	0	reset	3	29.175	0
2	checked	1	0	reset	4	27.171	0
2	checked	1	0	reset	5	27.942	0
2	checked	1	0	reset	6	26.891	0
2	checked	1	0	reset	7	28.634	0
2	checked	1	0	reset	8	27.913	0
2	checked	1	0	reset	9	27.873	0
2	checked	1	0	reset	10	27.943	0
2	checked	1	0	reset	11	27.683	0
2	checked	1	0	reset	12	28.022	0
2	checked	1	0	reset	13	27.512	0
2	checked	1	0	reset	14	26.66	0
2	checked	1	0	reset	15	27.882	0
2	checked	1	0	reset	16	27.762	0
2	checked	1	0	reset	17	28.133	0
2	checked	1	0	reset	18	27.432	0
2	checked	1	0	reset	19	27.952	0
2	checked	1	0	reset	20	29.746	0
2	checked	1	0	reset	21	28.304	0
2	checked	1	0	reset	22	28.383	0
2	checked	1	0	reset	23	27.642	0
2	checked	1	0	reset	24	26.961	0
2	checked	1	0	reset	25	27.392	0
2	checked	1	0	reset	26	27.592	0
2	checked	1	0	reset	27	27.151	0
2	checked	1	0	reset	28	27.412	0
2	checked	1	0	reset	29	27.281	0
2	checked	1	0	reset	30	27.071	0
2	checked	1	0	reset	31	27.281	0
2	checked	1	0	reset	32	26.55	0
2	checked	1	0	reset	33	27.271	0
2	checked	1	0	reset	34	26.61	0
2	checked	1	0	reset	35	27.202	0
2	checked	1	0	reset	36	26.801	0
2	checked	1	0	reset	37	30.407	0
2	checked	1	0	reset	38	26.851	0
2	checked	1	0	reset	39	27.412	0
2	checked	1	0	reset	40	27.191	0
2	checked	1	0	reset	41	27.602	0
2	checked	1	0	reset	42	27.411	0
2	checked	1	0	reset	43	27.712	0
2	checked	1	0	reset	44	27.392	0
2	checked	1	0	reset	45	27.131	0
2	checked	1	0	reset	46	26.881	0
2	checked	1	0	reset	47	27.261	0
2	checked	1	0	reset	48	27.081	0
2	checked	1	0	reset	49	27.683	0
2	checked	1	0	reset	50	27.382	0
2	checked	1	0	reset	51	27.452	0
2	checked	1	0	reset	52	26.941	0
2	checked	1	0	reset	53	27.512	0
2	checked	1	0	reset	54	26.94	0
2	checked	1	0	reset	55	27.192	0
2	checked	1	0	reset	56	26.731	0
2	checked	1	0	reset	57	27.261	0
2	checked	1	0	reset	58	28.093	0
2	checked	1	0	reset	59	27.001	0
2	checked	1	0	reset	60	26.841	0
2	checked	1	0	reset	61	26.961	0
2	checked	1	0	reset	62	28.794	0
2	checked	1	0	reset	63	27.011	0
2	checked	1	0	reset	64	26.46	0
2	checked	1	0	reset	65	26.831	0
2	checked	1	0	reset	66	26.399	0
2	checked	1	0	reset	67	26.85	0
2	checked	1	0	reset	68	26.69	0
2	checked	1	0	reset	69	27.051	0
2	checked	1	0	reset	70	26.41	0
2	checked	1	0	reset	71	27.612	0
2	checked	1	0	reset	72	26.48	0
2	checked	1	0	reset	73	27.011	0
2	checked	1	0	reset	74	26.821	0
2	checked	1	0	reset	75	27.682	0
2	checked	1	0	reset	76	27.361	0
2	checked	1	0	reset	77	27.582	0
2	checked	1	0	reset	78	26.721	0
2	checked	1	0	reset	79	27.402	0
2	checked	1	0	reset	80	26.98	0
2	checked	1	0	reset	81	28.244	0
2	checked	1	0	reset	82	27.422	0
2	checked	1	0	reset	83	31.86	0
2	checked	1	0	reset	84	27.071	0
2	checked	1	0	reset	85	28.002	0
2	checked	1	0	reset	86	27.111	0
2	checked	1	0	reset	87	27.422	0
2	checked	1	0	reset	88	27.031	0
2	checked	1	0	reset	89	27.552	0
2	checked	1	0	reset	90	27.332	0
2	checked	1	0	reset	91	27.432	0
2	checked	1	0	reset	92	26.701	0
2	checked	1	0	reset	93	26.991	0
2	checked	1	0	reset	94	26.5	0
2	checked	1	0	reset	95	27.031	0
2	checked	1	0	reset	96	26.76	0
2	checked	1	0	reset	97	26.951	0
2	checked	1	0	reset	98	26.601	0
2	checked	1	0	reset	99	27.021	0
2	checked	1	0	reset	100	26.48	0
2	checked	1	0	reset	101	27.141	0
2	checked	1	0	reset	102	26.76	0
2	checked	1	0	reset	103	28.403	0
2	checked	1	0	reset	104	30.166	0
2	checked	1	0	reset	105	28.173	0
2	checked	1	0	reset	106	27.322	0
2	checked	1	0	reset	107	28.504	0
2	checked	1	0	reset	108	27.703	0
2	checked	1	0	reset	109	28.013	0
2	checked	1	0	reset	110	26.941	0
2	checked	1	0	reset	111	27.492	0
2	checked	1	0	reset	112	27.853	0
2	checked	1	0	reset	113	28.043	0
2	checked	1	0	reset	114	27.703	0
2	checked	1	0	reset	115	27.833	0
2	checked	1	0	reset	116	27.502	0
2	checked	1	0	reset	117	28.013	0
2	checked	1	0	reset	118	27.632	0
2	checked	1	0	reset	119	28.143	0
2	checked	1	0	reset	120	27.202	0
2	checked	1	0	reset	121	27.271	0
2	checked	1	0	reset	122	27.051	0
2	checked	1	0	reset	123	27.171	0
2	checked	1	0	reset	124	26.74	0
2	checked	1	0	reset	125	28.604	0
2	checked	1	0	reset	126	26.64	0
2	checked	1	0	reset	127	27.071	0
2	checked	1	0	reset	128	26.48	0
2	checked	1	0	reset	129	27.612	0
2	checked	1	0	reset	130	26.54	0
2	checked	1	0	reset	131	26.801	0
2	checked	1	0	reset	132	26.6	0
2	checked	1	0	reset	133	26.961	0
2	checked	1	0	reset	134	26.44	0
2	checked	1	0	reset	135	27.011	0
2	checked	1	0	reset	136	26.52	0
2	checked	1	0	reset	137	26.981	0
2	checked	1	0	reset	138	27.0	0
2	checked	1	0	reset	139	26.921	0
2	checked	1	0	reset	140	26.57	0
2	checked	1	0	reset	141	27.001	0
2	checked	1	0	reset	142	26.6	0
2	checked	1	0	reset	143	27.281	0
2	checked	1	0	reset	144	26.55	0
2	checked	1	0	reset	145	27.0	0
2	checked	1	0	reset	146	27.041	0
2	checked	1	0	reset	147	26.87	0
2	checked	1	0	reset	148	26.41	0
2	checked	1	0	reset	149	27.01	0
2	checked	1	0	reset	150	26.951	0
2	checked	1	0	reset	151	26.951	0
2	checked	1	0	reset	152	26.75	0
2	checked	1	0	reset	153	26.931	0
2	checked	1	0	reset	154	26.61	0
2	checked	1	0	reset	155	26.871	0
2	checked	1	0	reset	156	27.311	0
2	checked	1	0	reset	157	28.073	0
2	checked	1	0	reset	158	26.91	0
2	checked	1	0	reset	159	28.153	0
2	checked	1	0	reset	160	27.272	0
2	checked	1	0	reset	161	28.183	0
2	checked	1	0	reset	162	27.271	0
2	checked	1	0	reset	163	27.603	0
2	checked	1	0	reset	164	27.031	0
2	checked	1	0	reset	165	27.562	0
2	checked	1	0	reset	166	27.682	0
2	checked	1	0	reset	167	28.223	0
2	checked	1	0	reset	168	26.41	0
2	checked	1	0	reset	169	26.961	0
2	checked	1	0	reset	170	26.51	0
2	checked	1	0	reset	171	29.435	0
2	checked	1	0	reset	172	26.47	0
2	checked	1	0	reset	173	27.031	0
2	checked	1	0	reset	174	26.51	0
2	checked	1	0	reset	175	26.921	0
2	checked	1	0	reset	176	26.631	0
2	checked	1	0	reset	177	27.251	0
2	checked	1	0	reset	178	26.62	0
2	checked	1	0	reset	179	26.931	0
2	checked	1	0	reset	180	26.46	0
2	checked	1	0	reset	181	27.021	0
2	checked	1	0	reset	182	26.45	0
2	checked	1	0	reset	183	26.961	0
2	checked	1	0	reset	184	26.54	0
2	checked	1	0	reset	185	26.991	0
2	checked	1	0	reset	186	26.56	0
2	checked	1	0	reset	187	26.941	0
2	checked	1	0	reset	188	28.133	0
2	checked	1	0	reset	189	26.96	0
2	checked	1	0	reset	190	26.6	0
2	checked	1	0	reset	191	26.951	0
2	checked	1	0	reset	192	29.746	0
2	checked	1	0	reset	193	27.091	0
2	checked	1	0	reset	194	26.259	0
2	checked	1	0	reset	195	26.64	0
2	checked	1	0	reset	196	26.69	0
2	checked	1	0	reset	197	26.72	0
2	checked	1	0	reset	198	26.259	0
2	checked	1	0	reset	199	26.71	0
2	checked	1	0	reset	200	26.2	0
2	unsafe	1	0	reset	1	0.19	0
2	unsafe	1	0	reset	2	0.07	0
2	unsafe	1	0	reset	3	0.07	0
2	unsafe	1	0	reset	4	0.07	0
2	unsafe	1	0	reset	5	0.07	0
2	unsafe	1	0	reset	6	0.08	0
2	unsafe	1	0	reset	7	0.07	0
2	unsafe	1	0	reset	8	0.1	0
2	unsafe	1	0	reset	9	0.07	0
2	unsafe	1	0	reset	10	0.07	0
2	unsafe	1	0	reset	11	0.08	0
2	unsafe	1	0	reset	12	0.08	0
2	unsafe	1	0	reset	13	0.07	0
2	unsafe	1	0	reset	14	0.07	0
2	unsafe	1	0	reset	15	0.08	0
2	unsafe	1	0	reset	16	0.08	0
2	unsafe	1	0	reset	17	0.08	0
2	unsafe	1	0	reset	18	0.08	0
2	unsafe	1	0	reset	19	0.07	0
2	unsafe	1	0	reset	20	0.08	0
2	unsafe	1	0	reset	21	0.07	0
2	unsafe	1	0	reset	22	0.07	0
2	unsafe	1	0	reset	23	0.07	0
2	unsafe	1	0	reset	24	0.08	0
2	unsafe	1	0	reset	25	0.08	0
2	unsafe	1	0	reset	26	0.08	0
2	unsafe	1	0	reset	27	0.08	0
2	unsafe	1	0	reset	28	0.08	0
2	unsafe	1	0	reset	29	0.08	0
2	unsafe	1	0	reset	30	0.15	0
2	unsafe	1	0	reset	31	0.08	0
2	unsafe	1	0	reset	32	0.07	0
2	unsafe	1	0	reset	33	0.08	0
2	unsafe	1	0	reset	34	0.08	0
2	unsafe	1	0	reset	35	0.11	0
2	unsafe	1	0	reset	36	0.07	0
2	unsafe	1	0	reset	37	0.081	0
2	unsafe	1	0	reset	38	0.08	0
2	unsafe	1	0	reset	39	0.07	0
2	unsafe	1	0	reset	40	0.08	0
2	unsafe	1	0	reset	41	0.08	0
2	unsafe	1	0	reset	42	0.08	0
2	unsafe	1	0	reset	43	0.08	0
2	unsafe	1	0	reset	44	0.1	0
2	unsafe	1	0	reset	45	0.08	0
2	unsafe	1	0	reset	46	0.1	0
2	unsafe	1	0	reset	47	0.08	0
2	unsafe	1	0	reset	48	0.1	0
2	unsafe	1	0	reset	49	0.07	0
2	unsafe	1	0	reset	50	0.08	0
2	unsafe	1	0	reset	51	0.08	0
2	unsafe	1	0	reset	52	0.08	0
2	unsafe	1	0	reset	53	0.081	0
2	unsafe	1	0	reset	54	0.07	0
2	unsafe	1	0	reset	55	0.07	0
2	unsafe	1	0	reset	56	0.08	0
2	unsafe	1	0	reset	57	0.07	0
2	unsafe	1	0	reset	58	0.07	0
2	unsafe	1	0	reset	59	0.07	0
2	unsafe	1	0	reset	60	0.08	0
2	unsafe	1	0	reset	61	0.07	0
2	unsafe	1	0	reset	62	0.07	0
2	unsafe	1	0	reset	63	0.07	0
2	unsafe	1	0	reset	64	0.08	0
2	unsafe	1	0	reset	65	0.07	0
2	unsafe	1	0	reset	66	0.081	0
2	unsafe	1	0	reset	67	0.09	0
2	unsafe	1	0	reset	68	0.08	0
2	unsafe	1	0	reset	69	0.08	0
2	unsafe	1	0	reset	70	0.091	0
2	unsafe	1	0	reset	71	0.081	0
2	unsafe	1	0	reset	72	0.08	0
2	unsafe	1	0	reset	73	0.081	0
2	unsafe	1	0	reset	74	0.08	0
2	unsafe	1	0	reset	75	0.07	0
2	unsafe	1	0	reset	76	0.08	0
2	unsafe	1	0	reset	77	0.071	0
2	unsafe	1	0	reset	78	0.08	0
2	unsafe	1	0	reset	79	0.07	0
2	unsafe	1	0	reset	80	0.08	0
2	unsafe	1	0	reset	81	0.12	0
2	unsafe	1	0	reset	82	0.07	0
2	unsafe	1	0	reset	83	0.081	0
2	unsafe	1	0	reset	84	0.081	0
2	unsafe	1	0	reset	85	0.08	0
2	unsafe	1	0	reset	86	0.08	0
2	unsafe	1	0	reset	87	0.08	0
2	unsafe	1	0	reset	88	0.09	0
2	unsafe	1	0	reset	89	0.08	0
2	unsafe	1	0	reset	90	0.081	0
2	unsafe	1	0	reset	91	0.07	0
2	unsafe	1	0	reset	92	0.081	0
2	unsafe	1	0	reset	93	0.07	0
2	unsafe	1	0	reset	94	0.101	0
2	unsafe	1	0	reset	95	0.1	0
2	unsafe	1	0	reset	96	0.08	0
2	unsafe	1	0	reset	97	0.08	0
2	unsafe	1	0	reset	98	0.08	0
2	unsafe	1	0	reset	99	0.081	0
2	unsafe	1	0	reset	100	0.081	0
2	unsafe	1	0	reset	101	0.07	0
2	unsafe	1	0	reset	102	0.08	0
2	unsafe	1	0	reset	103	0.08	0
2	unsafe	1	0	reset	104	0.08	0
2	unsafe	1	0	reset	105	0.07	0
2	unsafe	1	0	reset	106	0.08	0
2	unsafe	1	0	reset	107	0.08	0
2	unsafe	1	0	reset	108	0.08	0
2	unsafe	1	0	reset	109	0.1	0
2	unsafe	1	0	reset	110	0.07	0
2	unsafe	1	0	reset	111	0.07	0
2	unsafe	1	0	reset	112	0.08	0
2	unsafe	1	0	reset	113	0.09	0
2	unsafe	1	0	reset	114	0.09	0
2	unsafe	1	0	reset	115	0.08	0
2	unsafe	1	0	reset	116	0.08	0
2	unsafe	1	0	reset	117	0.08	0
2	unsafe	1	0	reset	118	0.07	0
2	unsafe	1	0	reset	119	0.08	0
2	unsafe	1	0	reset	120	0.08	0
2	unsafe	1	0	reset	121	0.07	0
2	unsafe	1	0	reset	122	0.08	0
2	unsafe	1	0	reset	123	0.16	0
2	unsafe	1	0	reset	124	0.08	0
2	unsafe	1	0	reset	125	0.08	0
2	unsafe	1	0	reset	126	0.09	0
2	unsafe	1	0	reset	127	0.07	0
2	unsafe	1	0	reset	128	0.08	0
2	unsafe	1	0	reset	129	0.07	0
2	unsafe	1	0	reset	130	0.081	0
2	unsafe	1	0	reset	131	0.08	0
2	unsafe	1	0	reset	132	0.09	0
2	unsafe	1	0	reset	133	0.09	0
2	unsafe	1	0	reset	134	0.08	0
2	unsafe	1	0	reset	135	0.07	0
2	unsafe	1	0	reset	136	0.07	0
2	unsafe	1	0	reset	137	0.08	0
2	unsafe	1	0	reset	138	0.08	0
2	unsafe	1	0	reset	139	0.08	0
2	unsafe	1	0	reset	140	0.08	0
2	unsafe	1	0	reset	141	0.08	0
2	unsafe	1	0	reset	142	0.091	0
2	unsafe	1	0	reset	143	0.07	0
2	unsafe	1	0	reset	144	0.08	0
2	unsafe	1	0	reset	145	0.08	0
2	unsafe	1	0	reset	146	0.08	0
2	unsafe	1	0	reset	147	0.08	0
2	unsafe	1	0	reset	148	0.07	0
2	unsafe	1	0	reset	149	0.07	0
2	unsafe	1	0	reset	150	0.081	0
2	unsafe	1	0	reset	151	0.08	0
2	unsafe	1	0	reset	152	0.08	0
2	unsafe	1	0	reset	153	0.07	0
2	unsafe	1	0	reset	154	0.07	0
2	unsafe	1	0	reset	155	0.08	0
2	unsafe	1	0	reset	156	0.08	0
2	unsafe	1	0	reset	157	0.08	0
2	unsafe	1	0	reset	158	0.08	0
2	unsafe	1	0	reset	159	0.081	0
2	unsafe	1	0	reset	160	0.08	0
2	unsafe	1	0	reset	161	0.09	0
2	unsafe	1	0	reset	162	0.08	0
2	unsafe	1	0	reset	163	0.08	0
2	unsafe	1	0	reset	164	0.08	0
2	unsafe	1	0	reset	165	0.08	0
2	unsafe	1	0	reset	166	0.08	0
2	unsafe	1	0	reset	167	0.08	0
2	unsafe	1	0	reset	168	0.081	0
2	unsafe	1	0	reset	169	0.08	0
2	unsafe	1	0	reset	170	0.1	0
2	unsafe	1	0	reset	171	0.08	0
2	unsafe	1	0	reset	172	0.07	0
2	unsafe	1	0	reset	173	0.07	0
2	unsafe	1	0	reset	174	0.09	0
2	unsafe	1	0	reset	175	0.08	0
2	unsafe	1	0	reset	176	0.08	0
2	unsafe	1	0	reset	177	0.09	0
2	unsafe	1	0	reset	178	0.081	0
2	unsafe	1	0	reset	179	0.09	0
2	unsafe	1	0	reset	180	0.08	0
2	unsafe	1	0	reset	181	0.08	0
2	unsafe	1	0	reset	182	0.08	0
2	unsafe	1	0	reset	183	0.09	0
2	unsafe	1	0	reset	184	0.1	0
2	unsafe	1	0	reset	185	0.071	0
2	unsafe	1	0	reset	186	0.07	0
2	unsafe	1	0	reset	187	0.07	0
2	unsafe	1	0	reset	188	0.09	0
2	unsafe	1	0	reset	189	0.08	0
2	unsafe	1	0	reset	190	0.081	0
2	unsafe	1	0	reset	191	0.07	0
2	unsafe	1	0	reset	192	0.08	0
2	unsafe	1	0	reset	193	0.08	0
2	unsafe	1	0	reset	194	0.07	0
2	unsafe	1	0	reset	195	0.08	0
2	unsafe	1	0	reset	196	0.08	0
2	unsafe	1	0	reset	197	0.08	0
2	unsafe	1	0	reset	198	0.1	0
2	unsafe	1	0	reset	199	0.08	0
2	unsafe	1	0	reset	200	0.08	0
2	checked	4	3	reset	1	73.528	0
2	checked	4	3	reset	2	59.542	0
2	checked	4	3	reset	3	52.549	0
2	checked	4	3	reset	4	41.368	0
2	checked	4	3	reset	5	35.377	0
2	checked	4	3	reset	6	38.362	0
2	checked	4	3	reset	7	132.27	0
2	checked	4	3	reset	8	94.859	0
2	checked	4	3	reset	9	236.236	0
2	checked	4	3	reset	10	48.832	0
2	checked	4	3	reset	11	41.859	0
2	checked	4	3	reset	12	38.592	0
2	checked	4	3	reset	13	36.729	0
2	checked	4	3	reset	14	36.379	0
2	checked	4	3	reset	15	169.92	0
2	checked	4	3	reset	16	44.053	0
2	checked	4	3	reset	17	52.028	0
2	checked	4	3	reset	18	42.731	0
2	checked	4	3	reset	19	43.743	0
2	checked	4	3	reset	20	40.577	0
2	checked	4	3	reset	21	40.637	0
2	checked	4	3	reset	22	40.256	0
2	checked	4	3	reset	23	39.795	0
2	checked	4	3	reset	24	39.324	0
2	checked	4	3	reset	25	42.11	0
2	checked	4	3	reset	26	38.082	0
2	checked	4	3	reset	27	40.136	0
2	checked	4	3	reset	28	42.811	0
2	checked	4	3	reset	29	41.297	0
2	checked	4	3	reset	30	40.917	0
2	checked	4	3	reset	31	39.945	0
2	checked	4	3	reset	32	40.276	0
2	checked	4	3	reset	33	40.637	0
2	checked	4	3	reset	34	39.735	0
2	checked	4	3	reset	35	41.338	0
2	checked	4	3	reset	36	41.127	0
2	checked	4	3	reset	37	42.881	0
2	checked	4	3	reset	38	41.368	0
2	checked	4	3	reset	39	41.559	0
2	checked	4	3	reset	40	40.245	0
2	checked	4	3	reset	41	42.991	0
2	checked	4	3	reset	42	42.11	0
2	checked	4	3	reset	43	40.627	0
2	checked	4	3	reset	44	41.097	0
2	checked	4	3	reset	45	40.837	0
2	checked	4	3	reset	46	41.578	0
2	checked	4	3	reset	47	40.817	0
2	checked	4	3	reset	48	46.698	0
2	checked	4	3	reset	49	41.368	0
2	checked	4	3	reset	50	40.727	0
2	checked	4	3	reset	51	41.017	0
2	checked	4	3	reset	52	40.898	0
2	checked	4	3	reset	53	41.248	0
2	checked	4	3	reset	54	40.877	0
2	checked	4	3	reset	55	41.959	0
2	checked	4	3	reset	56	38.112	0
2	checked	4	3	reset	57	36.81	0
2	checked	4	3	reset	58	37.02	0
2	checked	4	3	reset	59	35.487	0
2	checked	4	3	reset	60	35.757	0
2	checked	4	3	reset	61	35.077	0
2	checked	4	3	reset	62	35.276	0
2	checked	4	3	reset	63	35.557	0
2	checked	4	3	reset	64	35.397	0
2	checked	4	3	reset	65	35.527	0
2	checked	4	3	reset	66	39.194	0
2	checked	4	3	reset	67	35.046	0
2	checked	4	3	reset	68	34.805	0
2	checked	4	3	reset	69	34.755	0
2	checked	4	3	reset	70	37.54	0
2	checked	4	3	reset	71	35.477	0
2	checked	4	3	reset	72	35.927	0
2	checked	4	3	reset	73	33.955	0
2	checked	4	3	reset	74	37.351	0
2	checked	4	3	reset	75	35.887	0
2	checked	4	3	reset	76	36.429	0
2	checked	4	3	reset	77	35.578	0
2	checked	4	3	reset	78	36.809	0
2	checked	4	3	reset	79	34.475	0
2	checked	4	3	reset	80	35.447	0
2	checked	4	3	reset	81	34.636	0
2	checked	4	3	reset	82	35.487	0
2	checked	4	3	reset	83	36.809	0
2	checked	4	3	reset	84	36.328	0
2	checked	4	3	reset	85	36.189	0
2	checked	4	3	reset	86	35.657	0
2	checked	4	3	reset	87	34.395	0
2	checked	4	3	reset	88	34.855	0
2	checked	4	3	reset	89	35.507	0
2	checked	4	3	reset	90	35.347	0
2	checked	4	3	reset	91	36.069	0
2	checked	4	3	reset	92	35.858	0
2	checked	4	3	reset	93	35.928	0
2	checked	4	3	reset	94	35.888	0
2	checked	4	3	reset	95	47.87	0
2	checked	4	3	reset	96	37.611	0
2	checked	4	3	reset	97	37.761	0
2	checked	4	3	reset	98	35.938	0
2	checked	4	3	reset	99	34.665	0
2	checked	4	3	reset	100	36.478	0
2	checked	4	3	reset	101	35.907	0
2	checked	4	3	reset	102	35.998	0
2	checked	4	3	reset	103	34.915	0
2	checked	4	3	reset	104	35.106	0
2	checked	4	3	reset	105	35.397	0
2	checked	4	3	reset	106	33.403	0
2	checked	4	3	reset	107	34.134	0
2	checked	4	3	reset	108	34.596	0
2	checked	4	3	reset	109	34.164	0
2	checked	4	3	reset	110	34.826	0
2	checked	4	3	reset	111	35.286	0
2	checked	4	3	reset	112	34.465	0
2	checked	4	3	reset	113	34.816	0
2	checked	4	3	reset	114	35.797	0
2	checked	4	3	reset	115	35.126	0
2	checked	4	3	reset	116	34.526	0
2	checked	4	3	reset	117	34.175	0
2	checked	4	3	reset	118	34.165	0
2	checked	4	3	reset	119	35.276	0
2	checked	4	3	reset	120	34.485	0
2	checked	4	3	reset	121	35.858	0
2	checked	4	3	reset	122	35.998	0
2	checked	4	3	reset	123	35.527	0
2	checked	4	3	reset	124	34.645	0
2	checked	4	3	reset	125	35.146	0
2	checked	4	3	reset	126	33.604	0
2	checked	4	3	reset	127	33.844	0
2	checked	4	3	reset	128	34.775	0
2	checked	4	3	reset	129	32.862	0
2	checked	4	3	reset	130	33.673	0
2	checked	4	3	reset	131	35.337	0
2	checked	4	3	reset	132	33.804	0
2	checked	4	3	reset	133	34.946	0
2	checked	4	3	reset	134	34.325	0
2	checked	4	3	reset	135	35.406	0
2	checked	4	3	reset	136	33.954	0
2	checked	4	3	reset	137	34.645	0
2	checked	4	3	reset	138	33.544	0
2	checked	4	3	reset	139	34.966	0
2	checked	4	3	reset	140	34.666	0
2	checked	4	3	reset	141	35.527	0
2	checked	4	3	reset	142	35.296	0
2	checked	4	3	reset	143	34.605	0
2	checked	4	3	reset	144	33.743	0
2	checked	4	3	reset	145	33.854	0
2	checked	4	3	reset	146	35.127	0
2	checked	4	3	reset	147	35.286	0
2	checked	4	3	reset	148	35.327	0
2	checked	4	3	reset	149	34.344	0
2	checked	4	3	reset	150	37.0	0
2	checked	4	3	reset	151	34.775	0
2	checked	4	3	reset	152	34.895	0
2	checked	4	3	reset	153	35.366	0
2	checked	4	3	reset	154	34.254	0
2	checked	4	3	reset	155	34.656	0
2	checked	4	3	reset	156	34.725	0
2	checked	4	3	reset	157	33.884	0
2	checked	4	3	reset	158	34.254	0
2	checked	4	3	reset	159	35.206	0
2	checked	4	3	reset	160	33.784	0
2	checked	4	3	reset	161	33.994	0
2	checked	4	3	reset	162	34.165	0
2	checked	4	3	reset	163	34.254	0
2	checked	4	3	reset	164	34.025	0
2	checked	4	3	reset	165	34.605	0
2	checked	4	3	reset	166	35.396	0
2	checked	4	3	reset	167	34.055	0
2	checked	4	3	reset	168	34.095	0
2	checked	4	3	reset	169	34.696	0
2	checked	4	3	reset	170	34.935	0
2	checked	4	3	reset	171	34.846	0
2	checked	4	3	reset	172	34.145	0
2	checked	4	3	reset	173	34.986	0
2	checked	4	3	reset	174	33.804	0
2	checked	4	3	reset	175	35.627	0
2	checked	4	3	reset	176	34.265	0
2	checked	4	3	reset	177	33.944	0
2	checked	4	3	reset	178	33.493	0
2	checked	4	3	reset	179	33.924	0
2	checked	4	3	reset	180	34.175	0
2	checked	4	3	reset	181	35.096	0
2	checked	4	3	reset	182	34.886	0
2	checked	4	3	reset	183	35.186	0
2	checked	4	3	reset	184	33.784	0
2	checked	4	3	reset	185	33.793	0
2	checked	4	3	reset	186	33.793	0
2	checked	4	3	reset	187	34.996	0
2	checked	4	3	reset	188	35.146	0
2	checked	4	3	reset	189	34.455	0
2	checked	4	3	reset	190	34.706	0
2	checked	4	3	reset	191	35.597	0
2	checked	4	3	reset	192	33.733	0
2	checked	4	3	reset	193	34.124	0
2	checked	4	3	reset	194	35.968	0
2	checked	4	3	reset	195	36.94	0
2	checked	4	3	reset	196	34.275	0
2	checked	4	3	reset	197	34.034	0
2	checked	4	3	reset	198	34.625	0
2	checked	4	3	reset	199	38.012	0
2	checked	4	3	reset	200	33.594	0
2	checked	4	3	stall	1	166.554	0
2	checked	4	3	stall	2	163.819	0
2	checked	4	3	stall	3	63.85	0
2	unsafe	4	3	reset	1	0.12	0
2	unsafe	4	3	reset	2	0.07	0
2	unsafe	4	3	reset	3	0.1	0
2	unsafe	4	3	reset	4	0.05	0
2	unsafe	4	3	reset	5	0.09	0
2	unsafe	4	3	reset	6	0.06	0
2	unsafe	4	3	reset	7	0.05	0
2	unsafe	4	3	reset	8	0.08	0
2	unsafe	4	3	reset	9	0.091	0
2	unsafe	4	3	reset	10	0.06	0
2	unsafe	4	3	reset	11	0.07	0
2	unsafe	4	3	reset	12	0.05	0
2	unsafe	4	3	reset	13	0.05	0
2	unsafe	4	3	reset	14	0.09	0
2	unsafe	4	3	reset	15	0.05	0
2	unsafe	4	3	reset	16	0.331	0
2	unsafe	4	3	reset	17	0.07	0
2	unsafe	4	3	reset	18	0.06	0
2	unsafe	4	3	reset	19	0.06	0
2	unsafe	4	3	reset	20	0.06	0
2	unsafe	4	3	reset	21	0.06	0
2	unsafe	4	3	reset	22	0.06	0
2	unsafe	4	3	reset	23	0.07	0
2	unsafe	4	3	reset	24	0.06	0
2	unsafe	4	3	reset	25	0.06	0
2	unsafe	4	3	reset	26	0.06	0
2	unsafe	4	3	reset	27	0.07	0
2	unsafe	4	3	reset	28	0.061	0
2	unsafe	4	3	reset	29	0.05	0
2	unsafe	4	3	reset	30	0.08	0
2	unsafe	4	3	reset	31	0.051	0
2	unsafe	4	3	reset	32	0.06	0
2	unsafe	4	3	reset	33	0.07	0
2	unsafe	4	3	reset	34	0.06	0
2	unsafe	4	3	reset	35	0.06	0
2	unsafe	4	3	reset	36	0.05	0
2	unsafe	4	3	reset	37	0.06	0
2	unsafe	4	3	reset	38	0.06	0
2	unsafe	4	3	reset	39	0.05	0
2	unsafe	4	3	reset	40	0.06	0
2	unsafe	4	3	reset	41	0.05	0
2	unsafe	4	3	reset	42	0.06	0
2	unsafe	4	3	reset	43	0.06	0
2	unsafe	4	3	reset	44	0.07	0
2	unsafe	4	3	reset	45	0.05	0
2	unsafe	4	3	reset	46	0.06	0
2	unsafe	4	3	reset	47	0.06	0
2	unsafe	4	3	reset	48	0.07	0
2	unsafe	4	3	reset	49	0.06	0
2	unsafe	4	3	reset	50	0.05	0
2	unsafe	4	3	reset	51	0.05	0
2	unsafe	4	3	reset	52	0.06	0
2	unsafe	4	3	reset	53	0.05	0
2	unsafe	4	3	reset	54	0.06	0
2	unsafe	4	3	reset	55	0.05	0
2	unsafe	4	3	reset	56	0.08	0
2	unsafe	4	3	reset	57	0.05	0
2	unsafe	4	3	reset	58	0.06	0
2	unsafe	4	3	reset	59	0.05	0
2	unsafe	4	3	reset	60	0.06	0
2	unsafe	4	3	reset	61	0.06	0
2	unsafe	4	3	reset	62	0.06	0
2	unsafe	4	3	reset	63	0.05	0
2	unsafe	4	3	reset	64	0.05	0
2	unsafe	4	3	reset	65	0.06	0
2	unsafe	4	3	reset	66	0.07	0
2	unsafe	4	3	reset	67	0.06	0
2	unsafe	4	3	reset	68	0.07	0
2	unsafe	4	3	reset	69	0.05	0
2	unsafe	4	3	reset	70	0.06	0
2	unsafe	4	3	reset	71	0.05	0
2	unsafe	4	3	reset	72	0.1	0
2	unsafe	4	3	reset	73	0.061	0
2	unsafe	4	3	reset	74	0.07	0
2	unsafe	4	3	reset	75	0.06	0
2	unsafe	4	3	reset	76	0.061	0
2	unsafe	4	3	reset	77	0.06	0
2	unsafe	4	3	reset	78	0.05	0
2	unsafe	4	3	reset	79	0.06	0
2	unsafe	4	3	reset	80	0.06	0
2	unsafe	4	3	reset	81	0.06	0
2	unsafe	4	3	reset	82	0.06	0
2	unsafe	4	3	reset	83	0.05	0
2	unsafe	4	3	reset	84	0.06	0
2	unsafe	4	3	reset	85	0.05	0
2	unsafe	4	3	reset	86	0.06	0
2	unsafe	4	3	reset	87	0.06	0
2	unsafe	4	3	reset	88	0.05	0
2	unsafe	4	3	reset	89	0.061	0
2	unsafe	4	3	reset	90	0.06	0
2	unsafe	4	3	reset	91	0.09	0
2	unsafe	4	3	reset	92	0.06	0
2	unsafe	4	3	reset	93	0.06	0
2	unsafe	4	3	reset	94	0.06	0
2	unsafe	4	3	reset	95	0.06	0
2	unsafe	4	3	reset	96	0.06	0
2	unsafe	4	3	reset	97	0.05	0
2	unsafe	4	3	reset	98	0.05	0
2	unsafe	4	3	reset	99	0.05	0
2	unsafe	4	3	reset	100	0.06	0
2	unsafe	4	3	reset	101	0.05	0
2	unsafe	4	3	reset	102	0.06	0
2	unsafe	4	3	reset	103	0.05	0
2	unsafe	4	3	reset	104	0.07	0
2	unsafe	4	3	reset	105	0.06	0
2	unsafe	4	3	reset	106	0.06	0
2	unsafe	4	3	reset	107	0.07	0
2	unsafe	4	3	reset	108	0.07	0
2	unsafe	4	3	reset	109	0.05	0
2	unsafe	4	3	reset	110	0.061	0
2	unsafe	4	3	reset	111	0.05	0
2	unsafe	4	3	reset	112	0.061	0
2	unsafe	4	3	reset	113	0.06	0
2	unsafe	4	3	reset	114	0.06	0
2	unsafe	4	3	reset	115	0.06	0
2	unsafe	4	3	reset	116	0.06	0
2	unsafe	4	3	reset	117	0.06	0
2	unsafe	4	3	reset	118	0.06	0
2	unsafe	4	3	reset	119	0.05	0
2	unsafe	4	3	reset	120	0.06	0
2	unsafe	4	3	reset	121	0.05	0
2	unsafe	4	3	reset	122	0.06	0
2	unsafe	4	3	reset	123	0.06	0
2	unsafe	4	3	reset	124	0.06	0
2	unsafe	4	3	reset	125	0.05	0
2	unsafe	4	3	reset	126	0.05	0
2	unsafe	4	3	reset	127	0.06	0
2	unsafe	4	3	reset	128	0.06	0
2	unsafe	4	3	reset	129	0.08	0
2	unsafe	4	3	reset	130	0.06	0
2	unsafe	4	3	reset	131	0.06	0
2	unsafe	4	3	reset	132	0.07	0
2	unsafe	4	3	reset	133	0.06	0
2	unsafe	4	3	reset	134	0.07	0
2	unsafe	4	3	reset	135	0.061	0
2	unsafe	4	3	reset	136	0.06	0
2	unsafe	4	3	reset	137	0.051	0
2	unsafe	4	3	reset	138	0.07	0
2	unsafe	4	3	reset	139	0.051	0
2	unsafe	4	3	reset	140	0.05	0
2	unsafe	4	3	reset	141	0.061	0
2	unsafe	4	3	reset	142	0.06	0
2	unsafe	4	3	reset	143	0.05	0
2	unsafe	4	3	reset	144	0.06	0
2	unsafe	4	3	reset	145	0.05	0
2	unsafe	4	3	reset	146	0.06	0
2	unsafe	4	3	reset	147	0.05	0
2	unsafe	4	3	reset	148	0.06	0
2	unsafe	4	3	reset	149	0.05	0
2	unsafe	4	3	reset	150	0.05	0
2	unsafe	4	3	reset	151	0.05	0
2	unsafe	4	3	reset	152	0.06	0
2	unsafe	4	3	reset	153	0.05	0
2	unsafe	4	3	reset	154	0.05	0
2	unsafe	4	3	reset	155	0.06	0
2	unsafe	4	3	reset	156	0.06	0
2	unsafe	4	3	reset	157	0.05	0
2	unsafe	4	3	reset	158	0.05	0
2	unsafe	4	3	reset	159	0.05	0
2	unsafe	4	3	reset	160	0.07	0
2	unsafe	4	3	reset	161	0.06	0
2	unsafe	4	3	reset	162	0.091	0
2	unsafe	4	3	reset	163	0.06	0
2	unsafe	4	3	reset	164	0.06	0
2	unsafe	4	3	reset	165	0.05	0
2	unsafe	4	3	reset	166	0.06	0
2	unsafe	4	3	reset	167	0.07	0
2	unsafe	4	3	reset	168	0.05	0
2	unsafe	4	3	reset	169	0.06	0
2	unsafe	4	3	reset	170	0.07	0
2	unsafe	4	3	reset	171	0.05	0
2	unsafe	4	3	reset	172	0.06	0
2	unsafe	4	3	reset	173	0.06	0
2	unsafe	4	3	reset	174	0.061	0
2	unsafe	4	3	reset	175	0.06	0
2	unsafe	4	3	reset	176	0.07	0
2	unsafe	4	3	reset	177	0.06	0
2	unsafe	4	3	reset	178	0.08	0
2	unsafe	4	3	reset	179	0.06	0
2	unsafe	4	3	reset	180	0.07	0
2	unsafe	4	3	reset	181	0.05	0
2	unsafe	4	3	reset	182	0.06	0
2	unsafe	4	3	reset	183	0.06	0
2	unsafe	4	3	reset	184	0.07	0
2	unsafe	4	3	reset	185	0.05	0
2	unsafe	4	3	reset	186	0.07	0
2	unsafe	4	3	reset	187	0.05	0
2	unsafe	4	3	reset	188	0.06	0
2	unsafe	4	3	reset	189	0.06	0
2	unsafe	4	3	reset	190	0.061	0
2	unsafe	4	3	reset	191	0.05	0
2	unsafe	4	3	reset	192	0.061	0
2	unsafe	4	3	reset	193	0.06	0
2	unsafe	4	3	reset	194	0.07	0
2	unsafe	4	3	reset	195	0.06	0
2	unsafe	4	3	reset	196	0.05	0
2	unsafe	4	3	reset	197	0.05	0
2	unsafe	4	3	reset	198	0.06	0
2	unsafe	4	3	reset	199	0.05	0
2	unsafe	4	3	reset	200	0.06	0
2	unsafe	4	3	stall	1	0.0	0
2	unsafe	4	3	stall	2	0.0	0
2	unsafe	4	3	stall	3	0.0	0
2	checked	8	7	reset	1	86.633	0
2	checked	8	7	reset	2	52.419	0
2	checked	8	7	reset	3	44.263	0
2	checked	8	7	reset	4	42.711	0
2	checked	8	7	reset	5	82.967	0
2	checked	8	7	reset	6	92.023	0
2	checked	8	7	reset	7	326.346	0
2	checked	8	7	reset	8	77.917	0
2	checked	8	7	reset	9	40.046	0
2	checked	8	7	reset	10	64.712	0
2	checked	8	7	reset	11	52.87	0
2	checked	8	7	reset	12	75.583	0
2	checked	8	7	reset	13	58.46	0
2	checked	8	7	reset	14	158.98	0
2	checked	8	7	reset	15	64.662	0
2	checked	8	7	reset	16	57.478	0
2	checked	8	7	reset	17	65.564	0
2	checked	8	7	reset	18	48.892	0
2	checked	8	7	reset	19	50.325	0
2	checked	8	7	reset	20	67.056	0
2	checked	8	7	reset	21	47.81	0
2	checked	8	7	reset	22	47.56	0
2	checked	8	7	reset	23	46.558	0
2	checked	8	7	reset	24	46.778	0
2	checked	8	7	reset	25	47.529	0
2	checked	8	7	reset	26	45.115	0
2	checked	8	7	reset	27	48.03	0
2	checked	8	7	reset	28	47.96	0
2	checked	8	7	reset	29	43.943	0
2	checked	8	7	reset	30	46.508	0
2	checked	8	7	reset	31	44.554	0
2	checked	8	7	reset	32	54.322	0
2	checked	8	7	reset	33	50.235	0
2	checked	8	7	reset	34	51.727	0
2	checked	8	7	reset	35	47.249	0
2	checked	8	7	reset	36	50.646	0
2	checked	8	7	reset	37	47.459	0
2	checked	8	7	reset	38	45.807	0
2	checked	8	7	reset	39	57.799	0
2	checked	8	7	reset	40	47.73	0
2	checked	8	7	reset	41	46.828	0
2	checked	8	7	reset	42	45.877	0
2	checked	8	7	reset	43	48.952	0
2	checked	8	7	reset	44	45.396	0
2	checked	8	7	reset	45	45.917	0
2	checked	8	7	reset	46	46.457	0
2	checked	8	7	reset	47	49.353	0
2	checked	8	7	reset	48	46.097	0
2	checked	8	7	reset	49	45.666	0
2	checked	8	7	reset	50	47.89	0
2	checked	8	7	reset	51	49.062	0
2	checked	8	7	reset	52	44.765	0
2	checked	8	7	reset	53	46.338	0
2	checked	8	7	reset	54	46.217	0
2	checked	8	7	reset	55	47.54	0
2	checked	8	7	reset	56	47.4	0
2	checked	8	7	reset	57	48.351	0
2	checked	8	7	reset	58	47.269	0
2	checked	8	7	reset	59	46.317	0
2	checked	8	7	reset	60	46.948	0
2	checked	8	7	reset	61	48.671	0
2	checked	8	7	reset	62	46.859	0
2	checked	8	7	reset	63	47.78	0
2	checked	8	7	reset	64	47.77	0
2	checked	8	7	reset	65	49.904	0
2	checked	8	7	reset	66	47.109	0
2	checked	8	7	reset	67	46.057	0
2	checked	8	7	reset	68	46.187	0
2	checked	8	7	reset	69	47.409	0
2	checked	8	7	reset	70	44.925	0
2	checked	8	7	reset	71	49.653	0
2	checked	8	7	reset	72	46.307	0
2	checked	8	7	reset	73	46.437	0
2	checked	8	7	reset	74	45.957	0
2	checked	8	7	reset	75	46.107	0
2	checked	8	7	reset	76	47.68	0
2	checked	8	7	reset	77	46.117	0
2	checked	8	7	reset	78	52.118	0
2	checked	8	7	reset	79	48.522	0
2	checked	8	7	reset	80	49.794	0
2	checked	8	7	reset	81	44.854	0
2	checked	8	7	reset	82	47.79	0
2	checked	8	7	reset	83	47.87	0
2	checked	8	7	reset	84	47.92	0
2	checked	8	7	reset	85	49.012	0
2	checked	8	7	reset	86	44.785	0
2	checked	8	7	reset	87	48.151	0
2	checked	8	7	reset	88	47.91	0
2	checked	8	7	reset	89	48.291	0
2	checked	8	7	reset	90	45.787	0
2	checked	8	7	reset	91	45.997	0
2	checked	8	7	reset	92	48.691	0
2	checked	8	7	reset	93	46.147	0
2	checked	8	7	reset	94	53.241	0
2	checked	8	7	reset	95	49.203	0
2	checked	8	7	reset	96	48.201	0
2	checked	8	7	reset	97	47.299	0
2	checked	8	7	reset	98	45.075	0
2	checked	8	7	reset	99	56.316	0
2	checked	8	7	reset	100	45.396	0
2	checked	8	7	reset	101	49.113	0
2	checked	8	7	reset	102	46.057	0
2	checked	8	7	reset	103	48.031	0
2	checked	8	7	reset	104	46.167	0
2	checked	8	7	reset	105	46.738	0
2	checked	8	7	reset	106	46.137	0
2	checked	8	7	reset	107	46.628	0
2	checked	8	7	reset	108	48.481	0
2	checked	8	7	reset	109	46.568	0
2	checked	8	7	reset	110	49.053	0
2	checked	8	7	reset	111	48.121	0
2	checked	8	7	reset	112	46.437	0
2	checked	8	7	reset	113	46.939	0
2	checked	8	7	reset	114	47.82	0
2	checked	8	7	reset	115	46.718	0
2	checked	8	7	reset	116	46.277	0
2	checked	8	7	reset	117	51.918	0
2	checked	8	7	reset	118	46.427	0
2	checked	8	7	reset	119	45.396	0
2	checked	8	7	reset	120	57.799	0
2	checked	8	7	reset	121	58.38	0
2	checked	8	7	reset	122	48.582	0
2	checked	8	7	reset	123	48.201	0
2	checked	8	7	reset	124	55.275	0
2	checked	8	7	reset	125	55.745	0
2	checked	8	7	reset	126	45.286	0
2	checked	8	7	reset	127	45.285	0
2	checked	8	7	reset	128	46.708	0
2	checked	8	7	reset	129	44.955	0
2	checked	8	7	reset	130	59.652	0
2	checked	8	7	reset	131	51.478	0
2	checked	8	7	reset	132	48.722	0
2	checked	8	7	reset	133	47.279	0
2	checked	8	7	reset	134	43.442	0
2	checked	8	7	reset	135	43.703	0
2	checked	8	7	reset	136	58.801	0
2	checked	8	7	reset	137	42.62	0
2	checked	8	7	reset	138	40.356	0
2	checked	8	7	reset	139	40.897	0
2	checked	8	7	reset	140	39.224	0
2	checked	8	7	reset	141	39.895	0
2	checked	8	7	reset	142	39.414	0
2	checked	8	7	reset	143	38.793	0
2	checked	8	7	reset	144	38.562	0
2	checked	8	7	reset	145	39.064	0
2	checked	8	7	reset	146	39.073	0
2	checked	8	7	reset	147	41.018	0
2	checked	8	7	reset	148	38.884	0
2	checked	8	7	reset	149	38.853	0
2	checked	8	7	reset	150	39.595	0
2	checked	8	7	reset	151	42.159	0
2	checked	8	7	reset	152	39.084	0
2	checked	8	7	reset	153	40.466	0
2	checked	8	7	reset	154	38.884	0
2	checked	8	7	reset	155	41.458	0
2	checked	8	7	reset	156	38.622	0
2	checked	8	7	reset	157	39.054	0
2	checked	8	7	reset	158	39.314	0
2	checked	8	7	reset	159	42.52	0
2	checked	8	7	reset	160	39.705	0
2	checked	8	7	reset	161	39.665	0
2	checked	8	7	reset	162	39.304	0
2	checked	8	7	reset	163	42.37	0
2	checked	8	7	reset	164	40.066	0
2	checked	8	7	reset	165	38.613	0
2	checked	8	7	reset	166	38.673	0
2	checked	8	7	reset	167	41.298	0
2	checked	8	7	reset	168	38.773	0
2	checked	8	7	reset	169	39.745	0
2	checked	8	7	reset	170	38.914	0
2	checked	8	7	reset	171	42.5	0
2	checked	8	7	reset	172	50.825	0
2	checked	8	7	reset	173	39.344	0
2	checked	8	7	reset	174	39.144	0
2	checked	8	7	reset	175	41.108	0
2	checked	8	7	reset	176	40.817	0
2	checked	8	7	reset	177	38.873	0
2	checked	8	7	reset	178	38.773	0
2	checked	8	7	reset	179	42.27	0
2	checked	8	7	reset	180	38.863	0
2	checked	8	7	reset	181	38.483	0
2	checked	8	7	reset	182	39.063	0
2	checked	8	7	reset	183	41.278	0
2	checked	8	7	reset	184	38.863	0
2	checked	8	7	reset	185	39.775	0
2	checked	8	7	reset	186	38.814	0
2	checked	8	7	reset	187	42.04	0
2	checked	8	7	reset	188	41.027	0
2	checked	8	7	reset	189	40.306	0
2	checked	8	7	reset	190	39.734	0
2	checked	8	7	reset	191	41.428	0
2	checked	8	7	reset	192	38.834	0
2	checked	8	7	reset	193	39.024	0
2	checked	8	7	reset	194	41.509	0
2	checked	8	7	reset	195	43.012	0
2	checked	8	7	reset	196	39.785	0
2	checked	8	7	reset	197	41.168	0
2	checked	8	7	reset	198	40.246	0
2	checked	8	7	reset	199	41.389	0
2	checked	8	7	reset	200	39.805	0
2	checked	8	7	stall	1	166.764	0
2	checked	8	7	stall	2	151.676	0
2	checked	8	7	stall	3	72.056	0
2	checked	8	7	stall	4	71.926	0
2	checked	8	7	stall	5	151.506	0
2	checked	8	7	stall	6	154.722	0
2	checked	8	7	stall	7	90.651	0
2	unsafe	8	7	reset	1	0.16	0
2	unsafe	8	7	reset	2	0.08	0
2	unsafe	8	7	reset	3	0.09	0
2	unsafe	8	7	reset	4	0.08	0
2	unsafe	8	7	reset	5	0.08	0
2	unsafe	8	7	reset	6	0.08	0
2	unsafe	8	7	reset	7	0.1	0
2	unsafe	8	7	reset	8	0.121	0
2	unsafe	8	7	reset	9	0.13	0
2	unsafe	8	7	reset	10	0.1	0
2	unsafe	8	7	reset	11	0.11	0
2	unsafe	8	7	reset	12	0.18	0
2	unsafe	8	7	reset	13	0.07	0
2	unsafe	8	7	reset	14	0.08	0
2	unsafe	8	7	reset	15	0.08	0
2	unsafe	8	7	reset	16	0.08	0
2	unsafe	8	7	reset	17	0.08	0
2	unsafe	8	7	reset	18	0.08	0
2	unsafe	8	7	reset	19	0.08	0
2	unsafe	8	7	reset	20	0.08	0
2	unsafe	8	7	reset	21	0.09	0
2	unsafe	8	7	reset	22	0.081	0
2	unsafe	8	7	reset	23	0.101	0
2	unsafe	8	7	reset	24	0.07	0
2	unsafe	8	7	reset	25	0.08	0
2	unsafe	8	7	reset	26	0.08	0
2	unsafe	8	7	reset	27	0.08	0
2	unsafe	8	7	reset	28	0.1	0
2	unsafe	8	7	reset	29	0.08	0
2	unsafe	8	7	reset	30	0.07	0
2	unsafe	8	7	reset	31	0.08	0
2	unsafe	8	7	reset	32	0.11	0
2	unsafe	8	7	reset	33	0.09	0
2	unsafe	8	7	reset	34	0.08	0
2	unsafe	8	7	reset	35	0.08	0
2	unsafe	8	7	reset	36	0.091	0
2	unsafe	8	7	reset	37	0.09	0
2	unsafe	8	7	reset	38	0.07	0
2	unsafe	8	7	reset	39	0.08	0
2	unsafe	8	7	reset	40	0.08	0
2	unsafe	8	7	reset	41	0.08	0
2	unsafe	8	7	reset	42	0.08	0
2	unsafe	8	7	reset	43	0.08	0
2	unsafe	8	7	reset	44	0.08	0
2	unsafe	8	7	reset	45	0.07	0
2	unsafe	8	7	reset	46	0.07	0
2	unsafe	8	7	reset	47	0.07	0
2	unsafe	8	7	reset	48	0.08	0
2	unsafe	8	7	reset	49	0.08	0
2	unsafe	8	7	reset	50	0.08	0
2	unsafe	8	7	reset	51	0.09	0
2	unsafe	8	7	reset	52	0.08	0
2	unsafe	8	7	reset	53	0.09	0
2	unsafe	8	7	reset	54	0.08	0
2	unsafe	8	7	reset	55	0.08	0
2	unsafe	8	7	reset	56	0.08	0
2	unsafe	8	7	reset	57	0.08	0
2	unsafe	8	7	reset	58	0.08	0
2	unsafe	8	7	reset	59	0.08	0
2	unsafe	8	7	reset	60	0.07	0
2	unsafe	8	7	reset	61	0.08	0
2	unsafe	8	7	reset	62	0.081	0
2	unsafe	8	7	reset	63	0.08	0
2	unsafe	8	7	reset	64	0.081	0
2	unsafe	8	7	reset	65	0.081	0
2	unsafe	8	7	reset	66	0.08	0
2	unsafe	8	7	reset	67	0.09	0
2	unsafe	8	7	reset	68	0.08	0
2	unsafe	8	7	reset	69	0.08	0
2	unsafe	8	7	reset	70	0.08	0
2	unsafe	8	7	reset	71	0.08	0
2	unsafe	8	7	reset	72	0.08	0
2	unsafe	8	7	reset	73	0.08	0
2	unsafe	8	7	reset	74	0.09	0
2	unsafe	8	7	reset	75	0.08	0
2	unsafe	8	7	reset	76	0.081	0
2	unsafe	8	7	reset	77	0.09	0
2	unsafe	8	7	reset	78	0.081	0
2	unsafe	8	7	reset	79	0.08	0
2	unsafe	8	7	reset	80	0.08	0
2	unsafe	8	7	reset	81	0.08	0
2	unsafe	8	7	reset	82	0.08	0
2	unsafe	8	7	reset	83	0.081	0
2	unsafe	8	7	reset	84	0.08	0
2	unsafe	8	7	reset	85	0.08	0
2	unsafe	8	7	reset	86	0.09	0
2	unsafe	8	7	reset	87	0.1	0
2	unsafe	8	7	reset	88	0.08	0
2	unsafe	8	7	reset	89	0.081	0
2	unsafe	8	7	reset	90	0.08	0
2	unsafe	8	7	reset	91	0.09	0
2	unsafe	8	7	reset	92	0.09	0
2	unsafe	8	7	reset	93	0.07	0
2	unsafe	8	7	reset	94	0.08	0
2	unsafe	8	7	reset	95	0.07	0
2	unsafe	8	7	reset	96	0.081	0
2	unsafe	8	7	reset	97	0.1	0
2	unsafe	8	7	reset	98	0.101	0
2	unsafe	8	7	reset	99	0.07	0
2	unsafe	8	7	reset	100	0.08	0
2	unsafe	8	7	reset	101	0.08	0
2	unsafe	8	7	reset	102	0.1	0
2	unsafe	8	7	reset	103	0.08	0
2	unsafe	8	7	reset	104	0.08	0
2	unsafe	8	7	reset	105	0.07	0
2	unsafe	8	7	reset	106	0.1	0
2	unsafe	8	7	reset	107	0.08	0
2	unsafe	8	7	reset	108	0.07	0
2	unsafe	8	7	reset	109	0.1	0
2	unsafe	8	7	reset	110	0.11	0
2	unsafe	8	7	reset	111	0.08	0
2	unsafe	8	7	reset	112	0.07	0
2	unsafe	8	7	reset	113	0.07	0
2	unsafe	8	7	reset	114	0.08	0
2	unsafe	8	7	reset	115	0.1	0
2	unsafe	8	7	reset	116	0.07	0
2	unsafe	8	7	reset	117	0.08	0
2	unsafe	8	7	reset	118	0.08	0
2	unsafe	8	7	reset	119	0.09	0
2	unsafe	8	7	reset	120	0.081	0
2	unsafe	8	7	reset	121	0.08	0
2	unsafe	8	7	reset	122	0.08	0
2	unsafe	8	7	reset	123	0.101	0
2	unsafe	8	7	reset	124	0.09	0
2	unsafe	8	7	reset	125	0.07	0
2	unsafe	8	7	reset	126	0.08	0
2	unsafe	8	7	reset	127	0.08	0
2	unsafe	8	7	reset	128	0.08	0
2	unsafe	8	7	reset	129	0.101	0
2	unsafe	8	7	reset	130	0.1	0
2	unsafe	8	7	reset	131	0.07	0
2	unsafe	8	7	reset	132	0.08	0
2	unsafe	8	7	reset	133	0.08	0
2	unsafe	8	7	reset	134	0.091	0
2	unsafe	8	7	reset	135	0.11	0
2	unsafe	8	7	reset	136	0.1	0
2	unsafe	8	7	reset	137	0.111	0
2	unsafe	8	7	reset	138	0.091	0
2	unsafe	8	7	reset	139	0.1	0
2	unsafe	8	7	reset	140	0.101	0
2	unsafe	8	7	reset	141	0.07	0
2	unsafe	8	7	reset	142	0.08	0
2	unsafe	8	7	reset	143	0.08	0
2	unsafe	8	7	reset	144	0.08	0
2	unsafe	8	7	reset	145	0.08	0
2	unsafe	8	7	reset	146	0.1	0
2	unsafe	8	7	reset	147	0.08	0
2	unsafe	8	7	reset	148	0.09	0
2	unsafe	8	7	reset	149	0.08	0
2	unsafe	8	7	reset	150	0.071	0
2	unsafe	8	7	reset	151	0.08	0
2	unsafe	8	7	reset	152	0.08	0
2	unsafe	8	7	reset	153	0.08	0
2	unsafe	8	7	reset	154	0.1	0
2	unsafe	8	7	reset	155	0.081	0
2	unsafe	8	7	reset	156	0.08	0
2	unsafe	8	7	reset	157	0.09	0
2	unsafe	8	7	reset	158	0.08	0
2	unsafe	8	7	reset	159	0.11	0
2	unsafe	8	7	reset	160	0.08	0
2	unsafe	8	7	reset	161	0.1	0
2	unsafe	8	7	reset	162	0.1	0
2	unsafe	8	7	reset	163	0.08	0
2	unsafe	8	7	reset	164	0.08	0
2	unsafe	8	7	reset	165	0.12	0
2	unsafe	8	7	reset	166	0.1	0
2	unsafe	8	7	reset	167	0.08	0
2	unsafe	8	7	reset	168	0.08	0
2	unsafe	8	7	reset	169	0.1	0
2	unsafe	8	7	reset	170	0.101	0
2	unsafe	8	7	reset	171	0.07	0
2	unsafe	8	7	reset	172	0.08	0
2	unsafe	8	7	reset	173	0.101	0
2	unsafe	8	7	reset	174	0.08	0
2	unsafe	8	7	reset	175	0.091	0
2	unsafe	8	7	reset	176	0.081	0
2	unsafe	8	7	reset	177	0.08	0
2	unsafe	8	7	reset	178	0.08	0
2	unsafe	8	7	reset	179	0.08	0
2	unsafe	8	7	reset	180	0.09	0
2	unsafe	8	7	reset	181	0.07	0
2	unsafe	8	7	reset	182	0.08	0
2	unsafe	8	7	reset	183	0.08	0
2	unsafe	8	7	reset	184	0.09	0
2	unsafe	8	7	reset	185	0.08	0
2	unsafe	8	7	reset	186	0.09	0
2	unsafe	8	7	reset	187	0.1	0
2	unsafe	8	7	reset	188	0.081	0
2	unsafe	8	7	reset	189	0.081	0
2	unsafe	8	7	reset	190	0.08	0
2	unsafe	8	7	reset	191	0.081	0
2	unsafe	8	7	reset	192	0.08	0
2	unsafe	8	7	reset	193	0.09	0
2	unsafe	8	7	reset	194	0.091	0
2	unsafe	8	7	reset	195	0.071	0
2	unsafe	8	7	reset	196	0.07	0
2	unsafe	8	7	reset	197	0.08	0
2	unsafe	8	7	reset	198	0.09	0
2	unsafe	8	7	reset	199	0.1	0
2	unsafe	8	7	reset	200	0.081	0
2	unsafe	8	7	stall	1	0.0	0
2	unsafe	8	7	stall	2	0.0	0
2	unsafe	8	7	stall	3	0.0	0
2	unsafe	8	7	stall	4	0.0	0
2	unsafe	8	7	stall	5	38.362	0
2	unsafe	8	7	stall	6	0.0	0
2	unsafe	8	7	stall	7	0.0	0
2	checked	16	15	reset	1	56.026	0
2	checked	16	15	reset	2	47.099	0
2	checked	16	15	reset	3	45.105	0
2	checked	16	15	reset	4	47.94	0
2	checked	16	15	reset	5	131.137	0
2	checked	16	15	reset	6	59.091	0
2	checked	16	15	reset	7	405.866	0
2	checked	16	15	reset	8	55.094	0
2	checked	16	15	reset	9	54.263	0
2	checked	16	15	reset	10	56.386	0
2	checked	16	15	reset	11	77.867	0
2	checked	16	15	reset	12	91.803	0
2	checked	16	15	reset	13	76.154	0
2	checked	16	15	reset	14	82.145	0
2	checked	16	15	reset	15	72.266	0
2	checked	16	15	reset	16	64.472	0
2	checked	16	15	reset	17	67.427	0
2	checked	16	15	reset	18	65.974	0
2	checked	16	15	reset	19	69.05	0
2	checked	16	15	reset	20	68.68	0
2	checked	16	15	reset	21	68.83	0
2	checked	16	15	reset	22	68.559	0
2	checked	16	15	reset	23	67.758	0
2	checked	16	15	reset	24	64.361	0
2	checked	16	15	reset	25	64.973	0
2	checked	16	15	reset	26	64.001	0
2	checked	16	15	reset	27	68.219	0
2	checked	16	15	reset	28	68.369	0
2	checked	16	15	reset	29	68.248	0
2	checked	16	15	reset	30	64.742	0
2	checked	16	15	reset	31	68.489	0
2	checked	16	15	reset	32	66.145	0
2	checked	16	15	reset	33	63.35	0
2	checked	16	15	reset	34	66.125	0
2	checked	16	15	reset	35	66.646	0
2	checked	16	15	reset	36	65.694	0
2	checked	16	15	reset	37	70.412	0
2	checked	16	15	reset	38	63.75	0
2	checked	16	15	reset	39	65.864	0
2	checked	16	15	reset	40	66.525	0
2	checked	16	15	reset	41	74.27	0
2	checked	16	15	reset	42	70.213	0
2	checked	16	15	reset	43	65.815	0
2	checked	16	15	reset	44	73.889	0
2	checked	16	15	reset	45	64.742	0
2	checked	16	15	reset	46	64.381	0
2	checked	16	15	reset	47	62.438	0
2	checked	16	15	reset	48	62.488	0
2	checked	16	15	reset	49	64.602	0
2	checked	16	15	reset	50	65.263	0
2	checked	16	15	reset	51	62.498	0
2	checked	16	15	reset	52	63.119	0
2	checked	16	15	reset	53	65.934	0
2	checked	16	15	reset	54	61.926	0
2	checked	16	15	reset	55	68.62	0
2	checked	16	15	reset	56	59.231	0
2	checked	16	15	reset	57	68.789	0
2	checked	16	15	reset	58	65.444	0
2	checked	16	15	reset	59	68.66	0
2	checked	16	15	reset	60	64.772	0
2	checked	16	15	reset	61	62.367	0
2	checked	16	15	reset	62	63.921	0
2	checked	16	15	reset	63	61.165	0
2	checked	16	15	reset	64	84.74	0
2	checked	16	15	reset	65	78.108	0
2	checked	16	15	reset	66	72.046	0
2	checked	16	15	reset	67	69.19	0
2	checked	16	15	reset	68	65.464	0
2	checked	16	15	reset	69	66.215	0
2	checked	16	15	reset	70	63.279	0
2	checked	16	15	reset	71	65.133	0
2	checked	16	15	reset	72	69.061	0
2	checked	16	15	reset	73	65.674	0
2	checked	16	15	reset	74	69.411	0
2	checked	16	15	reset	75	69.191	0
2	checked	16	15	reset	76	63.61	0
2	checked	16	15	reset	77	66.726	0
2	checked	16	15	reset	78	67.467	0
2	checked	16	15	reset	79	69.361	0
2	checked	16	15	reset	80	73.269	0
2	checked	16	15	reset	81	64.983	0
2	checked	16	15	reset	82	63.309	0
2	checked	16	15	reset	83	68.349	0
2	checked	16	15	reset	84	65.323	0
2	checked	16	15	reset	85	70.262	0
2	checked	16	15	reset	86	61.646	0
2	checked	16	15	reset	87	66.606	0
2	checked	16	15	reset	88	66.536	0
2	checked	16	15	reset	89	71.335	0
2	checked	16	15	reset	90	69.231	0
2	checked	16	15	reset	91	65.423	0
2	checked	16	15	reset	92	74.581	0
2	checked	16	15	reset	93	62.578	0
2	checked	16	15	reset	94	62.859	0
2	checked	16	15	reset	95	65.263	0
2	checked	16	15	reset	96	62.959	0
2	checked	16	15	reset	97	63.94	0
2	checked	16	15	reset	98	61.786	0
2	checked	16	15	reset	99	60.033	0
2	checked	16	15	reset	100	61.696	0
2	checked	16	15	reset	101	59.613	0
2	checked	16	15	reset	102	73.939	0
2	checked	16	15	reset	103	78.438	0
2	checked	16	15	reset	104	73.288	0
2	checked	16	15	reset	105	63.6	0
2	checked	16	15	reset	106	70.162	0
2	checked	16	15	reset	107	65.493	0
2	checked	16	15	reset	108	63.701	0
2	checked	16	15	reset	109	64.211	0
2	checked	16	15	reset	110	65.363	0
2	checked	16	15	reset	111	61.556	0
2	checked	16	15	reset	112	86.724	0
2	checked	16	15	reset	113	75.963	0
2	checked	16	15	reset	114	64.201	0
2	checked	16	15	reset	115	67.748	0
2	checked	16	15	reset	116	63.139	0
2	checked	16	15	reset	117	64.512	0
2	checked	16	15	reset	118	66.446	0
2	checked	16	15	reset	119	60.393	0
2	checked	16	15	reset	120	61.026	0
2	checked	16	15	reset	121	65.303	0
2	checked	16	15	reset	122	65.363	0
2	checked	16	15	reset	123	66.245	0
2	checked	16	15	reset	124	62.668	0
2	checked	16	15	reset	125	63.65	0
2	checked	16	15	reset	126	71.745	0
2	checked	16	15	reset	127	59.803	0
2	checked	16	15	reset	128	64.392	0
2	checked	16	15	reset	129	64.692	0
2	checked	16	15	reset	130	65.935	0
2	checked	16	15	reset	131	59.002	0
2	checked	16	15	reset	132	65.404	0
2	checked	16	15	reset	133	64.432	0
2	checked	16	15	reset	134	62.067	0
2	checked	16	15	reset	135	63.39	0
2	checked	16	15	reset	136	63.14	0
2	checked	16	15	reset	137	70.543	0
2	checked	16	15	reset	138	63.701	0
2	checked	16	15	reset	139	61.886	0
2	checked	16	15	reset	140	64.973	0
2	checked	16	15	reset	141	67.206	0
2	checked	16	15	reset	142	66.335	0
2	checked	16	15	reset	143	63.811	0
2	checked	16	15	reset	144	70.413	0
2	checked	16	15	reset	145	62.308	0
2	checked	16	15	reset	146	71.766	0
2	checked	16	15	reset	147	62.498	0
2	checked	16	15	reset	148	65.233	0
2	checked	16	15	reset	149	64.622	0
2	checked	16	15	reset	150	59.723	0
2	checked	16	15	reset	151	68.489	0
2	checked	16	15	reset	152	68.659	0
2	checked	16	15	reset	153	64.962	0
2	checked	16	15	reset	154	65.794	0
2	checked	16	15	reset	155	71.275	0
2	checked	16	15	reset	156	66.735	0
2	checked	16	15	reset	157	64.561	0
2	checked	16	15	reset	158	62.068	0
2	checked	16	15	reset	159	62.788	0
2	checked	16	15	reset	160	68.61	0
2	checked	16	15	reset	161	63.87	0
2	checked	16	15	reset	162	64.712	0
2	checked	16	15	reset	163	67.537	0
2	checked	16	15	reset	164	67.317	0
2	checked	16	15	reset	165	64.141	0
2	checked	16	15	reset	166	63.69	0
2	checked	16	15	reset	167	59.522	0
2	checked	16	15	reset	168	63.079	0
2	checked	16	15	reset	169	63.149	0
2	checked	16	15	reset	170	62.769	0
2	checked	16	15	reset	171	68.218	0
2	checked	16	15	reset	172	62.528	0
2	checked	16	15	reset	173	63.731	0
2	checked	16	15	reset	174	63.279	0
2	checked	16	15	reset	175	62.107	0
2	checked	16	15	reset	176	62.267	0
2	checked	16	15	reset	177	58.47	0
2	checked	16	15	reset	178	62.598	0
2	checked	16	15	reset	179	63.65	0
2	checked	16	15	reset	180	65.794	0
2	checked	16	15	reset	181	60.985	0
2	checked	16	15	reset	182	64.621	0
2	checked	16	15	reset	183	63.961	0
2	checked	16	15	reset	184	60.003	0
2	checked	16	15	reset	185	62.247	0
2	checked	16	15	reset	186	58.19	0
2	checked	16	15	reset	187	65.013	0
2	checked	16	15	reset	188	62.027	0
2	checked	16	15	reset	189	59.933	0
2	checked	16	15	reset	190	61.556	0
2	checked	16	15	reset	191	64.462	0
2	checked	16	15	reset	192	62.558	0
2	checked	16	15	reset	193	59.192	0
2	checked	16	15	reset	194	63.61	0
2	checked	16	15	reset	195	59.011	0
2	checked	16	15	reset	196	61.957	0
2	checked	16	15	reset	197	61.396	0
2	checked	16	15	reset	198	66.145	0
2	checked	16	15	reset	199	64.722	0
2	checked	16	15	reset	200	67.367	0
2	checked	16	15	stall	1	89.028	0
2	checked	16	15	stall	2	86.123	0
2	checked	16	15	stall	3	77.937	0
2	checked	16	15	stall	4	87.876	0
2	checked	16	15	stall	5	86.153	0
2	checked	16	15	stall	6	83.257	0
2	checked	16	15	stall	7	87.215	0
2	checked	16	15	stall	8	88.397	0
2	checked	16	15	stall	9	84.419	0
2	checked	16	15	stall	10	120.568	0
2	checked	16	15	stall	11	86.984	0
2	checked	16	15	stall	12	83.568	0
2	checked	16	15	stall	13	87.404	0
2	checked	16	15	stall	14	84.74	0
2	checked	16	15	stall	15	88.928	0
2	unsafe	16	15	reset	1	0.17	0
2	unsafe	16	15	reset	2	0.08	0
2	unsafe	16	15	reset	3	0.091	0
2	unsafe	16	15	reset	4	0.09	0
2	unsafe	16	15	reset	5	0.1	0
2	unsafe	16	15	reset	6	0.07	0
2	unsafe	16	15	reset	7	0.08	0
2	unsafe	16	15	reset	8	0.081	0
2	unsafe	16	15	reset	9	0.11	0
2	unsafe	16	15	reset	10	0.09	0
2	unsafe	16	15	reset	11	0.181	0
2	unsafe	16	15	reset	12	0.14	0
2	unsafe	16	15	reset	13	0.26	0
2	unsafe	16	15	reset	14	0.13	0
2	unsafe	16	15	reset	15	0.141	0
2	unsafe	16	15	reset	16	0.14	0
2	unsafe	16	15	reset	17	0.141	0
2	unsafe	16	15	reset	18	0.18	0
2	unsafe	16	15	reset	19	0.14	0
2	unsafe	16	15	reset	20	0.14	0
2	unsafe	16	15	reset	21	0.14	0
2	unsafe	16	15	reset	22	0.14	0
2	unsafe	16	15	reset	23	0.141	0
2	unsafe	16	15	reset	24	0.141	0
2	unsafe	16	15	reset	25	0.15	0
2	unsafe	16	15	reset	26	0.141	0
2	unsafe	16	15	reset	27	0.141	0
2	unsafe	16	15	reset	28	0.14	0
2	unsafe	16	15	reset	29	0.15	0
2	unsafe	16	15	reset	30	0.141	0
2	unsafe	16	15	reset	31	0.14	0
2	unsafe	16	15	reset	32	0.14	0
2	unsafe	16	15	reset	33	0.14	0
2	unsafe	16	15	reset	34	0.13	0
2	unsafe	16	15	reset	35	0.15	0
2	unsafe	16	15	reset	36	0.151	0
2	unsafe	16	15	reset	37	0.13	0
2	unsafe	16	15	reset	38	0.151	0
2	unsafe	16	15	reset	39	0.14	0
2	unsafe	16	15	reset	40	0.16	0
2	unsafe	16	15	reset	41	0.14	0
2	unsafe	16	15	reset	42	0.14	0
2	unsafe	16	15	reset	43	0.14	0
2	unsafe	16	15	reset	44	0.15	0
2	unsafe	16	15	reset	45	0.15	0
2	unsafe	16	15	reset	46	0.14	0
2	unsafe	16	15	reset	47	0.14	0
2	unsafe	16	15	reset	48	0.14	0
2	unsafe	16	15	reset	49	0.15	0
2	unsafe	16	15	reset	50	0.14	0
2	unsafe	16	15	reset	51	0.15	0
2	unsafe	16	15	reset	52	0.14	0
2	unsafe	16	15	reset	53	0.15	0
2	unsafe	16	15	reset	54	0.14	0
2	unsafe	16	15	reset	55	0.13	0
2	unsafe	16	15	reset	56	0.14	0
2	unsafe	16	15	reset	57	0.14	0
2	unsafe	16	15	reset	58	0.151	0
2	unsafe	16	15	reset	59	0.14	0
2	unsafe	16	15	reset	60	0.14	0
2	unsafe	16	15	reset	61	0.14	0
2	unsafe	16	15	reset	62	0.14	0
2	unsafe	16	15	reset	63	0.14	0
2	unsafe	16	15	reset	64	0.151	0
2	unsafe	16	15	reset	65	0.151	0
2	unsafe	16	15	reset	66	0.131	0
2	unsafe	16	15	reset	67	0.15	0
2	unsafe	16	15	reset	68	0.15	0
2	unsafe	16	15	reset	69	0.14	0
2	unsafe	16	15	reset	70	0.13	0
2	unsafe	16	15	reset	71	0.14	0
2	unsafe	16	15	reset	72	0.13	0
2	unsafe	16	15	reset	73	0.141	0
2	unsafe	16	15	reset	74	0.14	0
2	unsafe	16	15	reset	75	0.14	0
2	unsafe	16	15	reset	76	0.14	0
2	unsafe	16	15	reset	77	0.141	0
2	unsafe	16	15	reset	78	0.13	0
2	unsafe	16	15	reset	79	0.14	0
2	unsafe	16	15	reset	80	0.14	0
2	unsafe	16	15	reset	81	0.151	0
2	unsafe	16	15	reset	82	0.13	0
2	unsafe	16	15	reset	83	0.141	0
2	unsafe	16	15	reset	84	0.14	0
2	unsafe	16	15	reset	85	0.14	0
2	unsafe	16	15	reset	86	0.14	0
2	unsafe	16	15	reset	87	0.14	0
2	unsafe	16	15	reset	88	0.13	0
2	unsafe	16	15	reset	89	0.141	0
2	unsafe	16	15	reset	90	0.14	0
2	unsafe	16	15	reset	91	0.15	0
2	unsafe	16	15	reset	92	0.14	0
2	unsafe	16	15	reset	93	0.14	0
2	unsafe	16	15	reset	94	0.141	0
2	unsafe	16	15	reset	95	0.15	0
2	unsafe	16	15	reset	96	0.14	0
2	unsafe	16	15	reset	97	0.151	0
2	unsafe	16	15	reset	98	0.13	0
2	unsafe	16	15	reset	99	0.14	0
2	unsafe	16	15	reset	100	0.141	0
2	unsafe	16	15	reset	101	0.19	0
2	unsafe	16	15	reset	102	0.141	0
2	unsafe	16	15	reset	103	0.151	0
2	unsafe	16	15	reset	104	0.141	0
2	unsafe	16	15	reset	105	0.141	0
2	unsafe	16	15	reset	106	0.14	0
2	unsafe	16	15	reset	107	0.14	0
2	unsafe	16	15	reset	108	0.14	0
2	unsafe	16	15	reset	109	0.151	0
2	unsafe	16	15	reset	110	0.15	0
2	unsafe	16	15	reset	111	0.14	0
2	unsafe	16	15	reset	112	0.14	0
2	unsafe	16	15	reset	113	0.151	0
2	unsafe	16	15	reset	114	0.14	0
2	unsafe	16	15	reset	115	0.14	0
2	unsafe	16	15	reset	116	0.14	0
2	unsafe	16	15	reset	117	0.151	0
2	unsafe	16	15	reset	118	0.14	0
2	unsafe	16	15	reset	119	0.14	0
2	unsafe	16	15	reset	120	0.14	0
2	unsafe	16	15	reset	121	0.15	0
2	unsafe	16	15	reset	122	0.141	0
2	unsafe	16	15	reset	123	0.151	0
2	unsafe	16	15	reset	124	0.15	0
2	unsafe	16	15	reset	125	0.14	0
2	unsafe	16	15	reset	126	0.141	0
2	unsafe	16	15	reset	127	0.141	0
2	unsafe	16	15	reset	128	0.14	0
2	unsafe	16	15	reset	129	0.14	0
2	unsafe	16	15	reset	130	0.14	0
2	unsafe	16	15	reset	131	0.15	0
2	unsafe	16	15	reset	132	0.15	0
2	unsafe	16	15	reset	133	0.151	0
2	unsafe	16	15	reset	134	0.14	0
2	unsafe	16	15	reset	135	0.151	0
2	unsafe	16	15	reset	136	0.14	0
2	unsafe	16	15	reset	137	0.15	0
2	unsafe	16	15	reset	138	0.15	0
2	unsafe	16	15	reset	139	0.16	0
2	unsafe	16	15	reset	140	0.14	0
2	unsafe	16	15	reset	141	0.13	0
2	unsafe	16	15	reset	142	0.14	0
2	unsafe	16	15	reset	143	0.14	0
2	unsafe	16	15	reset	144	0.14	0
2	unsafe	16	15	reset	145	0.14	0
2	unsafe	16	15	reset	146	0.14	0
2	unsafe	16	15	reset	147	0.15	0
2	unsafe	16	15	reset	148	0.151	0
2	unsafe	16	15	reset	149	0.14	0
2	unsafe	16	15	reset	150	0.14	0
2	unsafe	16	15	reset	151	2.435	0
2	unsafe	16	15	reset	152	0.191	0
2	unsafe	16	15	reset	153	0.09	0
2	unsafe	16	15	reset	154	0.09	0
2	unsafe	16	15	reset	155	0.09	0
2	unsafe	16	15	reset	156	0.08	0
2	unsafe	16	15	reset	157	0.08	0
2	unsafe	16	15	reset	158	0.09	0
2	unsafe	16	15	reset	159	0.081	0
2	unsafe	16	15	reset	160	0.09	0
2	unsafe	16	15	reset	161	0.091	0
2	unsafe	16	15	reset	162	0.09	0
2	unsafe	16	15	reset	163	0.09	0
2	unsafe	16	15	reset	164	0.1	0
2	unsafe	16	15	reset	165	0.08	0
2	unsafe	16	15	reset	166	0.08	0
2	unsafe	16	15	reset	167	0.08	0
2	unsafe	16	15	reset	168	0.08	0
2	unsafe	16	15	reset	169	0.091	0
2	unsafe	16	15	reset	170	0.11	0
2	unsafe	16	15	reset	171	0.08	0
2	unsafe	16	15	reset	172	0.091	0
2	unsafe	16	15	reset	173	0.071	0
2	unsafe	16	15	reset	174	0.08	0
2	unsafe	16	15	reset	175	0.08	0
2	unsafe	16	15	reset	176	0.09	0
2	unsafe	16	15	reset	177	0.09	0
2	unsafe	16	15	reset	178	0.09	0
2	unsafe	16	15	reset	179	0.1	0
2	unsafe	16	15	reset	180	0.09	0
2	unsafe	16	15	reset	181	0.081	0
2	unsafe	16	15	reset	182	0.08	0
2	unsafe	16	15	reset	183	0.09	0
2	unsafe	16	15	reset	184	0.09	0
2	unsafe	16	15	reset	185	0.08	0
2	unsafe	16	15	reset	186	0.08	0
2	unsafe	16	15	reset	187	0.08	0
2	unsafe	16	15	reset	188	0.08	0
2	unsafe	16	15	reset	189	0.1	0
2	unsafe	16	15	reset	190	0.1	0
2	unsafe	16	15	reset	191	0.08	0
2	unsafe	16	15	reset	192	0.08	0
2	unsafe	16	15	reset	193	0.07	0
2	unsafe	16	15	reset	194	0.081	0
2	unsafe	16	15	reset	195	0.091	0
2	unsafe	16	15	reset	196	0.1	0
2	unsafe	16	15	reset	197	0.09	0
2	unsafe	16	15	reset	198	0.08	0
2	unsafe	16	15	reset	199	0.08	0
2	unsafe	16	15	reset	200	0.1	0
2	unsafe	16	15	stall	1	0.0	0
2	unsafe	16	15	stall	2	0.0	0
2	unsafe	16	15	stall	3	0.0	0
2	unsafe	16	15	stall	4	0.0	0
2	unsafe	16	15	stall	5	0.0	0
2	unsafe	16	15	stall	6	0.0	0
2	unsafe	16	15	stall	7	0.0	0
2	unsafe	16	15	stall	8	0.0	0
2	unsafe	16	15	stall	9	0.0	0
2	unsafe	16	15	stall	10	0.0	0
2	unsafe	16	15	stall	11	0.0	0
2	unsafe	16	15	stall	12	0.0	0
2	unsafe	16	15	stall	13	0.0	0
2	unsafe	16	15	stall	14	0.0	0
2	unsafe	16	15	stall	15	156.125	0
2	checked	30	29	reset	1	132.651	0
2	checked	30	29	reset	2	78.709	0
2	checked	30	29	reset	3	56.447	0
2	checked	30	29	reset	4	53.05	0
2	checked	30	29	reset	5	49.763	0
2	checked	30	29	reset	6	142.87	0
2	checked	30	29	reset	7	98.576	0
2	checked	30	29	reset	8	456.28	0
2	checked	30	29	reset	9	61.476	0
2	checked	30	29	reset	10	63.58	0
2	checked	30	29	reset	11	62.608	0
2	checked	30	29	reset	12	59.082	0
2	checked	30	29	reset	13	121.409	0
2	checked	30	29	reset	14	129.023	0
2	checked	30	29	reset	15	113.895	0
2	checked	30	29	reset	16	111.14	0
2	checked	30	29	reset	17	98.606	0
2	checked	30	29	reset	18	101.05	0
2	checked	30	29	reset	19	96.171	0
2	checked	30	29	reset	20	95.63	0
2	checked	30	29	reset	21	94.278	0
2	checked	30	29	reset	22	101.883	0
2	checked	30	29	reset	23	104.668	0
2	checked	30	29	reset	24	99.237	0
2	checked	30	29	reset	25	99.337	0
2	checked	30	29	reset	26	109.667	0
2	checked	30	29	reset	27	96.642	0
2	checked	30	29	reset	28	305.507	0
2	checked	30	29	reset	29	96.953	0
2	checked	30	29	reset	30	102.192	0
2	checked	30	29	reset	31	95.75	0
2	checked	30	29	reset	32	99.769	0
2	checked	30	29	reset	33	101.862	0
2	checked	30	29	reset	34	207.311	0
2	checked	30	29	reset	35	100.039	0
2	checked	30	29	reset	36	108.054	0
2	checked	30	29	reset	37	95.62	0
2	checked	30	29	reset	38	93.477	0
2	checked	30	29	reset	39	105.139	0
2	checked	30	29	reset	40	103.345	0
2	checked	30	29	reset	41	98.837	0
2	checked	30	29	reset	42	101.962	0
2	checked	30	29	reset	43	96.683	0
2	checked	30	29	reset	44	98.586	0
2	checked	30	29	reset	45	98.726	0
2	checked	30	29	reset	46	106.18	0
2	checked	30	29	reset	47	102.403	0
2	checked	30	29	reset	48	100.099	0
2	checked	30	29	reset	49	112.031	0
2	checked	30	29	reset	50	95.981	0
2	checked	30	29	reset	51	96.842	0
2	checked	30	29	reset	52	109.175	0
2	checked	30	29	reset	53	358.296	0
2	checked	30	29	reset	54	109.106	0
2	checked	30	29	reset	55	292.571	0
2	checked	30	29	reset	56	104.768	0
2	checked	30	29	reset	57	103.565	0
2	checked	30	29	reset	58	101.993	0
2	checked	30	29	reset	59	100.179	0
2	checked	30	29	reset	60	103.766	0
2	checked	30	29	reset	61	96.672	0
2	checked	30	29	reset	62	96.983	0
2	checked	30	29	reset	63	92.605	0
2	checked	30	29	reset	64	102.884	0
2	checked	30	29	reset	65	101.291	0
2	checked	30	29	reset	66	96.141	0
2	checked	30	29	reset	67	102.493	0
2	checked	30	29	reset	68	100.76	0
2	checked	30	29	reset	69	98.375	0
2	checked	30	29	reset	70	102.243	0
2	checked	30	29	reset	71	107.322	0
2	checked	30	29	reset	72	97.684	0
2	checked	30	29	reset	73	113.053	0
2	checked	30	29	reset	74	96.733	0
2	checked	30	29	reset	75	103.184	0
2	checked	30	29	reset	76	100.56	0
2	checked	30	29	reset	77	99.417	0
2	checked	30	29	reset	78	99.918	0
2	checked	30	29	reset	79	97.524	0
2	checked	30	29	reset	80	92.445	0
2	checked	30	29	reset	81	102.744	0
2	checked	30	29	reset	82	99.858	0
2	checked	30	29	reset	83	99.188	0
2	checked	30	29	reset	84	98.406	0
2	checked	30	29	reset	85	96.282	0
2	checked	30	29	reset	86	342.346	0
2	checked	30	29	reset	87	101.562	0
2	checked	30	29	reset	88	97.373	0
2	checked	30	29	reset	89	97.815	0
2	checked	30	29	reset	90	98.105	0
2	checked	30	29	reset	91	101.551	0
2	checked	30	29	reset	92	102.944	0
2	checked	30	29	reset	93	98.937	0
2	checked	30	29	reset	94	100.64	0
2	checked	30	29	reset	95	100.64	0
2	checked	30	29	reset	96	96.933	0
2	checked	30	29	reset	97	98.536	0
2	checked	30	29	reset	98	99.177	0
2	checked	30	29	reset	99	101.041	0
2	checked	30	29	reset	100	98.014	0
2	checked	30	29	reset	101	104.537	0
2	checked	30	29	reset	102	94.498	0
2	checked	30	29	reset	103	98.496	0
2	checked	30	29	reset	104	107.633	0
2	checked	30	29	reset	105	97.964	0
2	checked	30	29	reset	106	100.199	0
2	checked	30	29	reset	107	101.251	0
2	checked	30	29	reset	108	113.093	0
2	checked	30	29	reset	109	99.708	0
2	checked	30	29	reset	110	104.036	0
2	checked	30	29	reset	111	100.029	0
2	checked	30	29	reset	112	96.321	0
2	checked	30	29	reset	113	91.593	0
2	checked	30	29	reset	114	100.429	0
2	checked	30	29	reset	115	89.189	0
2	checked	30	29	reset	116	116.299	0
2	checked	30	29	reset	117	285.298	0
2	checked	30	29	reset	118	99.668	0
2	checked	30	29	reset	119	108.815	0
2	checked	30	29	reset	120	103.235	0
2	checked	30	29	reset	121	98.496	0
2	checked	30	29	reset	122	110.819	0
2	checked	30	29	reset	123	102.713	0
2	checked	30	29	reset	124	99.387	0
2	checked	30	29	reset	125	98.035	0
2	checked	30	29	reset	126	98.936	0
2	checked	30	29	reset	127	96.101	0
2	checked	30	29	reset	128	94.879	0
2	checked	30	29	reset	129	98.335	0
2	checked	30	29	reset	130	100.64	0
2	checked	30	29	reset	131	102.504	0
2	checked	30	29	reset	132	100.449	0
2	checked	30	29	reset	133	96.653	0
2	checked	30	29	reset	134	98.425	0
2	checked	30	29	reset	135	95.57	0
2	checked	30	29	reset	136	98.095	0
2	checked	30	29	reset	137	98.095	0
2	checked	30	29	reset	138	98.726	0
2	checked	30	29	reset	139	103.385	0
2	checked	30	29	reset	140	94.689	0
2	checked	30	29	reset	141	152.257	0
2	checked	30	29	reset	142	94.068	0
2	checked	30	29	reset	143	108.104	0
2	checked	30	29	reset	144	98.195	0
2	checked	30	29	reset	145	102.123	0
2	checked	30	29	reset	146	99.829	0
2	checked	30	29	reset	147	102.624	0
2	checked	30	29	reset	148	106.2	0
2	checked	30	29	reset	149	100.219	0
2	checked	30	29	reset	150	96.693	0
2	checked	30	29	reset	151	95.58	0
2	checked	30	29	reset	152	100.52	0
2	checked	30	29	reset	153	96.362	0
2	checked	30	29	reset	154	102.023	0
2	checked	30	29	reset	155	3317.037	0
2	checked	30	29	reset	156	132.981	0
2	checked	30	29	reset	157	312.469	0
2	checked	30	29	reset	158	126.909	0
2	checked	30	29	reset	159	120.437	0
2	checked	30	29	reset	160	194.807	0
2	checked	30	29	reset	161	281.792	0
2	checked	30	29	reset	162	105.098	0
2	checked	30	29	reset	163	100.41	0
2	checked	30	29	reset	164	110.539	0
2	checked	30	29	reset	165	826.84	0
2	checked	30	29	reset	166	369.427	0
2	checked	30	29	reset	167	102.954	0
2	checked	30	29	reset	168	105.388	0
2	checked	30	29	reset	169	110.548	0
2	checked	30	29	reset	170	102.394	0
2	checked	30	29	reset	171	95.2	0
2	checked	30	29	reset	172	103.446	0
2	checked	30	29	reset	173	104.798	0
2	checked	30	29	reset	174	106.812	0
2	checked	30	29	reset	175	105.158	0
2	checked	30	29	reset	176	102.624	0
2	checked	30	29	reset	177	101.812	0
2	checked	30	29	reset	178	103.035	0
2	checked	30	29	reset	179	101.131	0
2	checked	30	29	reset	180	104.307	0
2	checked	30	29	reset	181	103.585	0
2	checked	30	29	reset	182	96.523	0
2	checked	30	29	reset	183	98.516	0
2	checked	30	29	reset	184	100.649	0
2	checked	30	29	reset	185	103.446	0
2	checked	30	29	reset	186	99.588	0
2	checked	30	29	reset	187	97.143	0
2	checked	30	29	reset	188	96.001	0
2	checked	30	29	reset	189	102.894	0
2	checked	30	29	reset	190	101.441	0
2	checked	30	29	reset	191	99.378	0
2	checked	30	29	reset	192	104.076	0
2	checked	30	29	reset	193	111.961	0
2	checked	30	29	reset	194	106.702	0
2	checked	30	29	reset	195	99.347	0
2	checked	30	29	reset	196	104.898	0
2	checked	30	29	reset	197	103.926	0
2	checked	30	29	reset	198	143.16	0
2	checked	30	29	reset	199	105.119	0
2	checked	30	29	reset	200	100.76	0
2	checked	30	29	stall	1	792.936	0
2	checked	30	29	stall	2	790.231	0
2	checked	30	29	stall	3	795.5	0
2	checked	30	29	stall	4	795.05	0
2	checked	30	29	stall	5	794.329	0
2	checked	30	29	stall	6	1543.672	0
2	checked	30	29	stall	7	788.697	0
2	checked	30	29	stall	8	819.025	0
2	checked	30	29	stall	9	792.806	0
2	checked	30	29	stall	10	831.709	0
2	checked	30	29	stall	11	822.091	0
2	checked	30	29	stall	12	792.144	0
2	checked	30	29	stall	13	847.92	0
2	checked	30	29	stall	14	791.633	0
2	checked	30	29	stall	15	794.309	0
2	checked	30	29	stall	16	791.824	0
2	checked	30	29	stall	17	792.645	0
2	checked	30	29	stall	18	792.315	0
2	checked	30	29	stall	19	788.417	0
2	checked	30	29	stall	20	1046.634	0
2	checked	30	29	stall	21	795.891	0
2	checked	30	29	stall	22	791.643	0
2	checked	30	29	stall	23	787.195	0
2	checked	30	29	stall	24	793.727	0
2	checked	30	29	stall	25	793.557	0
2	checked	30	29	stall	26	793.126	0
2	checked	30	29	stall	27	839.353	0
2	checked	30	29	stall	28	1036.425	0
2	checked	30	29	stall	29	796.843	0
2	unsafe	30	29	reset	1	0.13	0
2	unsafe	30	29	reset	2	0.07	0
2	unsafe	30	29	reset	3	0.07	0
2	unsafe	30	29	reset	4	0.06	0
2	unsafe	30	29	reset	5	0.06	0
2	unsafe	30	29	reset	6	0.08	0
2	unsafe	30	29	reset	7	0.07	0
2	unsafe	30	29	reset	8	0.09	0
2	unsafe	30	29	reset	9	0.071	0
2	unsafe	30	29	reset	10	0.06	0
2	unsafe	30	29	reset	11	0.12	0
2	unsafe	30	29	reset	12	0.07	0
2	unsafe	30	29	reset	13	0.08	0
2	unsafe	30	29	reset	14	0.19	0
2	unsafe	30	29	reset	15	0.12	0
2	unsafe	30	29	reset	16	0.081	0
2	unsafe	30	29	reset	17	0.08	0
2	unsafe	30	29	reset	18	0.1	0
2	unsafe	30	29	reset	19	0.07	0
2	unsafe	30	29	reset	20	0.08	0
2	unsafe	30	29	reset	21	0.09	0
2	unsafe	30	29	reset	22	0.06	0
2	unsafe	30	29	reset	23	0.19	0
2	unsafe	30	29	reset	24	0.07	0
2	unsafe	30	29	reset	25	0.08	0
2	unsafe	30	29	reset	26	0.111	0
2	unsafe	30	29	reset	27	0.08	0
2	unsafe	30	29	reset	28	0.111	0
2	unsafe	30	29	reset	29	0.12	0
2	unsafe	30	29	reset	30	0.09	0
2	unsafe	30	29	reset	31	0.11	0
2	unsafe	30	29	reset	32	0.09	0
2	unsafe	30	29	reset	33	0.09	0
2	unsafe	30	29	reset	34	0.12	0
2	unsafe	30	29	reset	35	0.14	0
2	unsafe	30	29	reset	36	0.13	0
2	unsafe	30	29	reset	37	0.07	0
2	unsafe	30	29	reset	38	0.08	0
2	unsafe	30	29	reset	39	0.1	0
2	unsafe	30	29	reset	40	0.06	0
2	unsafe	30	29	reset	41	0.08	0
2	unsafe	30	29	reset	42	0.101	0
2	unsafe	30	29	reset	43	0.07	0
2	unsafe	30	29	reset	44	0.11	0
2	unsafe	30	29	reset	45	0.07	0
2	unsafe	30	29	reset	46	0.091	0
2	unsafe	30	29	reset	47	0.09	0
2	unsafe	30	29	reset	48	0.08	0
2	unsafe	30	29	reset	49	0.1	0
2	unsafe	30	29	reset	50	0.11	0
2	unsafe	30	29	reset	51	0.091	0
2	unsafe	30	29	reset	52	0.111	0
2	unsafe	30	29	reset	53	0.09	0
2	unsafe	30	29	reset	54	0.09	0
2	unsafe	30	29	reset	55	0.121	0
2	unsafe	30	29	reset	56	0.09	0
2	unsafe	30	29	reset	57	0.09	0
2	unsafe	30	29	reset	58	0.1	0
2	unsafe	30	29	reset	59	0.091	0
2	unsafe	30	29	reset	60	0.14	0
2	unsafe	30	29	reset	61	0.08	0
2	unsafe	30	29	reset	62	0.121	0
2	unsafe	30	29	reset	63	0.12	0
2	unsafe	30	29	reset	64	0.08	0
2	unsafe	30	29	reset	65	0.08	0
2	unsafe	30	29	reset	66	0.131	0
2	unsafe	30	29	reset	67	0.1	0
2	unsafe	30	29	reset	68	0.13	0
2	unsafe	30	29	reset	69	0.101	0
2	unsafe	30	29	reset	70	0.08	0
2	unsafe	30	29	reset	71	0.14	0
2	unsafe	30	29	reset	72	0.1	0
2	unsafe	30	29	reset	73	0.11	0
2	unsafe	30	29	reset	74	0.12	0
2	unsafe	30	29	reset	75	0.09	0
2	unsafe	30	29	reset	76	0.14	0
2	unsafe	30	29	reset	77	0.1	0
2	unsafe	30	29	reset	78	0.121	0
2	unsafe	30	29	reset	79	0.13	0
2	unsafe	30	29	reset	80	0.09	0
2	unsafe	30	29	reset	81	0.1	0
2	unsafe	30	29	reset	82	0.12	0
2	unsafe	30	29	reset	83	0.101	0
2	unsafe	30	29	reset	84	0.12	0
2	unsafe	30	29	reset	85	0.11	0
2	unsafe	30	29	reset	86	0.11	0
2	unsafe	30	29	reset	87	0.13	0
2	unsafe	30	29	reset	88	0.1	0
2	unsafe	30	29	reset	89	0.1	0
2	unsafe	30	29	reset	90	0.131	0
2	unsafe	30	29	reset	91	0.11	0
2	unsafe	30	29	reset	92	0.17	0
2	unsafe	30	29	reset	93	0.1	0
2	unsafe	30	29	reset	94	0.11	0
2	unsafe	30	29	reset	95	0.11	0
2	unsafe	30	29	reset	96	0.11	0
2	unsafe	30	29	reset	97	0.1	0
2	unsafe	30	29	reset	98	0.131	0
2	unsafe	30	29	reset	99	0.11	0
2	unsafe	30	29	reset	100	0.11	0
2	unsafe	30	29	reset	101	0.1	0
2	unsafe	30	29	reset	102	0.121	0
2	unsafe	30	29	reset	103	0.141	0
2	unsafe	30	29	reset	104	0.1	0
2	unsafe	30	29	reset	105	0.09	0
2	unsafe	30	29	reset	106	0.12	0
2	unsafe	30	29	reset	107	0.09	0
2	unsafe	30	29	reset	108	0.12	0
2	unsafe	30	29	reset	109	0.1	0
2	unsafe	30	29	reset	110	0.101	0
2	unsafe	30	29	reset	111	0.131	0
2	unsafe	30	29	reset	112	0.101	0
2	unsafe	30	29	reset	113	0.09	0
2	unsafe	30	29	reset	114	0.12	0
2	unsafe	30	29	reset	115	0.1	0
2	unsafe	30	29	reset	116	0.12	0
2	unsafe	30	29	reset	117	0.11	0
2	unsafe	30	29	reset	118	0.12	0
2	unsafe	30	29	reset	119	0.121	0
2	unsafe	30	29	reset	120	0.09	0
2	unsafe	30	29	reset	121	0.12	0
2	unsafe	30	29	reset	122	0.13	0
2	unsafe	30	29	reset	123	0.101	0
2	unsafe	30	29	reset	124	0.12	0
2	unsafe	30	29	reset	125	0.1	0
2	unsafe	30	29	reset	126	0.11	0
2	unsafe	30	29	reset	127	0.12	0
2	unsafe	30	29	reset	128	0.1	0
2	unsafe	30	29	reset	129	0.11	0
2	unsafe	30	29	reset	130	0.1	0
2	unsafe	30	29	reset	131	0.11	0
2	unsafe	30	29	reset	132	0.16	0
2	unsafe	30	29	reset	133	0.081	0
2	unsafe	30	29	reset	134	0.11	0
2	unsafe	30	29	reset	135	0.11	0
2	unsafe	30	29	reset	136	0.1	0
2	unsafe	30	29	reset	137	0.121	0
2	unsafe	30	29	reset	138	0.091	0
2	unsafe	30	29	reset	139	0.11	0
2	unsafe	30	29	reset	140	0.13	0
2	unsafe	30	29	reset	141	0.1	0
2	unsafe	30	29	reset	142	0.12	0
2	unsafe	30	29	reset	143	0.131	0
2	unsafe	30	29	reset	144	0.09	0
2	unsafe	30	29	reset	145	0.121	0
2	unsafe	30	29	reset	146	0.1	0
2	unsafe	30	29	reset	147	0.1	0
2	unsafe	30	29	reset	148	0.12	0
2	unsafe	30	29	reset	149	0.09	0
2	unsafe	30	29	reset	150	0.12	0
2	unsafe	30	29	reset	151	0.13	0
2	unsafe	30	29	reset	152	0.101	0
2	unsafe	30	29	reset	153	0.14	0
2	unsafe	30	29	reset	154	0.1	0
2	unsafe	30	29	reset	155	0.1	0
2	unsafe	30	29	reset	156	0.13	0
2	unsafe	30	29	reset	157	0.11	0
2	unsafe	30	29	reset	158	0.13	0
2	unsafe	30	29	reset	159	0.12	0
2	unsafe	30	29	reset	160	0.1	0
2	unsafe	30	29	reset	161	0.121	0
2	unsafe	30	29	reset	162	0.1	0
2	unsafe	30	29	reset	163	0.1	0
2	unsafe	30	29	reset	164	0.13	0
2	unsafe	30	29	reset	165	0.09	0
2	unsafe	30	29	reset	166	0.11	0
2	unsafe	30	29	reset	167	0.13	0
2	unsafe	30	29	reset	168	0.121	0
2	unsafe	30	29	reset	169	0.12	0
2	unsafe	30	29	reset	170	0.09	0
2	unsafe	30	29	reset	171	0.111	0
2	unsafe	30	29	reset	172	0.11	0
2	unsafe	30	29	reset	173	0.091	0
2	unsafe	30	29	reset	174	0.1	0
2	unsafe	30	29	reset	175	0.171	0
2	unsafe	30	29	reset	176	0.1	0
2	unsafe	30	29	reset	177	0.13	0
2	unsafe	30	29	reset	178	0.091	0
2	unsafe	30	29	reset	179	0.1	0
2	unsafe	30	29	reset	180	0.13	0
2	unsafe	30	29	reset	181	0.09	0
2	unsafe	30	29	reset	182	0.121	0
2	unsafe	30	29	reset	183	0.121	0
2	unsafe	30	29	reset	184	0.11	0
2	unsafe	30	29	reset	185	0.12	0
2	unsafe	30	29	reset	186	0.1	0
2	unsafe	30	29	reset	187	0.11	0
2	unsafe	30	29	reset	188	0.13	0
2	unsafe	30	29	reset	189	0.09	0
2	unsafe	30	29	reset	190	0.1	0
2	unsafe	30	29	reset	191	0.13	0
2	unsafe	30	29	reset	192	0.1	0
2	unsafe	30	29	reset	193	0.12	0
2	unsafe	30	29	reset	194	0.11	0
2	unsafe	30	29	reset	195	0.1	0
2	unsafe	30	29	reset	196	0.141	0
2	unsafe	30	29	reset	197	0.111	0
2	unsafe	30	29	reset	198	0.13	0
2	unsafe	30	29	reset	199	0.171	0
2	unsafe	30	29	reset	200	0.09	0
2	unsafe	30	29	stall	1	0.0	0
2	unsafe	30	29	stall	2	0.0	0
2	unsafe	30	29	stall	3	0.0	0
2	unsafe	30	29	stall	4	76.535	0
2	unsafe	30	29	stall	5	0.0	0
2	unsafe	30	29	stall	6	32.321	0
2	unsafe	30	29	stall	7	210.988	0
2	unsafe	30	29	stall	8	0.0	0
2	unsafe	30	29	stall	9	0.0	0
2	unsafe	30	29	stall	10	33.052	0
2	unsafe	30	29	stall	11	0.0	0
2	unsafe	30	29	stall	12	422.237	0
2	unsafe	30	29	stall	13	0.0	0
2	unsafe	30	29	stall	14	0.0	0
2	unsafe	30	29	stall	15	0.0	0
2	unsafe	30	29	stall	16	219.284	0
2	unsafe	30	29	stall	17	0.0	0
2	unsafe	30	29	stall	18	0.0	0
2	unsafe	30	29	stall	19	0.0	0
2	unsafe	30	29	stall	20	0.0	0
2	unsafe	30	29	stall	21	0.0	0
2	unsafe	30	29	stall	22	0.0	0
2	unsafe	30	29	stall	23	0.0	0
2	unsafe	30	29	stall	24	8999.877	0
2	unsafe	30	29	stall	25	3004.288	0
2	unsafe	30	29	stall	26	3003.596	0
2	unsafe	30	29	stall	27	0.0	0
2	unsafe	30	29	stall	28	0.0	0
2	unsafe	30	29	stall	29	0.0	0
3	checked	1	0	reset	1	32.401	0
3	checked	1	0	reset	2	27.762	0
3	checked	1	0	reset	3	27.501	0
3	checked	1	0	reset	4	27.021	0
3	checked	1	0	reset	5	27.241	0
3	checked	1	0	reset	6	26.931	0
3	checked	1	0	reset	7	27.702	0
3	checked	1	0	reset	8	26.62	0
3	checked	1	0	reset	9	27.232	0
3	checked	1	0	reset	10	27.091	0
3	checked	1	0	reset	11	27.341	0
3	checked	1	0	reset	12	27.141	0
3	checked	1	0	reset	13	27.191	0
3	checked	1	0	reset	14	26.97	0
3	checked	1	0	reset	15	27.331	0
3	checked	1	0	reset	16	27.061	0
3	checked	1	0	reset	17	27.112	0
3	checked	1	0	reset	18	27.893	0
3	checked	1	0	reset	19	27.291	0
3	checked	1	0	reset	20	26.65	0
3	checked	1	0	reset	21	27.172	0
3	checked	1	0	reset	22	29.576	0
3	checked	1	0	reset	23	27.422	0
3	checked	1	0	reset	24	27.051	0
3	checked	1	0	reset	25	27.322	0
3	checked	1	0	reset	26	27.101	0
3	checked	1	0	reset	27	27.452	0
3	checked	1	0	reset	28	27.342	0
3	checked	1	0	reset	29	27.402	0
3	checked	1	0	reset	30	26.811	0
3	checked	1	0	reset	31	27.462	0
3	checked	1	0	reset	32	27.041	0
3	checked	1	0	reset	33	27.692	0
3	checked	1	0	reset	34	27.011	0
3	checked	1	0	reset	35	27.421	0
3	checked	1	0	reset	36	26.801	0
3	checked	1	0	reset	37	27.502	0
3	checked	1	0	reset	38	26.79	0
3	checked	1	0	reset	39	27.432	0
3	checked	1	0	reset	40	26.62	0
3	checked	1	0	reset	41	27.231	0
3	checked	1	0	reset	42	26.951	0
3	checked	1	0	reset	43	27.792	0
3	checked	1	0	reset	44	27.321	0
3	checked	1	0	reset	45	27.632	0
3	checked	1	0	reset	46	26.901	0
3	checked	1	0	reset	47	29.605	0
3	checked	1	0	reset	48	27.302	0
3	checked	1	0	reset	49	27.362	0
3	checked	1	0	reset	50	27.161	0
3	checked	1	0	reset	51	31.359	0
3	checked	1	0	reset	52	27.322	0
3	checked	1	0	reset	53	27.411	0
3	checked	1	0	reset	54	27.121	0
3	checked	1	0	reset	55	27.312	0
3	checked	1	0	reset	56	27.031	0
3	checked	1	0	reset	57	27.562	0
3	checked	1	0	reset	58	26.85	0
3	checked	1	0	reset	59	27.402	0
3	checked	1	0	reset	60	27.041	0
3	checked	1	0	reset	61	27.422	0
3	checked	1	0	reset	62	26.981	0
3	checked	1	0	reset	63	27.862	0
3	checked	1	0	reset	64	26.91	0
3	checked	1	0	reset	65	27.231	0
3	checked	1	0	reset	66	26.991	0
3	checked	1	0	reset	67	27.311	0
3	checked	1	0	reset	68	26.83	0
3	checked	1	0	reset	69	27.452	0
3	checked	1	0	reset	70	26.77	0
3	checked	1	0	reset	71	27.662	0
3	checked	1	0	reset	72	27.171	0
3	checked	1	0	reset	73	27.773	0
3	checked	1	0	reset	74	27.401	0
3	checked	1	0	reset	75	27.622	0
3	checked	1	0	reset	76	27.181	0
3	checked	1	0	reset	77	27.221	0
3	checked	1	0	reset	78	27.071	0
3	checked	1	0	reset	79	27.582	0
3	checked	1	0	reset	80	58.41	0
3	checked	1	0	reset	81	27.462	0
3	checked	1	0	reset	82	26.901	0
3	checked	1	0	reset	83	27.251	0
3	checked	1	0	reset	84	30.858	0
3	checked	1	0	reset	85	27.412	0
3	checked	1	0	reset	86	27.122	0
3	checked	1	0	reset	87	27.212	0
3	checked	1	0	reset	88	26.931	0
3	checked	1	0	reset	89	27.351	0
3	checked	1	0	reset	90	27.051	0
3	checked	1	0	reset	91	27.161	0
3	checked	1	0	reset	92	27.462	0
3	checked	1	0	reset	93	28.213	0
3	checked	1	0	reset	94	28.253	0
3	checked	1	0	reset	95	28.113	0
3	checked	1	0	reset	96	27.431	0
3	checked	1	0	reset	97	28.324	0
3	checked	1	0	reset	98	27.081	0
3	checked	1	0	reset	99	27.993	0
3	checked	1	0	reset	100	28.143	0
3	checked	1	0	reset	101	28.403	0
3	checked	1	0	reset	102	27.713	0
3	checked	1	0	reset	103	27.672	0
3	checked	1	0	reset	104	26.911	0
3	checked	1	0	reset	105	27.171	0
3	checked	1	0	reset	106	26.87	0
3	checked	1	0	reset	107	27.402	0
3	checked	1	0	reset	108	27.031	0
3	checked	1	0	reset	109	27.512	0
3	checked	1	0	reset	110	27.502	0
3	checked	1	0	reset	111	27.743	0
3	checked	1	0	reset	112	27.272	0
3	checked	1	0	reset	113	27.732	0
3	checked	1	0	reset	114	27.171	0
3	checked	1	0	reset	115	27.152	0
3	checked	1	0	reset	116	27.112	0
3	checked	1	0	reset	117	30.047	0
3	checked	1	0	reset	118	26.89	0
3	checked	1	0	reset	119	27.412	0
3	checked	1	0	reset	120	27.071	0
3	checked	1	0	reset	121	27.191	0
3	checked	1	0	reset	122	27.141	0
3	checked	1	0	reset	123	27.121	0
3	checked	1	0	reset	124	27.151	0
3	checked	1	0	reset	125	27.632	0
3	checked	1	0	reset	126	27.151	0
3	checked	1	0	reset	127	27.732	0
3	checked	1	0	reset	128	27.001	0
3	checked	1	0	reset	129	28.163	0
3	checked	1	0	reset	130	27.131	0
3	checked	1	0	reset	131	27.782	0
3	checked	1	0	reset	132	27.252	0
3	checked	1	0	reset	133	27.993	0
3	checked	1	0	reset	134	27.562	0
3	checked	1	0	reset	135	27.391	0
3	checked	1	0	reset	136	26.861	0
3	checked	1	0	reset	137	27.492	0
3	checked	1	0	reset	138	26.84	0
3	checked	1	0	reset	139	27.191	0
3	checked	1	0	reset	140	27.091	0
3	checked	1	0	reset	141	27.101	0
3	checked	1	0	reset	142	26.721	0
3	checked	1	0	reset	143	27.241	0
3	checked	1	0	reset	144	27.331	0
3	checked	1	0	reset	145	27.222	0
3	checked	1	0	reset	146	41.708	0
3	checked	1	0	reset	147	27.181	0
3	checked	1	0	reset	148	27.011	0
3	checked	1	0	reset	149	27.141	0
3	checked	1	0	reset	150	26.75	0
3	checked	1	0	reset	151	27.212	0
3	checked	1	0	reset	152	26.8	0
3	checked	1	0	reset	153	27.311	0
3	checked	1	0	reset	154	26.801	0
3	checked	1	0	reset	155	27.472	0
3	checked	1	0	reset	156	26.971	0
3	checked	1	0	reset	157	27.211	0
3	checked	1	0	reset	158	26.731	0
3	checked	1	0	reset	159	27.471	0
3	checked	1	0	reset	160	26.73	0
3	checked	1	0	reset	161	27.171	0
3	checked	1	0	reset	162	26.96	0
3	checked	1	0	reset	163	28.073	0
3	checked	1	0	reset	164	28.444	0
3	checked	1	0	reset	165	27.181	0
3	checked	1	0	reset	166	26.69	0
3	checked	1	0	reset	167	27.612	0
3	checked	1	0	reset	168	26.751	0
3	checked	1	0	reset	169	27.211	0
3	checked	1	0	reset	170	26.821	0
3	checked	1	0	reset	171	27.211	0
3	checked	1	0	reset	172	26.881	0
3	checked	1	0	reset	173	27.161	0
3	checked	1	0	reset	174	26.76	0
3	checked	1	0	reset	175	27.432	0
3	checked	1	0	reset	176	26.8	0
3	checked	1	0	reset	177	27.201	0
3	checked	1	0	reset	178	26.801	0
3	checked	1	0	reset	179	29.986	0
3	checked	1	0	reset	180	26.771	0
3	checked	1	0	reset	181	27.492	0
3	checked	1	0	reset	182	27.151	0
3	checked	1	0	reset	183	27.341	0
3	checked	1	0	reset	184	26.931	0
3	checked	1	0	reset	185	27.231	0
3	checked	1	0	reset	186	26.93	0
3	checked	1	0	reset	187	27.502	0
3	checked	1	0	reset	188	27.001	0
3	checked	1	0	reset	189	27.181	0
3	checked	1	0	reset	190	26.761	0
3	checked	1	0	reset	191	27.231	0
3	checked	1	0	reset	192	26.78	0
3	checked	1	0	reset	193	27.351	0
3	checked	1	0	reset	194	26.8	0
3	checked	1	0	reset	195	27.081	0
3	checked	1	0	reset	196	26.771	0
3	checked	1	0	reset	197	27.081	0
3	checked	1	0	reset	198	26.871	0
3	checked	1	0	reset	199	27.192	0
3	checked	1	0	reset	200	26.761	0
3	unsafe	1	0	reset	1	0.18	0
3	unsafe	1	0	reset	2	0.08	0
3	unsafe	1	0	reset	3	0.081	0
3	unsafe	1	0	reset	4	0.12	0
3	unsafe	1	0	reset	5	0.09	0
3	unsafe	1	0	reset	6	0.1	0
3	unsafe	1	0	reset	7	0.091	0
3	unsafe	1	0	reset	8	0.11	0
3	unsafe	1	0	reset	9	0.08	0
3	unsafe	1	0	reset	10	0.1	0
3	unsafe	1	0	reset	11	0.09	0
3	unsafe	1	0	reset	12	0.1	0
3	unsafe	1	0	reset	13	0.08	0
3	unsafe	1	0	reset	14	0.08	0
3	unsafe	1	0	reset	15	0.09	0
3	unsafe	1	0	reset	16	0.11	0
3	unsafe	1	0	reset	17	0.091	0
3	unsafe	1	0	reset	18	0.11	0
3	unsafe	1	0	reset	19	0.09	0
3	unsafe	1	0	reset	20	0.09	0
3	unsafe	1	0	reset	21	0.1	0
3	unsafe	1	0	reset	22	0.1	0
3	unsafe	1	0	reset	23	0.09	0
3	unsafe	1	0	reset	24	0.101	0
3	unsafe	1	0	reset	25	0.08	0
3	unsafe	1	0	reset	26	0.1	0
3	unsafe	1	0	reset	27	0.08	0
3	unsafe	1	0	reset	28	0.1	0
3	unsafe	1	0	reset	29	0.08	0
3	unsafe	1	0	reset	30	0.121	0
3	unsafe	1	0	reset	31	0.091	0
3	unsafe	1	0	reset	32	0.091	0
3	unsafe	1	0	reset	33	0.08	0
3	unsafe	1	0	reset	34	0.08	0
3	unsafe	1	0	reset	35	0.1	0
3	unsafe	1	0	reset	36	0.08	0
3	unsafe	1	0	reset	37	0.08	0
3	unsafe	1	0	reset	38	0.1	0
3	unsafe	1	0	reset	39	0.08	0
3	unsafe	1	0	reset	40	0.09	0
3	unsafe	1	0	reset	41	0.08	0
3	unsafe	1	0	reset	42	0.09	0
3	unsafe	1	0	reset	43	0.08	0
3	unsafe	1	0	reset	44	0.08	0
3	unsafe	1	0	reset	45	0.09	0
3	unsafe	1	0	reset	46	0.101	0
3	unsafe	1	0	reset	47	0.12	0
3	unsafe	1	0	reset	48	0.09	0
3	unsafe	1	0	reset	49	0.09	0
3	unsafe	1	0	reset	50	0.091	0
3	unsafe	1	0	reset	51	0.09	0
3	unsafe	1	0	reset	52	0.09	0
3	unsafe	1	0	reset	53	0.09	0
3	unsafe	1	0	reset	54	0.111	0
3	unsafe	1	0	reset	55	0.08	0
3	unsafe	1	0	reset	56	0.091	0
3	unsafe	1	0	reset	57	0.08	0
3	unsafe	1	0	reset	58	0.101	0
3	unsafe	1	0	reset	59	0.09	0
3	unsafe	1	0	reset	60	0.09	0
3	unsafe	1	0	reset	61	0.09	0
3	unsafe	1	0	reset	62	0.08	0
3	unsafe	1	0	reset	63	0.091	0
3	unsafe	1	0	reset	64	0.1	0
3	unsafe	1	0	reset	65	0.09	0
3	unsafe	1	0	reset	66	0.09	0
3	unsafe	1	0	reset	67	0.08	0
3	unsafe	1	0	reset	68	0.11	0
3	unsafe	1	0	reset	69	0.1	0
3	unsafe	1	0	reset	70	0.09	0
3	unsafe	1	0	reset	71	0.08	0
3	unsafe	1	0	reset	72	0.08	0
3	unsafe	1	0	reset	73	0.782	0
3	unsafe	1	0	reset	74	0.08	0
3	unsafe	1	0	reset	75	0.09	0
3	unsafe	1	0	reset	76	0.09	0
3	unsafe	1	0	reset	77	0.09	0
3	unsafe	1	0	reset	78	0.08	0
3	unsafe	1	0	reset	79	0.081	0
3	unsafe	1	0	reset	80	0.1	0
3	unsafe	1	0	reset	81	0.1	0
3	unsafe	1	0	reset	82	0.08	0
3	unsafe	1	0	reset	83	0.09	0
3	unsafe	1	0	reset	84	0.09	0
3	unsafe	1	0	reset	85	0.08	0
3	unsafe	1	0	reset	86	0.1	0
3	unsafe	1	0	reset	87	0.081	0
3	unsafe	1	0	reset	88	0.11	0
3	unsafe	1	0	reset	89	0.081	0
3	unsafe	1	0	reset	90	0.091	0
3	unsafe	1	0	reset	91	0.09	0
3	unsafe	1	0	reset	92	0.1	0
3	unsafe	1	0	reset	93	0.09	0
3	unsafe	1	0	reset	94	0.08	0
3	unsafe	1	0	reset	95	0.09	0
3	unsafe	1	0	reset	96	0.11	0
3	unsafe	1	0	reset	97	0.08	0
3	unsafe	1	0	reset	98	0.09	0
3	unsafe	1	0	reset	99	0.08	0
3	unsafe	1	0	reset	100	0.09	0
3	unsafe	1	0	reset	101	0.08	0
3	unsafe	1	0	reset	102	0.1	0
3	unsafe	1	0	reset	103	0.1	0
3	unsafe	1	0	reset	104	0.09	0
3	unsafe	1	0	reset	105	0.09	0
3	unsafe	1	0	reset	106	0.09	0
3	unsafe	1	0	reset	107	0.081	0
3	unsafe	1	0	reset	108	0.09	0
3	unsafe	1	0	reset	109	0.15	0
3	unsafe	1	0	reset	110	0.111	0
3	unsafe	1	0	reset	111	0.1	0
3	unsafe	1	0	reset	112	0.09	0
3	unsafe	1	0	reset	113	0.09	0
3	unsafe	1	0	reset	114	0.091	0
3	unsafe	1	0	reset	115	0.09	0
3	unsafe	1	0	reset	116	0.08	0
3	unsafe	1	0	reset	117	0.09	0
3	unsafe	1	0	reset	118	0.09	0
3	unsafe	1	0	reset	119	0.08	0
3	unsafe	1	0	reset	120	0.08	0
3	unsafe	1	0	reset	121	0.071	0
3	unsafe	1	0	reset	122	0.09	0
3	unsafe	1	0	reset	123	0.09	0
3	unsafe	1	0	reset	124	0.081	0
3	unsafe	1	0	reset	125	0.09	0
3	unsafe	1	0	reset	126	0.08	0
3	unsafe	1	0	reset	127	0.081	0
3	unsafe	1	0	reset	128	0.1	0
3	unsafe	1	0	reset	129	0.12	0
3	unsafe	1	0	reset	130	0.09	0
3	unsafe	1	0	reset	131	0.08	0
3	unsafe	1	0	reset	132	0.09	0
3	unsafe	1	0	reset	133	0.1	0
3	unsafe	1	0	reset	134	0.08	0
3	unsafe	1	0	reset	135	0.091	0
3	unsafe	1	0	reset	136	0.09	0
3	unsafe	1	0	reset	137	0.1	0
3	unsafe	1	0	reset	138	0.09	0
3	unsafe	1	0	reset	139	0.09	0
3	unsafe	1	0	reset	140	0.091	0
3	unsafe	1	0	reset	141	0.15	0
3	unsafe	1	0	reset	142	0.09	0
3	unsafe	1	0	reset	143	0.07	0
3	unsafe	1	0	reset	144	0.091	0
3	unsafe	1	0	reset	145	0.2	0
3	unsafe	1	0	reset	146	0.101	0
3	unsafe	1	0	reset	147	0.09	0
3	unsafe	1	0	reset	148	0.09	0
3	unsafe	1	0	reset	149	0.091	0
3	unsafe	1	0	reset	150	0.08	0
3	unsafe	1	0	reset	151	0.07	0
3	unsafe	1	0	reset	152	0.08	0
3	unsafe	1	0	reset	153	0.09	0
3	unsafe	1	0	reset	154	0.09	0
3	unsafe	1	0	reset	155	0.08	0
3	unsafe	1	0	reset	156	0.1	0
3	unsafe	1	0	reset	157	0.07	0
3	unsafe	1	0	reset	158	0.09	0
3	unsafe	1	0	reset	159	0.09	0
3	unsafe	1	0	reset	160	0.1	0
3	unsafe	1	0	reset	161	0.09	0
3	unsafe	1	0	reset	162	0.08	0
3	unsafe	1	0	reset	163	0.09	0
3	unsafe	1	0	reset	164	0.14	0
3	unsafe	1	0	reset	165	0.09	0
3	unsafe	1	0	reset	166	0.09	0
3	unsafe	1	0	reset	167	0.09	0
3	unsafe	1	0	reset	168	0.08	0
3	unsafe	1	0	reset	169	0.09	0
3	unsafe	1	0	reset	170	0.14	0
3	unsafe	1	0	reset	171	0.08	0
3	unsafe	1	0	reset	172	0.081	0
3	unsafe	1	0	reset	173	0.09	0
3	unsafe	1	0	reset	174	0.1	0
3	unsafe	1	0	reset	175	0.081	0
3	unsafe	1	0	reset	176	0.1	0
3	unsafe	1	0	reset	177	0.08	0
3	unsafe	1	0	reset	178	0.1	0
3	unsafe	1	0	reset	179	0.08	0
3	unsafe	1	0	reset	180	0.08	0
3	unsafe	1	0	reset	181	0.08	0
3	unsafe	1	0	reset	182	0.091	0
3	unsafe	1	0	reset	183	0.081	0
3	unsafe	1	0	reset	184	0.08	0
3	unsafe	1	0	reset	185	0.09	0
3	unsafe	1	0	reset	186	0.09	0
3	unsafe	1	0	reset	187	0.09	0
3	unsafe	1	0	reset	188	0.091	0
3	unsafe	1	0	reset	189	0.07	0
3	unsafe	1	0	reset	190	0.08	0
3	unsafe	1	0	reset	191	0.09	0
3	unsafe	1	0	reset	192	0.1	0
3	unsafe	1	0	reset	193	0.08	0
3	unsafe	1	0	reset	194	0.1	0
3	unsafe	1	0	reset	195	0.09	0
3	unsafe	1	0	reset	196	0.08	0
3	unsafe	1	0	reset	197	0.09	0
3	unsafe	1	0	reset	198	0.09	0
3	unsafe	1	0	reset	199	0.09	0
3	unsafe	1	0	reset	200	0.09	0
3	checked	4	3	reset	1	44.764	0
3	checked	4	3	reset	2	45.205	0
3	checked	4	3	reset	3	37.481	0
3	checked	4	3	reset	4	37.51	0
3	checked	4	3	reset	5	36.258	0
3	checked	4	3	reset	6	33.203	0
3	checked	4	3	reset	7	53.471	0
3	checked	4	3	reset	8	44.333	0
3	checked	4	3	reset	9	332.177	0
3	checked	4	3	reset	10	37.08	0
3	checked	4	3	reset	11	81.814	0
3	checked	4	3	reset	12	49.373	0
3	checked	4	3	reset	13	38.192	0
3	checked	4	3	reset	14	35.457	0
3	checked	4	3	reset	15	36.239	0
3	checked	4	3	reset	16	34.836	0
3	checked	4	3	reset	17	34.595	0
3	checked	4	3	reset	18	33.653	0
3	checked	4	3	reset	19	33.623	0
3	checked	4	3	reset	20	34.054	0
3	checked	4	3	reset	21	34.916	0
3	checked	4	3	reset	22	33.904	0
3	checked	4	3	reset	23	34.966	0
3	checked	4	3	reset	24	34.536	0
3	checked	4	3	reset	25	35.236	0
3	checked	4	3	reset	26	34.795	0
3	checked	4	3	reset	27	34.425	0
3	checked	4	3	reset	28	35.377	0
3	checked	4	3	reset	29	34.265	0
3	checked	4	3	reset	30	34.475	0
3	checked	4	3	reset	31	34.174	0
3	checked	4	3	reset	32	35.317	0
3	checked	4	3	reset	33	35.126	0
3	checked	4	3	reset	34	34.996	0
3	checked	4	3	reset	35	34.815	0
3	checked	4	3	reset	36	34.696	0
3	checked	4	3	reset	37	35.707	0
3	checked	4	3	reset	38	36.228	0
3	checked	4	3	reset	39	34.785	0
3	checked	4	3	reset	40	33.904	0
3	checked	4	3	reset	41	34.515	0
3	checked	4	3	reset	42	36.148	0
3	checked	4	3	reset	43	36.619	0
3	checked	4	3	reset	44	34.756	0
3	checked	4	3	reset	45	34.906	0
3	checked	4	3	reset	46	35.648	0
3	checked	4	3	reset	47	35.958	0
3	checked	4	3	reset	48	34.254	0
3	checked	4	3	reset	49	33.674	0
3	checked	4	3	reset	50	36.178	0
3	checked	4	3	reset	51	36.007	0
3	checked	4	3	reset	52	33.854	0
3	checked	4	3	reset	53	34.145	0
3	checked	4	3	reset	54	38.853	0
3	checked	4	3	reset	55	35.066	0
3	checked	4	3	reset	56	33.944	0
3	checked	4	3	reset	57	33.764	0
3	checked	4	3	reset	58	39.885	0
3	checked	4	3	reset	59	36.319	0
3	checked	4	3	reset	60	33.554	0
3	checked	4	3	reset	61	34.736	0
3	checked	4	3	reset	62	37.731	0
3	checked	4	3	reset	63	34.685	0
3	checked	4	3	reset	64	34.605	0
3	checked	4	3	reset	65	33.533	0
3	checked	4	3	reset	66	34.445	0
3	checked	4	3	reset	67	33.944	0
3	checked	4	3	reset	68	35.176	0
3	checked	4	3	reset	69	34.835	0
3	checked	4	3	reset	70	34.976	0
3	checked	4	3	reset	71	34.986	0
3	checked	4	3	reset	72	35.006	0
3	checked	4	3	reset	73	35.346	0
3	checked	4	3	reset	74	35.928	0
3	checked	4	3	reset	75	34.795	0
3	checked	4	3	reset	76	35.117	0
3	checked	4	3	reset	77	33.423	0
3	checked	4	3	reset	78	35.517	0
3	checked	4	3	reset	79	33.723	0
3	checked	4	3	reset	80	34.175	0
3	checked	4	3	reset	81	34.385	0
3	checked	4	3	reset	82	33.874	0
3	checked	4	3	reset	83	34.495	0
3	checked	4	3	reset	84	33.623	0
3	checked	4	3	reset	85	34.625	0
3	checked	4	3	reset	86	33.253	0
3	checked	4	3	reset	87	34.355	0
3	checked	4	3	reset	88	34.555	0
3	checked	4	3	reset	89	34.866	0
3	checked	4	3	reset	90	33.934	0
3	checked	4	3	reset	91	34.375	0
3	checked	4	3	reset	92	33.614	0
3	checked	4	3	reset	93	35.517	0
3	checked	4	3	reset	94	33.784	0
3	checked	4	3	reset	95	34.896	0
3	checked	4	3	reset	96	33.583	0
3	checked	4	3	reset	97	33.633	0
3	checked	4	3	reset	98	34.785	0
3	checked	4	3	reset	99	34.225	0
3	checked	4	3	reset	100	34.074	0
3	checked	4	3	reset	101	33.072	0
3	checked	4	3	reset	102	33.954	0
3	checked	4	3	reset	103	35.988	0
3	checked	4	3	reset	104	33.343	0
3	checked	4	3	reset	105	34.275	0
3	checked	4	3	reset	106	34.405	0
3	checked	4	3	reset	107	36.87	0
3	checked	4	3	reset	108	34.946	0
3	checked	4	3	reset	109	33.343	0
3	checked	4	3	reset	110	34.154	0
3	checked	4	3	reset	111	34.094	0
3	checked	4	3	reset	112	34.595	0
3	checked	4	3	reset	113	34.114	0
3	checked	4	3	reset	114	35.006	0
3	checked	4	3	reset	115	37.43	0
3	checked	4	3	reset	116	34.134	0
3	checked	4	3	reset	117	34.244	0
3	checked	4	3	reset	118	35.597	0
3	checked	4	3	reset	119	37.741	0
3	checked	4	3	reset	120	35.658	0
3	checked	4	3	reset	121	34.835	0
3	checked	4	3	reset	122	34.646	0
3	checked	4	3	reset	123	34.265	0
3	checked	4	3	reset	124	35.587	0
3	checked	4	3	reset	125	34.906	0
3	checked	4	3	reset	126	34.094	0
3	checked	4	3	reset	127	35.357	0
3	checked	4	3	reset	128	33.323	0
3	checked	4	3	reset	129	34.725	0
3	checked	4	3	reset	130	33.784	0
3	checked	4	3	reset	131	34.165	0
3	checked	4	3	reset	132	35.196	0
3	checked	4	3	reset	133	34.505	0
3	checked	4	3	reset	134	33.584	0
3	checked	4	3	reset	135	35.858	0
3	checked	4	3	reset	136	34.024	0
3	checked	4	3	reset	137	35.106	0
3	checked	4	3	reset	138	34.695	0
3	checked	4	3	reset	139	35.537	0
3	checked	4	3	reset	140	34.345	0
3	checked	4	3	reset	141	34.214	0
3	checked	4	3	reset	142	33.323	0
3	checked	4	3	reset	143	33.242	0
3	checked	4	3	reset	144	33.934	0
3	checked	4	3	reset	145	34.936	0
3	checked	4	3	reset	146	33.213	0
3	checked	4	3	reset	147	34.184	0
3	checked	4	3	reset	148	34.525	0
3	checked	4	3	reset	149	34.034	0
3	checked	4	3	reset	150	34.175	0
3	checked	4	3	reset	151	34.194	0
3	checked	4	3	reset	152	34.645	0
3	checked	4	3	reset	153	34.365	0
3	checked	4	3	reset	154	34.876	0
3	checked	4	3	reset	155	33.914	0
3	checked	4	3	reset	156	35.176	0
3	checked	4	3	reset	157	33.863	0
3	checked	4	3	reset	158	34.184	0
3	checked	4	3	reset	159	33.633	0
3	checked	4	3	reset	160	35.206	0
3	checked	4	3	reset	161	34.375	0
3	checked	4	3	reset	162	34.064	0
3	checked	4	3	reset	163	34.074	0
3	checked	4	3	reset	164	36.158	0
3	checked	4	3	reset	165	33.443	0
3	checked	4	3	reset	166	34.134	0
3	checked	4	3	reset	167	34.215	0
3	checked	4	3	reset	168	35.708	0
3	checked	4	3	reset	169	34.575	0
3	checked	4	3	reset	170	34.455	0
3	checked	4	3	reset	171	33.994	0
3	checked	4	3	reset	172	35.777	0
3	checked	4	3	reset	173	34.795	0
3	checked	4	3	reset	174	34.976	0
3	checked	4	3	reset	175	35.057	0
3	checked	4	3	reset	176	37.0	0
3	checked	4	3	reset	177	35.136	0
3	checked	4	3	reset	178	34.786	0
3	checked	4	3	reset	179	34.114	0
3	checked	4	3	reset	180	33.804	0
3	checked	4	3	reset	181	34.555	0
3	checked	4	3	reset	182	34.486	0
3	checked	4	3	reset	183	34.766	0
3	checked	4	3	reset	184	34.846	0
3	checked	4	3	reset	185	35.537	0
3	checked	4	3	reset	186	35.366	0
3	checked	4	3	reset	187	34.776	0
3	checked	4	3	reset	188	34.035	0
3	checked	4	3	reset	189	34.666	0
3	checked	4	3	reset	190	34.435	0
3	checked	4	3	reset	191	34.886	0
3	checked	4	3	reset	192	34.585	0
3	checked	4	3	reset	193	34.225	0
3	checked	4	3	reset	194	33.914	0
3	checked	4	3	reset	195	34.014	0
3	checked	4	3	reset	196	34.014	0
3	checked	4	3	reset	197	34.916	0
3	checked	4	3	reset	198	34.024	0
3	checked	4	3	reset	199	34.866	0
3	checked	4	3	reset	200	34.505	0
3	checked	4	3	stall	1	48.051	0
3	checked	4	3	stall	2	63.28	0
3	checked	4	3	stall	3	46.638	0
3	unsafe	4	3	reset	1	0.24	0
3	unsafe	4	3	reset	2	0.06	0
3	unsafe	4	3	reset	3	0.07	0
3	unsafe	4	3	reset	4	0.07	0
3	unsafe	4	3	reset	5	0.05	0
3	unsafe	4	3	reset	6	0.07	0
3	unsafe	4	3	reset	7	0.06	0
3	unsafe	4	3	reset	8	0.1	0
3	unsafe	4	3	reset	9	0.08	0
3	unsafe	4	3	reset	10	0.07	0
3	unsafe	4	3	reset	11	0.08	0
3	unsafe	4	3	reset	12	0.08	0
3	unsafe	4	3	reset	13	0.09	0
3	unsafe	4	3	reset	14	0.2	0
3	unsafe	4	3	reset	15	0.05	0
3	unsafe	4	3	reset	16	0.05	0
3	unsafe	4	3	reset	17	0.07	0
3	unsafe	4	3	reset	18	0.051	0
3	unsafe	4	3	reset	19	0.05	0
3	unsafe	4	3	reset	20	0.05	0
3	unsafe	4	3	reset	21	0.05	0
3	unsafe	4	3	reset	22	0.06	0
3	unsafe	4	3	reset	23	0.05	0
3	unsafe	4	3	reset	24	0.05	0
3	unsafe	4	3	reset	25	0.061	0
3	unsafe	4	3	reset	26	0.05	0
3	unsafe	4	3	reset	27	0.06	0
3	unsafe	4	3	reset	28	0.05	0
3	unsafe	4	3	reset	29	0.05	0
3	unsafe	4	3	reset	30	0.05	0
3	unsafe	4	3	reset	31	0.06	0
3	unsafe	4	3	reset	32	0.05	0
3	unsafe	4	3	reset	33	0.05	0
3	unsafe	4	3	reset	34	0.05	0
3	unsafe	4	3	reset	35	0.06	0
3	unsafe	4	3	reset	36	0.07	0
3	unsafe	4	3	reset	37	0.05	0
3	unsafe	4	3	reset	38	0.06	0
3	unsafe	4	3	reset	39	0.06	0
3	unsafe	4	3	reset	40	0.07	0
3	unsafe	4	3	reset	41	0.05	0
3	unsafe	4	3	reset	42	0.05	0
3	unsafe	4	3	reset	43	0.05	0
3	unsafe	4	3	reset	44	0.051	0
3	unsafe	4	3	reset	45	0.08	0
3	unsafe	4	3	reset	46	0.05	0
3	unsafe	4	3	reset	47	0.07	0
3	unsafe	4	3	reset	48	0.05	0
3	unsafe	4	3	reset	49	0.061	0
3	unsafe	4	3	reset	50	0.05	0
3	unsafe	4	3	reset	51	0.05	0
3	unsafe	4	3	reset	52	0.061	0
3	unsafe	4	3	reset	53	0.05	0
3	unsafe	4	3	reset	54	0.091	0
3	unsafe	4	3	reset	55	0.05	0
3	unsafe	4	3	reset	56	0.05	0
3	unsafe	4	3	reset	57	0.05	0
3	unsafe	4	3	reset	58	0.08	0
3	unsafe	4	3	reset	59	0.05	0
3	unsafe	4	3	reset	60	0.05	0
3	unsafe	4	3	reset	61	0.06	0
3	unsafe	4	3	reset	62	0.06	0
3	unsafe	4	3	reset	63	0.08	0
3	unsafe	4	3	reset	64	0.05	0
3	unsafe	4	3	reset	65	0.05	0
3	unsafe	4	3	reset	66	0.06	0
3	unsafe	4	3	reset	67	0.06	0
3	unsafe	4	3	reset	68	0.05	0
3	unsafe	4	3	reset	69	0.05	0
3	unsafe	4	3	reset	70	0.05	0
3	unsafe	4	3	reset	71	0.05	0
3	unsafe	4	3	reset	72	0.07	0
3	unsafe	4	3	reset	73	0.3	0
3	unsafe	4	3	reset	74	0.051	0
3	unsafe	4	3	reset	75	0.07	0
3	unsafe	4	3	reset	76	0.071	0
3	unsafe	4	3	reset	77	0.05	0
3	unsafe	4	3	reset	78	0.05	0
3	unsafe	4	3	reset	79	0.051	0
3	unsafe	4	3	reset	80	0.05	0
3	unsafe	4	3	reset	81	0.08	0
3	unsafe	4	3	reset	82	0.05	0
3	unsafe	4	3	reset	83	0.05	0
3	unsafe	4	3	reset	84	0.05	0
3	unsafe	4	3	reset	85	0.09	0
3	unsafe	4	3	reset	86	0.05	0
3	unsafe	4	3	reset	87	0.05	0
3	unsafe	4	3	reset	88	0.05	0
3	unsafe	4	3	reset	89	0.05	0
3	unsafe	4	3	reset	90	0.07	0
3	unsafe	4	3	reset	91	0.05	0
3	unsafe	4	3	reset	92	0.05	0
3	unsafe	4	3	reset	93	0.06	0
3	unsafe	4	3	reset	94	0.06	0
3	unsafe	4	3	reset	95	0.101	0
3	unsafe	4	3	reset	96	0.05	0
3	unsafe	4	3	reset	97	0.061	0
3	unsafe	4	3	reset	98	0.07	0
3	unsafe	4	3	reset	99	0.07	0
3	unsafe	4	3	reset	100	0.05	0
3	unsafe	4	3	reset	101	0.05	0
3	unsafe	4	3	reset	102	0.05	0
3	unsafe	4	3	reset	103	0.05	0
3	unsafe	4	3	reset	104	0.07	0
3	unsafe	4	3	reset	105	0.05	0
3	unsafe	4	3	reset	106	0.05	0
3	unsafe	4	3	reset	107	0.05	0
3	unsafe	4	3	reset	108	0.1	0
3	unsafe	4	3	reset	109	0.05	0
3	unsafe	4	3	reset	110	0.06	0
3	unsafe	4	3	reset	111	0.06	0
3	unsafe	4	3	reset	112	0.05	0
3	unsafe	4	3	reset	113	0.07	0
3	unsafe	4	3	reset	114	0.06	0
3	unsafe	4	3	reset	115	0.05	0
3	unsafe	4	3	reset	116	0.05	0
3	unsafe	4	3	reset	117	0.07	0
3	unsafe	4	3	reset	118	0.06	0
3	unsafe	4	3	reset	119	0.05	0
3	unsafe	4	3	reset	120	0.051	0
3	unsafe	4	3	reset	121	0.051	0
3	unsafe	4	3	reset	122	0.08	0
3	unsafe	4	3	reset	123	0.05	0
3	unsafe	4	3	reset	124	0.06	0
3	unsafe	4	3	reset	125	0.06	0
3	unsafe	4	3	reset	126	0.08	0
3	unsafe	4	3	reset	127	0.06	0
3	unsafe	4	3	reset	128	0.05	0
3	unsafe	4	3	reset	129	0.06	0
3	unsafe	4	3	reset	130	0.05	0
3	unsafe	4	3	reset	131	0.071	0
3	unsafe	4	3	reset	132	0.04	0
3	unsafe	4	3	reset	133	0.05	0
3	unsafe	4	3	reset	134	0.05	0
3	unsafe	4	3	reset	135	0.05	0
3	unsafe	4	3	reset	136	0.08	0
3	unsafe	4	3	reset	137	0.05	0
3	unsafe	4	3	reset	138	0.05	0
3	unsafe	4	3	reset	139	0.06	0
3	unsafe	4	3	reset	140	0.08	0
3	unsafe	4	3	reset	141	0.05	0
3	unsafe	4	3	reset	142	0.05	0
3	unsafe	4	3	reset	143	0.26	0
3	unsafe	4	3	reset	144	0.06	0
3	unsafe	4	3	reset	145	0.08	0
3	unsafe	4	3	reset	146	0.05	0
3	unsafe	4	3	reset	147	0.06	0
3	unsafe	4	3	reset	148	0.05	0
3	unsafe	4	3	reset	149	0.09	0
3	unsafe	4	3	reset	150	0.05	0
3	unsafe	4	3	reset	151	0.05	0
3	unsafe	4	3	reset	152	0.05	0
3	unsafe	4	3	reset	153	0.051	0
3	unsafe	4	3	reset	154	0.07	0
3	unsafe	4	3	reset	155	0.05	0
3	unsafe	4	3	reset	156	0.05	0
3	unsafe	4	3	reset	157	0.06	0
3	unsafe	4	3	reset	158	0.07	0
3	unsafe	4	3	reset	159	0.05	0
3	unsafe	4	3	reset	160	0.05	0
3	unsafe	4	3	reset	161	0.05	0
3	unsafe	4	3	reset	162	0.05	0
3	unsafe	4	3	reset	163	0.08	0
3	unsafe	4	3	reset	164	0.05	0
3	unsafe	4	3	reset	165	0.05	0
3	unsafe	4	3	reset	166	0.08	0
3	unsafe	4	3	reset	167	0.07	0
3	unsafe	4	3	reset	168	0.05	0
3	unsafe	4	3	reset	169	0.05	0
3	unsafe	4	3	reset	170	0.06	0
3	unsafe	4	3	reset	171	0.05	0
3	unsafe	4	3	reset	172	0.08	0
3	unsafe	4	3	reset	173	0.05	0
3	unsafe	4	3	reset	174	0.051	0
3	unsafe	4	3	reset	175	0.05	0
3	unsafe	4	3	reset	176	0.07	0
3	unsafe	4	3	reset	177	0.05	0
3	unsafe	4	3	reset	178	0.081	0
3	unsafe	4	3	reset	179	0.06	0
3	unsafe	4	3	reset	180	0.05	0
3	unsafe	4	3	reset	181	0.091	0
3	unsafe	4	3	reset	182	0.05	0
3	unsafe	4	3	reset	183	0.06	0
3	unsafe	4	3	reset	184	0.05	0
3	unsafe	4	3	reset	185	0.091	0
3	unsafe	4	3	reset	186	0.05	0
3	unsafe	4	3	reset	187	0.05	0
3	unsafe	4	3	reset	188	0.05	0
3	unsafe	4	3	reset	189	0.05	0
3	unsafe	4	3	reset	190	0.07	0
3	unsafe	4	3	reset	191	0.05	0
3	unsafe	4	3	reset	192	0.05	0
3	unsafe	4	3	reset	193	0.061	0
3	unsafe	4	3	reset	194	0.06	0
3	unsafe	4	3	reset	195	0.08	0
3	unsafe	4	3	reset	196	0.05	0
3	unsafe	4	3	reset	197	0.06	0
3	unsafe	4	3	reset	198	0.05	0
3	unsafe	4	3	reset	199	0.07	0
3	unsafe	4	3	reset	200	0.05	0
3	unsafe	4	3	stall	1	47.119	0
3	unsafe	4	3	stall	2	0.0	0
3	unsafe	4	3	stall	3	0.0	0
3	checked	8	7	reset	1	86.534	1
3	checked	8	7	reset	2	58.621	1
3	checked	8	7	reset	3	46.368	1
3	checked	8	7	reset	4	43.081	1
3	checked	8	7	reset	5	41.038	1
3	checked	8	7	reset	6	38.603	1
3	checked	8	7	reset	7	51.888	1
3	checked	8	7	reset	8	54.042	1
3	checked	8	7	reset	9	217.861	1
3	checked	8	7	reset	10	46.367	1
3	checked	8	7	reset	11	41.668	1
3	checked	8	7	reset	12	40.336	1
3	checked	8	7	reset	13	110.598	1
3	checked	8	7	reset	14	67.277	1
3	checked	8	7	reset	15	60.744	1
3	checked	8	7	reset	16	62.167	1
3	checked	8	7	reset	17	64.171	1
3	checked	8	7	reset	18	1311.704	1
3	checked	8	7	reset	19	58.24	1
3	checked	8	7	reset	20	65.984	1
3	checked	8	7	reset	21	54.673	1
3	checked	8	7	reset	22	54.132	1
3	checked	8	7	reset	23	1894.494	1
3	checked	8	7	reset	24	62.438	1
3	checked	8	7	reset	25	53.882	1
3	checked	8	7	reset	26	61.887	1
3	checked	8	7	reset	27	55.344	1
3	checked	8	7	reset	28	51.958	1
3	checked	8	7	reset	29	52.359	1
3	checked	8	7	reset	30	48.752	1
3	checked	8	7	reset	31	48.972	1
3	checked	8	7	reset	32	49.583	1
3	checked	8	7	reset	33	53.601	1
3	checked	8	7	reset	34	48.952	1
3	checked	8	7	reset	35	48.16	1
3	checked	8	7	reset	36	45.927	1
3	checked	8	7	reset	37	57.618	1
3	checked	8	7	reset	38	47.019	1
3	checked	8	7	reset	39	45.776	1
3	checked	8	7	reset	40	45.756	1
3	checked	8	7	reset	41	44.664	1
3	checked	8	7	reset	42	46.648	1
3	checked	8	7	reset	43	46.708	1
3	checked	8	7	reset	44	51.337	1
3	checked	8	7	reset	45	45.476	1
3	checked	8	7	reset	46	44.734	1
3	checked	8	7	reset	47	45.816	1
3	checked	8	7	reset	48	59.302	1
3	checked	8	7	reset	49	48.161	1
3	checked	8	7	reset	50	44.233	1
3	checked	8	7	reset	51	45.916	1
3	checked	8	7	reset	52	47.008	1
3	checked	8	7	reset	53	47.019	1
3	checked	8	7	reset	54	45.035	1
3	checked	8	7	reset	55	47.87	1
3	checked	8	7	reset	56	47.329	1
3	checked	8	7	reset	57	47.419	1
3	checked	8	7	reset	58	44.423	1
3	checked	8	7	reset	59	46.066	1
3	checked	8	7	reset	60	47.249	1
3	checked	8	7	reset	61	47.139	1
3	checked	8	7	reset	62	44.604	1
3	checked	8	7	reset	63	47.009	1
3	checked	8	7	reset	64	46.648	1
3	checked	8	7	reset	65	45.126	1
3	checked	8	7	reset	66	44.594	1
3	checked	8	7	reset	67	58.721	1
3	checked	8	7	reset	68	141.857	1
3	checked	8	7	reset	69	45.496	1
3	checked	8	7	reset	70	46.007	1
3	checked	8	7	reset	71	44.354	1
3	checked	8	7	reset	72	43.963	1
3	checked	8	7	reset	73	44.634	1
3	checked	8	7	reset	74	44.614	1
3	checked	8	7	reset	75	45.776	1
3	checked	8	7	reset	76	51.417	1
3	checked	8	7	reset	77	45.055	1
3	checked	8	7	reset	78	45.025	1
3	checked	8	7	reset	79	46.758	1
3	checked	8	7	reset	80	44.894	1
3	checked	8	7	reset	81	47.289	1
3	checked	8	7	reset	82	51.377	1
3	checked	8	7	reset	83	47.96	1
3	checked	8	7	reset	84	43.923	1
3	checked	8	7	reset	85	45.295	1
3	checked	8	7	reset	86	49.163	1
3	checked	8	7	reset	87	46.939	1
3	checked	8	7	reset	88	44.584	1
3	checked	8	7	reset	89	47.449	1
3	checked	8	7	reset	90	49.073	1
3	checked	8	7	reset	91	45.526	1
3	checked	8	7	reset	92	44.534	1
3	checked	8	7	reset	93	45.666	1
3	checked	8	7	reset	94	50.605	1
3	checked	8	7	reset	95	45.165	1
3	checked	8	7	reset	96	46.207	1
3	checked	8	7	reset	97	47.048	1
3	checked	8	7	reset	98	43.502	1
3	checked	8	7	reset	99	46.077	1
3	checked	8	7	reset	100	46.047	1
3	checked	8	7	reset	101	46.758	1
3	checked	8	7	reset	102	46.548	1
3	checked	8	7	reset	103	45.075	1
3	checked	8	7	reset	104	44.163	1
3	checked	8	7	reset	105	51.838	1
3	checked	8	7	reset	106	44.163	1
3	checked	8	7	reset	107	44.153	1
3	checked	8	7	reset	108	47.639	1
3	checked	8	7	reset	109	50.505	1
3	checked	8	7	reset	110	46.548	1
3	checked	8	7	reset	111	46.828	1
3	checked	8	7	reset	112	45.566	1
3	checked	8	7	reset	113	46.688	1
3	checked	8	7	reset	114	46.308	1
3	checked	8	7	reset	115	46.678	1
3	checked	8	7	reset	116	44.414	1
3	checked	8	7	reset	117	54.824	1
3	checked	8	7	reset	118	44.043	1
3	checked	8	7	reset	119	46.578	1
3	checked	8	7	reset	120	59.853	1
3	checked	8	7	reset	121	49.534	1
3	checked	8	7	reset	122	47.479	1
3	checked	8	7	reset	123	47.97	1
3	checked	8	7	reset	124	46.678	1
3	checked	8	7	reset	125	44.193	1
3	checked	8	7	reset	126	43.211	1
3	checked	8	7	reset	127	44.574	1
3	checked	8	7	reset	128	43.572	1
3	checked	8	7	reset	129	43.873	1
3	checked	8	7	reset	130	43.442	1
3	checked	8	7	reset	131	44.965	1
3	checked	8	7	reset	132	45.937	1
3	checked	8	7	reset	133	44.073	1
3	checked	8	7	reset	134	44.594	1
3	checked	8	7	reset	135	44.865	1
3	checked	8	7	reset	136	43.703	1
3	checked	8	7	reset	137	46.067	1
3	checked	8	7	reset	138	43.593	1
3	checked	8	7	reset	139	47.57	1
3	checked	8	7	reset	140	44.003	1
3	checked	8	7	reset	141	45.656	1
3	checked	8	7	reset	142	43.582	1
3	checked	8	7	reset	143	45.876	1
3	checked	8	7	reset	144	43.372	1
3	checked	8	7	reset	145	42.991	1
3	checked	8	7	reset	146	55.675	1
3	checked	8	7	reset	147	43.462	1
3	checked	8	7	reset	148	42.58	1
3	checked	8	7	reset	149	43.162	1
3	checked	8	7	reset	150	40.276	1
3	checked	8	7	reset	151	39.735	1
3	checked	8	7	reset	152	40.586	1
3	checked	8	7	reset	153	41.127	1
3	checked	8	7	reset	154	41.338	1
3	checked	8	7	reset	155	40.155	1
3	checked	8	7	reset	156	40.467	1
3	checked	8	7	reset	157	40.717	1
3	checked	8	7	reset	158	40.146	1
3	checked	8	7	reset	159	41.668	1
3	checked	8	7	reset	160	41.629	1
3	checked	8	7	reset	161	40.957	1
3	checked	8	7	reset	162	41.328	1
3	checked	8	7	reset	163	39.454	1
3	checked	8	7	reset	164	40.887	1
3	checked	8	7	reset	165	40.407	1
3	checked	8	7	reset	166	40.216	1
3	checked	8	7	reset	167	42.18	1
3	checked	8	7	reset	168	40.266	1
3	checked	8	7	reset	169	40.436	1
3	checked	8	7	reset	170	40.206	1
3	checked	8	7	reset	171	42.38	1
3	checked	8	7	reset	172	40.626	1
3	checked	8	7	reset	173	40.046	1
3	checked	8	7	reset	174	40.155	1
3	checked	8	7	reset	175	40.316	1
3	checked	8	7	reset	176	39.425	1
3	checked	8	7	reset	177	40.185	1
3	checked	8	7	reset	178	38.963	1
3	checked	8	7	reset	179	40.797	1
3	checked	8	7	reset	180	58.48	1
3	checked	8	7	reset	181	40.687	1
3	checked	8	7	reset	182	41.939	1
3	checked	8	7	reset	183	39.684	1
3	checked	8	7	reset	184	40.046	1
3	checked	8	7	reset	185	39.464	1
3	checked	8	7	reset	186	39.805	1
3	checked	8	7	reset	187	39.524	1
3	checked	8	7	reset	188	39.444	1
3	checked	8	7	reset	189	40.216	1
3	checked	8	7	reset	190	39.825	1
3	checked	8	7	reset	191	39.585	1
3	checked	8	7	reset	192	39.164	1
3	checked	8	7	reset	193	40.096	1
3	checked	8	7	reset	194	40.055	1
3	checked	8	7	reset	195	39.555	1
3	checked	8	7	reset	196	40.285	1
3	checked	8	7	reset	197	40.036	1
3	checked	8	7	reset	198	39.635	1
3	checked	8	7	reset	199	40.576	1
3	checked	8	7	reset	200	39.605	1
3	checked	8	7	stall	1	136.257	1
3	checked	8	7	stall	2	2596.879	1
3	checked	8	7	stall	3	137.71	1
3	checked	8	7	stall	4	138.23	1
3	checked	8	7	stall	5	136.558	1
3	checked	8	7	stall	6	137.158	1
3	checked	8	7	stall	7	138.331	1
3	unsafe	8	7	reset	1	0.09	1
3	unsafe	8	7	reset	2	0.04	1
3	unsafe	8	7	reset	3	0.04	1
3	unsafe	8	7	reset	4	0.05	1
3	unsafe	8	7	reset	5	0.05	1
3	unsafe	8	7	reset	6	0.05	1
3	unsafe	8	7	reset	7	0.151	1
3	unsafe	8	7	reset	8	0.41	1
3	unsafe	8	7	reset	9	0.3	1
3	unsafe	8	7	reset	10	1.142	1
3	unsafe	8	7	reset	11	0.501	1
3	unsafe	8	7	reset	12	0.09	1
3	unsafe	8	7	reset	13	0.07	1
3	unsafe	8	7	reset	14	0.07	1
3	unsafe	8	7	reset	15	0.1	1
3	unsafe	8	7	reset	16	0.08	1
3	unsafe	8	7	reset	17	0.08	1
3	unsafe	8	7	reset	18	0.08	1
3	unsafe	8	7	reset	19	0.08	1
3	unsafe	8	7	reset	20	0.11	1
3	unsafe	8	7	reset	21	0.08	1
3	unsafe	8	7	reset	22	0.091	1
3	unsafe	8	7	reset	23	0.11	1
3	unsafe	8	7	reset	24	0.09	1
3	unsafe	8	7	reset	25	0.101	1
3	unsafe	8	7	reset	26	0.091	1
3	unsafe	8	7	reset	27	0.1	1
3	unsafe	8	7	reset	28	0.171	1
3	unsafe	8	7	reset	29	0.08	1
3	unsafe	8	7	reset	30	0.111	1
3	unsafe	8	7	reset	31	0.1	1
3	unsafe	8	7	reset	32	0.09	1
3	unsafe	8	7	reset	33	0.11	1
3	unsafe	8	7	reset	34	0.09	1
3	unsafe	8	7	reset	35	0.08	1
3	unsafe	8	7	reset	36	0.111	1
3	unsafe	8	7	reset	37	0.08	1
3	unsafe	8	7	reset	38	0.111	1
3	unsafe	8	7	reset	39	0.07	1
3	unsafe	8	7	reset	40	0.091	1
3	unsafe	8	7	reset	41	0.141	1
3	unsafe	8	7	reset	42	0.07	1
3	unsafe	8	7	reset	43	0.08	1
3	unsafe	8	7	reset	44	0.08	1
3	unsafe	8	7	reset	45	0.08	1
3	unsafe	8	7	reset	46	0.101	1
3	unsafe	8	7	reset	47	0.08	1
3	unsafe	8	7	reset	48	0.091	1
3	unsafe	8	7	reset	49	0.09	1
3	unsafe	8	7	reset	50	0.07	1
3	unsafe	8	7	reset	51	0.05	1
3	unsafe	8	7	reset	52	0.061	1
3	unsafe	8	7	reset	53	0.11	1
3	unsafe	8	7	reset	54	0.06	1
3	unsafe	8	7	reset	55	0.07	1
3	unsafe	8	7	reset	56	0.05	1
3	unsafe	8	7	reset	57	0.05	1
3	unsafe	8	7	reset	58	0.08	1
3	unsafe	8	7	reset	59	0.05	1
3	unsafe	8	7	reset	60	0.08	1
3	unsafe	8	7	reset	61	0.07	1
3	unsafe	8	7	reset	62	0.05	1
3	unsafe	8	7	reset	63	0.061	1
3	unsafe	8	7	reset	64	0.05	1
3	unsafe	8	7	reset	65	0.071	1
3	unsafe	8	7	reset	66	0.07	1
3	unsafe	8	7	reset	67	0.06	1
3	unsafe	8	7	reset	68	0.06	1
3	unsafe	8	7	reset	69	0.06	1
3	unsafe	8	7	reset	70	0.06	1
3	unsafe	8	7	reset	71	0.05	1
3	unsafe	8	7	reset	72	0.06	1
3	unsafe	8	7	reset	73	0.06	1
3	unsafe	8	7	reset	74	0.08	1
3	unsafe	8	7	reset	75	0.05	1
3	unsafe	8	7	reset	76	0.07	1
3	unsafe	8	7	reset	77	0.05	1
3	unsafe	8	7	reset	78	0.06	1
3	unsafe	8	7	reset	79	0.061	1
3	unsafe	8	7	reset	80	0.06	1
3	unsafe	8	7	reset	81	0.06	1
3	unsafe	8	7	reset	82	0.06	1
3	unsafe	8	7	reset	83	0.05	1
3	unsafe	8	7	reset	84	0.081	1
3	unsafe	8	7	reset	85	0.05	1
3	unsafe	8	7	reset	86	0.06	1
3	unsafe	8	7	reset	87	0.06	1
3	unsafe	8	7	reset	88	0.07	1
3	unsafe	8	7	reset	89	0.06	1
3	unsafe	8	7	reset	90	0.06	1
3	unsafe	8	7	reset	91	0.06	1
3	unsafe	8	7	reset	92	0.07	1
3	unsafe	8	7	reset	93	0.06	1
3	unsafe	8	7	reset	94	0.07	1
3	unsafe	8	7	reset	95	0.06	1
3	unsafe	8	7	reset	96	0.07	1
3	unsafe	8	7	reset	97	0.06	1
3	unsafe	8	7	reset	98	0.06	1
3	unsafe	8	7	reset	99	0.08	1
3	unsafe	8	7	reset	100	0.06	1
3	unsafe	8	7	reset	101	0.06	1
3	unsafe	8	7	reset	102	0.07	1
3	unsafe	8	7	reset	103	0.061	1
3	unsafe	8	7	reset	104	0.07	1
3	unsafe	8	7	reset	105	0.05	1
3	unsafe	8	7	reset	106	0.07	1
3	unsafe	8	7	reset	107	0.06	1
3	unsafe	8	7	reset	108	0.06	1
3	unsafe	8	7	reset	109	0.07	1
3	unsafe	8	7	reset	110	0.06	1
3	unsafe	8	7	reset	111	0.06	1
3	unsafe	8	7	reset	112	0.071	1
3	unsafe	8	7	reset	113	0.07	1
3	unsafe	8	7	reset	114	0.06	1
3	unsafe	8	7	reset	115	0.06	1
3	unsafe	8	7	reset	116	0.07	1
3	unsafe	8	7	reset	117	0.061	1
3	unsafe	8	7	reset	118	0.06	1
3	unsafe	8	7	reset	119	0.05	1
3	unsafe	8	7	reset	120	0.06	1
3	unsafe	8	7	reset	121	0.05	1
3	unsafe	8	7	reset	122	0.08	1
3	unsafe	8	7	reset	123	0.06	1
3	unsafe	8	7	reset	124	0.06	1
3	unsafe	8	7	reset	125	0.06	1
3	unsafe	8	7	reset	126	0.06	1
3	unsafe	8	7	reset	127	0.08	1
3	unsafe	8	7	reset	128	0.06	1
3	unsafe	8	7	reset	129	0.05	1
3	unsafe	8	7	reset	130	0.07	1
3	unsafe	8	7	reset	131	0.071	1
3	unsafe	8	7	reset	132	0.06	1
3	unsafe	8	7	reset	133	0.061	1
3	unsafe	8	7	reset	134	0.05	1
3	unsafe	8	7	reset	135	0.06	1
3	unsafe	8	7	reset	136	0.07	1
3	unsafe	8	7	reset	137	0.06	1
3	unsafe	8	7	reset	138	0.07	1
3	unsafe	8	7	reset	139	0.06	1
3	unsafe	8	7	reset	140	0.071	1
3	unsafe	8	7	reset	141	0.07	1
3	unsafe	8	7	reset	142	0.061	1
3	unsafe	8	7	reset	143	0.05	1
3	unsafe	8	7	reset	144	0.06	1
3	unsafe	8	7	reset	145	0.06	1
3	unsafe	8	7	reset	146	0.06	1
3	unsafe	8	7	reset	147	0.06	1
3	unsafe	8	7	reset	148	0.06	1
3	unsafe	8	7	reset	149	0.06	1
3	unsafe	8	7	reset	150	0.08	1
3	unsafe	8	7	reset	151	0.05	1
3	unsafe	8	7	reset	152	0.05	1
3	unsafe	8	7	reset	153	0.06	1
3	unsafe	8	7	reset	154	0.07	1
3	unsafe	8	7	reset	155	0.08	1
3	unsafe	8	7	reset	156	0.05	1
3	unsafe	8	7	reset	157	0.06	1
3	unsafe	8	7	reset	158	0.06	1
3	unsafe	8	7	reset	159	0.06	1
3	unsafe	8	7	reset	160	0.07	1
3	unsafe	8	7	reset	161	0.05	1
3	unsafe	8	7	reset	162	0.061	1
3	unsafe	8	7	reset	163	0.06	1
3	unsafe	8	7	reset	164	0.07	1
3	unsafe	8	7	reset	165	0.04	1
3	unsafe	8	7	reset	166	0.06	1
3	unsafe	8	7	reset	167	0.06	1
3	unsafe	8	7	reset	168	0.07	1
3	unsafe	8	7	reset	169	0.06	1
3	unsafe	8	7	reset	170	0.061	1
3	unsafe	8	7	reset	171	0.07	1
3	unsafe	8	7	reset	172	0.05	1
3	unsafe	8	7	reset	173	0.07	1
3	unsafe	8	7	reset	174	0.06	1
3	unsafe	8	7	reset	175	0.06	1
3	unsafe	8	7	reset	176	0.06	1
3	unsafe	8	7	reset	177	0.06	1
3	unsafe	8	7	reset	178	0.06	1
3	unsafe	8	7	reset	179	0.06	1
3	unsafe	8	7	reset	180	0.06	1
3	unsafe	8	7	reset	181	0.06	1
3	unsafe	8	7	reset	182	0.07	1
3	unsafe	8	7	reset	183	0.05	1
3	unsafe	8	7	reset	184	0.07	1
3	unsafe	8	7	reset	185	0.06	1
3	unsafe	8	7	reset	186	0.061	1
3	unsafe	8	7	reset	187	0.05	1
3	unsafe	8	7	reset	188	0.06	1
3	unsafe	8	7	reset	189	0.07	1
3	unsafe	8	7	reset	190	0.06	1
3	unsafe	8	7	reset	191	0.08	1
3	unsafe	8	7	reset	192	0.06	1
3	unsafe	8	7	reset	193	0.06	1
3	unsafe	8	7	reset	194	0.06	1
3	unsafe	8	7	reset	195	0.07	1
3	unsafe	8	7	reset	196	0.06	1
3	unsafe	8	7	reset	197	0.061	1
3	unsafe	8	7	reset	198	0.06	1
3	unsafe	8	7	reset	199	0.07	1
3	unsafe	8	7	reset	200	0.09	1
3	unsafe	8	7	stall	1	0.0	1
3	unsafe	8	7	stall	2	0.0	1
3	unsafe	8	7	stall	3	0.0	1
3	unsafe	8	7	stall	4	0.0	1
3	unsafe	8	7	stall	5	0.0	1
3	unsafe	8	7	stall	6	0.0	1
3	unsafe	8	7	stall	7	0.0	1
3	checked	16	15	reset	1	83.648	0
3	checked	16	15	reset	2	52.639	0
3	checked	16	15	reset	3	49.704	0
3	checked	16	15	reset	4	51.537	0
3	checked	16	15	reset	5	50.786	0
3	checked	16	15	reset	6	186.652	0
3	checked	16	15	reset	7	73.579	0
3	checked	16	15	reset	8	429.26	0
3	checked	16	15	reset	9	47.119	0
3	checked	16	15	reset	10	48.111	0
3	checked	16	15	reset	11	85.691	0
3	checked	16	15	reset	12	66.746	0
3	checked	16	15	reset	13	69.661	0
3	checked	16	15	reset	14	66.605	0
3	checked	16	15	reset	15	66.675	0
3	checked	16	15	reset	16	67.828	0
3	checked	16	15	reset	17	67.727	0
3	checked	16	15	reset	18	67.908	0
3	checked	16	15	reset	19	69.15	0
3	checked	16	15	reset	20	64.863	0
3	checked	16	15	reset	21	65.854	0
3	checked	16	15	reset	22	60.564	0
3	checked	16	15	reset	23	63.71	0
3	checked	16	15	reset	24	68.229	0
3	checked	16	15	reset	25	67.959	0
3	checked	16	15	reset	26	67.267	0
3	checked	16	15	reset	27	62.878	0
3	checked	16	15	reset	28	67.217	0
3	checked	16	15	reset	29	66.295	0
3	checked	16	15	reset	30	68.008	0
3	checked	16	15	reset	31	67.036	0
3	checked	16	15	reset	32	66.776	0
3	checked	16	15	reset	33	65.984	0
3	checked	16	15	reset	34	61.235	0
3	checked	16	15	reset	35	64.131	0
3	checked	16	15	reset	36	65.003	0
3	checked	16	15	reset	37	63.209	0
3	checked	16	15	reset	38	63.96	0
3	checked	16	15	reset	39	65.273	0
3	checked	16	15	reset	40	67.667	0
3	checked	16	15	reset	41	67.277	0
3	checked	16	15	reset	42	67.567	0
3	checked	16	15	reset	43	66.936	0
3	checked	16	15	reset	44	70.964	0
3	checked	16	15	reset	45	65.754	0
3	checked	16	15	reset	46	69.07	0
3	checked	16	15	reset	47	66.034	0
3	checked	16	15	reset	48	69.09	0
3	checked	16	15	reset	49	60.264	0
3	checked	16	15	reset	50	69.601	0
3	checked	16	15	reset	51	63.519	0
3	checked	16	15	reset	52	67.347	0
3	checked	16	15	reset	53	62.458	0
3	checked	16	15	reset	54	66.135	0
3	checked	16	15	reset	55	67.157	0
3	checked	16	15	reset	56	65.483	0
3	checked	16	15	reset	57	64.321	0
3	checked	16	15	reset	58	69.591	0
3	checked	16	15	reset	59	64.812	0
3	checked	16	15	reset	60	99.748	0
3	checked	16	15	reset	61	64.792	0
3	checked	16	15	reset	62	66.225	0
3	checked	16	15	reset	63	64.031	0
3	checked	16	15	reset	64	72.126	0
3	checked	16	15	reset	65	64.121	0
3	checked	16	15	reset	66	69.161	0
3	checked	16	15	reset	67	68.038	0
3	checked	16	15	reset	68	66.646	0
3	checked	16	15	reset	69	68.138	0
3	checked	16	15	reset	70	62.779	0
3	checked	16	15	reset	71	64.201	0
3	checked	16	15	reset	72	67.578	0
3	checked	16	15	reset	73	64.632	0
3	checked	16	15	reset	74	63.78	0
3	checked	16	15	reset	75	65.293	0
3	checked	16	15	reset	76	66.255	0
3	checked	16	15	reset	77	66.736	0
3	checked	16	15	reset	78	62.979	0
3	checked	16	15	reset	79	63.721	0
3	checked	16	15	reset	80	63.079	0
3	checked	16	15	reset	81	63.029	0
3	checked	16	15	reset	82	65.965	0
3	checked	16	15	reset	83	65.574	0
3	checked	16	15	reset	84	66.766	0
3	checked	16	15	reset	85	68.029	0
3	checked	16	15	reset	86	66.145	0
3	checked	16	15	reset	87	63.48	0
3	checked	16	15	reset	88	63.89	0
3	checked	16	15	reset	89	68.119	0
3	checked	16	15	reset	90	64.392	0
3	checked	16	15	reset	91	64.251	0
3	checked	16	15	reset	92	64.852	0
3	checked	16	15	reset	93	65.774	0
3	checked	16	15	reset	94	66.004	0
3	checked	16	15	reset	95	62.998	0
3	checked	16	15	reset	96	64.982	0
3	checked	16	15	reset	97	63.52	0
3	checked	16	15	reset	98	67.076	0
3	checked	16	15	reset	99	61.306	0
3	checked	16	15	reset	100	65.904	0
3	checked	16	15	reset	101	61.506	0
3	checked	16	15	reset	102	63.109	0
3	checked	16	15	reset	103	65.493	0
3	checked	16	15	reset	104	64.241	0
3	checked	16	15	reset	105	64.793	0
3	checked	16	15	reset	106	64.993	0
3	checked	16	15	reset	107	64.151	0
3	checked	16	15	reset	108	62.638	0
3	checked	16	15	reset	109	69.541	0
3	checked	16	15	reset	110	64.612	0
3	checked	16	15	reset	111	70.953	0
3	checked	16	15	reset	112	77.416	0
3	checked	16	15	reset	113	68.168	0
3	checked	16	15	reset	114	64.912	0
3	checked	16	15	reset	115	64.381	0
3	checked	16	15	reset	116	65.794	0
3	checked	16	15	reset	117	62.558	0
3	checked	16	15	reset	118	62.418	0
3	checked	16	15	reset	119	64.291	0
3	checked	16	15	reset	120	64.171	0
3	checked	16	15	reset	121	63.38	0
3	checked	16	15	reset	122	66.465	0
3	checked	16	15	reset	123	62.828	0
3	checked	16	15	reset	124	65.844	0
3	checked	16	15	reset	125	65.794	0
3	checked	16	15	reset	126	61.115	0
3	checked	16	15	reset	127	60.324	0
3	checked	16	15	reset	128	69.762	0
3	checked	16	15	reset	129	62.418	0
3	checked	16	15	reset	130	65.203	0
3	checked	16	15	reset	131	64.081	0
3	checked	16	15	reset	132	66.786	0
3	checked	16	15	reset	133	62.899	0
3	checked	16	15	reset	134	62.799	0
3	checked	16	15	reset	135	62.668	0
3	checked	16	15	reset	136	67.247	0
3	checked	16	15	reset	137	65.273	0
3	checked	16	15	reset	138	68.83	0
3	checked	16	15	reset	139	67.217	0
3	checked	16	15	reset	140	66.967	0
3	checked	16	15	reset	141	67.307	0
3	checked	16	15	reset	142	65.013	0
3	checked	16	15	reset	143	64.201	0
3	checked	16	15	reset	144	66.515	0
3	checked	16	15	reset	145	66.335	0
3	checked	16	15	reset	146	67.648	0
3	checked	16	15	reset	147	63.25	0
3	checked	16	15	reset	148	63.67	0
3	checked	16	15	reset	149	64.902	0
3	checked	16	15	reset	150	62.428	0
3	checked	16	15	reset	151	63.089	0
3	checked	16	15	reset	152	64.02	0
3	checked	16	15	reset	153	66.706	0
3	checked	16	15	reset	154	69.331	0
3	checked	16	15	reset	155	67.418	0
3	checked	16	15	reset	156	68.019	0
3	checked	16	15	reset	157	66.385	0
3	checked	16	15	reset	158	64.522	0
3	checked	16	15	reset	159	63.681	0
3	checked	16	15	reset	160	66.485	0
3	checked	16	15	reset	161	64.492	0
3	checked	16	15	reset	162	64.682	0
3	checked	16	15	reset	163	65.143	0
3	checked	16	15	reset	164	65.985	0
3	checked	16	15	reset	165	67.297	0
3	checked	16	15	reset	166	65.734	0
3	checked	16	15	reset	167	65.163	0
3	checked	16	15	reset	168	68.689	0
3	checked	16	15	reset	169	64.702	0
3	checked	16	15	reset	170	66.947	0
3	checked	16	15	reset	171	3019.115	0
3	checked	16	15	reset	172	75.272	0
3	checked	16	15	reset	173	70.132	0
3	checked	16	15	reset	174	68.889	0
3	checked	16	15	reset	175	71.986	0
3	checked	16	15	reset	176	68.089	0
3	checked	16	15	reset	177	65.764	0
3	checked	16	15	reset	178	71.334	0
3	checked	16	15	reset	179	66.726	0
3	checked	16	15	reset	180	71.525	0
3	checked	16	15	reset	181	70.563	0
3	checked	16	15	reset	182	69.12	0
3	checked	16	15	reset	183	72.537	0
3	checked	16	15	reset	184	66.515	0
3	checked	16	15	reset	185	71.084	0
3	checked	16	15	reset	186	66.786	0
3	checked	16	15	reset	187	66.205	0
3	checked	16	15	reset	188	64.492	0
3	checked	16	15	reset	189	67.076	0
3	checked	16	15	reset	190	65.143	0
3	checked	16	15	reset	191	64.441	0
3	checked	16	15	reset	192	66.696	0
3	checked	16	15	reset	193	63.56	0
3	checked	16	15	reset	194	68.499	0
3	checked	16	15	reset	195	67.277	0
3	checked	16	15	reset	196	66.005	0
3	checked	16	15	reset	197	65.504	0
3	checked	16	15	reset	198	3976.561	0
3	checked	16	15	reset	199	83.037	0
3	checked	16	15	reset	200	74.24	0
3	checked	16	15	stall	1	180.641	0
3	checked	16	15	stall	2	182.584	0
3	checked	16	15	stall	3	177.515	0
3	checked	16	15	stall	4	182.935	0
3	checked	16	15	stall	5	181.994	0
3	checked	16	15	stall	6	177.885	0
3	checked	16	15	stall	7	177.946	0
3	checked	16	15	stall	8	180.04	0
3	checked	16	15	stall	9	178.386	0
3	checked	16	15	stall	10	183.907	0
3	checked	16	15	stall	11	178.126	0
3	checked	16	15	stall	12	181.102	0
3	checked	16	15	stall	13	179.338	0
3	checked	16	15	stall	14	280.228	0
3	checked	16	15	stall	15	180.42	0
3	unsafe	16	15	reset	1	0.13	0
3	unsafe	16	15	reset	2	0.09	0
3	unsafe	16	15	reset	3	0.05	0
3	unsafe	16	15	reset	4	0.07	0
3	unsafe	16	15	reset	5	0.06	0
3	unsafe	16	15	reset	6	0.05	0
3	unsafe	16	15	reset	7	0.05	0
3	unsafe	16	15	reset	8	0.05	0
3	unsafe	16	15	reset	9	0.081	0
3	unsafe	16	15	reset	10	0.571	0
3	unsafe	16	15	reset	11	0.281	0
3	unsafe	16	15	reset	12	0.061	0
3	unsafe	16	15	reset	13	0.091	0
3	unsafe	16	15	reset	14	0.081	0
3	unsafe	16	15	reset	15	0.08	0
3	unsafe	16	15	reset	16	0.1	0
3	unsafe	16	15	reset	17	0.08	0
3	unsafe	16	15	reset	18	0.11	0
3	unsafe	16	15	reset	19	0.09	0
3	unsafe	16	15	reset	20	0.09	0
3	unsafe	16	15	reset	21	0.12	0
3	unsafe	16	15	reset	22	0.07	0
3	unsafe	16	15	reset	23	0.07	0
3	unsafe	16	15	reset	24	0.11	0
3	unsafe	16	15	reset	25	0.08	0
3	unsafe	16	15	reset	26	0.11	0
3	unsafe	16	15	reset	27	0.08	0
3	unsafe	16	15	reset	28	0.101	0
3	unsafe	16	15	reset	29	0.1	0
3	unsafe	16	15	reset	30	0.08	0
3	unsafe	16	15	reset	31	0.11	0
3	unsafe	16	15	reset	32	0.08	0
3	unsafe	16	15	reset	33	0.101	0
3	unsafe	16	15	reset	34	0.11	0
3	unsafe	16	15	reset	35	0.08	0
3	unsafe	16	15	reset	36	0.12	0
3	unsafe	16	15	reset	37	0.08	0
3	unsafe	16	15	reset	38	0.1	0
3	unsafe	16	15	reset	39	0.111	0
3	unsafe	16	15	reset	40	0.09	0
3	unsafe	16	15	reset	41	0.111	0
3	unsafe	16	15	reset	42	0.08	0
3	unsafe	16	15	reset	43	0.111	0
3	unsafe	16	15	reset	44	0.11	0
3	unsafe	16	15	reset	45	0.091	0
3	unsafe	16	15	reset	46	0.11	0
3	unsafe	16	15	reset	47	0.091	0
3	unsafe	16	15	reset	48	0.08	0
3	unsafe	16	15	reset	49	0.121	0
3	unsafe	16	15	reset	50	0.09	0
3	unsafe	16	15	reset	51	0.12	0
3	unsafe	16	15	reset	52	0.09	0
3	unsafe	16	15	reset	53	0.08	0
3	unsafe	16	15	reset	54	0.12	0
3	unsafe	16	15	reset	55	0.1	0
3	unsafe	16	15	reset	56	0.12	0
3	unsafe	16	15	reset	57	0.09	0
3	unsafe	16	15	reset	58	0.1	0
3	unsafe	16	15	reset	59	0.13	0
3	unsafe	16	15	reset	60	0.09	0
3	unsafe	16	15	reset	61	0.11	0
3	unsafe	16	15	reset	62	0.09	0
3	unsafe	16	15	reset	63	0.11	0
3	unsafe	16	15	reset	64	0.1	0
3	unsafe	16	15	reset	65	0.09	0
3	unsafe	16	15	reset	66	0.11	0
3	unsafe	16	15	reset	67	0.111	0
3	unsafe	16	15	reset	68	0.1	0
3	unsafe	16	15	reset	69	0.12	0
3	unsafe	16	15	reset	70	0.08	0
3	unsafe	16	15	reset	71	0.1	0
3	unsafe	16	15	reset	72	0.11	0
3	unsafe	16	15	reset	73	0.101	0
3	unsafe	16	15	reset	74	0.11	0
3	unsafe	16	15	reset	75	0.09	0
3	unsafe	16	15	reset	76	0.101	0
3	unsafe	16	15	reset	77	0.111	0
3	unsafe	16	15	reset	78	0.08	0
3	unsafe	16	15	reset	79	0.12	0
3	unsafe	16	15	reset	80	0.09	0
3	unsafe	16	15	reset	81	0.1	0
3	unsafe	16	15	reset	82	0.1	0
3	unsafe	16	15	reset	83	0.11	0
3	unsafe	16	15	reset	84	0.1	0
3	unsafe	16	15	reset	85	0.111	0
3	unsafe	16	15	reset	86	0.14	0
3	unsafe	16	15	reset	87	0.12	0
3	unsafe	16	15	reset	88	0.101	0
3	unsafe	16	15	reset	89	0.12	0
3	unsafe	16	15	reset	90	0.1	0
3	unsafe	16	15	reset	91	0.121	0
3	unsafe	16	15	reset	92	0.1	0
3	unsafe	16	15	reset	93	0.09	0
3	unsafe	16	15	reset	94	0.111	0
3	unsafe	16	15	reset	95	0.11	0
3	unsafe	16	15	reset	96	0.1	0
3	unsafe	16	15	reset	97	0.111	0
3	unsafe	16	15	reset	98	0.08	0
3	unsafe	16	15	reset	99	0.091	0
3	unsafe	16	15	reset	100	0.08	0
3	unsafe	16	15	reset	101	0.09	0
3	unsafe	16	15	reset	102	0.11	0
3	unsafe	16	15	reset	103	0.081	0
3	unsafe	16	15	reset	104	0.1	0
3	unsafe	16	15	reset	105	0.12	0
3	unsafe	16	15	reset	106	0.1	0
3	unsafe	16	15	reset	107	0.1	0
3	unsafe	16	15	reset	108	0.09	0
3	unsafe	16	15	reset	109	0.1	0
3	unsafe	16	15	reset	110	0.101	0
3	unsafe	16	15	reset	111	0.081	0
3	unsafe	16	15	reset	112	0.11	0
3	unsafe	16	15	reset	113	0.091	0
3	unsafe	16	15	reset	114	0.08	0
3	unsafe	16	15	reset	115	0.11	0
3	unsafe	16	15	reset	116	0.08	0
3	unsafe	16	15	reset	117	0.12	0
3	unsafe	16	15	reset	118	0.08	0
3	unsafe	16	15	reset	119	0.091	0
3	unsafe	16	15	reset	120	0.09	0
3	unsafe	16	15	reset	121	0.08	0
3	unsafe	16	15	reset	122	0.1	0
3	unsafe	16	15	reset	123	0.091	0
3	unsafe	16	15	reset	124	0.09	0
3	unsafe	16	15	reset	125	0.11	0
3	unsafe	16	15	reset	126	0.08	0
3	unsafe	16	15	reset	127	0.11	0
3	unsafe	16	15	reset	128	0.08	0
3	unsafe	16	15	reset	129	0.101	0
3	unsafe	16	15	reset	130	0.11	0
3	unsafe	16	15	reset	131	0.09	0
3	unsafe	16	15	reset	132	0.101	0
3	unsafe	16	15	reset	133	0.1	0
3	unsafe	16	15	reset	134	0.091	0
3	unsafe	16	15	reset	135	0.111	0
3	unsafe	16	15	reset	136	0.08	0
3	unsafe	16	15	reset	137	0.09	0
3	unsafe	16	15	reset	138	0.101	0
3	unsafe	16	15	reset	139	0.08	0
3	unsafe	16	15	reset	140	0.11	0
3	unsafe	16	15	reset	141	0.09	0
3	unsafe	16	15	reset	142	0.101	0
3	unsafe	16	15	reset	143	0.1	0
3	unsafe	16	15	reset	144	0.08	0
3	unsafe	16	15	reset	145	0.11	0
3	unsafe	16	15	reset	146	0.1	0
3	unsafe	16	15	reset	147	0.1	0
3	unsafe	16	15	reset	148	0.11	0
3	unsafe	16	15	reset	149	0.09	0
3	unsafe	16	15	reset	150	0.12	0
3	unsafe	16	15	reset	151	0.08	0
3	unsafe	16	15	reset	152	0.09	0
3	unsafe	16	15	reset	153	0.1	0
3	unsafe	16	15	reset	154	0.09	0
3	unsafe	16	15	reset	155	0.09	0
3	unsafe	16	15	reset	156	0.09	0
3	unsafe	16	15	reset	157	0.1	0
3	unsafe	16	15	reset	158	0.13	0
3	unsafe	16	15	reset	159	0.09	0
3	unsafe	16	15	reset	160	0.14	0
3	unsafe	16	15	reset	161	0.08	0
3	unsafe	16	15	reset	162	0.09	0
3	unsafe	16	15	reset	163	0.13	0
3	unsafe	16	15	reset	164	0.081	0
3	unsafe	16	15	reset	165	0.101	0
3	unsafe	16	15	reset	166	0.08	0
3	unsafe	16	15	reset	167	0.08	0
3	unsafe	16	15	reset	168	0.12	0
3	unsafe	16	15	reset	169	0.08	0
3	unsafe	16	15	reset	170	0.14	0
3	unsafe	16	15	reset	171	0.08	0
3	unsafe	16	15	reset	172	0.09	0
3	unsafe	16	15	reset	173	0.111	0
3	unsafe	16	15	reset	174	0.07	0
3	unsafe	16	15	reset	175	0.11	0
3	unsafe	16	15	reset	176	0.1	0
3	unsafe	16	15	reset	177	0.081	0
3	unsafe	16	15	reset	178	0.11	0
3	unsafe	16	15	reset	179	0.08	0
3	unsafe	16	15	reset	180	0.11	0
3	unsafe	16	15	reset	181	0.1	0
3	unsafe	16	15	reset	182	0.081	0
3	unsafe	16	15	reset	183	0.101	0
3	unsafe	16	15	reset	184	0.12	0
3	unsafe	16	15	reset	185	0.11	0
3	unsafe	16	15	reset	186	0.09	0
3	unsafe	16	15	reset	187	0.1	0
3	unsafe	16	15	reset	188	0.111	0
3	unsafe	16	15	reset	189	0.08	0
3	unsafe	16	15	reset	190	0.1	0
3	unsafe	16	15	reset	191	0.07	0
3	unsafe	16	15	reset	192	0.08	0
3	unsafe	16	15	reset	193	0.1	0
3	unsafe	16	15	reset	194	0.08	0
3	unsafe	16	15	reset	195	0.1	0
3	unsafe	16	15	reset	196	0.07	0
3	unsafe	16	15	reset	197	0.09	0
3	unsafe	16	15	reset	198	0.111	0
3	unsafe	16	15	reset	199	0.09	0
3	unsafe	16	15	reset	200	0.09	0
3	unsafe	16	15	stall	1	0.0	0
3	unsafe	16	15	stall	2	0.0	0
3	unsafe	16	15	stall	3	0.0	0
3	unsafe	16	15	stall	4	0.0	0
3	unsafe	16	15	stall	5	0.0	0
3	unsafe	16	15	stall	6	0.0	0
3	unsafe	16	15	stall	7	0.0	0
3	unsafe	16	15	stall	8	0.0	0
3	unsafe	16	15	stall	9	0.0	0
3	unsafe	16	15	stall	10	0.0	0
3	unsafe	16	15	stall	11	0.0	0
3	unsafe	16	15	stall	12	174.559	0
3	unsafe	16	15	stall	13	0.0	0
3	unsafe	16	15	stall	14	0.0	0
3	unsafe	16	15	stall	15	0.0	0
3	checked	30	29	reset	1	103.565	0
3	checked	30	29	reset	2	70.803	0
3	checked	30	29	reset	3	62.769	0
3	checked	30	29	reset	4	53.16	0
3	checked	30	29	reset	5	167.356	0
3	checked	30	29	reset	6	91.472	0
3	checked	30	29	reset	7	439.52	0
3	checked	30	29	reset	8	54.613	0
3	checked	30	29	reset	9	79.129	0
3	checked	30	29	reset	10	162.186	0
3	checked	30	29	reset	11	104.818	0
3	checked	30	29	reset	12	95.58	0
3	checked	30	29	reset	13	96.292	0
3	checked	30	29	reset	14	102.313	0
3	checked	30	29	reset	15	116.319	0
3	checked	30	29	reset	16	107.253	0
3	checked	30	29	reset	17	107.062	0
3	checked	30	29	reset	18	103.826	0
3	checked	30	29	reset	19	104.287	0
3	checked	30	29	reset	20	114.065	0
3	checked	30	29	reset	21	113.825	0
3	checked	30	29	reset	22	98.456	0
3	checked	30	29	reset	23	107.914	0
3	checked	30	29	reset	24	98.756	0
3	checked	30	29	reset	25	103.676	0
3	checked	30	29	reset	26	100.88	0
3	checked	30	29	reset	27	105.94	0
3	checked	30	29	reset	28	120.057	0
3	checked	30	29	reset	29	101.802	0
3	checked	30	29	reset	30	111.621	0
3	checked	30	29	reset	31	104.387	0
3	checked	30	29	reset	32	98.025	0
3	checked	30	29	reset	33	101.09	0
3	checked	30	29	reset	34	102.384	0
3	checked	30	29	reset	35	104.948	0
3	checked	30	29	reset	36	97.865	0
3	checked	30	29	reset	37	101.682	0
3	checked	30	29	reset	38	101.742	0
3	checked	30	29	reset	39	101.571	0
3	checked	30	29	reset	40	100.099	0
3	checked	30	29	reset	41	100.339	0
3	checked	30	29	reset	42	97.925	0
3	checked	30	29	reset	43	3281.369	0
3	checked	30	29	reset	44	118.854	0
3	checked	30	29	reset	45	105.128	0
3	checked	30	29	reset	46	95.329	0
3	checked	30	29	reset	47	97.163	0
3	checked	30	29	reset	48	95.971	0
3	checked	30	29	reset	49	109.677	0
3	checked	30	29	reset	50	99.958	0
3	checked	30	29	reset	51	104.888	0
3	checked	30	29	reset	52	101.14	0
3	checked	30	29	reset	53	101.241	0
3	checked	30	29	reset	54	94.187	0
3	checked	30	29	reset	55	95.119	0
3	checked	30	29	reset	56	103.746	0
3	checked	30	29	reset	57	94.929	0
3	checked	30	29	reset	58	100.068	0
3	checked	30	29	reset	59	143.862	0
3	checked	30	29	reset	60	101.431	0
3	checked	30	29	reset	61	105.229	0
3	checked	30	29	reset	62	97.393	0
3	checked	30	29	reset	63	100.45	0
3	checked	30	29	reset	64	93.456	0
3	checked	30	29	reset	65	92.254	0
3	checked	30	29	reset	66	95.32	0
3	checked	30	29	reset	67	104.948	0
3	checked	30	29	reset	68	103.666	0
3	checked	30	29	reset	69	95.13	0
3	checked	30	29	reset	70	92.905	0
3	checked	30	29	reset	71	95.34	0
3	checked	30	29	reset	72	196.832	0
3	checked	30	29	reset	73	99.788	0
3	checked	30	29	reset	74	93.376	0
3	checked	30	29	reset	75	98.316	0
3	checked	30	29	reset	76	99.978	0
3	checked	30	29	reset	77	96.432	0
3	checked	30	29	reset	78	99.788	0
3	checked	30	29	reset	79	100.549	0
3	checked	30	29	reset	80	97.804	0
3	checked	30	29	reset	81	100.77	0
3	checked	30	29	reset	82	96.832	0
3	checked	30	29	reset	83	96.753	0
3	checked	30	29	reset	84	96.512	0
3	checked	30	29	reset	85	98.346	0
3	checked	30	29	reset	86	97.254	0
3	checked	30	29	reset	87	99.708	0
3	checked	30	29	reset	88	3053.54	0
3	checked	30	29	reset	89	127.921	0
3	checked	30	29	reset	90	120.898	0
3	checked	30	29	reset	91	106.411	0
3	checked	30	29	reset	92	116.51	0
3	checked	30	29	reset	93	107.102	0
3	checked	30	29	reset	94	103.485	0
3	checked	30	29	reset	95	3611.132	0
3	checked	30	29	reset	96	114.366	0
3	checked	30	29	reset	97	111.491	0
3	checked	30	29	reset	98	109.026	0
3	checked	30	29	reset	99	100.32	0
3	checked	30	29	reset	100	106.01	0
3	checked	30	29	reset	101	102.403	0
3	checked	30	29	reset	102	101.632	0
3	checked	30	29	reset	103	103.705	0
3	checked	30	29	reset	104	98.496	0
3	checked	30	29	reset	105	94.949	0
3	checked	30	29	reset	106	105.83	0
3	checked	30	29	reset	107	94.819	0
3	checked	30	29	reset	108	96.071	0
3	checked	30	29	reset	109	101.722	0
3	checked	30	29	reset	110	106.862	0
3	checked	30	29	reset	111	98.516	0
3	checked	30	29	reset	112	90.22	0
3	checked	30	29	reset	113	102.082	0
3	checked	30	29	reset	114	100.329	0
3	checked	30	29	reset	115	103.145	0
3	checked	30	29	reset	116	101.261	0
3	checked	30	29	reset	117	102.113	0
3	checked	30	29	reset	118	98.025	0
3	checked	30	29	reset	119	102.433	0
3	checked	30	29	reset	120	93.616	0
3	checked	30	29	reset	121	98.616	0
3	checked	30	29	reset	122	98.987	0
3	checked	30	29	reset	123	219.064	0
3	checked	30	29	reset	124	98.276	0
3	checked	30	29	reset	125	124.224	0
3	checked	30	29	reset	126	109.246	0
3	checked	30	29	reset	127	102.464	0
3	checked	30	29	reset	128	112.311	0
3	checked	30	29	reset	129	187.804	0
3	checked	30	29	reset	130	115.979	0
3	checked	30	29	reset	131	107.383	0
3	checked	30	29	reset	132	109.537	0
3	checked	30	29	reset	133	105.239	0
3	checked	30	29	reset	134	106.32	0
3	checked	30	29	reset	135	101.031	0
3	checked	30	29	reset	136	98.596	0
3	checked	30	29	reset	137	104.297	0
3	checked	30	29	reset	138	96.813	0
3	checked	30	29	reset	139	99.888	0
3	checked	30	29	reset	140	98.827	0
3	checked	30	29	reset	141	101.672	0
3	checked	30	29	reset	142	96.832	0
3	checked	30	29	reset	143	96.301	0
3	checked	30	29	reset	144	107.112	0
3	checked	30	29	reset	145	105.729	0
3	checked	30	29	reset	146	105.569	0
3	checked	30	29	reset	147	100.62	0
3	checked	30	29	reset	148	96.021	0
3	checked	30	29	reset	149	97.253	0
3	checked	30	29	reset	150	99.027	0
3	checked	30	29	reset	151	96.382	0
3	checked	30	29	reset	152	97.013	0
3	checked	30	29	reset	153	95.691	0
3	checked	30	29	reset	154	99.157	0
3	checked	30	29	reset	155	96.061	0
3	checked	30	29	reset	156	94.598	0
3	checked	30	29	reset	157	98.486	0
3	checked	30	29	reset	158	113.193	0
3	checked	30	29	reset	159	106.23	0
3	checked	30	29	reset	160	102.493	0
3	checked	30	29	reset	161	97.905	0
3	checked	30	29	reset	162	98.987	0
3	checked	30	29	reset	163	99.177	0
3	checked	30	29	reset	164	98.406	0
3	checked	30	29	reset	165	98.486	0
3	checked	30	29	reset	166	97.104	0
3	checked	30	29	reset	167	96.031	0
3	checked	30	29	reset	168	98.867	0
3	checked	30	29	reset	169	94.689	0
3	checked	30	29	reset	170	104.076	0
3	checked	30	29	reset	171	110.919	0
3	checked	30	29	reset	172	108.385	0
3	checked	30	29	reset	173	102.483	0
3	checked	30	29	reset	174	97.294	0
3	checked	30	29	reset	175	98.015	0
3	checked	30	29	reset	176	98.366	0
3	checked	30	29	reset	177	99.407	0
3	checked	30	29	reset	178	96.862	0
3	checked	30	29	reset	179	98.796	0
3	checked	30	29	reset	180	98.436	0
3	checked	30	29	reset	181	101.081	0
3	checked	30	29	reset	182	99.367	0
3	checked	30	29	reset	183	107.062	0
3	checked	30	29	reset	184	96.902	0
3	checked	30	29	reset	185	99.578	0
3	checked	30	29	reset	186	106.07	0
3	checked	30	29	reset	187	100.38	0
3	checked	30	29	reset	188	96.132	0
3	checked	30	29	reset	189	100.089	0
3	checked	30	29	reset	190	98.185	0
3	checked	30	29	reset	191	100.941	0
3	checked	30	29	reset	192	106.171	0
3	checked	30	29	reset	193	102.824	0
3	checked	30	29	reset	194	102.183	0
3	checked	30	29	reset	195	104.086	0
3	checked	30	29	reset	196	99.067	0
3	checked	30	29	reset	197	102.573	0
3	checked	30	29	reset	198	105.89	0
3	checked	30	29	reset	199	101.171	0
3	checked	30	29	reset	200	101.491	0
3	checked	30	29	stall	1	204.927	0
3	checked	30	29	stall	2	579.614	0
3	checked	30	29	stall	3	584.633	0
3	checked	30	29	stall	4	584.031	0
3	checked	30	29	stall	5	572.36	0
3	checked	30	29	stall	6	585.435	0
3	checked	30	29	stall	7	568.372	0
3	checked	30	29	stall	8	561.849	0
3	checked	30	29	stall	9	595.473	0
3	checked	30	29	stall	10	572.289	0
3	checked	30	29	stall	11	587.128	0
3	checked	30	29	stall	12	579.634	0
3	checked	30	29	stall	13	242.107	0
3	checked	30	29	stall	14	1051.774	0
3	checked	30	29	stall	15	578.421	0
3	checked	30	29	stall	16	627.223	0
3	checked	30	29	stall	17	578.02	0
3	checked	30	29	stall	18	569.815	0
3	checked	30	29	stall	19	574.654	0
3	checked	30	29	stall	20	581.687	0
3	checked	30	29	stall	21	591.726	0
3	checked	30	29	stall	22	1044.219	0
3	checked	30	29	stall	23	3270.56	0
3	checked	30	29	stall	24	572.139	0
3	checked	30	29	stall	25	3042.84	0
3	checked	30	29	stall	26	592.818	0
3	checked	30	29	stall	27	3041.277	0
3	checked	30	29	stall	28	430.031	0
3	checked	30	29	stall	29	583.341	0
3	unsafe	30	29	reset	1	0.17	0
3	unsafe	30	29	reset	2	0.09	0
3	unsafe	30	29	reset	3	0.29	0
3	unsafe	30	29	reset	4	0.091	0
3	unsafe	30	29	reset	5	0.09	0
3	unsafe	30	29	reset	6	0.18	0
3	unsafe	30	29	reset	7	0.071	0
3	unsafe	30	29	reset	8	0.07	0
3	unsafe	30	29	reset	9	0.081	0
3	unsafe	30	29	reset	10	0.091	0
3	unsafe	30	29	reset	11	0.07	0
3	unsafe	30	29	reset	12	0.17	0
3	unsafe	30	29	reset	13	0.171	0
3	unsafe	30	29	reset	14	0.13	0
3	unsafe	30	29	reset	15	0.131	0
3	unsafe	30	29	reset	16	0.12	0
3	unsafe	30	29	reset	17	0.13	0
3	unsafe	30	29	reset	18	0.131	0
3	unsafe	30	29	reset	19	0.12	0
3	unsafe	30	29	reset	20	0.21	0
3	unsafe	30	29	reset	21	0.11	0
3	unsafe	30	29	reset	22	0.13	0
3	unsafe	30	29	reset	23	0.131	0
3	unsafe	30	29	reset	24	0.12	0
3	unsafe	30	29	reset	25	0.13	0
3	unsafe	30	29	reset	26	0.13	0
3	unsafe	30	29	reset	27	0.13	0
3	unsafe	30	29	reset	28	0.14	0
3	unsafe	30	29	reset	29	0.13	0
3	unsafe	30	29	reset	30	0.13	0
3	unsafe	30	29	reset	31	0.13	0
3	unsafe	30	29	reset	32	0.13	0
3	unsafe	30	29	reset	33	0.12	0
3	unsafe	30	29	reset	34	0.13	0
3	unsafe	30	29	reset	35	0.13	0
3	unsafe	30	29	reset	36	0.13	0
3	unsafe	30	29	reset	37	0.12	0
3	unsafe	30	29	reset	38	0.13	0
3	unsafe	30	29	reset	39	0.13	0
3	unsafe	30	29	reset	40	0.13	0
3	unsafe	30	29	reset	41	0.14	0
3	unsafe	30	29	reset	42	0.131	0
3	unsafe	30	29	reset	43	0.131	0
3	unsafe	30	29	reset	44	0.131	0
3	unsafe	30	29	reset	45	0.13	0
3	unsafe	30	29	reset	46	0.13	0
3	unsafe	30	29	reset	47	0.13	0
3	unsafe	30	29	reset	48	0.13	0
3	unsafe	30	29	reset	49	0.14	0
3	unsafe	30	29	reset	50	0.12	0
3	unsafe	30	29	reset	51	0.13	0
3	unsafe	30	29	reset	52	0.141	0
3	unsafe	30	29	reset	53	0.131	0
3	unsafe	30	29	reset	54	0.141	0
3	unsafe	30	29	reset	55	0.13	0
3	unsafe	30	29	reset	56	0.13	0
3	unsafe	30	29	reset	57	0.13	0
3	unsafe	30	29	reset	58	0.141	0
3	unsafe	30	29	reset	59	0.14	0
3	unsafe	30	29	reset	60	0.13	0
3	unsafe	30	29	reset	61	0.14	0
3	unsafe	30	29	reset	62	0.13	0
3	unsafe	30	29	reset	63	0.13	0
3	unsafe	30	29	reset	64	0.13	0
3	unsafe	30	29	reset	65	0.13	0
3	unsafe	30	29	reset	66	0.14	0
3	unsafe	30	29	reset	67	0.14	0
3	unsafe	30	29	reset	68	0.131	0
3	unsafe	30	29	reset	69	0.13	0
3	unsafe	30	29	reset	70	0.131	0
3	unsafe	30	29	reset	71	0.181	0
3	unsafe	30	29	reset	72	0.13	0
3	unsafe	30	29	reset	73	0.13	0
3	unsafe	30	29	reset	74	0.14	0
3	unsafe	30	29	reset	75	0.141	0
3	unsafe	30	29	reset	76	0.15	0
3	unsafe	30	29	reset	77	0.13	0
3	unsafe	30	29	reset	78	0.151	0
3	unsafe	30	29	reset	79	0.13	0
3	unsafe	30	29	reset	80	0.13	0
3	unsafe	30	29	reset	81	0.19	0
3	unsafe	30	29	reset	82	0.13	0
3	unsafe	30	29	reset	83	0.14	0
3	unsafe	30	29	reset	84	0.13	0
3	unsafe	30	29	reset	85	0.141	0
3	unsafe	30	29	reset	86	0.131	0
3	unsafe	30	29	reset	87	0.13	0
3	unsafe	30	29	reset	88	0.16	0
3	unsafe	30	29	reset	89	0.13	0
3	unsafe	30	29	reset	90	0.13	0
3	unsafe	30	29	reset	91	0.131	0
3	unsafe	30	29	reset	92	0.14	0
3	unsafe	30	29	reset	93	0.13	0
3	unsafe	30	29	reset	94	0.14	0
3	unsafe	30	29	reset	95	0.141	0
3	unsafe	30	29	reset	96	0.131	0
3	unsafe	30	29	reset	97	0.131	0
3	unsafe	30	29	reset	98	0.14	0
3	unsafe	30	29	reset	99	0.141	0
3	unsafe	30	29	reset	100	0.13	0
3	unsafe	30	29	reset	101	0.14	0
3	unsafe	30	29	reset	102	0.151	0
3	unsafe	30	29	reset	103	0.13	0
3	unsafe	30	29	reset	104	0.13	0
3	unsafe	30	29	reset	105	0.16	0
3	unsafe	30	29	reset	106	0.13	0
3	unsafe	30	29	reset	107	0.141	0
3	unsafe	30	29	reset	108	0.14	0
3	unsafe	30	29	reset	109	0.131	0
3	unsafe	30	29	reset	110	0.15	0
3	unsafe	30	29	reset	111	0.14	0
3	unsafe	30	29	reset	112	0.13	0
3	unsafe	30	29	reset	113	0.13	0
3	unsafe	30	29	reset	114	0.13	0
3	unsafe	30	29	reset	115	0.14	0
3	unsafe	30	29	reset	116	0.141	0
3	unsafe	30	29	reset	117	0.13	0
3	unsafe	30	29	reset	118	0.18	0
3	unsafe	30	29	reset	119	0.13	0
3	unsafe	30	29	reset	120	0.13	0
3	unsafe	30	29	reset	121	0.14	0
3	unsafe	30	29	reset	122	0.14	0
3	unsafe	30	29	reset	123	0.17	0
3	unsafe	30	29	reset	124	0.14	0
3	unsafe	30	29	reset	125	0.141	0
3	unsafe	30	29	reset	126	0.13	0
3	unsafe	30	29	reset	127	0.14	0
3	unsafe	30	29	reset	128	0.14	0
3	unsafe	30	29	reset	129	0.14	0
3	unsafe	30	29	reset	130	0.13	0
3	unsafe	30	29	reset	131	0.14	0
3	unsafe	30	29	reset	132	0.14	0
3	unsafe	30	29	reset	133	0.14	0
3	unsafe	30	29	reset	134	0.141	0
3	unsafe	30	29	reset	135	0.13	0
3	unsafe	30	29	reset	136	0.16	0
3	unsafe	30	29	reset	137	0.13	0
3	unsafe	30	29	reset	138	0.13	0
3	unsafe	30	29	reset	139	0.14	0
3	unsafe	30	29	reset	140	0.15	0
3	unsafe	30	29	reset	141	0.141	0
3	unsafe	30	29	reset	142	0.13	0
3	unsafe	30	29	reset	143	0.13	0
3	unsafe	30	29	reset	144	0.131	0
3	unsafe	30	29	reset	145	0.14	0
3	unsafe	30	29	reset	146	0.14	0
3	unsafe	30	29	reset	147	0.14	0
3	unsafe	30	29	reset	148	0.13	0
3	unsafe	30	29	reset	149	0.15	0
3	unsafe	30	29	reset	150	0.14	0
3	unsafe	30	29	reset	151	0.131	0
3	unsafe	30	29	reset	152	0.141	0
3	unsafe	30	29	reset	153	0.13	0
3	unsafe	30	29	reset	154	0.151	0
3	unsafe	30	29	reset	155	0.14	0
3	unsafe	30	29	reset	156	0.13	0
3	unsafe	30	29	reset	157	0.13	0
3	unsafe	30	29	reset	158	0.131	0
3	unsafe	30	29	reset	159	0.13	0
3	unsafe	30	29	reset	160	0.141	0
3	unsafe	30	29	reset	161	0.151	0
3	unsafe	30	29	reset	162	0.14	0
3	unsafe	30	29	reset	163	0.141	0
3	unsafe	30	29	reset	164	0.14	0
3	unsafe	30	29	reset	165	0.14	0
3	unsafe	30	29	reset	166	0.13	0
3	unsafe	30	29	reset	167	0.15	0
3	unsafe	30	29	reset	168	0.131	0
3	unsafe	30	29	reset	169	0.13	0
3	unsafe	30	29	reset	170	0.14	0
3	unsafe	30	29	reset	171	0.14	0
3	unsafe	30	29	reset	172	0.13	0
3	unsafe	30	29	reset	173	0.14	0
3	unsafe	30	29	reset	174	0.14	0
3	unsafe	30	29	reset	175	0.14	0
3	unsafe	30	29	reset	176	0.13	0
3	unsafe	30	29	reset	177	0.141	0
3	unsafe	30	29	reset	178	0.13	0
3	unsafe	30	29	reset	179	0.161	0
3	unsafe	30	29	reset	180	0.13	0
3	unsafe	30	29	reset	181	0.13	0
3	unsafe	30	29	reset	182	0.13	0
3	unsafe	30	29	reset	183	0.131	0
3	unsafe	30	29	reset	184	0.13	0
3	unsafe	30	29	reset	185	0.131	0
3	unsafe	30	29	reset	186	0.141	0
3	unsafe	30	29	reset	187	0.131	0
3	unsafe	30	29	reset	188	0.131	0
3	unsafe	30	29	reset	189	0.141	0
3	unsafe	30	29	reset	190	0.131	0
3	unsafe	30	29	reset	191	0.14	0
3	unsafe	30	29	reset	192	0.14	0
3	unsafe	30	29	reset	193	0.13	0
3	unsafe	30	29	reset	194	0.141	0
3	unsafe	30	29	reset	195	0.14	0
3	unsafe	30	29	reset	196	0.13	0
3	unsafe	30	29	reset	197	0.13	0
3	unsafe	30	29	reset	198	0.141	0
3	unsafe	30	29	reset	199	0.13	0
3	unsafe	30	29	reset	200	0.14	0
3	unsafe	30	29	stall	1	0.0	0
3	unsafe	30	29	stall	2	0.0	0
3	unsafe	30	29	stall	3	0.0	0
3	unsafe	30	29	stall	4	409.602	0
3	unsafe	30	29	stall	5	462.543	0
3	unsafe	30	29	stall	6	0.0	0
3	unsafe	30	29	stall	7	0.0	0
3	unsafe	30	29	stall	8	0.0	0
3	unsafe	30	29	stall	9	0.0	0
3	unsafe	30	29	stall	10	0.0	0
3	unsafe	30	29	stall	11	0.0	0
3	unsafe	30	29	stall	12	0.0	0
3	unsafe	30	29	stall	13	33.162	0
3	unsafe	30	29	stall	14	0.0	0
3	unsafe	30	29	stall	15	0.0	0
3	unsafe	30	29	stall	16	0.0	0
3	unsafe	30	29	stall	17	0.0	0
3	unsafe	30	29	stall	18	0.0	0
3	unsafe	30	29	stall	19	304.083	0
3	unsafe	30	29	stall	20	367.202	0
3	unsafe	30	29	stall	21	0.0	0
3	unsafe	30	29	stall	22	61.696	0
3	unsafe	30	29	stall	23	0.0	0
3	unsafe	30	29	stall	24	0.0	0
3	unsafe	30	29	stall	25	0.0	0
3	unsafe	30	29	stall	26	0.0	0
3	unsafe	30	29	stall	27	0.0	0
3	unsafe	30	29	stall	28	0.0	0
3	unsafe	30	29	stall	29	0.0	0
4	checked	1	0	reset	1	46.077	0
4	checked	1	0	reset	2	34.115	0
4	checked	1	0	reset	3	32.532	0
4	checked	1	0	reset	4	29.035	0
4	checked	1	0	reset	5	28.393	0
4	checked	1	0	reset	6	27.462	0
4	checked	1	0	reset	7	28.043	0
4	checked	1	0	reset	8	27.552	0
4	checked	1	0	reset	9	28.233	0
4	checked	1	0	reset	10	27.051	0
4	checked	1	0	reset	11	27.572	0
4	checked	1	0	reset	12	27.171	0
4	checked	1	0	reset	13	27.101	0
4	checked	1	0	reset	14	26.77	0
4	checked	1	0	reset	15	27.442	0
4	checked	1	0	reset	16	26.771	0
4	checked	1	0	reset	17	29.175	0
4	checked	1	0	reset	18	27.292	0
4	checked	1	0	reset	19	28.023	0
4	checked	1	0	reset	20	27.542	0
4	checked	1	0	reset	21	31.089	0
4	checked	1	0	reset	22	27.171	0
4	checked	1	0	reset	23	28.113	0
4	checked	1	0	reset	24	27.301	0
4	checked	1	0	reset	25	27.732	0
4	checked	1	0	reset	26	27.532	0
4	checked	1	0	reset	27	28.374	0
4	checked	1	0	reset	28	27.191	0
4	checked	1	0	reset	29	27.753	0
4	checked	1	0	reset	30	27.231	0
4	checked	1	0	reset	31	27.512	0
4	checked	1	0	reset	32	27.222	0
4	checked	1	0	reset	33	27.612	0
4	checked	1	0	reset	34	27.061	0
4	checked	1	0	reset	35	27.452	0
4	checked	1	0	reset	36	27.111	0
4	checked	1	0	reset	37	27.592	0
4	checked	1	0	reset	38	27.051	0
4	checked	1	0	reset	39	27.572	0
4	checked	1	0	reset	40	27.101	0
4	checked	1	0	reset	41	27.091	0
4	checked	1	0	reset	42	27.993	0
4	checked	1	0	reset	43	27.281	0
4	checked	1	0	reset	44	26.841	0
4	checked	1	0	reset	45	27.261	0
4	checked	1	0	reset	46	29.315	0
4	checked	1	0	reset	47	27.693	0
4	checked	1	0	reset	48	26.961	0
4	checked	1	0	reset	49	27.512	0
4	checked	1	0	reset	50	27.422	0
4	checked	1	0	reset	51	27.913	0
4	checked	1	0	reset	52	41.409	0
4	checked	1	0	reset	53	27.732	0
4	checked	1	0	reset	54	27.402	0
4	checked	1	0	reset	55	27.823	0
4	checked	1	0	reset	56	27.041	0
4	checked	1	0	reset	57	27.992	0
4	checked	1	0	reset	58	27.342	0
4	checked	1	0	reset	59	27.732	0
4	checked	1	0	reset	60	28.183	0
4	checked	1	0	reset	61	28.243	0
4	checked	1	0	reset	62	27.281	0
4	checked	1	0	reset	63	28.023	0
4	checked	1	0	reset	64	27.602	0
4	checked	1	0	reset	65	27.763	0
4	checked	1	0	reset	66	28.794	0
4	checked	1	0	reset	67	28.093	0
4	checked	1	0	reset	68	28.524	0
4	checked	1	0	reset	69	28.324	0
4	checked	1	0	reset	70	27.933	0
4	checked	1	0	reset	71	28.584	0
4	checked	1	0	reset	72	27.462	0
4	checked	1	0	reset	73	27.251	0
4	checked	1	0	reset	74	27.041	0
4	checked	1	0	reset	75	27.532	0
4	checked	1	0	reset	76	27.221	0
4	checked	1	0	reset	77	27.251	0
4	checked	1	0	reset	78	26.811	0
4	checked	1	0	reset	79	27.782	0
4	checked	1	0	reset	80	26.83	0
4	checked	1	0	reset	81	27.272	0
4	checked	1	0	reset	82	26.9	0
4	checked	1	0	reset	83	27.892	0
4	checked	1	0	reset	84	27.001	0
4	checked	1	0	reset	85	27.271	0
4	checked	1	0	reset	86	26.91	0
4	checked	1	0	reset	87	27.401	0
4	checked	1	0	reset	88	26.741	0
4	checked	1	0	reset	89	27.532	0
4	checked	1	0	reset	90	26.87	0
4	checked	1	0	reset	91	27.672	0
4	checked	1	0	reset	92	26.88	0
4	checked	1	0	reset	93	27.371	0
4	checked	1	0	reset	94	26.96	0
4	checked	1	0	reset	95	27.342	0
4	checked	1	0	reset	96	26.801	0
4	checked	1	0	reset	97	27.452	0
4	checked	1	0	reset	98	26.891	0
4	checked	1	0	reset	99	27.462	0
4	checked	1	0	reset	100	27.121	0
4	checked	1	0	reset	101	27.241	0
4	checked	1	0	reset	102	27.111	0
4	checked	1	0	reset	103	27.512	0
4	checked	1	0	reset	104	28.434	0
4	checked	1	0	reset	105	27.292	0
4	checked	1	0	reset	106	26.911	0
4	checked	1	0	reset	107	27.472	0
4	checked	1	0	reset	108	30.608	0
4	checked	1	0	reset	109	27.512	0
4	checked	1	0	reset	110	26.851	0
4	checked	1	0	reset	111	27.462	0
4	checked	1	0	reset	112	29.856	0
4	checked	1	0	reset	113	27.211	0
4	checked	1	0	reset	114	26.951	0
4	checked	1	0	reset	115	27.252	0
4	checked	1	0	reset	116	27.683	0
4	checked	1	0	reset	117	27.592	0
4	checked	1	0	reset	118	27.151	0
4	checked	1	0	reset	119	27.602	0
4	checked	1	0	reset	120	26.8	0
4	checked	1	0	reset	121	27.302	0
4	checked	1	0	reset	122	26.951	0
4	checked	1	0	reset	123	27.171	0
4	checked	1	0	reset	124	26.971	0
4	checked	1	0	reset	125	27.491	0
4	checked	1	0	reset	126	26.73	0
4	checked	1	0	reset	127	27.171	0
4	checked	1	0	reset	128	26.761	0
4	checked	1	0	reset	129	27.301	0
4	checked	1	0	reset	130	26.741	0
4	checked	1	0	reset	131	27.151	0
4	checked	1	0	reset	132	26.78	0
4	checked	1	0	reset	133	27.252	0
4	checked	1	0	reset	134	26.831	0
4	checked	1	0	reset	135	27.262	0
4	checked	1	0	reset	136	26.9	0
4	checked	1	0	reset	137	28.534	0
4	checked	1	0	reset	138	26.76	0
4	checked	1	0	reset	139	27.322	0
4	checked	1	0	reset	140	27.613	0
4	checked	1	0	reset	141	30.928	0
4	checked	1	0	reset	142	26.91	0
4	checked	1	0	reset	143	27.632	0
4	checked	1	0	reset	144	27.061	0
4	checked	1	0	reset	145	27.282	0
4	checked	1	0	reset	146	27.081	0
4	checked	1	0	reset	147	27.332	0
4	checked	1	0	reset	148	26.791	0
4	checked	1	0	reset	149	27.192	0
4	checked	1	0	reset	150	27.011	0
4	checked	1	0	reset	151	27.362	0
4	checked	1	0	reset	152	26.8	0
4	checked	1	0	reset	153	27.301	0
4	checked	1	0	reset	154	26.97	0
4	checked	1	0	reset	155	27.191	0
4	checked	1	0	reset	156	26.81	0
4	checked	1	0	reset	157	27.552	0
4	checked	1	0	reset	158	26.75	0
4	checked	1	0	reset	159	27.251	0
4	checked	1	0	reset	160	26.9	0
4	checked	1	0	reset	161	27.521	0
4	checked	1	0	reset	162	26.801	0
4	checked	1	0	reset	163	27.181	0
4	checked	1	0	reset	164	27.061	0
4	checked	1	0	reset	165	27.732	0
4	checked	1	0	reset	166	28.113	0
4	checked	1	0	reset	167	27.141	0
4	checked	1	0	reset	168	26.82	0
4	checked	1	0	reset	169	27.251	0
4	checked	1	0	reset	170	30.598	0
4	checked	1	0	reset	171	27.312	0
4	checked	1	0	reset	172	26.94	0
4	checked	1	0	reset	173	27.321	0
4	checked	1	0	reset	174	26.821	0
4	checked	1	0	reset	175	27.251	0
4	checked	1	0	reset	176	26.801	0
4	checked	1	0	reset	177	27.152	0
4	checked	1	0	reset	178	26.901	0
4	checked	1	0	reset	179	27.352	0
4	checked	1	0	reset	180	27.221	0
4	checked	1	0	reset	181	27.332	0
4	checked	1	0	reset	182	26.851	0
4	checked	1	0	reset	183	27.291	0
4	checked	1	0	reset	184	27.161	0
4	checked	1	0	reset	185	27.132	0
4	checked	1	0	reset	186	26.901	0
4	checked	1	0	reset	187	27.271	0
4	checked	1	0	reset	188	26.931	0
4	checked	1	0	reset	189	27.793	0
4	checked	1	0	reset	190	27.993	0
4	checked	1	0	reset	191	30.467	0
4	checked	1	0	reset	192	29.947	0
4	checked	1	0	reset	193	28.113	0
4	checked	1	0	reset	194	27.311	0
4	checked	1	0	reset	195	30.367	0
4	checked	1	0	reset	196	27.963	0
4	checked	1	0	reset	197	27.752	0
4	checked	1	0	reset	198	27.192	0
4	checked	1	0	reset	199	29.686	0
4	checked	1	0	reset	200	27.211	0
4	unsafe	1	0	reset	1	0.181	0
4	unsafe	1	0	reset	2	0.08	0
4	unsafe	1	0	reset	3	0.07	0
4	unsafe	1	0	reset	4	0.07	0
4	unsafe	1	0	reset	5	0.08	0
4	unsafe	1	0	reset	6	0.08	0
4	unsafe	1	0	reset	7	0.08	0
4	unsafe	1	0	reset	8	0.1	0
4	unsafe	1	0	reset	9	0.081	0
4	unsafe	1	0	reset	10	0.08	0
4	unsafe	1	0	reset	11	0.081	0
4	unsafe	1	0	reset	12	0.081	0
4	unsafe	1	0	reset	13	0.08	0
4	unsafe	1	0	reset	14	0.07	0
4	unsafe	1	0	reset	15	0.07	0
4	unsafe	1	0	reset	16	0.081	0
4	unsafe	1	0	reset	17	0.08	0
4	unsafe	1	0	reset	18	0.08	0
4	unsafe	1	0	reset	19	0.08	0
4	unsafe	1	0	reset	20	0.09	0
4	unsafe	1	0	reset	21	0.09	0
4	unsafe	1	0	reset	22	0.08	0
4	unsafe	1	0	reset	23	0.07	0
4	unsafe	1	0	reset	24	0.08	0
4	unsafe	1	0	reset	25	0.09	0
4	unsafe	1	0	reset	26	0.08	0
4	unsafe	1	0	reset	27	0.07	0
4	unsafe	1	0	reset	28	0.081	0
4	unsafe	1	0	reset	29	0.1	0
4	unsafe	1	0	reset	30	0.1	0
4	unsafe	1	0	reset	31	0.1	0
4	unsafe	1	0	reset	32	0.09	0
4	unsafe	1	0	reset	33	0.09	0
4	unsafe	1	0	reset	34	0.09	0
4	unsafe	1	0	reset	35	0.08	0
4	unsafe	1	0	reset	36	0.08	0
4	unsafe	1	0	reset	37	0.08	0
4	unsafe	1	0	reset	38	0.07	0
4	unsafe	1	0	reset	39	0.1	0
4	unsafe	1	0	reset	40	0.08	0
4	unsafe	1	0	reset	41	0.081	0
4	unsafe	1	0	reset	42	0.08	0
4	unsafe	1	0	reset	43	0.08	0
4	unsafe	1	0	reset	44	0.081	0
4	unsafe	1	0	reset	45	0.07	0
4	unsafe	1	0	reset	46	0.07	0
4	unsafe	1	0	reset	47	0.08	0
4	unsafe	1	0	reset	48	0.08	0
4	unsafe	1	0	reset	49	0.08	0
4	unsafe	1	0	reset	50	0.08	0
4	unsafe	1	0	reset	51	0.08	0
4	unsafe	1	0	reset	52	0.1	0
4	unsafe	1	0	reset	53	0.1	0
4	unsafe	1	0	reset	54	0.08	0
4	unsafe	1	0	reset	55	0.081	0
4	unsafe	1	0	reset	56	0.081	0
4	unsafe	1	0	reset	57	0.101	0
4	unsafe	1	0	reset	58	0.09	0
4	unsafe	1	0	reset	59	0.09	0
4	unsafe	1	0	reset	60	0.09	0
4	unsafe	1	0	reset	61	0.08	0
4	unsafe	1	0	reset	62	0.08	0
4	unsafe	1	0	reset	63	0.08	0
4	unsafe	1	0	reset	64	0.081	0
4	unsafe	1	0	reset	65	0.081	0
4	unsafe	1	0	reset	66	0.09	0
4	unsafe	1	0	reset	67	0.09	0
4	unsafe	1	0	reset	68	0.07	0
4	unsafe	1	0	reset	69	0.08	0
4	unsafe	1	0	reset	70	0.07	0
4	unsafe	1	0	reset	71	0.08	0
4	unsafe	1	0	reset	72	0.08	0
4	unsafe	1	0	reset	73	0.08	0
4	unsafe	1	0	reset	74	0.08	0
4	unsafe	1	0	reset	75	0.07	0
4	unsafe	1	0	reset	76	0.09	0
4	unsafe	1	0	reset	77	0.07	0
4	unsafe	1	0	reset	78	0.08	0
4	unsafe	1	0	reset	79	0.091	0
4	unsafe	1	0	reset	80	0.081	0
4	unsafe	1	0	reset	81	0.09	0
4	unsafe	1	0	reset	82	0.08	0
4	unsafe	1	0	reset	83	0.07	0
4	unsafe	1	0	reset	84	0.09	0
4	unsafe	1	0	reset	85	0.08	0
4	unsafe	1	0	reset	86	0.08	0
4	unsafe	1	0	reset	87	0.08	0
4	unsafe	1	0	reset	88	0.08	0
4	unsafe	1	0	reset	89	0.091	0
4	unsafe	1	0	reset	90	0.081	0
4	unsafe	1	0	reset	91	0.11	0
4	unsafe	1	0	reset	92	0.081	0
4	unsafe	1	0	reset	93	0.081	0
4	unsafe	1	0	reset	94	0.09	0
4	unsafe	1	0	reset	95	0.09	0
4	unsafe	1	0	reset	96	0.08	0
4	unsafe	1	0	reset	97	0.091	0
4	unsafe	1	0	reset	98	0.09	0
4	unsafe	1	0	reset	99	0.09	0
4	unsafe	1	0	reset	100	0.1	0
4	unsafe	1	0	reset	101	0.081	0
4	unsafe	1	0	reset	102	0.08	0
4	unsafe	1	0	reset	103	0.08	0
4	unsafe	1	0	reset	104	0.08	0
4	unsafe	1	0	reset	105	0.09	0
4	unsafe	1	0	reset	106	0.09	0
4	unsafe	1	0	reset	107	0.091	0
4	unsafe	1	0	reset	108	0.081	0
4	unsafe	1	0	reset	109	0.1	0
4	unsafe	1	0	reset	110	0.081	0
4	unsafe	1	0	reset	111	0.08	0
4	unsafe	1	0	reset	112	0.08	0
4	unsafe	1	0	reset	113	0.08	0
4	unsafe	1	0	reset	114	0.08	0
4	unsafe	1	0	reset	115	0.07	0
4	unsafe	1	0	reset	116	0.09	0
4	unsafe	1	0	reset	117	0.08	0
4	unsafe	1	0	reset	118	0.09	0
4	unsafe	1	0	reset	119	0.081	0
4	unsafe	1	0	reset	120	0.07	0
4	unsafe	1	0	reset	121	0.091	0
4	unsafe	1	0	reset	122	0.08	0
4	unsafe	1	0	reset	123	0.09	0
4	unsafe	1	0	reset	124	0.08	0
4	unsafe	1	0	reset	125	0.1	0
4	unsafe	1	0	reset	126	0.08	0
4	unsafe	1	0	reset	127	0.08	0
4	unsafe	1	0	reset	128	0.09	0
4	unsafe	1	0	reset	129	0.07	0
4	unsafe	1	0	reset	130	0.09	0
4	unsafe	1	0	reset	131	0.08	0
4	unsafe	1	0	reset	132	0.08	0
4	unsafe	1	0	reset	133	0.07	0
4	unsafe	1	0	reset	134	0.08	0
4	unsafe	1	0	reset	135	0.08	0
4	unsafe	1	0	reset	136	0.1	0
4	unsafe	1	0	reset	137	0.1	0
4	unsafe	1	0	reset	138	0.08	0
4	unsafe	1	0	reset	139	0.081	0
4	unsafe	1	0	reset	140	0.08	0
4	unsafe	1	0	reset	141	0.08	0
4	unsafe	1	0	reset	142	0.081	0
4	unsafe	1	0	reset	143	0.08	0
4	unsafe	1	0	reset	144	0.08	0
4	unsafe	1	0	reset	145	0.09	0
4	unsafe	1	0	reset	146	0.09	0
4	unsafe	1	0	reset	147	0.08	0
4	unsafe	1	0	reset	148	0.08	0
4	unsafe	1	0	reset	149	0.08	0
4	unsafe	1	0	reset	150	0.08	0
4	unsafe	1	0	reset	151	0.1	0
4	unsafe	1	0	reset	152	0.07	0
4	unsafe	1	0	reset	153	0.081	0
4	unsafe	1	0	reset	154	0.08	0
4	unsafe	1	0	reset	155	0.09	0
4	unsafe	1	0	reset	156	0.08	0
4	unsafe	1	0	reset	157	0.11	0
4	unsafe	1	0	reset	158	0.08	0
4	unsafe	1	0	reset	159	0.08	0
4	unsafe	1	0	reset	160	0.101	0
4	unsafe	1	0	reset	161	0.07	0
4	unsafe	1	0	reset	162	0.09	0
4	unsafe	1	0	reset	163	0.08	0
4	unsafe	1	0	reset	164	0.09	0
4	unsafe	1	0	reset	165	0.09	0
4	unsafe	1	0	reset	166	0.07	0
4	unsafe	1	0	reset	167	0.09	0
4	unsafe	1	0	reset	168	0.09	0
4	unsafe	1	0	reset	169	0.08	0
4	unsafe	1	0	reset	170	0.081	0
4	unsafe	1	0	reset	171	0.08	0
4	unsafe	1	0	reset	172	0.08	0
4	unsafe	1	0	reset	173	0.081	0
4	unsafe	1	0	reset	174	0.08	0
4	unsafe	1	0	reset	175	0.09	0
4	unsafe	1	0	reset	176	0.09	0
4	unsafe	1	0	reset	177	0.08	0
4	unsafe	1	0	reset	178	0.08	0
4	unsafe	1	0	reset	179	0.08	0
4	unsafe	1	0	reset	180	0.07	0
4	unsafe	1	0	reset	181	0.071	0
4	unsafe	1	0	reset	182	0.09	0
4	unsafe	1	0	reset	183	0.08	0
4	unsafe	1	0	reset	184	0.09	0
4	unsafe	1	0	reset	185	0.11	0
4	unsafe	1	0	reset	186	0.08	0
4	unsafe	1	0	reset	187	0.09	0
4	unsafe	1	0	reset	188	0.08	0
4	unsafe	1	0	reset	189	0.07	0
4	unsafe	1	0	reset	190	0.08	0
4	unsafe	1	0	reset	191	0.09	0
4	unsafe	1	0	reset	192	0.09	0
4	unsafe	1	0	reset	193	0.09	0
4	unsafe	1	0	reset	194	0.08	0
4	unsafe	1	0	reset	195	0.08	0
4	unsafe	1	0	reset	196	0.09	0
4	unsafe	1	0	reset	197	0.08	0
4	unsafe	1	0	reset	198	0.09	0
4	unsafe	1	0	reset	199	0.101	0
4	unsafe	1	0	reset	200	0.08	0
4	checked	4	3	reset	1	49.313	0
4	checked	4	3	reset	2	39.424	0
4	checked	4	3	reset	3	36.328	0
4	checked	4	3	reset	4	37.42	0
4	checked	4	3	reset	5	126.248	0
4	checked	4	3	reset	6	54.203	0
4	checked	4	3	reset	7	311.117	0
4	checked	4	3	reset	8	40.707	0
4	checked	4	3	reset	9	46.818	0
4	checked	4	3	reset	10	44.795	0
4	checked	4	3	reset	11	47.39	0
4	checked	4	3	reset	12	40.556	0
4	checked	4	3	reset	13	37.411	0
4	checked	4	3	reset	14	33.854	0
4	checked	4	3	reset	15	145.975	0
4	checked	4	3	reset	16	41.458	0
4	checked	4	3	reset	17	41.107	0
4	checked	4	3	reset	18	38.653	0
4	checked	4	3	reset	19	46.998	0
4	checked	4	3	reset	20	47.41	0
4	checked	4	3	reset	21	42.791	0
4	checked	4	3	reset	22	41.808	0
4	checked	4	3	reset	23	40.897	0
4	checked	4	3	reset	24	40.115	0
4	checked	4	3	reset	25	40.076	0
4	checked	4	3	reset	26	36.72	0
4	checked	4	3	reset	27	34.956	0
4	checked	4	3	reset	28	35.617	0
4	checked	4	3	reset	29	35.707	0
4	checked	4	3	reset	30	35.196	0
4	checked	4	3	reset	31	35.878	0
4	checked	4	3	reset	32	35.927	0
4	checked	4	3	reset	33	34.485	0
4	checked	4	3	reset	34	35.216	0
4	checked	4	3	reset	35	35.137	0
4	checked	4	3	reset	36	37.16	0
4	checked	4	3	reset	37	35.587	0
4	checked	4	3	reset	38	34.264	0
4	checked	4	3	reset	39	33.713	0
4	checked	4	3	reset	40	38.051	0
4	checked	4	3	reset	41	36.319	0
4	checked	4	3	reset	42	35.097	0
4	checked	4	3	reset	43	34.124	0
4	checked	4	3	reset	44	34.555	0
4	checked	4	3	reset	45	35.066	0
4	checked	4	3	reset	46	35.107	0
4	checked	4	3	reset	47	35.176	0
4	checked	4	3	reset	48	33.904	0
4	checked	4	3	reset	49	36.088	0
4	checked	4	3	reset	50	33.954	0
4	checked	4	3	reset	51	33.834	0
4	checked	4	3	reset	52	34.776	0
4	checked	4	3	reset	53	34.125	0
4	checked	4	3	reset	54	34.826	0
4	checked	4	3	reset	55	34.255	0
4	checked	4	3	reset	56	34.265	0
4	checked	4	3	reset	57	34.234	0
4	checked	4	3	reset	58	36.058	0
4	checked	4	3	reset	59	36.84	0
4	checked	4	3	reset	60	35.157	0
4	checked	4	3	reset	61	34.526	0
4	checked	4	3	reset	62	34.495	0
4	checked	4	3	reset	63	34.465	0
4	checked	4	3	reset	64	33.683	0
4	checked	4	3	reset	65	36.438	0
4	checked	4	3	reset	66	34.034	0
4	checked	4	3	reset	67	35.187	0
4	checked	4	3	reset	68	33.714	0
4	checked	4	3	reset	69	34.866	0
4	checked	4	3	reset	70	36.859	0
4	checked	4	3	reset	71	34.966	0
4	checked	4	3	reset	72	34.395	0
4	checked	4	3	reset	73	36.549	0
4	checked	4	3	reset	74	34.655	0
4	checked	4	3	reset	75	33.613	0
4	checked	4	3	reset	76	33.293	0
4	checked	4	3	reset	77	33.463	0
4	checked	4	3	reset	78	34.585	0
4	checked	4	3	reset	79	34.234	0
4	checked	4	3	reset	80	33.734	0
4	checked	4	3	reset	81	37.441	0
4	checked	4	3	reset	82	35.627	0
4	checked	4	3	reset	83	34.235	0
4	checked	4	3	reset	84	34.996	0
4	checked	4	3	reset	85	33.693	0
4	checked	4	3	reset	86	34.014	0
4	checked	4	3	reset	87	33.573	0
4	checked	4	3	reset	88	33.232	0
4	checked	4	3	reset	89	37.02	0
4	checked	4	3	reset	90	33.573	0
4	checked	4	3	reset	91	33.563	0
4	checked	4	3	reset	92	33.484	0
4	checked	4	3	reset	93	36.319	0
4	checked	4	3	reset	94	33.554	0
4	checked	4	3	reset	95	33.363	0
4	checked	4	3	reset	96	35.056	0
4	checked	4	3	reset	97	34.706	0
4	checked	4	3	reset	98	33.984	0
4	checked	4	3	reset	99	33.553	0
4	checked	4	3	reset	100	33.854	0
4	checked	4	3	reset	101	35.677	0
4	checked	4	3	reset	102	33.473	0
4	checked	4	3	reset	103	33.734	0
4	checked	4	3	reset	104	34.605	0
4	checked	4	3	reset	105	33.623	0
4	checked	4	3	reset	106	34.014	0
4	checked	4	3	reset	107	34.124	0
4	checked	4	3	reset	108	33.293	0
4	checked	4	3	reset	109	33.614	0
4	checked	4	3	reset	110	34.555	0
4	checked	4	3	reset	111	33.624	0
4	checked	4	3	reset	112	32.983	0
4	checked	4	3	reset	113	33.934	0
4	checked	4	3	reset	114	33.443	0
4	checked	4	3	reset	115	33.563	0
4	checked	4	3	reset	116	33.353	0
4	checked	4	3	reset	117	33.994	0
4	checked	4	3	reset	118	33.514	0
4	checked	4	3	reset	119	33.593	0
4	checked	4	3	reset	120	34.054	0
4	checked	4	3	reset	121	34.926	0
4	checked	4	3	reset	122	33.393	0
4	checked	4	3	reset	123	34.615	0
4	checked	4	3	reset	124	33.403	0
4	checked	4	3	reset	125	33.934	0
4	checked	4	3	reset	126	33.523	0
4	checked	4	3	reset	127	35.157	0
4	checked	4	3	reset	128	34.495	0
4	checked	4	3	reset	129	34.876	0
4	checked	4	3	reset	130	36.358	0
4	checked	4	3	reset	131	34.635	0
4	checked	4	3	reset	132	35.437	0
4	checked	4	3	reset	133	34.916	0
4	checked	4	3	reset	134	36.629	0
4	checked	4	3	reset	135	33.654	0
4	checked	4	3	reset	136	35.257	0
4	checked	4	3	reset	137	34.154	0
4	checked	4	3	reset	138	36.589	0
4	checked	4	3	reset	139	34.315	0
4	checked	4	3	reset	140	33.693	0
4	checked	4	3	reset	141	34.004	0
4	checked	4	3	reset	142	33.834	0
4	checked	4	3	reset	143	33.643	0
4	checked	4	3	reset	144	35.176	0
4	checked	4	3	reset	145	33.694	0
4	checked	4	3	reset	146	34.004	0
4	checked	4	3	reset	147	33.753	0
4	checked	4	3	reset	148	35.376	0
4	checked	4	3	reset	149	33.753	0
4	checked	4	3	reset	150	33.804	0
4	checked	4	3	reset	151	35.186	0
4	checked	4	3	reset	152	34.485	0
4	checked	4	3	reset	153	33.924	0
4	checked	4	3	reset	154	33.443	0
4	checked	4	3	reset	155	33.413	0
4	checked	4	3	reset	156	34.034	0
4	checked	4	3	reset	157	35.567	0
4	checked	4	3	reset	158	33.453	0
4	checked	4	3	reset	159	35.236	0
4	checked	4	3	reset	160	33.884	0
4	checked	4	3	reset	161	33.573	0
4	checked	4	3	reset	162	32.962	0
4	checked	4	3	reset	163	35.446	0
4	checked	4	3	reset	164	34.345	0
4	checked	4	3	reset	165	33.403	0
4	checked	4	3	reset	166	33.273	0
4	checked	4	3	reset	167	34.165	0
4	checked	4	3	reset	168	33.262	0
4	checked	4	3	reset	169	33.373	0
4	checked	4	3	reset	170	33.563	0
4	checked	4	3	reset	171	34.325	0
4	checked	4	3	reset	172	34.344	0
4	checked	4	3	reset	173	33.924	0
4	checked	4	3	reset	174	34.515	0
4	checked	4	3	reset	175	33.553	0
4	checked	4	3	reset	176	33.303	0
4	checked	4	3	reset	177	33.343	0
4	checked	4	3	reset	178	33.453	0
4	checked	4	3	reset	179	35.507	0
4	checked	4	3	reset	180	34.234	0
4	checked	4	3	reset	181	33.653	0
4	checked	4	3	reset	182	33.272	0
4	checked	4	3	reset	183	33.733	0
4	checked	4	3	reset	184	33.874	0
4	checked	4	3	reset	185	34.265	0
4	checked	4	3	reset	186	34.084	0
4	checked	4	3	reset	187	33.753	0
4	checked	4	3	reset	188	33.563	0
4	checked	4	3	reset	189	33.844	0
4	checked	4	3	reset	190	33.172	0
4	checked	4	3	reset	191	34.435	0
4	checked	4	3	reset	192	33.373	0
4	checked	4	3	reset	193	35.357	0
4	checked	4	3	reset	194	33.433	0
4	checked	4	3	reset	195	34.685	0
4	checked	4	3	reset	196	34.516	0
4	checked	4	3	reset	197	34.084	0
4	checked	4	3	reset	198	33.322	0
4	checked	4	3	reset	199	34.095	0
4	checked	4	3	reset	200	33.603	0
4	checked	4	3	stall	1	140.555	0
4	checked	4	3	stall	2	55.535	0
4	checked	4	3	stall	3	140.635	0
4	unsafe	4	3	reset	1	0.15	0
4	unsafe	4	3	reset	2	0.09	0
4	unsafe	4	3	reset	3	0.09	0
4	unsafe	4	3	reset	4	0.09	0
4	unsafe	4	3	reset	5	0.09	0
4	unsafe	4	3	reset	6	0.11	0
4	unsafe	4	3	reset	7	0.09	0
4	unsafe	4	3	reset	8	0.08	0
4	unsafe	4	3	reset	9	0.101	0
4	unsafe	4	3	reset	10	0.1	0
4	unsafe	4	3	reset	11	0.1	0
4	unsafe	4	3	reset	12	0.08	0
4	unsafe	4	3	reset	13	0.11	0
4	unsafe	4	3	reset	14	0.101	0
4	unsafe	4	3	reset	15	0.1	0
4	unsafe	4	3	reset	16	0.18	0
4	unsafe	4	3	reset	17	0.09	0
4	unsafe	4	3	reset	18	0.08	0
4	unsafe	4	3	reset	19	0.12	0
4	unsafe	4	3	reset	20	0.1	0
4	unsafe	4	3	reset	21	0.09	0
4	unsafe	4	3	reset	22	0.09	0
4	unsafe	4	3	reset	23	0.09	0
4	unsafe	4	3	reset	24	0.11	0
4	unsafe	4	3	reset	25	0.12	0
4	unsafe	4	3	reset	26	0.09	0
4	unsafe	4	3	reset	27	0.09	0
4	unsafe	4	3	reset	28	0.09	0
4	unsafe	4	3	reset	29	0.09	0
4	unsafe	4	3	reset	30	0.08	0
4	unsafe	4	3	reset	31	0.08	0
4	unsafe	4	3	reset	32	0.09	0
4	unsafe	4	3	reset	33	0.12	0
4	unsafe	4	3	reset	34	0.09	0
4	unsafe	4	3	reset	35	0.09	0
4	unsafe	4	3	reset	36	0.1	0
4	unsafe	4	3	reset	37	0.09	0
4	unsafe	4	3	reset	38	0.101	0
4	unsafe	4	3	reset	39	0.1	0
4	unsafe	4	3	reset	40	0.08	0
4	unsafe	4	3	reset	41	0.09	0
4	unsafe	4	3	reset	42	0.1	0
4	unsafe	4	3	reset	43	0.09	0
4	unsafe	4	3	reset	44	0.09	0
4	unsafe	4	3	reset	45	0.11	0
4	unsafe	4	3	reset	46	0.091	0
4	unsafe	4	3	reset	47	0.12	0
4	unsafe	4	3	reset	48	0.09	0
4	unsafe	4	3	reset	49	0.09	0
4	unsafe	4	3	reset	50	0.09	0
4	unsafe	4	3	reset	51	0.09	0
4	unsafe	4	3	reset	52	0.091	0
4	unsafe	4	3	reset	53	0.1	0
4	unsafe	4	3	reset	54	0.101	0
4	unsafe	4	3	reset	55	0.12	0
4	unsafe	4	3	reset	56	0.1	0
4	unsafe	4	3	reset	57	0.08	0
4	unsafe	4	3	reset	58	0.091	0
4	unsafe	4	3	reset	59	0.12	0
4	unsafe	4	3	reset	60	0.09	0
4	unsafe	4	3	reset	61	0.09	0
4	unsafe	4	3	reset	62	0.1	0
4	unsafe	4	3	reset	63	0.09	0
4	unsafe	4	3	reset	64	0.091	0
4	unsafe	4	3	reset	65	0.12	0
4	unsafe	4	3	reset	66	0.1	0
4	unsafe	4	3	reset	67	0.121	0
4	unsafe	4	3	reset	68	0.09	0
4	unsafe	4	3	reset	69	0.09	0
4	unsafe	4	3	reset	70	0.1	0
4	unsafe	4	3	reset	71	0.1	0
4	unsafe	4	3	reset	72	0.1	0
4	unsafe	4	3	reset	73	0.12	0
4	unsafe	4	3	reset	74	0.1	0
4	unsafe	4	3	reset	75	0.12	0
4	unsafe	4	3	reset	76	0.09	0
4	unsafe	4	3	reset	77	0.09	0
4	unsafe	4	3	reset	78	0.1	0
4	unsafe	4	3	reset	79	0.091	0
4	unsafe	4	3	reset	80	0.1	0
4	unsafe	4	3	reset	81	0.091	0
4	unsafe	4	3	reset	82	0.09	0
4	unsafe	4	3	reset	83	0.09	0
4	unsafe	4	3	reset	84	0.09	0
4	unsafe	4	3	reset	85	0.09	0
4	unsafe	4	3	reset	86	0.1	0
4	unsafe	4	3	reset	87	0.09	0
4	unsafe	4	3	reset	88	0.09	0
4	unsafe	4	3	reset	89	0.091	0
4	unsafe	4	3	reset	90	0.1	0
4	unsafe	4	3	reset	91	0.1	0
4	unsafe	4	3	reset	92	0.1	0
4	unsafe	4	3	reset	93	0.11	0
4	unsafe	4	3	reset	94	0.08	0
4	unsafe	4	3	reset	95	0.1	0
4	unsafe	4	3	reset	96	0.09	0
4	unsafe	4	3	reset	97	0.09	0
4	unsafe	4	3	reset	98	0.09	0
4	unsafe	4	3	reset	99	0.111	0
4	unsafe	4	3	reset	100	0.08	0
4	unsafe	4	3	reset	101	0.091	0
4	unsafe	4	3	reset	102	0.091	0
4	unsafe	4	3	reset	103	0.09	0
4	unsafe	4	3	reset	104	0.09	0
4	unsafe	4	3	reset	105	0.1	0
4	unsafe	4	3	reset	106	0.08	0
4	unsafe	4	3	reset	107	0.09	0
4	unsafe	4	3	reset	108	0.1	0
4	unsafe	4	3	reset	109	0.09	0
4	unsafe	4	3	reset	110	0.1	0
4	unsafe	4	3	reset	111	0.11	0
4	unsafe	4	3	reset	112	0.1	0
4	unsafe	4	3	reset	113	0.09	0
4	unsafe	4	3	reset	114	0.09	0
4	unsafe	4	3	reset	115	0.09	0
4	unsafe	4	3	reset	116	0.09	0
4	unsafe	4	3	reset	117	0.08	0
4	unsafe	4	3	reset	118	0.09	0
4	unsafe	4	3	reset	119	0.101	0
4	unsafe	4	3	reset	120	0.09	0
4	unsafe	4	3	reset	121	0.09	0
4	unsafe	4	3	reset	122	0.09	0
4	unsafe	4	3	reset	123	0.09	0
4	unsafe	4	3	reset	124	0.09	0
4	unsafe	4	3	reset	125	0.09	0
4	unsafe	4	3	reset	126	0.09	0
4	unsafe	4	3	reset	127	0.09	0
4	unsafe	4	3	reset	128	0.1	0
4	unsafe	4	3	reset	129	0.08	0
4	unsafe	4	3	reset	130	0.08	0
4	unsafe	4	3	reset	131	0.11	0
4	unsafe	4	3	reset	132	0.09	0
4	unsafe	4	3	reset	133	0.09	0
4	unsafe	4	3	reset	134	0.091	0
4	unsafe	4	3	reset	135	0.08	0
4	unsafe	4	3	reset	136	0.091	0
4	unsafe	4	3	reset	137	0.09	0
4	unsafe	4	3	reset	138	0.09	0
4	unsafe	4	3	reset	139	0.09	0
4	unsafe	4	3	reset	140	0.09	0
4	unsafe	4	3	reset	141	0.09	0
4	unsafe	4	3	reset	142	0.101	0
4	unsafe	4	3	reset	143	0.11	0
4	unsafe	4	3	reset	144	0.09	0
4	unsafe	4	3	reset	145	0.09	0
4	unsafe	4	3	reset	146	0.09	0
4	unsafe	4	3	reset	147	0.09	0
4	unsafe	4	3	reset	148	0.091	0
4	unsafe	4	3	reset	149	0.09	0
4	unsafe	4	3	reset	150	0.09	0
4	unsafe	4	3	reset	151	0.101	0
4	unsafe	4	3	reset	152	0.101	0
4	unsafe	4	3	reset	153	0.1	0
4	unsafe	4	3	reset	154	0.1	0
4	unsafe	4	3	reset	155	0.091	0
4	unsafe	4	3	reset	156	0.09	0
4	unsafe	4	3	reset	157	0.091	0
4	unsafe	4	3	reset	158	0.1	0
4	unsafe	4	3	reset	159	0.101	0
4	unsafe	4	3	reset	160	0.1	0
4	unsafe	4	3	reset	161	0.111	0
4	unsafe	4	3	reset	162	0.09	0
4	unsafe	4	3	reset	163	0.11	0
4	unsafe	4	3	reset	164	0.08	0
4	unsafe	4	3	reset	165	0.11	0
4	unsafe	4	3	reset	166	0.09	0
4	unsafe	4	3	reset	167	0.08	0
4	unsafe	4	3	reset	168	0.09	0
4	unsafe	4	3	reset	169	0.12	0
4	unsafe	4	3	reset	170	0.11	0
4	unsafe	4	3	reset	171	0.09	0
4	unsafe	4	3	reset	172	0.09	0
4	unsafe	4	3	reset	173	0.11	0
4	unsafe	4	3	reset	174	0.1	0
4	unsafe	4	3	reset	175	0.1	0
4	unsafe	4	3	reset	176	0.091	0
4	unsafe	4	3	reset	177	0.1	0
4	unsafe	4	3	reset	178	0.091	0
4	unsafe	4	3	reset	179	0.1	0
4	unsafe	4	3	reset	180	0.091	0
4	unsafe	4	3	reset	181	0.091	0
4	unsafe	4	3	reset	182	0.1	0
4	unsafe	4	3	reset	183	0.09	0
4	unsafe	4	3	reset	184	0.09	0
4	unsafe	4	3	reset	185	0.09	0
4	unsafe	4	3	reset	186	0.09	0
4	unsafe	4	3	reset	187	0.09	0
4	unsafe	4	3	reset	188	0.09	0
4	unsafe	4	3	reset	189	0.09	0
4	unsafe	4	3	reset	190	0.08	0
4	unsafe	4	3	reset	191	0.09	0
4	unsafe	4	3	reset	192	0.09	0
4	unsafe	4	3	reset	193	0.09	0
4	unsafe	4	3	reset	194	0.091	0
4	unsafe	4	3	reset	195	0.08	0
4	unsafe	4	3	reset	196	0.09	0
4	unsafe	4	3	reset	197	0.111	0
4	unsafe	4	3	reset	198	0.091	0
4	unsafe	4	3	reset	199	0.1	0
4	unsafe	4	3	reset	200	0.1	0
4	unsafe	4	3	stall	1	0.0	0
4	unsafe	4	3	stall	2	33.613	0
4	unsafe	4	3	stall	3	0.0	0
4	checked	8	7	reset	1	54.512	1
4	checked	8	7	reset	2	43.011	1
4	checked	8	7	reset	3	40.166	1
4	checked	8	7	reset	4	40.907	1
4	checked	8	7	reset	5	142.138	1
4	checked	8	7	reset	6	47.039	1
4	checked	8	7	reset	7	405.715	1
4	checked	8	7	reset	8	73.428	1
4	checked	8	7	reset	9	158.589	1
4	checked	8	7	reset	10	52.649	1
4	checked	8	7	reset	11	60.734	1
4	checked	8	7	reset	12	57.328	1
4	checked	8	7	reset	13	42.36	1
4	checked	8	7	reset	14	45.576	1
4	checked	8	7	reset	15	41.839	1
4	checked	8	7	reset	16	42.32	1
4	checked	8	7	reset	17	45.717	1
4	checked	8	7	reset	18	42.641	1
4	checked	8	7	reset	19	43.322	1
4	checked	8	7	reset	20	42.991	1
4	checked	8	7	reset	21	43.181	1
4	checked	8	7	reset	22	42.38	1
4	checked	8	7	reset	23	42.65	1
4	checked	8	7	reset	24	43.282	1
4	checked	8	7	reset	25	42.48	1
4	checked	8	7	reset	26	42.109	1
4	checked	8	7	reset	27	43.563	1
4	checked	8	7	reset	28	42.841	1
4	checked	8	7	reset	29	41.909	1
4	checked	8	7	reset	30	43.933	1
4	checked	8	7	reset	31	43.602	1
4	checked	8	7	reset	32	42.52	1
4	checked	8	7	reset	33	43.722	1
4	checked	8	7	reset	34	42.681	1
4	checked	8	7	reset	35	41.759	1
4	checked	8	7	reset	36	43.802	1
4	checked	8	7	reset	37	43.372	1
4	checked	8	7	reset	38	43.342	1
4	checked	8	7	reset	39	44.383	1
4	checked	8	7	reset	40	43.672	1
4	checked	8	7	reset	41	52.98	1
4	checked	8	7	reset	42	43.863	1
4	checked	8	7	reset	43	43.131	1
4	checked	8	7	reset	44	42.841	1
4	checked	8	7	reset	45	43.983	1
4	checked	8	7	reset	46	43.553	1
4	checked	8	7	reset	47	43.031	1
4	checked	8	7	reset	48	61.385	1
4	checked	8	7	reset	49	67.928	1
4	checked	8	7	reset	50	41.218	1
4	checked	8	7	reset	51	40.606	1
4	checked	8	7	reset	52	40.146	1
4	checked	8	7	reset	53	39.645	1
4	checked	8	7	reset	54	39.434	1
4	checked	8	7	reset	55	38.963	1
4	checked	8	7	reset	56	40.867	1
4	checked	8	7	reset	57	39.755	1
4	checked	8	7	reset	58	39.545	1
4	checked	8	7	reset	59	39.564	1
4	checked	8	7	reset	60	39.505	1
4	checked	8	7	reset	61	38.894	1
4	checked	8	7	reset	62	40.136	1
4	checked	8	7	reset	63	39.896	1
4	checked	8	7	reset	64	40.777	1
4	checked	8	7	reset	65	38.954	1
4	checked	8	7	reset	66	39.134	1
4	checked	8	7	reset	67	39.625	1
4	checked	8	7	reset	68	49.814	1
4	checked	8	7	reset	69	39.234	1
4	checked	8	7	reset	70	39.524	1
4	checked	8	7	reset	71	39.645	1
4	checked	8	7	reset	72	39.714	1
4	checked	8	7	reset	73	39.505	1
4	checked	8	7	reset	74	39.625	1
4	checked	8	7	reset	75	41.589	1
4	checked	8	7	reset	76	40.566	1
4	checked	8	7	reset	77	41.248	1
4	checked	8	7	reset	78	40.747	1
4	checked	8	7	reset	79	41.549	1
4	checked	8	7	reset	80	40.707	1
4	checked	8	7	reset	81	39.574	1
4	checked	8	7	reset	82	39.224	1
4	checked	8	7	reset	83	39.254	1
4	checked	8	7	reset	84	41.137	1
4	checked	8	7	reset	85	39.394	1
4	checked	8	7	reset	86	39.505	1
4	checked	8	7	reset	87	38.984	1
4	checked	8	7	reset	88	39.815	1
4	checked	8	7	reset	89	39.845	1
4	checked	8	7	reset	90	39.063	1
4	checked	8	7	reset	91	40.226	1
4	checked	8	7	reset	92	40.086	1
4	checked	8	7	reset	93	39.905	1
4	checked	8	7	reset	94	39.935	1
4	checked	8	7	reset	95	40.046	1
4	checked	8	7	reset	96	39.925	1
4	checked	8	7	reset	97	39.264	1
4	checked	8	7	reset	98	39.825	1
4	checked	8	7	reset	99	40.557	1
4	checked	8	7	reset	100	40.025	1
4	checked	8	7	reset	101	39.935	1
4	checked	8	7	reset	102	39.905	1
4	checked	8	7	reset	103	41.478	1
4	checked	8	7	reset	104	39.084	1
4	checked	8	7	reset	105	41.078	1
4	checked	8	7	reset	106	39.544	1
4	checked	8	7	reset	107	41.829	1
4	checked	8	7	reset	108	39.314	1
4	checked	8	7	reset	109	39.615	1
4	checked	8	7	reset	110	40.486	1
4	checked	8	7	reset	111	39.815	1
4	checked	8	7	reset	112	40.206	1
4	checked	8	7	reset	113	40.557	1
4	checked	8	7	reset	114	39.374	1
4	checked	8	7	reset	115	39.695	1
4	checked	8	7	reset	116	39.505	1
4	checked	8	7	reset	117	39.855	1
4	checked	8	7	reset	118	39.254	1
4	checked	8	7	reset	119	39.605	1
4	checked	8	7	reset	120	39.635	1
4	checked	8	7	reset	121	39.675	1
4	checked	8	7	reset	122	39.936	1
4	checked	8	7	reset	123	40.096	1
4	checked	8	7	reset	124	39.755	1
4	checked	8	7	reset	125	39.825	1
4	checked	8	7	reset	126	39.815	1
4	checked	8	7	reset	127	40.256	1
4	checked	8	7	reset	128	39.625	1
4	checked	8	7	reset	129	39.996	1
4	checked	8	7	reset	130	39.995	1
4	checked	8	7	reset	131	39.294	1
4	checked	8	7	reset	132	40.146	1
4	checked	8	7	reset	133	39.545	1
4	checked	8	7	reset	134	40.116	1
4	checked	8	7	reset	135	41.569	1
4	checked	8	7	reset	136	40.005	1
4	checked	8	7	reset	137	39.655	1
4	checked	8	7	reset	138	39.525	1
4	checked	8	7	reset	139	39.755	1
4	checked	8	7	reset	140	39.945	1
4	checked	8	7	reset	141	40.286	1
4	checked	8	7	reset	142	40.867	1
4	checked	8	7	reset	143	48.131	1
4	checked	8	7	reset	144	43.852	1
4	checked	8	7	reset	145	42.4	1
4	checked	8	7	reset	146	40.366	1
4	checked	8	7	reset	147	41.479	1
4	checked	8	7	reset	148	41.879	1
4	checked	8	7	reset	149	42.64	1
4	checked	8	7	reset	150	42.129	1
4	checked	8	7	reset	151	44.424	1
4	checked	8	7	reset	152	43.121	1
4	checked	8	7	reset	153	42.179	1
4	checked	8	7	reset	154	40.957	1
4	checked	8	7	reset	155	43.112	1
4	checked	8	7	reset	156	40.286	1
4	checked	8	7	reset	157	39.996	1
4	checked	8	7	reset	158	39.925	1
4	checked	8	7	reset	159	40.627	1
4	checked	8	7	reset	160	40.716	1
4	checked	8	7	reset	161	40.807	1
4	checked	8	7	reset	162	39.956	1
4	checked	8	7	reset	163	40.577	1
4	checked	8	7	reset	164	40.937	1
4	checked	8	7	reset	165	41.368	1
4	checked	8	7	reset	166	40.486	1
4	checked	8	7	reset	167	41.308	1
4	checked	8	7	reset	168	41.718	1
4	checked	8	7	reset	169	42.38	1
4	checked	8	7	reset	170	40.948	1
4	checked	8	7	reset	171	42.601	1
4	checked	8	7	reset	172	40.817	1
4	checked	8	7	reset	173	42.35	1
4	checked	8	7	reset	174	40.877	1
4	checked	8	7	reset	175	41.187	1
4	checked	8	7	reset	176	40.577	1
4	checked	8	7	reset	177	44.214	1
4	checked	8	7	reset	178	41.498	1
4	checked	8	7	reset	179	41.128	1
4	checked	8	7	reset	180	40.076	1
4	checked	8	7	reset	181	46.308	1
4	checked	8	7	reset	182	41.127	1
4	checked	8	7	reset	183	39.454	1
4	checked	8	7	reset	184	39.174	1
4	checked	8	7	reset	185	39.675	1
4	checked	8	7	reset	186	39.805	1
4	checked	8	7	reset	187	38.673	1
4	checked	8	7	reset	188	41.097	1
4	checked	8	7	reset	189	40.777	1
4	checked	8	7	reset	190	42.059	1
4	checked	8	7	reset	191	42.09	1
4	checked	8	7	reset	192	41.698	1
4	checked	8	7	reset	193	41.238	1
4	checked	8	7	reset	194	40.206	1
4	checked	8	7	reset	195	42.2	1
4	checked	8	7	reset	196	39.775	1
4	checked	8	7	reset	197	40.576	1
4	checked	8	7	reset	198	40.857	1
4	checked	8	7	reset	199	40.045	1
4	checked	8	7	reset	200	40.356	1
4	checked	8	7	stall	1	69.861	1
4	checked	8	7	stall	2	62.989	1
4	checked	8	7	stall	3	62.928	1
4	checked	8	7	stall	4	138.201	1
4	checked	8	7	stall	5	62.267	1
4	checked	8	7	stall	6	62.668	1
4	checked	8	7	stall	7	157.407	1
4	unsafe	8	7	reset	1	0.171	1
4	unsafe	8	7	reset	2	0.08	1
4	unsafe	8	7	reset	3	0.09	1
4	unsafe	8	7	reset	4	0.08	1
4	unsafe	8	7	reset	5	0.09	1
4	unsafe	8	7	reset	6	0.1	1
4	unsafe	8	7	reset	7	0.11	1
4	unsafe	8	7	reset	8	0.07	1
4	unsafe	8	7	reset	9	0.09	1
4	unsafe	8	7	reset	10	0.09	1
4	unsafe	8	7	reset	11	0.361	1
4	unsafe	8	7	reset	12	0.191	1
4	unsafe	8	7	reset	13	0.08	1
4	unsafe	8	7	reset	14	0.11	1
4	unsafe	8	7	reset	15	0.08	1
4	unsafe	8	7	reset	16	0.07	1
4	unsafe	8	7	reset	17	0.07	1
4	unsafe	8	7	reset	18	0.071	1
4	unsafe	8	7	reset	19	0.07	1
4	unsafe	8	7	reset	20	0.071	1
4	unsafe	8	7	reset	21	0.08	1
4	unsafe	8	7	reset	22	0.08	1
4	unsafe	8	7	reset	23	0.09	1
4	unsafe	8	7	reset	24	0.07	1
4	unsafe	8	7	reset	25	0.071	1
4	unsafe	8	7	reset	26	0.07	1
4	unsafe	8	7	reset	27	0.081	1
4	unsafe	8	7	reset	28	0.07	1
4	unsafe	8	7	reset	29	0.12	1
4	unsafe	8	7	reset	30	0.08	1
4	unsafe	8	7	reset	31	0.071	1
4	unsafe	8	7	reset	32	0.07	1
4	unsafe	8	7	reset	33	0.07	1
4	unsafe	8	7	reset	34	0.07	1
4	unsafe	8	7	reset	35	0.09	1
4	unsafe	8	7	reset	36	0.09	1
4	unsafe	8	7	reset	37	0.09	1
4	unsafe	8	7	reset	38	0.081	1
4	unsafe	8	7	reset	39	0.08	1
4	unsafe	8	7	reset	40	0.09	1
4	unsafe	8	7	reset	41	0.07	1
4	unsafe	8	7	reset	42	0.081	1
4	unsafe	8	7	reset	43	0.07	1
4	unsafe	8	7	reset	44	0.07	1
4	unsafe	8	7	reset	45	0.08	1
4	unsafe	8	7	reset	46	0.1	1
4	unsafe	8	7	reset	47	0.1	1
4	unsafe	8	7	reset	48	0.1	1
4	unsafe	8	7	reset	49	0.07	1
4	unsafe	8	7	reset	50	0.08	1
4	unsafe	8	7	reset	51	0.07	1
4	unsafe	8	7	reset	52	0.09	1
4	unsafe	8	7	reset	53	0.07	1
4	unsafe	8	7	reset	54	0.08	1
4	unsafe	8	7	reset	55	0.08	1
4	unsafe	8	7	reset	56	0.071	1
4	unsafe	8	7	reset	57	0.081	1
4	unsafe	8	7	reset	58	0.08	1
4	unsafe	8	7	reset	59	0.081	1
4	unsafe	8	7	reset	60	0.08	1
4	unsafe	8	7	reset	61	0.07	1
4	unsafe	8	7	reset	62	0.08	1
4	unsafe	8	7	reset	63	0.08	1
4	unsafe	8	7	reset	64	0.1	1
4	unsafe	8	7	reset	65	0.07	1
4	unsafe	8	7	reset	66	0.08	1
4	unsafe	8	7	reset	67	0.1	1
4	unsafe	8	7	reset	68	0.07	1
4	unsafe	8	7	reset	69	0.09	1
4	unsafe	8	7	reset	70	0.08	1
4	unsafe	8	7	reset	71	0.07	1
4	unsafe	8	7	reset	72	0.1	1
4	unsafe	8	7	reset	73	0.071	1
4	unsafe	8	7	reset	74	0.09	1
4	unsafe	8	7	reset	75	0.08	1
4	unsafe	8	7	reset	76	0.08	1
4	unsafe	8	7	reset	77	0.08	1
4	unsafe	8	7	reset	78	0.07	1
4	unsafe	8	7	reset	79	0.07	1
4	unsafe	8	7	reset	80	0.1	1
4	unsafe	8	7	reset	81	0.07	1
4	unsafe	8	7	reset	82	0.08	1
4	unsafe	8	7	reset	83	0.101	1
4	unsafe	8	7	reset	84	0.09	1
4	unsafe	8	7	reset	85	0.09	1
4	unsafe	8	7	reset	86	0.1	1
4	unsafe	8	7	reset	87	0.07	1
4	unsafe	8	7	reset	88	0.09	1
4	unsafe	8	7	reset	89	0.08	1
4	unsafe	8	7	reset	90	0.08	1
4	unsafe	8	7	reset	91	0.07	1
4	unsafe	8	7	reset	92	0.07	1
4	unsafe	8	7	reset	93	0.07	1
4	unsafe	8	7	reset	94	0.07	1
4	unsafe	8	7	reset	95	0.07	1
4	unsafe	8	7	reset	96	0.09	1
4	unsafe	8	7	reset	97	0.08	1
4	unsafe	8	7	reset	98	0.09	1
4	unsafe	8	7	reset	99	0.09	1
4	unsafe	8	7	reset	100	0.08	1
4	unsafe	8	7	reset	101	0.07	1
4	unsafe	8	7	reset	102	0.07	1
4	unsafe	8	7	reset	103	0.07	1
4	unsafe	8	7	reset	104	0.09	1
4	unsafe	8	7	reset	105	0.07	1
4	unsafe	8	7	reset	106	0.081	1
4	unsafe	8	7	reset	107	0.08	1
4	unsafe	8	7	reset	108	0.081	1
4	unsafe	8	7	reset	109	0.07	1
4	unsafe	8	7	reset	110	0.08	1
4	unsafe	8	7	reset	111	0.1	1
4	unsafe	8	7	reset	112	0.09	1
4	unsafe	8	7	reset	113	0.1	1
4	unsafe	8	7	reset	114	0.09	1
4	unsafe	8	7	reset	115	0.09	1
4	unsafe	8	7	reset	116	0.07	1
4	unsafe	8	7	reset	117	0.09	1
4	unsafe	8	7	reset	118	0.09	1
4	unsafe	8	7	reset	119	0.08	1
4	unsafe	8	7	reset	120	0.08	1
4	unsafe	8	7	reset	121	0.08	1
4	unsafe	8	7	reset	122	0.091	1
4	unsafe	8	7	reset	123	0.08	1
4	unsafe	8	7	reset	124	0.101	1
4	unsafe	8	7	reset	125	0.08	1
4	unsafe	8	7	reset	126	0.08	1
4	unsafe	8	7	reset	127	0.08	1
4	unsafe	8	7	reset	128	0.1	1
4	unsafe	8	7	reset	129	0.081	1
4	unsafe	8	7	reset	130	0.07	1
4	unsafe	8	7	reset	131	0.1	1
4	unsafe	8	7	reset	132	0.1	1
4	unsafe	8	7	reset	133	0.1	1
4	unsafe	8	7	reset	134	0.1	1
4	unsafe	8	7	reset	135	0.09	1
4	unsafe	8	7	reset	136	0.07	1
4	unsafe	8	7	reset	137	0.1	1
4	unsafe	8	7	reset	138	0.081	1
4	unsafe	8	7	reset	139	0.1	1
4	unsafe	8	7	reset	140	0.08	1
4	unsafe	8	7	reset	141	0.08	1
4	unsafe	8	7	reset	142	0.071	1
4	unsafe	8	7	reset	143	0.08	1
4	unsafe	8	7	reset	144	0.08	1
4	unsafe	8	7	reset	145	0.08	1
4	unsafe	8	7	reset	146	0.1	1
4	unsafe	8	7	reset	147	0.08	1
4	unsafe	8	7	reset	148	0.08	1
4	unsafe	8	7	reset	149	0.09	1
4	unsafe	8	7	reset	150	0.09	1
4	unsafe	8	7	reset	151	0.081	1
4	unsafe	8	7	reset	152	0.08	1
4	unsafe	8	7	reset	153	0.07	1
4	unsafe	8	7	reset	154	0.1	1
4	unsafe	8	7	reset	155	0.07	1
4	unsafe	8	7	reset	156	0.11	1
4	unsafe	8	7	reset	157	0.09	1
4	unsafe	8	7	reset	158	0.1	1
4	unsafe	8	7	reset	159	0.101	1
4	unsafe	8	7	reset	160	0.09	1
4	unsafe	8	7	reset	161	0.08	1
4	unsafe	8	7	reset	162	0.07	1
4	unsafe	8	7	reset	163	0.09	1
4	unsafe	8	7	reset	164	0.08	1
4	unsafe	8	7	reset	165	0.1	1
4	unsafe	8	7	reset	166	0.08	1
4	unsafe	8	7	reset	167	0.07	1
4	unsafe	8	7	reset	168	0.08	1
4	unsafe	8	7	reset	169	0.08	1
4	unsafe	8	7	reset	170	0.07	1
4	unsafe	8	7	reset	171	0.07	1
4	unsafe	8	7	reset	172	0.081	1
4	unsafe	8	7	reset	173	0.08	1
4	unsafe	8	7	reset	174	0.07	1
4	unsafe	8	7	reset	175	0.07	1
4	unsafe	8	7	reset	176	0.08	1
4	unsafe	8	7	reset	177	0.091	1
4	unsafe	8	7	reset	178	0.101	1
4	unsafe	8	7	reset	179	0.07	1
4	unsafe	8	7	reset	180	0.07	1
4	unsafe	8	7	reset	181	0.07	1
4	unsafe	8	7	reset	182	0.08	1
4	unsafe	8	7	reset	183	0.081	1
4	unsafe	8	7	reset	184	0.07	1
4	unsafe	8	7	reset	185	0.07	1
4	unsafe	8	7	reset	186	0.07	1
4	unsafe	8	7	reset	187	0.07	1
4	unsafe	8	7	reset	188	0.07	1
4	unsafe	8	7	reset	189	0.08	1
4	unsafe	8	7	reset	190	0.09	1
4	unsafe	8	7	reset	191	0.07	1
4	unsafe	8	7	reset	192	0.081	1
4	unsafe	8	7	reset	193	0.1	1
4	unsafe	8	7	reset	194	0.08	1
4	unsafe	8	7	reset	195	0.08	1
4	unsafe	8	7	reset	196	0.08	1
4	unsafe	8	7	reset	197	0.101	1
4	unsafe	8	7	reset	198	0.081	1
4	unsafe	8	7	reset	199	0.07	1
4	unsafe	8	7	reset	200	0.081	1
4	unsafe	8	7	stall	1	0.0	1
4	unsafe	8	7	stall	2	0.0	1
4	unsafe	8	7	stall	3	0.0	1
4	unsafe	8	7	stall	4	0.0	1
4	unsafe	8	7	stall	5	0.0	1
4	unsafe	8	7	stall	6	0.0	1
4	unsafe	8	7	stall	7	0.0	1
4	checked	16	15	reset	1	80.692	0
4	checked	16	15	reset	2	51.197	0
4	checked	16	15	reset	3	47.38	0
4	checked	16	15	reset	4	46.047	0
4	checked	16	15	reset	5	42.279	0
4	checked	16	15	reset	6	134.614	0
4	checked	16	15	reset	7	81.553	0
4	checked	16	15	reset	8	438.236	0
4	checked	16	15	reset	9	46.107	0
4	checked	16	15	reset	10	46.879	0
4	checked	16	15	reset	11	121.69	0
4	checked	16	15	reset	12	74.23	0
4	checked	16	15	reset	13	66.666	0
4	checked	16	15	reset	14	61.826	0
4	checked	16	15	reset	15	61.606	0
4	checked	16	15	reset	16	59.582	0
4	checked	16	15	reset	17	61.446	0
4	checked	16	15	reset	18	64.051	0
4	checked	16	15	reset	19	59.813	0
4	checked	16	15	reset	20	57.579	0
4	checked	16	15	reset	21	58.741	0
4	checked	16	15	reset	22	58.11	0
4	checked	16	15	reset	23	59.583	0
4	checked	16	15	reset	24	59.251	0
4	checked	16	15	reset	25	59.322	0
4	checked	16	15	reset	26	59.963	0
4	checked	16	15	reset	27	56.887	0
4	checked	16	15	reset	28	59.602	0
4	checked	16	15	reset	29	58.1	0
4	checked	16	15	reset	30	57.248	0
4	checked	16	15	reset	31	59.933	0
4	checked	16	15	reset	32	60.575	0
4	checked	16	15	reset	33	60.604	0
4	checked	16	15	reset	34	58.149	0
4	checked	16	15	reset	35	60.484	0
4	checked	16	15	reset	36	57.509	0
4	checked	16	15	reset	37	78.107	0
4	checked	16	15	reset	38	61.997	0
4	checked	16	15	reset	39	59.422	0
4	checked	16	15	reset	40	57.308	0
4	checked	16	15	reset	41	58.33	0
4	checked	16	15	reset	42	59.402	0
4	checked	16	15	reset	43	60.073	0
4	checked	16	15	reset	44	183.135	0
4	checked	16	15	reset	45	74.12	0
4	checked	16	15	reset	46	81.644	0
4	checked	16	15	reset	47	65.854	0
4	checked	16	15	reset	48	69.651	0
4	checked	16	15	reset	49	64.071	0
4	checked	16	15	reset	50	63.55	0
4	checked	16	15	reset	51	67.226	0
4	checked	16	15	reset	52	63.63	0
4	checked	16	15	reset	53	67.638	0
4	checked	16	15	reset	54	65.243	0
4	checked	16	15	reset	55	65.273	0
4	checked	16	15	reset	56	68.54	0
4	checked	16	15	reset	57	64.612	0
4	checked	16	15	reset	58	70.282	0
4	checked	16	15	reset	59	71.144	0
4	checked	16	15	reset	60	132.429	0
4	checked	16	15	reset	61	77.206	0
4	checked	16	15	reset	62	68.59	0
4	checked	16	15	reset	63	67.888	0
4	checked	16	15	reset	64	66.125	0
4	checked	16	15	reset	65	59.121	0
4	checked	16	15	reset	66	59.362	0
4	checked	16	15	reset	67	57.689	0
4	checked	16	15	reset	68	59.212	0
4	checked	16	15	reset	69	59.663	0
4	checked	16	15	reset	70	62.949	0
4	checked	16	15	reset	71	60.815	0
4	checked	16	15	reset	72	61.405	0
4	checked	16	15	reset	73	59.382	0
4	checked	16	15	reset	74	59.492	0
4	checked	16	15	reset	75	62.948	0
4	checked	16	15	reset	76	60.945	0
4	checked	16	15	reset	77	62.658	0
4	checked	16	15	reset	78	59.692	0
4	checked	16	15	reset	79	60.193	0
4	checked	16	15	reset	80	62.067	0
4	checked	16	15	reset	81	65.694	0
4	checked	16	15	reset	82	60.083	0
4	checked	16	15	reset	83	60.274	0
4	checked	16	15	reset	84	60.605	0
4	checked	16	15	reset	85	59.011	0
4	checked	16	15	reset	86	70.313	0
4	checked	16	15	reset	87	60.344	0
4	checked	16	15	reset	88	60.244	0
4	checked	16	15	reset	89	66.536	0
4	checked	16	15	reset	90	60.755	0
4	checked	16	15	reset	91	61.997	0
4	checked	16	15	reset	92	62.247	0
4	checked	16	15	reset	93	62.778	0
4	checked	16	15	reset	94	63.69	0
4	checked	16	15	reset	95	67.447	0
4	checked	16	15	reset	96	59.723	0
4	checked	16	15	reset	97	69.682	0
4	checked	16	15	reset	98	63.129	0
4	checked	16	15	reset	99	59.082	0
4	checked	16	15	reset	100	63.089	0
4	checked	16	15	reset	101	64.231	0
4	checked	16	15	reset	102	58.05	0
4	checked	16	15	reset	103	58.841	0
4	checked	16	15	reset	104	63.19	0
4	checked	16	15	reset	105	61.225	0
4	checked	16	15	reset	106	61.726	0
4	checked	16	15	reset	107	60.915	0
4	checked	16	15	reset	108	62.758	0
4	checked	16	15	reset	109	65.884	0
4	checked	16	15	reset	110	62.558	0
4	checked	16	15	reset	111	63.45	0
4	checked	16	15	reset	112	63.67	0
4	checked	16	15	reset	113	66.445	0
4	checked	16	15	reset	114	63.98	0
4	checked	16	15	reset	115	60.955	0
4	checked	16	15	reset	116	62.007	0
4	checked	16	15	reset	117	60.985	0
4	checked	16	15	reset	118	59.141	0
4	checked	16	15	reset	119	65.854	0
4	checked	16	15	reset	120	58.801	0
4	checked	16	15	reset	121	62.558	0
4	checked	16	15	reset	122	62.448	0
4	checked	16	15	reset	123	66.204	0
4	checked	16	15	reset	124	67.127	0
4	checked	16	15	reset	125	58.56	0
4	checked	16	15	reset	126	57.779	0
4	checked	16	15	reset	127	65.243	0
4	checked	16	15	reset	128	62.217	0
4	checked	16	15	reset	129	62.758	0
4	checked	16	15	reset	130	64.802	0
4	checked	16	15	reset	131	61.506	0
4	checked	16	15	reset	132	61.055	0
4	checked	16	15	reset	133	59.793	0
4	checked	16	15	reset	134	58.821	0
4	checked	16	15	reset	135	62.017	0
4	checked	16	15	reset	136	64.361	0
4	checked	16	15	reset	137	63.75	0
4	checked	16	15	reset	138	59.622	0
4	checked	16	15	reset	139	59.883	0
4	checked	16	15	reset	140	64.622	0
4	checked	16	15	reset	141	64.341	0
4	checked	16	15	reset	142	62.047	0
4	checked	16	15	reset	143	71.635	0
4	checked	16	15	reset	144	65.263	0
4	checked	16	15	reset	145	63.78	0
4	checked	16	15	reset	146	59.763	0
4	checked	16	15	reset	147	64.843	0
4	checked	16	15	reset	148	66.816	0
4	checked	16	15	reset	149	60.975	0
4	checked	16	15	reset	150	62.868	0
4	checked	16	15	reset	151	61.346	0
4	checked	16	15	reset	152	61.787	0
4	checked	16	15	reset	153	63.61	0
4	checked	16	15	reset	154	61.967	0
4	checked	16	15	reset	155	65.895	0
4	checked	16	15	reset	156	64.882	0
4	checked	16	15	reset	157	61.266	0
4	checked	16	15	reset	158	66.506	0
4	checked	16	15	reset	159	61.286	0
4	checked	16	15	reset	160	64.452	0
4	checked	16	15	reset	161	64.321	0
4	checked	16	15	reset	162	61.556	0
4	checked	16	15	reset	163	61.897	0
4	checked	16	15	reset	164	66.376	0
4	checked	16	15	reset	165	61.436	0
4	checked	16	15	reset	166	60.064	0
4	checked	16	15	reset	167	64.913	0
4	checked	16	15	reset	168	64.782	0
4	checked	16	15	reset	169	63.62	0
4	checked	16	15	reset	170	67.878	0
4	checked	16	15	reset	171	159.41	0
4	checked	16	15	reset	172	75.853	0
4	checked	16	15	reset	173	71.806	0
4	checked	16	15	reset	174	69.561	0
4	checked	16	15	reset	175	66.515	0
4	checked	16	15	reset	176	173.297	0
4	checked	16	15	reset	177	78.008	0
4	checked	16	15	reset	178	67.066	0
4	checked	16	15	reset	179	70.302	0
4	checked	16	15	reset	180	63.94	0
4	checked	16	15	reset	181	67.658	0
4	checked	16	15	reset	182	61.766	0
4	checked	16	15	reset	183	60.214	0
4	checked	16	15	reset	184	61.766	0
4	checked	16	15	reset	185	63.079	0
4	checked	16	15	reset	186	62.087	0
4	checked	16	15	reset	187	59.532	0
4	checked	16	15	reset	188	62.208	0
4	checked	16	15	reset	189	58.44	0
4	checked	16	15	reset	190	64.431	0
4	checked	16	15	reset	191	64.001	0
4	checked	16	15	reset	192	64.541	0
4	checked	16	15	reset	193	65.153	0
4	checked	16	15	reset	194	66.857	0
4	checked	16	15	reset	195	65.303	0
4	checked	16	15	reset	196	63.95	0
4	checked	16	15	reset	197	62.618	0
4	checked	16	15	reset	198	64.592	0
4	checked	16	15	reset	199	65.213	0
4	checked	16	15	reset	200	64.672	0
4	checked	16	15	stall	1	164.219	0
4	checked	16	15	stall	2	160.021	0
4	checked	16	15	stall	3	161.826	0
4	checked	16	15	stall	4	163.589	0
4	checked	16	15	stall	5	166.264	0
4	checked	16	15	stall	6	170.191	0
4	checked	16	15	stall	7	162.126	0
4	checked	16	15	stall	8	161.365	0
4	checked	16	15	stall	9	164.46	0
4	checked	16	15	stall	10	163.609	0
4	checked	16	15	stall	11	164.23	0
4	checked	16	15	stall	12	161.995	0
4	checked	16	15	stall	13	163.748	0
4	checked	16	15	stall	14	232.999	0
4	checked	16	15	stall	15	160.763	0
4	unsafe	16	15	reset	1	0.17	0
4	unsafe	16	15	reset	2	0.08	0
4	unsafe	16	15	reset	3	0.09	0
4	unsafe	16	15	reset	4	0.07	0
4	unsafe	16	15	reset	5	0.08	0
4	unsafe	16	15	reset	6	0.1	0
4	unsafe	16	15	reset	7	0.1	0
4	unsafe	16	15	reset	8	0.08	0
4	unsafe	16	15	reset	9	0.091	0
4	unsafe	16	15	reset	10	0.09	0
4	unsafe	16	15	reset	11	0.101	0
4	unsafe	16	15	reset	12	0.19	0
4	unsafe	16	15	reset	13	0.211	0
4	unsafe	16	15	reset	14	0.08	0
4	unsafe	16	15	reset	15	0.08	0
4	unsafe	16	15	reset	16	0.08	0
4	unsafe	16	15	reset	17	0.081	0
4	unsafe	16	15	reset	18	0.071	0
4	unsafe	16	15	reset	19	0.08	0
4	unsafe	16	15	reset	20	0.07	0
4	unsafe	16	15	reset	21	0.08	0
4	unsafe	16	15	reset	22	0.08	0
4	unsafe	16	15	reset	23	0.08	0
4	unsafe	16	15	reset	24	0.07	0
4	unsafe	16	15	reset	25	0.08	0
4	unsafe	16	15	reset	26	0.11	0
4	unsafe	16	15	reset	27	0.08	0
4	unsafe	16	15	reset	28	0.09	0
4	unsafe	16	15	reset	29	0.08	0
4	unsafe	16	15	reset	30	0.08	0
4	unsafe	16	15	reset	31	0.07	0
4	unsafe	16	15	reset	32	0.07	0
4	unsafe	16	15	reset	33	0.07	0
4	unsafe	16	15	reset	34	0.081	0
4	unsafe	16	15	reset	35	0.08	0
4	unsafe	16	15	reset	36	0.1	0
4	unsafe	16	15	reset	37	0.08	0
4	unsafe	16	15	reset	38	0.091	0
4	unsafe	16	15	reset	39	0.11	0
4	unsafe	16	15	reset	40	0.08	0
4	unsafe	16	15	reset	41	0.081	0
4	unsafe	16	15	reset	42	0.09	0
4	unsafe	16	15	reset	43	0.07	0
4	unsafe	16	15	reset	44	0.08	0
4	unsafe	16	15	reset	45	0.091	0
4	unsafe	16	15	reset	46	0.07	0
4	unsafe	16	15	reset	47	0.07	0
4	unsafe	16	15	reset	48	0.09	0
4	unsafe	16	15	reset	49	0.08	0
4	unsafe	16	15	reset	50	0.09	0
4	unsafe	16	15	reset	51	0.08	0
4	unsafe	16	15	reset	52	0.08	0
4	unsafe	16	15	reset	53	0.081	0
4	unsafe	16	15	reset	54	0.081	0
4	unsafe	16	15	reset	55	0.08	0
4	unsafe	16	15	reset	56	0.07	0
4	unsafe	16	15	reset	57	0.09	0
4	unsafe	16	15	reset	58	0.08	0
4	unsafe	16	15	reset	59	0.09	0
4	unsafe	16	15	reset	60	0.09	0
4	unsafe	16	15	reset	61	0.07	0
4	unsafe	16	15	reset	62	0.071	0
4	unsafe	16	15	reset	63	0.08	0
4	unsafe	16	15	reset	64	0.08	0
4	unsafe	16	15	reset	65	0.07	0
4	unsafe	16	15	reset	66	0.09	0
4	unsafe	16	15	reset	67	0.09	0
4	unsafe	16	15	reset	68	0.08	0
4	unsafe	16	15	reset	69	0.08	0
4	unsafe	16	15	reset	70	0.07	0
4	unsafe	16	15	reset	71	0.08	0
4	unsafe	16	15	reset	72	0.09	0
4	unsafe	16	15	reset	73	0.07	0
4	unsafe	16	15	reset	74	0.09	0
4	unsafe	16	15	reset	75	0.08	0
4	unsafe	16	15	reset	76	0.09	0
4	unsafe	16	15	reset	77	0.08	0
4	unsafe	16	15	reset	78	0.08	0
4	unsafe	16	15	reset	79	0.07	0
4	unsafe	16	15	reset	80	0.08	0
4	unsafe	16	15	reset	81	0.08	0
4	unsafe	16	15	reset	82	0.07	0
4	unsafe	16	15	reset	83	0.071	0
4	unsafe	16	15	reset	84	0.07	0
4	unsafe	16	15	reset	85	0.07	0
4	unsafe	16	15	reset	86	0.08	0
4	unsafe	16	15	reset	87	0.09	0
4	unsafe	16	15	reset	88	0.07	0
4	unsafe	16	15	reset	89	0.09	0
4	unsafe	16	15	reset	90	0.09	0
4	unsafe	16	15	reset	91	0.07	0
4	unsafe	16	15	reset	92	0.07	0
4	unsafe	16	15	reset	93	0.08	0
4	unsafe	16	15	reset	94	0.071	0
4	unsafe	16	15	reset	95	0.07	0
4	unsafe	16	15	reset	96	0.08	0
4	unsafe	16	15	reset	97	0.08	0
4	unsafe	16	15	reset	98	0.07	0
4	unsafe	16	15	reset	99	0.08	0
4	unsafe	16	15	reset	100	0.08	0
4	unsafe	16	15	reset	101	0.091	0
4	unsafe	16	15	reset	102	0.07	0
4	unsafe	16	15	reset	103	0.08	0
4	unsafe	16	15	reset	104	0.081	0
4	unsafe	16	15	reset	105	0.07	0
4	unsafe	16	15	reset	106	0.06	0
4	unsafe	16	15	reset	107	0.09	0
4	unsafe	16	15	reset	108	0.07	0
4	unsafe	16	15	reset	109	0.08	0
4	unsafe	16	15	reset	110	0.08	0
4	unsafe	16	15	reset	111	0.08	0
4	unsafe	16	15	reset	112	0.07	0
4	unsafe	16	15	reset	113	0.09	0
4	unsafe	16	15	reset	114	0.08	0
4	unsafe	16	15	reset	115	0.081	0
4	unsafe	16	15	reset	116	0.07	0
4	unsafe	16	15	reset	117	0.08	0
4	unsafe	16	15	reset	118	0.08	0
4	unsafe	16	15	reset	119	0.081	0
4	unsafe	16	15	reset	120	0.08	0
4	unsafe	16	15	reset	121	0.08	0
4	unsafe	16	15	reset	122	0.07	0
4	unsafe	16	15	reset	123	0.09	0
4	unsafe	16	15	reset	124	0.07	0
4	unsafe	16	15	reset	125	0.08	0
4	unsafe	16	15	reset	126	0.081	0
4	unsafe	16	15	reset	127	0.08	0
4	unsafe	16	15	reset	128	0.08	0
4	unsafe	16	15	reset	129	0.09	0
4	unsafe	16	15	reset	130	0.08	0
4	unsafe	16	15	reset	131	0.07	0
4	unsafe	16	15	reset	132	0.09	0
4	unsafe	16	15	reset	133	0.1	0
4	unsafe	16	15	reset	134	0.07	0
4	unsafe	16	15	reset	135	0.1	0
4	unsafe	16	15	reset	136	0.1	0
4	unsafe	16	15	reset	137	0.1	0
4	unsafe	16	15	reset	138	0.08	0
4	unsafe	16	15	reset	139	0.091	0
4	unsafe	16	15	reset	140	0.08	0
4	unsafe	16	15	reset	141	0.081	0
4	unsafe	16	15	reset	142	0.07	0
4	unsafe	16	15	reset	143	0.07	0
4	unsafe	16	15	reset	144	0.07	0
4	unsafe	16	15	reset	145	0.08	0
4	unsafe	16	15	reset	146	0.08	0
4	unsafe	16	15	reset	147	0.11	0
4	unsafe	16	15	reset	148	0.07	0
4	unsafe	16	15	reset	149	0.07	0
4	unsafe	16	15	reset	150	0.09	0
4	unsafe	16	15	reset	151	0.08	0
4	unsafe	16	15	reset	152	0.08	0
4	unsafe	16	15	reset	153	0.09	0
4	unsafe	16	15	reset	154	0.08	0
4	unsafe	16	15	reset	155	0.08	0
4	unsafe	16	15	reset	156	0.07	0
4	unsafe	16	15	reset	157	0.11	0
4	unsafe	16	15	reset	158	0.07	0
4	unsafe	16	15	reset	159	0.1	0
4	unsafe	16	15	reset	160	0.08	0
4	unsafe	16	15	reset	161	0.08	0
4	unsafe	16	15	reset	162	0.07	0
4	unsafe	16	15	reset	163	0.081	0
4	unsafe	16	15	reset	164	0.081	0
4	unsafe	16	15	reset	165	0.08	0
4	unsafe	16	15	reset	166	0.07	0
4	unsafe	16	15	reset	167	0.09	0
4	unsafe	16	15	reset	168	0.1	0
4	unsafe	16	15	reset	169	0.09	0
4	unsafe	16	15	reset	170	0.07	0
4	unsafe	16	15	reset	171	0.08	0
4	unsafe	16	15	reset	172	0.08	0
4	unsafe	16	15	reset	173	0.1	0
4	unsafe	16	15	reset	174	0.07	0
4	unsafe	16	15	reset	175	0.101	0
4	unsafe	16	15	reset	176	0.071	0
4	unsafe	16	15	reset	177	0.08	0
4	unsafe	16	15	reset	178	0.08	0
4	unsafe	16	15	reset	179	0.1	0
4	unsafe	16	15	reset	180	0.08	0
4	unsafe	16	15	reset	181	0.071	0
4	unsafe	16	15	reset	182	0.1	0
4	unsafe	16	15	reset	183	0.1	0
4	unsafe	16	15	reset	184	0.07	0
4	unsafe	16	15	reset	185	0.071	0
4	unsafe	16	15	reset	186	0.08	0
4	unsafe	16	15	reset	187	0.08	0
4	unsafe	16	15	reset	188	0.08	0
4	unsafe	16	15	reset	189	0.071	0
4	unsafe	16	15	reset	190	0.09	0
4	unsafe	16	15	reset	191	0.08	0
4	unsafe	16	15	reset	192	0.081	0
4	unsafe	16	15	reset	193	0.101	0
4	unsafe	16	15	reset	194	0.08	0
4	unsafe	16	15	reset	195	0.08	0
4	unsafe	16	15	reset	196	0.13	0
4	unsafe	16	15	reset	197	0.08	0
4	unsafe	16	15	reset	198	0.08	0
4	unsafe	16	15	reset	199	0.09	0
4	unsafe	16	15	reset	200	0.08	0
4	unsafe	16	15	stall	1	0.0	0
4	unsafe	16	15	stall	2	3003.074	0
4	unsafe	16	15	stall	3	0.0	0
4	unsafe	16	15	stall	4	0.0	0
4	unsafe	16	15	stall	5	0.0	0
4	unsafe	16	15	stall	6	0.0	0
4	unsafe	16	15	stall	7	3003.085	0
4	unsafe	16	15	stall	8	0.0	0
4	unsafe	16	15	stall	9	0.0	0
4	unsafe	16	15	stall	10	0.0	0
4	unsafe	16	15	stall	11	0.0	0
4	unsafe	16	15	stall	12	0.0	0
4	unsafe	16	15	stall	13	0.0	0
4	unsafe	16	15	stall	14	0.0	0
4	unsafe	16	15	stall	15	0.0	0
4	checked	30	29	reset	1	89.599	0
4	checked	30	29	reset	2	69.17	0
4	checked	30	29	reset	3	53.781	0
4	checked	30	29	reset	4	52.549	0
4	checked	30	29	reset	5	55.895	0
4	checked	30	29	reset	6	51.547	0
4	checked	30	29	reset	7	80.993	0
4	checked	30	29	reset	8	327.157	0
4	checked	30	29	reset	9	69.532	0
4	checked	30	29	reset	10	102.914	0
4	checked	30	29	reset	11	113.304	0
4	checked	30	29	reset	12	104.878	0
4	checked	30	29	reset	13	104.928	0
4	checked	30	29	reset	14	105.209	0
4	checked	30	29	reset	15	96.653	0
4	checked	30	29	reset	16	103.766	0
4	checked	30	29	reset	17	115.999	0
4	checked	30	29	reset	18	103.074	0
4	checked	30	29	reset	19	104.166	0
4	checked	30	29	reset	20	112.602	0
4	checked	30	29	reset	21	98.315	0
4	checked	30	29	reset	22	99.778	0
4	checked	30	29	reset	23	100.349	0
4	checked	30	29	reset	24	99.227	0
4	checked	30	29	reset	25	97.343	0
4	checked	30	29	reset	26	93.596	0
4	checked	30	29	reset	27	99.347	0
4	checked	30	29	reset	28	108.254	0
4	checked	30	29	reset	29	105.76	0
4	checked	30	29	reset	30	98.326	0
4	checked	30	29	reset	31	104.788	0
4	checked	30	29	reset	32	99.127	0
4	checked	30	29	reset	33	103.746	0
4	checked	30	29	reset	34	97.884	0
4	checked	30	29	reset	35	104.587	0
4	checked	30	29	reset	36	96.913	0
4	checked	30	29	reset	37	106.892	0
4	checked	30	29	reset	38	127.14	0
4	checked	30	29	reset	39	101.903	0
4	checked	30	29	reset	40	100.089	0
4	checked	30	29	reset	41	108.945	0
4	checked	30	29	reset	42	3577.197	0
4	checked	30	29	reset	43	107.603	0
4	checked	30	29	reset	44	97.233	0
4	checked	30	29	reset	45	334.581	0
4	checked	30	29	reset	46	98.545	0
4	checked	30	29	reset	47	104.898	0
4	checked	30	29	reset	48	94.909	0
4	checked	30	29	reset	49	101.381	0
4	checked	30	29	reset	50	100.259	0
4	checked	30	29	reset	51	99.477	0
4	checked	30	29	reset	52	107.032	0
4	checked	30	29	reset	53	98.426	0
4	checked	30	29	reset	54	100.219	0
4	checked	30	29	reset	55	94.889	0
4	checked	30	29	reset	56	94.468	0
4	checked	30	29	reset	57	99.097	0
4	checked	30	29	reset	58	91.362	0
4	checked	30	29	reset	59	104.768	0
4	checked	30	29	reset	60	101.662	0
4	checked	30	29	reset	61	96.212	0
4	checked	30	29	reset	62	102.924	0
4	checked	30	29	reset	63	97.243	0
4	checked	30	29	reset	64	96.001	0
4	checked	30	29	reset	65	97.835	0
4	checked	30	29	reset	66	97.073	0
4	checked	30	29	reset	67	95.921	0
4	checked	30	29	reset	68	99.638	0
4	checked	30	29	reset	69	99.698	0
4	checked	30	29	reset	70	97.493	0
4	checked	30	29	reset	71	100.84	0
4	checked	30	29	reset	72	98.647	0
4	checked	30	29	reset	73	96.882	0
4	checked	30	29	reset	74	100.82	0
4	checked	30	29	reset	75	98.325	0
4	checked	30	29	reset	76	100.229	0
4	checked	30	29	reset	77	101.371	0
4	checked	30	29	reset	78	91.012	0
4	checked	30	29	reset	79	100.509	0
4	checked	30	29	reset	80	93.807	0
4	checked	30	29	reset	81	100.019	0
4	checked	30	29	reset	82	99.538	0
4	checked	30	29	reset	83	91.874	0
4	checked	30	29	reset	84	92.535	0
4	checked	30	29	reset	85	98.235	0
4	checked	30	29	reset	86	92.314	0
4	checked	30	29	reset	87	95.159	0
4	checked	30	29	reset	88	108.204	0
4	checked	30	29	reset	89	102.714	0
4	checked	30	29	reset	90	104.958	0
4	checked	30	29	reset	91	99.137	0
4	checked	30	29	reset	92	100.83	0
4	checked	30	29	reset	93	102.834	0
4	checked	30	29	reset	94	99.487	0
4	checked	30	29	reset	95	99.428	0
4	checked	30	29	reset	96	95.911	0
4	checked	30	29	reset	97	302.049	0
4	checked	30	29	reset	98	121.68	0
4	checked	30	29	reset	99	109.136	0
4	checked	30	29	reset	100	116.42	0
4	checked	30	29	reset	101	103.265	0
4	checked	30	29	reset	102	95.931	0
4	checked	30	29	reset	103	101.341	0
4	checked	30	29	reset	104	98.486	0
4	checked	30	29	reset	105	101.562	0
4	checked	30	29	reset	106	97.904	0
4	checked	30	29	reset	107	95.992	0
4	checked	30	29	reset	108	93.396	0
4	checked	30	29	reset	109	91.412	0
4	checked	30	29	reset	110	90.921	0
4	checked	30	29	reset	111	99.127	0
4	checked	30	29	reset	112	97.694	0
4	checked	30	29	reset	113	99.057	0
4	checked	30	29	reset	114	100.038	0
4	checked	30	29	reset	115	101.291	0
4	checked	30	29	reset	116	94.799	0
4	checked	30	29	reset	117	96.903	0
4	checked	30	29	reset	118	100.63	0
4	checked	30	29	reset	119	94.067	0
4	checked	30	29	reset	120	104.337	0
4	checked	30	29	reset	121	101.021	0
4	checked	30	29	reset	122	103.716	0
4	checked	30	29	reset	123	95.921	0
4	checked	30	29	reset	124	93.727	0
4	checked	30	29	reset	125	104.878	0
4	checked	30	29	reset	126	98.887	0
4	checked	30	29	reset	127	95.46	0
4	checked	30	29	reset	128	99.437	0
4	checked	30	29	reset	129	98.596	0
4	checked	30	29	reset	130	103.144	0
4	checked	30	29	reset	131	94.238	0
4	checked	30	29	reset	132	100.911	0
4	checked	30	29	reset	133	104.577	0
4	checked	30	29	reset	134	95.931	0
4	checked	30	29	reset	135	99.708	0
4	checked	30	29	reset	136	104.046	0
4	checked	30	29	reset	137	106.601	0
4	checked	30	29	reset	138	99.708	0
4	checked	30	29	reset	139	102.323	0
4	checked	30	29	reset	140	108.184	0
4	checked	30	29	reset	141	102.553	0
4	checked	30	29	reset	142	98.385	0
4	checked	30	29	reset	143	100.9	0
4	checked	30	29	reset	144	101.571	0
4	checked	30	29	reset	145	100.229	0
4	checked	30	29	reset	146	97.504	0
4	checked	30	29	reset	147	95.53	0
4	checked	30	29	reset	148	99.408	0
4	checked	30	29	reset	149	98.515	0
4	checked	30	29	reset	150	3676.996	0
4	checked	30	29	reset	151	120.507	0
4	checked	30	29	reset	152	121.189	0
4	checked	30	29	reset	153	236.697	0
4	checked	30	29	reset	154	2964.071	0
4	checked	30	29	reset	155	113.554	0
4	checked	30	29	reset	156	123.773	0
4	checked	30	29	reset	157	3602.356	0
4	checked	30	29	reset	158	125.337	0
4	checked	30	29	reset	159	98.937	0
4	checked	30	29	reset	160	101.03	0
4	checked	30	29	reset	161	99.357	0
4	checked	30	29	reset	162	120.668	0
4	checked	30	29	reset	163	96.963	0
4	checked	30	29	reset	164	104.237	0
4	checked	30	29	reset	165	103.946	0
4	checked	30	29	reset	166	95.821	0
4	checked	30	29	reset	167	95.19	0
4	checked	30	29	reset	168	96.272	0
4	checked	30	29	reset	169	102.693	0
4	checked	30	29	reset	170	106.251	0
4	checked	30	29	reset	171	98.075	0
4	checked	30	29	reset	172	163.85	0
4	checked	30	29	reset	173	95.951	0
4	checked	30	29	reset	174	99.819	0
4	checked	30	29	reset	175	105.419	0
4	checked	30	29	reset	176	102.293	0
4	checked	30	29	reset	177	110.278	0
4	checked	30	29	reset	178	110.659	0
4	checked	30	29	reset	179	101.631	0
4	checked	30	29	reset	180	99.137	0
4	checked	30	29	reset	181	104.016	0
4	checked	30	29	reset	182	96.642	0
4	checked	30	29	reset	183	96.913	0
4	checked	30	29	reset	184	96.382	0
4	checked	30	29	reset	185	96.852	0
4	checked	30	29	reset	186	100.63	0
4	checked	30	29	reset	187	98.015	0
4	checked	30	29	reset	188	102.674	0
4	checked	30	29	reset	189	99.298	0
4	checked	30	29	reset	190	99.618	0
4	checked	30	29	reset	191	98.015	0
4	checked	30	29	reset	192	97.124	0
4	checked	30	29	reset	193	102.944	0
4	checked	30	29	reset	194	106.541	0
4	checked	30	29	reset	195	106.16	0
4	checked	30	29	reset	196	109.696	0
4	checked	30	29	reset	197	91.723	0
4	checked	30	29	reset	198	99.788	0
4	checked	30	29	reset	199	102.443	0
4	checked	30	29	reset	200	105.378	0
4	checked	30	29	stall	1	727.873	0
4	checked	30	29	stall	2	1069.888	0
4	checked	30	29	stall	3	323.31	0
4	checked	30	29	stall	4	2951.427	0
4	checked	30	29	stall	5	1568.669	0
4	checked	30	29	stall	6	590.905	0
4	checked	30	29	stall	7	585.294	0
4	checked	30	29	stall	8	1098.963	0
4	checked	30	29	stall	9	547.423	0
4	checked	30	29	stall	10	791.593	0
4	checked	30	29	stall	11	795.34	0
4	checked	30	29	stall	12	565.848	0
4	checked	30	29	stall	13	323.179	0
4	checked	30	29	stall	14	501.777	0
4	checked	30	29	stall	15	586.477	0
4	checked	30	29	stall	16	317.539	0
4	checked	30	29	stall	17	586.145	0
4	checked	30	29	stall	18	713.616	0
4	checked	30	29	stall	19	602.777	0
4	checked	30	29	stall	20	587.217	0
4	checked	30	29	stall	21	977.023	0
4	checked	30	29	stall	22	608.227	0
4	checked	30	29	stall	23	327.789	0
4	checked	30	29	stall	24	316.858	0
4	checked	30	29	stall	25	321.206	0
4	checked	30	29	stall	26	584.382	0
4	checked	30	29	stall	27	724.937	0
4	checked	30	29	stall	28	744.695	0
4	checked	30	29	stall	29	584.002	0
4	unsafe	30	29	reset	1	0.34	0
4	unsafe	30	29	reset	2	0.09	0
4	unsafe	30	29	reset	3	0.1	0
4	unsafe	30	29	reset	4	0.07	0
4	unsafe	30	29	reset	5	0.08	0
4	unsafe	30	29	reset	6	0.07	0
4	unsafe	30	29	reset	7	0.07	0
4	unsafe	30	29	reset	8	0.07	0
4	unsafe	30	29	reset	9	0.091	0
4	unsafe	30	29	reset	10	0.07	0
4	unsafe	30	29	reset	11	0.091	0
4	unsafe	30	29	reset	12	0.08	0
4	unsafe	30	29	reset	13	0.22	0
4	unsafe	30	29	reset	14	0.14	0
4	unsafe	30	29	reset	15	0.17	0
4	unsafe	30	29	reset	16	0.14	0
4	unsafe	30	29	reset	17	0.14	0
4	unsafe	30	29	reset	18	0.14	0
4	unsafe	30	29	reset	19	0.141	0
4	unsafe	30	29	reset	20	0.141	0
4	unsafe	30	29	reset	21	0.13	0
4	unsafe	30	29	reset	22	0.14	0
4	unsafe	30	29	reset	23	0.15	0
4	unsafe	30	29	reset	24	0.14	0
4	unsafe	30	29	reset	25	0.141	0
4	unsafe	30	29	reset	26	0.141	0
4	unsafe	30	29	reset	27	0.141	0
4	unsafe	30	29	reset	28	0.17	0
4	unsafe	30	29	reset	29	0.14	0
4	unsafe	30	29	reset	30	0.17	0
4	unsafe	30	29	reset	31	0.14	0
4	unsafe	30	29	reset	32	0.14	0
4	unsafe	30	29	reset	33	0.14	0
4	unsafe	30	29	reset	34	0.15	0
4	unsafe	30	29	reset	35	0.14	0
4	unsafe	30	29	reset	36	0.141	0
4	unsafe	30	29	reset	37	0.14	0
4	unsafe	30	29	reset	38	0.14	0
4	unsafe	30	29	reset	39	0.15	0
4	unsafe	30	29	reset	40	0.14	0
4	unsafe	30	29	reset	41	0.13	0
4	unsafe	30	29	reset	42	0.141	0
4	unsafe	30	29	reset	43	0.141	0
4	unsafe	30	29	reset	44	0.14	0
4	unsafe	30	29	reset	45	0.14	0
4	unsafe	30	29	reset	46	0.14	0
4	unsafe	30	29	reset	47	0.14	0
4	unsafe	30	29	reset	48	0.15	0
4	unsafe	30	29	reset	49	0.13	0
4	unsafe	30	29	reset	50	0.141	0
4	unsafe	30	29	reset	51	0.14	0
4	unsafe	30	29	reset	52	0.14	0
4	unsafe	30	29	reset	53	0.15	0
4	unsafe	30	29	reset	54	0.13	0
4	unsafe	30	29	reset	55	0.14	0
4	unsafe	30	29	reset	56	0.141	0
4	unsafe	30	29	reset	57	0.141	0
4	unsafe	30	29	reset	58	0.14	0
4	unsafe	30	29	reset	59	0.14	0
4	unsafe	30	29	reset	60	0.14	0
4	unsafe	30	29	reset	61	0.151	0
4	unsafe	30	29	reset	62	0.141	0
4	unsafe	30	29	reset	63	0.14	0
4	unsafe	30	29	reset	64	0.14	0
4	unsafe	30	29	reset	65	0.14	0
4	unsafe	30	29	reset	66	0.13	0
4	unsafe	30	29	reset	67	0.14	0
4	unsafe	30	29	reset	68	0.14	0
4	unsafe	30	29	reset	69	0.131	0
4	unsafe	30	29	reset	70	0.14	0
4	unsafe	30	29	reset	71	0.141	0
4	unsafe	30	29	reset	72	0.15	0
4	unsafe	30	29	reset	73	0.14	0
4	unsafe	30	29	reset	74	0.14	0
4	unsafe	30	29	reset	75	0.14	0
4	unsafe	30	29	reset	76	0.14	0
4	unsafe	30	29	reset	77	0.15	0
4	unsafe	30	29	reset	78	0.15	0
4	unsafe	30	29	reset	79	0.14	0
4	unsafe	30	29	reset	80	0.14	0
4	unsafe	30	29	reset	81	0.141	0
4	unsafe	30	29	reset	82	0.141	0
4	unsafe	30	29	reset	83	0.14	0
4	unsafe	30	29	reset	84	0.15	0
4	unsafe	30	29	reset	85	0.15	0
4	unsafe	30	29	reset	86	0.14	0
4	unsafe	30	29	reset	87	0.141	0
4	unsafe	30	29	reset	88	0.17	0
4	unsafe	30	29	reset	89	0.15	0
4	unsafe	30	29	reset	90	0.141	0
4	unsafe	30	29	reset	91	0.141	0
4	unsafe	30	29	reset	92	0.14	0
4	unsafe	30	29	reset	93	0.15	0
4	unsafe	30	29	reset	94	0.14	0
4	unsafe	30	29	reset	95	0.14	0
4	unsafe	30	29	reset	96	0.13	0
4	unsafe	30	29	reset	97	0.13	0
4	unsafe	30	29	reset	98	0.14	0
4	unsafe	30	29	reset	99	0.14	0
4	unsafe	30	29	reset	100	0.14	0
4	unsafe	30	29	reset	101	0.14	0
4	unsafe	30	29	reset	102	0.14	0
4	unsafe	30	29	reset	103	0.15	0
4	unsafe	30	29	reset	104	0.14	0
4	unsafe	30	29	reset	105	0.15	0
4	unsafe	30	29	reset	106	0.141	0
4	unsafe	30	29	reset	107	0.151	0
4	unsafe	30	29	reset	108	0.14	0
4	unsafe	30	29	reset	109	0.13	0
4	unsafe	30	29	reset	110	0.15	0
4	unsafe	30	29	reset	111	0.13	0
4	unsafe	30	29	reset	112	0.15	0
4	unsafe	30	29	reset	113	0.14	0
4	unsafe	30	29	reset	114	0.141	0
4	unsafe	30	29	reset	115	0.141	0
4	unsafe	30	29	reset	116	0.14	0
4	unsafe	30	29	reset	117	0.141	0
4	unsafe	30	29	reset	118	0.14	0
4	unsafe	30	29	reset	119	0.141	0
4	unsafe	30	29	reset	120	0.14	0
4	unsafe	30	29	reset	121	0.14	0
4	unsafe	30	29	reset	122	0.14	0
4	unsafe	30	29	reset	123	0.14	0
4	unsafe	30	29	reset	124	0.14	0
4	unsafe	30	29	reset	125	0.141	0
4	unsafe	30	29	reset	126	0.14	0
4	unsafe	30	29	reset	127	0.15	0
4	unsafe	30	29	reset	128	0.13	0
4	unsafe	30	29	reset	129	0.14	0
4	unsafe	30	29	reset	130	0.14	0
4	unsafe	30	29	reset	131	0.15	0
4	unsafe	30	29	reset	132	0.15	0
4	unsafe	30	29	reset	133	0.141	0
4	unsafe	30	29	reset	134	0.14	0
4	unsafe	30	29	reset	135	0.13	0
4	unsafe	30	29	reset	136	0.141	0
4	unsafe	30	29	reset	137	0.14	0
4	unsafe	30	29	reset	138	0.15	0
4	unsafe	30	29	reset	139	0.14	0
4	unsafe	30	29	reset	140	0.171	0
4	unsafe	30	29	reset	141	0.15	0
4	unsafe	30	29	reset	142	0.141	0
4	unsafe	30	29	reset	143	0.131	0
4	unsafe	30	29	reset	144	0.15	0
4	unsafe	30	29	reset	145	0.131	0
4	unsafe	30	29	reset	146	0.141	0
4	unsafe	30	29	reset	147	0.14	0
4	unsafe	30	29	reset	148	0.15	0
4	unsafe	30	29	reset	149	0.14	0
4	unsafe	30	29	reset	150	0.13	0
4	unsafe	30	29	reset	151	0.141	0
4	unsafe	30	29	reset	152	0.15	0
4	unsafe	30	29	reset	153	0.14	0
4	unsafe	30	29	reset	154	0.14	0
4	unsafe	30	29	reset	155	0.131	0
4	unsafe	30	29	reset	156	0.14	0
4	unsafe	30	29	reset	157	0.131	0
4	unsafe	30	29	reset	158	0.14	0
4	unsafe	30	29	reset	159	0.13	0
4	unsafe	30	29	reset	160	0.15	0
4	unsafe	30	29	reset	161	0.13	0
4	unsafe	30	29	reset	162	0.14	0
4	unsafe	30	29	reset	163	0.141	0
4	unsafe	30	29	reset	164	0.15	0
4	unsafe	30	29	reset	165	0.14	0
4	unsafe	30	29	reset	166	0.14	0
4	unsafe	30	29	reset	167	0.14	0
4	unsafe	30	29	reset	168	0.15	0
4	unsafe	30	29	reset	169	0.14	0
4	unsafe	30	29	reset	170	0.14	0
4	unsafe	30	29	reset	171	0.141	0
4	unsafe	30	29	reset	172	0.14	0
4	unsafe	30	29	reset	173	0.17	0
4	unsafe	30	29	reset	174	0.141	0
4	unsafe	30	29	reset	175	0.14	0
4	unsafe	30	29	reset	176	0.141	0
4	unsafe	30	29	reset	177	0.141	0
4	unsafe	30	29	reset	178	0.14	0
4	unsafe	30	29	reset	179	0.141	0
4	unsafe	30	29	reset	180	0.14	0
4	unsafe	30	29	reset	181	0.14	0
4	unsafe	30	29	reset	182	0.14	0
4	unsafe	30	29	reset	183	0.14	0
4	unsafe	30	29	reset	184	0.14	0
4	unsafe	30	29	reset	185	0.14	0
4	unsafe	30	29	reset	186	0.14	0
4	unsafe	30	29	reset	187	0.13	0
4	unsafe	30	29	reset	188	0.14	0
4	unsafe	30	29	reset	189	0.14	0
4	unsafe	30	29	reset	190	0.14	0
4	unsafe	30	29	reset	191	0.15	0
4	unsafe	30	29	reset	192	0.15	0
4	unsafe	30	29	reset	193	0.141	0
4	unsafe	30	29	reset	194	0.14	0
4	unsafe	30	29	reset	195	0.141	0
4	unsafe	30	29	reset	196	0.13	0
4	unsafe	30	29	reset	197	0.14	0
4	unsafe	30	29	reset	198	0.141	0
4	unsafe	30	29	reset	199	0.14	0
4	unsafe	30	29	reset	200	0.14	0
4	unsafe	30	29	stall	1	0.0	0
4	unsafe	30	29	stall	2	280.729	0
4	unsafe	30	29	stall	3	1564.832	0
4	unsafe	30	29	stall	4	423.048	0
4	unsafe	30	29	stall	5	0.0	0
4	unsafe	30	29	stall	6	0.0	0
4	unsafe	30	29	stall	7	85.431	0
4	unsafe	30	29	stall	8	0.0	0
4	unsafe	30	29	stall	9	215.387	0
4	unsafe	30	29	stall	10	0.0	0
4	unsafe	30	29	stall	11	0.0	0
4	unsafe	30	29	stall	12	191.962	0
4	unsafe	30	29	stall	13	204.326	0
4	unsafe	30	29	stall	14	0.0	0
4	unsafe	30	29	stall	15	0.0	0
4	unsafe	30	29	stall	16	0.0	0
4	unsafe	30	29	stall	17	0.0	0
4	unsafe	30	29	stall	18	0.0	0
4	unsafe	30	29	stall	19	0.0	0
4	unsafe	30	29	stall	20	0.0	0
4	unsafe	30	29	stall	21	0.0	0
4	unsafe	30	29	stall	22	0.0	0
4	unsafe	30	29	stall	23	0.0	0
4	unsafe	30	29	stall	24	0.0	0
4	unsafe	30	29	stall	25	0.0	0
4	unsafe	30	29	stall	26	370.909	0
4	unsafe	30	29	stall	27	0.0	0
4	unsafe	30	29	stall	28	0.0	0
4	unsafe	30	29	stall	29	0.0	0
5	checked	1	0	reset	1	28.183	0
5	checked	1	0	reset	2	27.161	0
5	checked	1	0	reset	3	26.871	0
5	checked	1	0	reset	4	27.912	0
5	checked	1	0	reset	5	26.851	0
5	checked	1	0	reset	6	27.772	0
5	checked	1	0	reset	7	26.771	0
5	checked	1	0	reset	8	26.45	0
5	checked	1	0	reset	9	27.091	0
5	checked	1	0	reset	10	26.369	0
5	checked	1	0	reset	11	27.041	0
5	checked	1	0	reset	12	26.48	0
5	checked	1	0	reset	13	26.931	0
5	checked	1	0	reset	14	26.55	0
5	checked	1	0	reset	15	26.941	0
5	checked	1	0	reset	16	26.53	0
5	checked	1	0	reset	17	26.971	0
5	checked	1	0	reset	18	27.111	0
5	checked	1	0	reset	19	27.782	0
5	checked	1	0	reset	20	27.141	0
5	checked	1	0	reset	21	27.192	0
5	checked	1	0	reset	22	27.341	0
5	checked	1	0	reset	23	27.382	0
5	checked	1	0	reset	24	26.8	0
5	checked	1	0	reset	25	28.123	0
5	checked	1	0	reset	26	26.921	0
5	checked	1	0	reset	27	31.199	0
5	checked	1	0	reset	28	26.91	0
5	checked	1	0	reset	29	27.883	0
5	checked	1	0	reset	30	27.602	0
5	checked	1	0	reset	31	28.695	0
5	checked	1	0	reset	32	27.632	0
5	checked	1	0	reset	33	27.421	0
5	checked	1	0	reset	34	26.82	0
5	checked	1	0	reset	35	28.003	0
5	checked	1	0	reset	36	27.812	0
5	checked	1	0	reset	37	28.584	0
5	checked	1	0	reset	38	27.813	0
5	checked	1	0	reset	39	27.672	0
5	checked	1	0	reset	40	26.611	0
5	checked	1	0	reset	41	26.951	0
5	checked	1	0	reset	42	26.41	0
5	checked	1	0	reset	43	26.8	0
5	checked	1	0	reset	44	26.68	0
5	checked	1	0	reset	45	26.79	0
5	checked	1	0	reset	46	26.52	0
5	checked	1	0	reset	47	27.011	0
5	checked	1	0	reset	48	26.5	0
5	checked	1	0	reset	49	27.462	0
5	checked	1	0	reset	50	26.841	0
5	checked	1	0	reset	51	28.113	0
5	checked	1	0	reset	52	34.925	0
5	checked	1	0	reset	53	28.133	0
5	checked	1	0	reset	54	28.063	0
5	checked	1	0	reset	55	28.264	0
5	checked	1	0	reset	56	26.68	0
5	checked	1	0	reset	57	28.214	0
5	checked	1	0	reset	58	27.532	0
5	checked	1	0	reset	59	28.213	0
5	checked	1	0	reset	60	27.622	0
5	checked	1	0	reset	61	27.752	0
5	checked	1	0	reset	62	26.41	0
5	checked	1	0	reset	63	26.891	0
5	checked	1	0	reset	64	26.47	0
5	checked	1	0	reset	65	28.493	0
5	checked	1	0	reset	66	26.43	0
5	checked	1	0	reset	67	31.84	0
5	checked	1	0	reset	68	29.255	0
5	checked	1	0	reset	69	27.071	0
5	checked	1	0	reset	70	26.47	0
5	checked	1	0	reset	71	26.82	0
5	checked	1	0	reset	72	26.49	0
5	checked	1	0	reset	73	27.041	0
5	checked	1	0	reset	74	32.301	0
5	checked	1	0	reset	75	26.871	0
5	checked	1	0	reset	76	26.55	0
5	checked	1	0	reset	77	27.411	0
5	checked	1	0	reset	78	26.46	0
5	checked	1	0	reset	79	26.861	0
5	checked	1	0	reset	80	26.46	0
5	checked	1	0	reset	81	35.587	0
5	checked	1	0	reset	82	26.79	0
5	checked	1	0	reset	83	27.953	0
5	checked	1	0	reset	84	27.782	0
5	checked	1	0	reset	85	27.883	0
5	checked	1	0	reset	86	27.592	0
5	checked	1	0	reset	87	27.312	0
5	checked	1	0	reset	88	27.402	0
5	checked	1	0	reset	89	27.652	0
5	checked	1	0	reset	90	27.382	0
5	checked	1	0	reset	91	32.301	0
5	checked	1	0	reset	92	29.004	0
5	checked	1	0	reset	93	27.472	0
5	checked	1	0	reset	94	27.642	0
5	checked	1	0	reset	95	27.752	0
5	checked	1	0	reset	96	27.051	0
5	checked	1	0	reset	97	27.131	0
5	checked	1	0	reset	98	27.712	0
5	checked	1	0	reset	99	27.301	0
5	checked	1	0	reset	100	27.041	0
5	checked	1	0	reset	101	27.883	0
5	checked	1	0	reset	102	27.572	0
5	checked	1	0	reset	103	26.771	0
5	checked	1	0	reset	104	26.39	0
5	checked	1	0	reset	105	26.67	0
5	checked	1	0	reset	106	33.333	0
5	checked	1	0	reset	107	26.72	0
5	checked	1	0	reset	108	26.46	0
5	checked	1	0	reset	109	26.5	0
5	checked	1	0	reset	110	26.47	0
5	checked	1	0	reset	111	26.901	0
5	checked	1	0	reset	112	26.099	0
5	checked	1	0	reset	113	26.57	0
5	checked	1	0	reset	114	26.701	0
5	checked	1	0	reset	115	28.083	0
5	checked	1	0	reset	116	27.041	0
5	checked	1	0	reset	117	27.602	0
5	checked	1	0	reset	118	27.251	0
5	checked	1	0	reset	119	28.113	0
5	checked	1	0	reset	120	26.881	0
5	checked	1	0	reset	121	27.091	0
5	checked	1	0	reset	122	27.141	0
5	checked	1	0	reset	123	27.953	0
5	checked	1	0	reset	124	26.951	0
5	checked	1	0	reset	125	27.392	0
5	checked	1	0	reset	126	27.422	0
5	checked	1	0	reset	127	28.353	0
5	checked	1	0	reset	128	27.182	0
5	checked	1	0	reset	129	27.201	0
5	checked	1	0	reset	130	27.181	0
5	checked	1	0	reset	131	28.634	0
5	checked	1	0	reset	132	27.832	0
5	checked	1	0	reset	133	27.401	0
5	checked	1	0	reset	134	26.89	0
5	checked	1	0	reset	135	27.492	0
5	checked	1	0	reset	136	26.941	0
5	checked	1	0	reset	137	26.51	0
5	checked	1	0	reset	138	26.3	0
5	checked	1	0	reset	139	26.45	0
5	checked	1	0	reset	140	27.161	0
5	checked	1	0	reset	141	26.36	0
5	checked	1	0	reset	142	26.54	0
5	checked	1	0	reset	143	26.55	0
5	checked	1	0	reset	144	26.78	0
5	checked	1	0	reset	145	26.46	0
5	checked	1	0	reset	146	26.38	0
5	checked	1	0	reset	147	26.68	0
5	checked	1	0	reset	148	26.9	0
5	checked	1	0	reset	149	26.54	0
5	checked	1	0	reset	150	26.28	0
5	checked	1	0	reset	151	26.61	0
5	checked	1	0	reset	152	34.215	0
5	checked	1	0	reset	153	26.76	0
5	checked	1	0	reset	154	26.37	0
5	checked	1	0	reset	155	26.731	0
5	checked	1	0	reset	156	26.259	0
5	checked	1	0	reset	157	26.79	0
5	checked	1	0	reset	158	26.48	0
5	checked	1	0	reset	159	26.45	0
5	checked	1	0	reset	160	26.179	0
5	checked	1	0	reset	161	26.941	0
5	checked	1	0	reset	162	26.2	0
5	checked	1	0	reset	163	26.38	0
5	checked	1	0	reset	164	26.56	0
5	checked	1	0	reset	165	27.021	0
5	checked	1	0	reset	166	26.3	0
5	checked	1	0	reset	167	26.42	0
5	checked	1	0	reset	168	26.42	0
5	checked	1	0	reset	169	27.151	0
5	checked	1	0	reset	170	26.27	0
5	checked	1	0	reset	171	26.45	0
5	checked	1	0	reset	172	26.25	0
5	checked	1	0	reset	173	27.302	0
5	checked	1	0	reset	174	26.49	0
5	checked	1	0	reset	175	26.5	0
5	checked	1	0	reset	176	26.159	0
5	checked	1	0	reset	177	26.921	0
5	checked	1	0	reset	178	26.69	0
5	checked	1	0	reset	179	26.41	0
5	checked	1	0	reset	180	26.18	0
5	checked	1	0	reset	181	26.37	0
5	checked	1	0	reset	182	26.66	0
5	checked	1	0	reset	183	26.54	0
5	checked	1	0	reset	184	26.49	0
5	checked	1	0	reset	185	26.621	0
5	checked	1	0	reset	186	26.911	0
5	checked	1	0	reset	187	26.48	0
5	checked	1	0	reset	188	26.079	0
5	checked	1	0	reset	189	26.591	0
5	checked	1	0	reset	190	26.73	0
5	checked	1	0	reset	191	26.58	0
5	checked	1	0	reset	192	26.31	0
5	checked	1	0	reset	193	26.479	0
5	checked	1	0	reset	194	27.111	0
5	checked	1	0	reset	195	26.42	0
5	checked	1	0	reset	196	26.7	0
5	checked	1	0	reset	197	26.631	0
5	checked	1	0	reset	198	33.042	0
5	checked	1	0	reset	199	26.47	0
5	checked	1	0	reset	200	26.269	0
5	unsafe	1	0	reset	1	0.11	0
5	unsafe	1	0	reset	2	0.091	0
5	unsafe	1	0	reset	3	0.051	0
5	unsafe	1	0	reset	4	0.06	0
5	unsafe	1	0	reset	5	0.05	0
5	unsafe	1	0	reset	6	0.05	0
5	unsafe	1	0	reset	7	0.07	0
5	unsafe	1	0	reset	8	0.051	0
5	unsafe	1	0	reset	9	0.05	0
5	unsafe	1	0	reset	10	0.07	0
5	unsafe	1	0	reset	11	0.06	0
5	unsafe	1	0	reset	12	0.07	0
5	unsafe	1	0	reset	13	0.05	0
5	unsafe	1	0	reset	14	0.061	0
5	unsafe	1	0	reset	15	0.06	0
5	unsafe	1	0	reset	16	0.07	0
5	unsafe	1	0	reset	17	0.07	0
5	unsafe	1	0	reset	18	0.071	0
5	unsafe	1	0	reset	19	0.06	0
5	unsafe	1	0	reset	20	0.05	0
5	unsafe	1	0	reset	21	0.06	0
5	unsafe	1	0	reset	22	0.06	0
5	unsafe	1	0	reset	23	0.08	0
5	unsafe	1	0	reset	24	0.07	0
5	unsafe	1	0	reset	25	0.06	0
5	unsafe	1	0	reset	26	0.07	0
5	unsafe	1	0	reset	27	0.061	0
5	unsafe	1	0	reset	28	0.07	0
5	unsafe	1	0	reset	29	0.06	0
5	unsafe	1	0	reset	30	0.07	0
5	unsafe	1	0	reset	31	0.08	0
5	unsafe	1	0	reset	32	0.06	0
5	unsafe	1	0	reset	33	0.06	0
5	unsafe	1	0	reset	34	0.07	0
5	unsafe	1	0	reset	35	0.071	0
5	unsafe	1	0	reset	36	0.07	0
5	unsafe	1	0	reset	37	0.061	0
5	unsafe	1	0	reset	38	0.071	0
5	unsafe	1	0	reset	39	0.061	0
5	unsafe	1	0	reset	40	0.06	0
5	unsafe	1	0	reset	41	0.07	0
5	unsafe	1	0	reset	42	0.09	0
5	unsafe	1	0	reset	43	0.071	0
5	unsafe	1	0	reset	44	0.07	0
5	unsafe	1	0	reset	45	0.1	0
5	unsafe	1	0	reset	46	0.051	0
5	unsafe	1	0	reset	47	0.06	0
5	unsafe	1	0	reset	48	0.07	0
5	unsafe	1	0	reset	49	0.07	0
5	unsafe	1	0	reset	50	0.12	0
5	unsafe	1	0	reset	51	0.06	0
5	unsafe	1	0	reset	52	0.06	0
5	unsafe	1	0	reset	53	0.06	0
5	unsafe	1	0	reset	54	0.111	0
5	unsafe	1	0	reset	55	0.05	0
5	unsafe	1	0	reset	56	0.05	0
5	unsafe	1	0	reset	57	0.071	0
5	unsafe	1	0	reset	58	0.06	0
5	unsafe	1	0	reset	59	0.06	0
5	unsafe	1	0	reset	60	0.06	0
5	unsafe	1	0	reset	61	0.07	0
5	unsafe	1	0	reset	62	0.06	0
5	unsafe	1	0	reset	63	0.06	0
5	unsafe	1	0	reset	64	0.071	0
5	unsafe	1	0	reset	65	0.06	0
5	unsafe	1	0	reset	66	0.07	0
5	unsafe	1	0	reset	67	0.071	0
5	unsafe	1	0	reset	68	0.061	0
5	unsafe	1	0	reset	69	0.08	0
5	unsafe	1	0	reset	70	0.06	0
5	unsafe	1	0	reset	71	0.08	0
5	unsafe	1	0	reset	72	0.07	0
5	unsafe	1	0	reset	73	0.08	0
5	unsafe	1	0	reset	74	0.07	0
5	unsafe	1	0	reset	75	0.07	0
5	unsafe	1	0	reset	76	0.06	0
5	unsafe	1	0	reset	77	0.09	0
5	unsafe	1	0	reset	78	0.071	0
5	unsafe	1	0	reset	79	0.06	0
5	unsafe	1	0	reset	80	0.06	0
5	unsafe	1	0	reset	81	0.06	0
5	unsafe	1	0	reset	82	0.06	0
5	unsafe	1	0	reset	83	0.08	0
5	unsafe	1	0	reset	84	0.06	0
5	unsafe	1	0	reset	85	0.061	0
5	unsafe	1	0	reset	86	0.07	0
5	unsafe	1	0	reset	87	0.07	0
5	unsafe	1	0	reset	88	0.05	0
5	unsafe	1	0	reset	89	0.06	0
5	unsafe	1	0	reset	90	0.06	0
5	unsafe	1	0	reset	91	0.06	0
5	unsafe	1	0	reset	92	0.07	0
5	unsafe	1	0	reset	93	0.06	0
5	unsafe	1	0	reset	94	0.06	0
5	unsafe	1	0	reset	95	0.07	0
5	unsafe	1	0	reset	96	0.06	0
5	unsafe	1	0	reset	97	0.081	0
5	unsafe	1	0	reset	98	0.06	0
5	unsafe	1	0	reset	99	0.06	0
5	unsafe	1	0	reset	100	0.07	0
5	unsafe	1	0	reset	101	0.09	0
5	unsafe	1	0	reset	102	0.08	0
5	unsafe	1	0	reset	103	0.08	0
5	unsafe	1	0	reset	104	0.06	0
5	unsafe	1	0	reset	105	0.06	0
5	unsafe	1	0	reset	106	0.09	0
5	unsafe	1	0	reset	107	0.06	0
5	unsafe	1	0	reset	108	0.07	0
5	unsafe	1	0	reset	109	0.07	0
5	unsafe	1	0	reset	110	0.07	0
5	unsafe	1	0	reset	111	0.07	0
5	unsafe	1	0	reset	112	0.06	0
5	unsafe	1	0	reset	113	0.07	0
5	unsafe	1	0	reset	114	0.06	0
5	unsafe	1	0	reset	115	0.07	0
5	unsafe	1	0	reset	116	0.08	0
5	unsafe	1	0	reset	117	0.06	0
5	unsafe	1	0	reset	118	0.061	0
5	unsafe	1	0	reset	119	0.081	0
5	unsafe	1	0	reset	120	0.07	0
5	unsafe	1	0	reset	121	0.06	0
5	unsafe	1	0	reset	122	0.06	0
5	unsafe	1	0	reset	123	0.06	0
5	unsafe	1	0	reset	124	0.07	0
5	unsafe	1	0	reset	125	0.08	0
5	unsafe	1	0	reset	126	0.051	0
5	unsafe	1	0	reset	127	0.07	0
5	unsafe	1	0	reset	128	0.06	0
5	unsafe	1	0	reset	129	0.07	0
5	unsafe	1	0	reset	130	0.09	0
5	unsafe	1	0	reset	131	0.061	0
5	unsafe	1	0	reset	132	0.06	0
5	unsafe	1	0	reset	133	0.06	0
5	unsafe	1	0	reset	134	0.07	0
5	unsafe	1	0	reset	135	0.08	0
5	unsafe	1	0	reset	136	0.06	0
5	unsafe	1	0	reset	137	0.06	0
5	unsafe	1	0	reset	138	0.06	0
5	unsafe	1	0	reset	139	0.08	0
5	unsafe	1	0	reset	140	0.06	0
5	unsafe	1	0	reset	141	0.071	0
5	unsafe	1	0	reset	142	0.061	0
5	unsafe	1	0	reset	143	0.07	0
5	unsafe	1	0	reset	144	0.091	0
5	unsafe	1	0	reset	145	0.06	0
5	unsafe	1	0	reset	146	0.06	0
5	unsafe	1	0	reset	147	0.07	0
5	unsafe	1	0	reset	148	0.07	0
5	unsafe	1	0	reset	149	0.09	0
5	unsafe	1	0	reset	150	0.05	0
5	unsafe	1	0	reset	151	0.07	0
5	unsafe	1	0	reset	152	0.06	0
5	unsafe	1	0	reset	153	0.08	0
5	unsafe	1	0	reset	154	0.07	0
5	unsafe	1	0	reset	155	0.061	0
5	unsafe	1	0	reset	156	0.07	0
5	unsafe	1	0	reset	157	0.07	0
5	unsafe	1	0	reset	158	0.07	0
5	unsafe	1	0	reset	159	0.07	0
5	unsafe	1	0	reset	160	0.06	0
5	unsafe	1	0	reset	161	0.08	0
5	unsafe	1	0	reset	162	0.06	0
5	unsafe	1	0	reset	163	0.07	0
5	unsafe	1	0	reset	164	0.06	0
5	unsafe	1	0	reset	165	0.08	0
5	unsafe	1	0	reset	166	0.07	0
5	unsafe	1	0	reset	167	0.1	0
5	unsafe	1	0	reset	168	0.07	0
5	unsafe	1	0	reset	169	0.06	0
5	unsafe	1	0	reset	170	0.08	0
5	unsafe	1	0	reset	171	0.071	0
5	unsafe	1	0	reset	172	0.09	0
5	unsafe	1	0	reset	173	0.061	0
5	unsafe	1	0	reset	174	0.08	0
5	unsafe	1	0	reset	175	0.061	0
5	unsafe	1	0	reset	176	0.07	0
5	unsafe	1	0	reset	177	0.07	0
5	unsafe	1	0	reset	178	0.07	0
5	unsafe	1	0	reset	179	0.06	0
5	unsafe	1	0	reset	180	0.07	0
5	unsafe	1	0	reset	181	0.07	0
5	unsafe	1	0	reset	182	0.08	0
5	unsafe	1	0	reset	183	0.07	0
5	unsafe	1	0	reset	184	0.07	0
5	unsafe	1	0	reset	185	0.06	0
5	unsafe	1	0	reset	186	0.101	0
5	unsafe	1	0	reset	187	0.07	0
5	unsafe	1	0	reset	188	0.07	0
5	unsafe	1	0	reset	189	0.07	0
5	unsafe	1	0	reset	190	0.07	0
5	unsafe	1	0	reset	191	0.08	0
5	unsafe	1	0	reset	192	0.06	0
5	unsafe	1	0	reset	193	0.08	0
5	unsafe	1	0	reset	194	0.05	0
5	unsafe	1	0	reset	195	0.071	0
5	unsafe	1	0	reset	196	0.12	0
5	unsafe	1	0	reset	197	0.061	0
5	unsafe	1	0	reset	198	0.07	0
5	unsafe	1	0	reset	199	0.07	0
5	unsafe	1	0	reset	200	0.07	0
5	checked	4	3	reset	1	52.168	0
5	checked	4	3	reset	2	44.043	0
5	checked	4	3	reset	3	37.701	0
5	checked	4	3	reset	4	37.19	0
5	checked	4	3	reset	5	69.961	0
5	checked	4	3	reset	6	90.992	0
5	checked	4	3	reset	7	249.35	0
5	checked	4	3	reset	8	51.748	0
5	checked	4	3	reset	9	44.294	0
5	checked	4	3	reset	10	38.012	0
5	checked	4	3	reset	11	38.322	0
5	checked	4	3	reset	12	43.472	0
5	checked	4	3	reset	13	34.836	0
5	checked	4	3	reset	14	66.496	0
5	checked	4	3	reset	15	41.148	0
5	checked	4	3	reset	16	42.219	0
5	checked	4	3	reset	17	42.7	0
5	checked	4	3	reset	18	46.077	0
5	checked	4	3	reset	19	42.3	0
5	checked	4	3	reset	20	43.072	0
5	checked	4	3	reset	21	43.131	0
5	checked	4	3	reset	22	41.197	0
5	checked	4	3	reset	23	41.037	0
5	checked	4	3	reset	24	41.147	0
5	checked	4	3	reset	25	40.657	0
5	checked	4	3	reset	26	42.14	0
5	checked	4	3	reset	27	41.328	0
5	checked	4	3	reset	28	45.486	0
5	checked	4	3	reset	29	43.632	0
5	checked	4	3	reset	30	44.133	0
5	checked	4	3	reset	31	41.168	0
5	checked	4	3	reset	32	44.023	0
5	checked	4	3	reset	33	43.061	0
5	checked	4	3	reset	34	44.745	0
5	checked	4	3	reset	35	42.911	0
5	checked	4	3	reset	36	43.412	0
5	checked	4	3	reset	37	42.851	0
5	checked	4	3	reset	38	42.42	0
5	checked	4	3	reset	39	41.719	0
5	checked	4	3	reset	40	40.907	0
5	checked	4	3	reset	41	41.108	0
5	checked	4	3	reset	42	41.328	0
5	checked	4	3	reset	43	40.436	0
5	checked	4	3	reset	44	38.743	0
5	checked	4	3	reset	45	40.346	0
5	checked	4	3	reset	46	49.854	0
5	checked	4	3	reset	47	42.971	0
5	checked	4	3	reset	48	46.337	0
5	checked	4	3	reset	49	42.43	0
5	checked	4	3	reset	50	40.366	0
5	checked	4	3	reset	51	40.396	0
5	checked	4	3	reset	52	40.326	0
5	checked	4	3	reset	53	40.737	0
5	checked	4	3	reset	54	41.899	0
5	checked	4	3	reset	55	40.246	0
5	checked	4	3	reset	56	41.018	0
5	checked	4	3	reset	57	40.606	0
5	checked	4	3	reset	58	40.075	0
5	checked	4	3	reset	59	39.715	0
5	checked	4	3	reset	60	39.644	0
5	checked	4	3	reset	61	39.986	0
5	checked	4	3	reset	62	40.747	0
5	checked	4	3	reset	63	40.537	0
5	checked	4	3	reset	64	39.644	0
5	checked	4	3	reset	65	39.996	0
5	checked	4	3	reset	66	39.384	0
5	checked	4	3	reset	67	41.398	0
5	checked	4	3	reset	68	40.707	0
5	checked	4	3	reset	69	42.199	0
5	checked	4	3	reset	70	40.096	0
5	checked	4	3	reset	71	41.718	0
5	checked	4	3	reset	72	39.484	0
5	checked	4	3	reset	73	40.436	0
5	checked	4	3	reset	74	39.935	0
5	checked	4	3	reset	75	41.288	0
5	checked	4	3	reset	76	40.827	0
5	checked	4	3	reset	77	40.677	0
5	checked	4	3	reset	78	39.845	0
5	checked	4	3	reset	79	40.536	0
5	checked	4	3	reset	80	41.399	0
5	checked	4	3	reset	81	45.165	0
5	checked	4	3	reset	82	61.336	0
5	checked	4	3	reset	83	43.612	0
5	checked	4	3	reset	84	44.203	0
5	checked	4	3	reset	85	40.256	0
5	checked	4	3	reset	86	38.623	0
5	checked	4	3	reset	87	35.717	0
5	checked	4	3	reset	88	37.09	0
5	checked	4	3	reset	89	38.723	0
5	checked	4	3	reset	90	36.779	0
5	checked	4	3	reset	91	35.907	0
5	checked	4	3	reset	92	35.517	0
5	checked	4	3	reset	93	37.991	0
5	checked	4	3	reset	94	34.595	0
5	checked	4	3	reset	95	36.74	0
5	checked	4	3	reset	96	36.659	0
5	checked	4	3	reset	97	38.393	0
5	checked	4	3	reset	98	36.88	0
5	checked	4	3	reset	99	34.445	0
5	checked	4	3	reset	100	34.676	0
5	checked	4	3	reset	101	38.543	0
5	checked	4	3	reset	102	34.926	0
5	checked	4	3	reset	103	36.539	0
5	checked	4	3	reset	104	35.938	0
5	checked	4	3	reset	105	35.868	0
5	checked	4	3	reset	106	36.459	0
5	checked	4	3	reset	107	35.217	0
5	checked	4	3	reset	108	34.345	0
5	checked	4	3	reset	109	37.03	0
5	checked	4	3	reset	110	35.547	0
5	checked	4	3	reset	111	35.698	0
5	checked	4	3	reset	112	34.886	0
5	checked	4	3	reset	113	36.86	0
5	checked	4	3	reset	114	36.099	0
5	checked	4	3	reset	115	36.379	0
5	checked	4	3	reset	116	34.546	0
5	checked	4	3	reset	117	37.721	0
5	checked	4	3	reset	118	35.848	0
5	checked	4	3	reset	119	35.628	0
5	checked	4	3	reset	120	36.849	0
5	checked	4	3	reset	121	38.442	0
5	checked	4	3	reset	122	34.665	0
5	checked	4	3	reset	123	36.479	0
5	checked	4	3	reset	124	35.617	0
5	checked	4	3	reset	125	36.338	0
5	checked	4	3	reset	126	34.235	0
5	checked	4	3	reset	127	34.325	0
5	checked	4	3	reset	128	34.936	0
5	checked	4	3	reset	129	34.535	0
5	checked	4	3	reset	130	35.427	0
5	checked	4	3	reset	131	34.455	0
5	checked	4	3	reset	132	35.036	0
5	checked	4	3	reset	133	38.643	0
5	checked	4	3	reset	134	42.931	0
5	checked	4	3	reset	135	36.879	0
5	checked	4	3	reset	136	38.914	0
5	checked	4	3	reset	137	37.992	0
5	checked	4	3	reset	138	35.817	0
5	checked	4	3	reset	139	34.515	0
5	checked	4	3	reset	140	35.567	0
5	checked	4	3	reset	141	36.599	0
5	checked	4	3	reset	142	35.176	0
5	checked	4	3	reset	143	34.986	0
5	checked	4	3	reset	144	35.477	0
5	checked	4	3	reset	145	37.391	0
5	checked	4	3	reset	146	35.697	0
5	checked	4	3	reset	147	35.617	0
5	checked	4	3	reset	148	35.457	0
5	checked	4	3	reset	149	35.056	0
5	checked	4	3	reset	150	34.505	0
5	checked	4	3	reset	151	35.858	0
5	checked	4	3	reset	152	34.284	0
5	checked	4	3	reset	153	38.152	0
5	checked	4	3	reset	154	34.345	0
5	checked	4	3	reset	155	35.647	0
5	checked	4	3	reset	156	34.805	0
5	checked	4	3	reset	157	35.868	0
5	checked	4	3	reset	158	35.026	0
5	checked	4	3	reset	159	35.256	0
5	checked	4	3	reset	160	34.505	0
5	checked	4	3	reset	161	37.11	0
5	checked	4	3	reset	162	35.086	0
5	checked	4	3	reset	163	35.396	0
5	checked	4	3	reset	164	34.395	0
5	checked	4	3	reset	165	37.641	0
5	checked	4	3	reset	166	35.076	0
5	checked	4	3	reset	167	35.637	0
5	checked	4	3	reset	168	35.767	0
5	checked	4	3	reset	169	39.425	0
5	checked	4	3	reset	170	35.387	0
5	checked	4	3	reset	171	34.344	0
5	checked	4	3	reset	172	35.777	0
5	checked	4	3	reset	173	37.22	0
5	checked	4	3	reset	174	35.437	0
5	checked	4	3	reset	175	35.658	0
5	checked	4	3	reset	176	35.417	0
5	checked	4	3	reset	177	38.532	0
5	checked	4	3	reset	178	35.216	0
5	checked	4	3	reset	179	35.848	0
5	checked	4	3	reset	180	35.527	0
5	checked	4	3	reset	181	38.422	0
5	checked	4	3	reset	182	35.997	0
5	checked	4	3	reset	183	35.467	0
5	checked	4	3	reset	184	34.926	0
5	checked	4	3	reset	185	37.451	0
5	checked	4	3	reset	186	35.517	0
5	checked	4	3	reset	187	35.346	0
5	checked	4	3	reset	188	35.456	0
5	checked	4	3	reset	189	38.232	0
5	checked	4	3	reset	190	34.996	0
5	checked	4	3	reset	191	35.677	0
5	checked	4	3	reset	192	34.766	0
5	checked	4	3	reset	193	36.408	0
5	checked	4	3	reset	194	34.856	0
5	checked	4	3	reset	195	35.738	0
5	checked	4	3	reset	196	35.828	0
5	checked	4	3	reset	197	38.924	0
5	checked	4	3	reset	198	34.806	0
5	checked	4	3	reset	199	35.366	0
5	checked	4	3	reset	200	34.936	0
5	checked	4	3	stall	1	74.56	0
5	checked	4	3	stall	2	61.346	0
5	checked	4	3	stall	3	61.205	0
5	unsafe	4	3	reset	1	0.09	0
5	unsafe	4	3	reset	2	0.05	0
5	unsafe	4	3	reset	3	0.05	0
5	unsafe	4	3	reset	4	0.05	0
5	unsafe	4	3	reset	5	0.08	0
5	unsafe	4	3	reset	6	0.06	0
5	unsafe	4	3	reset	7	0.05	0
5	unsafe	4	3	reset	8	0.06	0
5	unsafe	4	3	reset	9	0.07	0
5	unsafe	4	3	reset	10	0.08	0
5	unsafe	4	3	reset	11	0.08	0
5	unsafe	4	3	reset	12	0.05	0
5	unsafe	4	3	reset	13	0.05	0
5	unsafe	4	3	reset	14	0.08	0
5	unsafe	4	3	reset	15	0.16	0
5	unsafe	4	3	reset	16	0.31	0
5	unsafe	4	3	reset	17	0.05	0
5	unsafe	4	3	reset	18	0.05	0
5	unsafe	4	3	reset	19	0.05	0
5	unsafe	4	3	reset	20	0.051	0
5	unsafe	4	3	reset	21	0.05	0
5	unsafe	4	3	reset	22	0.05	0
5	unsafe	4	3	reset	23	0.06	0
5	unsafe	4	3	reset	24	0.05	0
5	unsafe	4	3	reset	25	0.051	0
5	unsafe	4	3	reset	26	0.04	0
5	unsafe	4	3	reset	27	0.05	0
5	unsafe	4	3	reset	28	0.07	0
5	unsafe	4	3	reset	29	0.07	0
5	unsafe	4	3	reset	30	0.06	0
5	unsafe	4	3	reset	31	0.05	0
5	unsafe	4	3	reset	32	0.07	0
5	unsafe	4	3	reset	33	0.07	0
5	unsafe	4	3	reset	34	0.06	0
5	unsafe	4	3	reset	35	0.04	0
5	unsafe	4	3	reset	36	0.05	0
5	unsafe	4	3	reset	37	0.06	0
5	unsafe	4	3	reset	38	0.06	0
5	unsafe	4	3	reset	39	0.06	0
5	unsafe	4	3	reset	40	0.06	0
5	unsafe	4	3	reset	41	0.051	0
5	unsafe	4	3	reset	42	0.06	0
5	unsafe	4	3	reset	43	0.07	0
5	unsafe	4	3	reset	44	0.04	0
5	unsafe	4	3	reset	45	0.05	0
5	unsafe	4	3	reset	46	0.05	0
5	unsafe	4	3	reset	47	0.06	0
5	unsafe	4	3	reset	48	0.06	0
5	unsafe	4	3	reset	49	0.05	0
5	unsafe	4	3	reset	50	0.06	0
5	unsafe	4	3	reset	51	0.05	0
5	unsafe	4	3	reset	52	0.06	0
5	unsafe	4	3	reset	53	0.05	0
5	unsafe	4	3	reset	54	0.05	0
5	unsafe	4	3	reset	55	0.04	0
5	unsafe	4	3	reset	56	0.05	0
5	unsafe	4	3	reset	57	0.06	0
5	unsafe	4	3	reset	58	0.07	0
5	unsafe	4	3	reset	59	0.05	0
5	unsafe	4	3	reset	60	0.04	0
5	unsafe	4	3	reset	61	0.061	0
5	unsafe	4	3	reset	62	0.07	0
5	unsafe	4	3	reset	63	0.05	0
5	unsafe	4	3	reset	64	0.05	0
5	unsafe	4	3	reset	65	0.08	0
5	unsafe	4	3	reset	66	0.05	0
5	unsafe	4	3	reset	67	0.08	0
5	unsafe	4	3	reset	68	0.05	0
5	unsafe	4	3	reset	69	0.05	0
5	unsafe	4	3	reset	70	0.06	0
5	unsafe	4	3	reset	71	0.05	0
5	unsafe	4	3	reset	72	0.08	0
5	unsafe	4	3	reset	73	0.05	0
5	unsafe	4	3	reset	74	0.06	0
5	unsafe	4	3	reset	75	0.05	0
5	unsafe	4	3	reset	76	0.06	0
5	unsafe	4	3	reset	77	0.07	0
5	unsafe	4	3	reset	78	0.05	0
5	unsafe	4	3	reset	79	0.06	0
5	unsafe	4	3	reset	80	0.06	0
5	unsafe	4	3	reset	81	0.07	0
5	unsafe	4	3	reset	82	0.05	0
5	unsafe	4	3	reset	83	0.05	0
5	unsafe	4	3	reset	84	0.06	0
5	unsafe	4	3	reset	85	0.09	0
5	unsafe	4	3	reset	86	0.06	0
5	unsafe	4	3	reset	87	0.06	0
5	unsafe	4	3	reset	88	0.05	0
5	unsafe	4	3	reset	89	0.06	0
5	unsafe	4	3	reset	90	0.08	0
5	unsafe	4	3	reset	91	0.05	0
5	unsafe	4	3	reset	92	0.071	0
5	unsafe	4	3	reset	93	0.06	0
5	unsafe	4	3	reset	94	0.06	0
5	unsafe	4	3	reset	95	0.07	0
5	unsafe	4	3	reset	96	0.06	0
5	unsafe	4	3	reset	97	0.05	0
5	unsafe	4	3	reset	98	0.06	0
5	unsafe	4	3	reset	99	0.05	0
5	unsafe	4	3	reset	100	0.091	0
5	unsafe	4	3	reset	101	0.06	0
5	unsafe	4	3	reset	102	0.04	0
5	unsafe	4	3	reset	103	0.05	0
5	unsafe	4	3	reset	104	0.15	0
5	unsafe	4	3	reset	105	0.05	0
5	unsafe	4	3	reset	106	0.05	0
5	unsafe	4	3	reset	107	0.05	0
5	unsafe	4	3	reset	108	0.06	0
5	unsafe	4	3	reset	109	0.07	0
5	unsafe	4	3	reset	110	0.06	0
5	unsafe	4	3	reset	111	0.05	0
5	unsafe	4	3	reset	112	0.05	0
5	unsafe	4	3	reset	113	0.06	0
5	unsafe	4	3	reset	114	0.07	0
5	unsafe	4	3	reset	115	0.05	0
5	unsafe	4	3	reset	116	0.08	0
5	unsafe	4	3	reset	117	0.05	0
5	unsafe	4	3	reset	118	0.09	0
5	unsafe	4	3	reset	119	0.05	0
5	unsafe	4	3	reset	120	0.05	0
5	unsafe	4	3	reset	121	0.06	0
5	unsafe	4	3	reset	122	0.05	0
5	unsafe	4	3	reset	123	0.07	0
5	unsafe	4	3	reset	124	0.05	0
5	unsafe	4	3	reset	125	0.15	0
5	unsafe	4	3	reset	126	0.05	0
5	unsafe	4	3	reset	127	0.07	0
5	unsafe	4	3	reset	128	0.061	0
5	unsafe	4	3	reset	129	0.06	0
5	unsafe	4	3	reset	130	0.05	0
5	unsafe	4	3	reset	131	0.06	0
5	unsafe	4	3	reset	132	0.06	0
5	unsafe	4	3	reset	133	0.081	0
5	unsafe	4	3	reset	134	0.05	0
5	unsafe	4	3	reset	135	0.05	0
5	unsafe	4	3	reset	136	0.06	0
5	unsafe	4	3	reset	137	0.05	0
5	unsafe	4	3	reset	138	0.05	0
5	unsafe	4	3	reset	139	0.06	0
5	unsafe	4	3	reset	140	0.06	0
5	unsafe	4	3	reset	141	0.07	0
5	unsafe	4	3	reset	142	0.06	0
5	unsafe	4	3	reset	143	0.06	0
5	unsafe	4	3	reset	144	0.05	0
5	unsafe	4	3	reset	145	0.07	0
5	unsafe	4	3	reset	146	0.04	0
5	unsafe	4	3	reset	147	0.07	0
5	unsafe	4	3	reset	148	0.05	0
5	unsafe	4	3	reset	149	0.08	0
5	unsafe	4	3	reset	150	0.05	0
5	unsafe	4	3	reset	151	0.07	0
5	unsafe	4	3	reset	152	0.04	0
5	unsafe	4	3	reset	153	0.05	0
5	unsafe	4	3	reset	154	0.05	0
5	unsafe	4	3	reset	155	0.07	0
5	unsafe	4	3	reset	156	0.05	0
5	unsafe	4	3	reset	157	0.07	0
5	unsafe	4	3	reset	158	0.05	0
5	unsafe	4	3	reset	159	0.05	0
5	unsafe	4	3	reset	160	0.051	0
5	unsafe	4	3	reset	161	0.06	0
5	unsafe	4	3	reset	162	0.05	0
5	unsafe	4	3	reset	163	0.06	0
5	unsafe	4	3	reset	164	0.06	0
5	unsafe	4	3	reset	165	0.08	0
5	unsafe	4	3	reset	166	0.08	0
5	unsafe	4	3	reset	167	0.04	0
5	unsafe	4	3	reset	168	0.05	0
5	unsafe	4	3	reset	169	0.05	0
5	unsafe	4	3	reset	170	0.17	0
5	unsafe	4	3	reset	171	0.04	0
5	unsafe	4	3	reset	172	0.05	0
5	unsafe	4	3	reset	173	0.06	0
5	unsafe	4	3	reset	174	0.06	0
5	unsafe	4	3	reset	175	0.05	0
5	unsafe	4	3	reset	176	0.06	0
5	unsafe	4	3	reset	177	0.05	0
5	unsafe	4	3	reset	178	0.05	0
5	unsafe	4	3	reset	179	0.05	0
5	unsafe	4	3	reset	180	0.06	0
5	unsafe	4	3	reset	181	0.05	0
5	unsafe	4	3	reset	182	0.05	0
5	unsafe	4	3	reset	183	0.06	0
5	unsafe	4	3	reset	184	0.06	0
5	unsafe	4	3	reset	185	0.05	0
5	unsafe	4	3	reset	186	0.05	0
5	unsafe	4	3	reset	187	0.061	0
5	unsafe	4	3	reset	188	0.06	0
5	unsafe	4	3	reset	189	0.05	0
5	unsafe	4	3	reset	190	0.05	0
5	unsafe	4	3	reset	191	0.05	0
5	unsafe	4	3	reset	192	0.06	0
5	unsafe	4	3	reset	193	0.06	0
5	unsafe	4	3	reset	194	0.07	0
5	unsafe	4	3	reset	195	0.04	0
5	unsafe	4	3	reset	196	0.05	0
5	unsafe	4	3	reset	197	0.06	0
5	unsafe	4	3	reset	198	0.06	0
5	unsafe	4	3	reset	199	0.05	0
5	unsafe	4	3	reset	200	0.06	0
5	unsafe	4	3	stall	1	40.476	0
5	unsafe	4	3	stall	2	0.0	0
5	unsafe	4	3	stall	3	0.0	0
5	checked	8	7	reset	1	66.075	0
5	checked	8	7	reset	2	47.74	0
5	checked	8	7	reset	3	44.625	0
5	checked	8	7	reset	4	41.959	0
5	checked	8	7	reset	5	127.14	0
5	checked	8	7	reset	6	94.148	0
5	checked	8	7	reset	7	311.318	0
5	checked	8	7	reset	8	46.448	0
5	checked	8	7	reset	9	67.337	0
5	checked	8	7	reset	10	57.619	0
5	checked	8	7	reset	11	79.109	0
5	checked	8	7	reset	12	48.823	0
5	checked	8	7	reset	13	46.718	0
5	checked	8	7	reset	14	44.444	0
5	checked	8	7	reset	15	41.388	0
5	checked	8	7	reset	16	41.087	0
5	checked	8	7	reset	17	39.895	0
5	checked	8	7	reset	18	43.262	0
5	checked	8	7	reset	19	41.077	0
5	checked	8	7	reset	20	42.991	0
5	checked	8	7	reset	21	39.174	0
5	checked	8	7	reset	22	40.076	0
5	checked	8	7	reset	23	41.518	0
5	checked	8	7	reset	24	39.064	0
5	checked	8	7	reset	25	40.246	0
5	checked	8	7	reset	26	39.074	0
5	checked	8	7	reset	27	40.997	0
5	checked	8	7	reset	28	39.695	0
5	checked	8	7	reset	29	39.344	0
5	checked	8	7	reset	30	39.064	0
5	checked	8	7	reset	31	40.577	0
5	checked	8	7	reset	32	40.987	0
5	checked	8	7	reset	33	41.839	0
5	checked	8	7	reset	34	39.976	0
5	checked	8	7	reset	35	40.837	0
5	checked	8	7	reset	36	38.352	0
5	checked	8	7	reset	37	39.295	0
5	checked	8	7	reset	38	39.885	0
5	checked	8	7	reset	39	39.324	0
5	checked	8	7	reset	40	40.526	0
5	checked	8	7	reset	41	39.615	0
5	checked	8	7	reset	42	39.334	0
5	checked	8	7	reset	43	39.154	0
5	checked	8	7	reset	44	39.705	0
5	checked	8	7	reset	45	39.164	0
5	checked	8	7	reset	46	39.875	0
5	checked	8	7	reset	47	40.516	0
5	checked	8	7	reset	48	38.012	0
5	checked	8	7	reset	49	38.192	0
5	checked	8	7	reset	50	38.402	0
5	checked	8	7	reset	51	40.246	0
5	checked	8	7	reset	52	39.114	0
5	checked	8	7	reset	53	38.492	0
5	checked	8	7	reset	54	39.775	0
5	checked	8	7	reset	55	40.066	0
5	checked	8	7	reset	56	39.735	0
5	checked	8	7	reset	57	39.314	0
5	checked	8	7	reset	58	39.705	0
5	checked	8	7	reset	59	39.915	0
5	checked	8	7	reset	60	40.547	0
5	checked	8	7	reset	61	38.913	0
5	checked	8	7	reset	62	40.446	0
5	checked	8	7	reset	63	39.735	0
5	checked	8	7	reset	64	39.815	0
5	checked	8	7	reset	65	39.153	0
5	checked	8	7	reset	66	40.787	0
5	checked	8	7	reset	67	39.835	0
5	checked	8	7	reset	68	39.173	0
5	checked	8	7	reset	69	39.064	0
5	checked	8	7	reset	70	40.216	0
5	checked	8	7	reset	71	39.604	0
5	checked	8	7	reset	72	39.895	0
5	checked	8	7	reset	73	39.695	0
5	checked	8	7	reset	74	40.817	0
5	checked	8	7	reset	75	40.557	0
5	checked	8	7	reset	76	39.315	0
5	checked	8	7	reset	77	40.316	0
5	checked	8	7	reset	78	44.043	0
5	checked	8	7	reset	79	38.884	0
5	checked	8	7	reset	80	39.454	0
5	checked	8	7	reset	81	39.244	0
5	checked	8	7	reset	82	39.845	0
5	checked	8	7	reset	83	40.216	0
5	checked	8	7	reset	84	40.156	0
5	checked	8	7	reset	85	40.817	0
5	checked	8	7	reset	86	40.045	0
5	checked	8	7	reset	87	39.876	0
5	checked	8	7	reset	88	39.816	0
5	checked	8	7	reset	89	40.155	0
5	checked	8	7	reset	90	40.206	0
5	checked	8	7	reset	91	40.586	0
5	checked	8	7	reset	92	41.137	0
5	checked	8	7	reset	93	39.193	0
5	checked	8	7	reset	94	42.47	0
5	checked	8	7	reset	95	44.033	0
5	checked	8	7	reset	96	41.748	0
5	checked	8	7	reset	97	41.228	0
5	checked	8	7	reset	98	40.246	0
5	checked	8	7	reset	99	38.583	0
5	checked	8	7	reset	100	40.677	0
5	checked	8	7	reset	101	40.246	0
5	checked	8	7	reset	102	39.374	0
5	checked	8	7	reset	103	39.164	0
5	checked	8	7	reset	104	39.555	0
5	checked	8	7	reset	105	40.416	0
5	checked	8	7	reset	106	39.275	0
5	checked	8	7	reset	107	39.725	0
5	checked	8	7	reset	108	39.815	0
5	checked	8	7	reset	109	39.214	0
5	checked	8	7	reset	110	39.876	0
5	checked	8	7	reset	111	39.945	0
5	checked	8	7	reset	112	39.324	0
5	checked	8	7	reset	113	38.813	0
5	checked	8	7	reset	114	39.073	0
5	checked	8	7	reset	115	39.294	0
5	checked	8	7	reset	116	40.456	0
5	checked	8	7	reset	117	39.635	0
5	checked	8	7	reset	118	38.903	0
5	checked	8	7	reset	119	39.404	0
5	checked	8	7	reset	120	39.114	0
5	checked	8	7	reset	121	39.214	0
5	checked	8	7	reset	122	38.933	0
5	checked	8	7	reset	123	39.475	0
5	checked	8	7	reset	124	39.654	0
5	checked	8	7	reset	125	39.244	0
5	checked	8	7	reset	126	39.265	0
5	checked	8	7	reset	127	40.206	0
5	checked	8	7	reset	128	39.144	0
5	checked	8	7	reset	129	40.497	0
5	checked	8	7	reset	130	39.043	0
5	checked	8	7	reset	131	38.943	0
5	checked	8	7	reset	132	41.519	0
5	checked	8	7	reset	133	41.148	0
5	checked	8	7	reset	134	40.387	0
5	checked	8	7	reset	135	41.819	0
5	checked	8	7	reset	136	40.597	0
5	checked	8	7	reset	137	39.995	0
5	checked	8	7	reset	138	40.286	0
5	checked	8	7	reset	139	40.216	0
5	checked	8	7	reset	140	40.476	0
5	checked	8	7	reset	141	40.477	0
5	checked	8	7	reset	142	39.685	0
5	checked	8	7	reset	143	39.655	0
5	checked	8	7	reset	144	40.507	0
5	checked	8	7	reset	145	40.416	0
5	checked	8	7	reset	146	39.685	0
5	checked	8	7	reset	147	39.154	0
5	checked	8	7	reset	148	39.184	0
5	checked	8	7	reset	149	39.123	0
5	checked	8	7	reset	150	39.014	0
5	checked	8	7	reset	151	40.226	0
5	checked	8	7	reset	152	38.883	0
5	checked	8	7	reset	153	38.643	0
5	checked	8	7	reset	154	39.574	0
5	checked	8	7	reset	155	38.743	0
5	checked	8	7	reset	156	39.765	0
5	checked	8	7	reset	157	39.204	0
5	checked	8	7	reset	158	40.056	0
5	checked	8	7	reset	159	38.543	0
5	checked	8	7	reset	160	39.184	0
5	checked	8	7	reset	161	38.733	0
5	checked	8	7	reset	162	39.315	0
5	checked	8	7	reset	163	40.366	0
5	checked	8	7	reset	164	39.164	0
5	checked	8	7	reset	165	40.646	0
5	checked	8	7	reset	166	38.663	0
5	checked	8	7	reset	167	38.643	0
5	checked	8	7	reset	168	39.745	0
5	checked	8	7	reset	169	38.884	0
5	checked	8	7	reset	170	44.143	0
5	checked	8	7	reset	171	39.094	0
5	checked	8	7	reset	172	38.884	0
5	checked	8	7	reset	173	39.224	0
5	checked	8	7	reset	174	39.284	0
5	checked	8	7	reset	175	38.683	0
5	checked	8	7	reset	176	39.665	0
5	checked	8	7	reset	177	38.893	0
5	checked	8	7	reset	178	39.284	0
5	checked	8	7	reset	179	38.633	0
5	checked	8	7	reset	180	39.144	0
5	checked	8	7	reset	181	38.833	0
5	checked	8	7	reset	182	39.033	0
5	checked	8	7	reset	183	40.466	0
5	checked	8	7	reset	184	39.484	0
5	checked	8	7	reset	185	38.182	0
5	checked	8	7	reset	186	39.354	0
5	checked	8	7	reset	187	39.073	0
5	checked	8	7	reset	188	40.145	0
5	checked	8	7	reset	189	39.745	0
5	checked	8	7	reset	190	40.326	0
5	checked	8	7	reset	191	40.377	0
5	checked	8	7	reset	192	39.064	0
5	checked	8	7	reset	193	40.246	0
5	checked	8	7	reset	194	39.424	0
5	checked	8	7	reset	195	38.803	0
5	checked	8	7	reset	196	39.053	0
5	checked	8	7	reset	197	40.046	0
5	checked	8	7	reset	198	40.046	0
5	checked	8	7	reset	199	39.525	0
5	checked	8	7	reset	200	38.943	0
5	checked	8	7	stall	1	95.891	0
5	checked	8	7	stall	2	90.431	0
5	checked	8	7	stall	3	74.992	0
5	checked	8	7	stall	4	90.46	0
5	checked	8	7	stall	5	91.873	0
5	checked	8	7	stall	6	80.852	0
5	checked	8	7	stall	7	78.539	0
5	unsafe	8	7	reset	1	0.15	0
5	unsafe	8	7	reset	2	0.07	0
5	unsafe	8	7	reset	3	0.101	0
5	unsafe	8	7	reset	4	0.1	0
5	unsafe	8	7	reset	5	0.101	0
5	unsafe	8	7	reset	6	0.07	0
5	unsafe	8	7	reset	7	0.08	0
5	unsafe	8	7	reset	8	0.09	0
5	unsafe	8	7	reset	9	0.08	0
5	unsafe	8	7	reset	10	0.09	0
5	unsafe	8	7	reset	11	0.09	0
5	unsafe	8	7	reset	12	0.08	0
5	unsafe	8	7	reset	13	0.09	0
5	unsafe	8	7	reset	14	0.181	0
5	unsafe	8	7	reset	15	0.21	0
5	unsafe	8	7	reset	16	0.08	0
5	unsafe	8	7	reset	17	0.081	0
5	unsafe	8	7	reset	18	0.07	0
5	unsafe	8	7	reset	19	0.07	0
5	unsafe	8	7	reset	20	0.07	0
5	unsafe	8	7	reset	21	0.08	0
5	unsafe	8	7	reset	22	0.07	0
5	unsafe	8	7	reset	23	0.11	0
5	unsafe	8	7	reset	24	0.08	0
5	unsafe	8	7	reset	25	0.08	0
5	unsafe	8	7	reset	26	0.09	0
5	unsafe	8	7	reset	27	0.06	0
5	unsafe	8	7	reset	28	0.08	0
5	unsafe	8	7	reset	29	0.09	0
5	unsafe	8	7	reset	30	0.08	0
5	unsafe	8	7	reset	31	0.08	0
5	unsafe	8	7	reset	32	0.11	0
5	unsafe	8	7	reset	33	0.08	0
5	unsafe	8	7	reset	34	0.08	0
5	unsafe	8	7	reset	35	0.08	0
5	unsafe	8	7	reset	36	0.081	0
5	unsafe	8	7	reset	37	0.09	0
5	unsafe	8	7	reset	38	0.1	0
5	unsafe	8	7	reset	39	0.09	0
5	unsafe	8	7	reset	40	0.08	0
5	unsafe	8	7	reset	41	0.08	0
5	unsafe	8	7	reset	42	0.07	0
5	unsafe	8	7	reset	43	0.08	0
5	unsafe	8	7	reset	44	0.09	0
5	unsafe	8	7	reset	45	0.09	0
5	unsafe	8	7	reset	46	0.08	0
5	unsafe	8	7	reset	47	0.11	0
5	unsafe	8	7	reset	48	0.08	0
5	unsafe	8	7	reset	49	0.07	0
5	unsafe	8	7	reset	50	0.08	0
5	unsafe	8	7	reset	51	0.07	0
5	unsafe	8	7	reset	52	0.09	0
5	unsafe	8	7	reset	53	0.1	0
5	unsafe	8	7	reset	54	0.07	0
5	unsafe	8	7	reset	55	0.08	0
5	unsafe	8	7	reset	56	0.081	0
5	unsafe	8	7	reset	57	0.1	0
5	unsafe	8	7	reset	58	0.08	0
5	unsafe	8	7	reset	59	0.081	0
5	unsafe	8	7	reset	60	0.08	0
5	unsafe	8	7	reset	61	0.101	0
5	unsafe	8	7	reset	62	0.08	0
5	unsafe	8	7	reset	63	0.09	0
5	unsafe	8	7	reset	64	0.08	0
5	unsafe	8	7	reset	65	0.08	0
5	unsafe	8	7	reset	66	0.08	0
5	unsafe	8	7	reset	67	0.08	0
5	unsafe	8	7	reset	68	0.07	0
5	unsafe	8	7	reset	69	0.07	0
5	unsafe	8	7	reset	70	0.091	0
5	unsafe	8	7	reset	71	0.08	0
5	unsafe	8	7	reset	72	0.081	0
5	unsafe	8	7	reset	73	0.07	0
5	unsafe	8	7	reset	74	0.071	0
5	unsafe	8	7	reset	75	0.07	0
5	unsafe	8	7	reset	76	0.201	0
5	unsafe	8	7	reset	77	0.07	0
5	unsafe	8	7	reset	78	0.08	0
5	unsafe	8	7	reset	79	0.08	0
5	unsafe	8	7	reset	80	0.07	0
5	unsafe	8	7	reset	81	0.08	0
5	unsafe	8	7	reset	82	0.081	0
5	unsafe	8	7	reset	83	0.08	0
5	unsafe	8	7	reset	84	0.08	0
5	unsafe	8	7	reset	85	0.1	0
5	unsafe	8	7	reset	86	0.1	0
5	unsafe	8	7	reset	87	0.08	0
5	unsafe	8	7	reset	88	0.08	0
5	unsafe	8	7	reset	89	0.07	0
5	unsafe	8	7	reset	90	0.1	0
5	unsafe	8	7	reset	91	0.09	0
5	unsafe	8	7	reset	92	0.08	0
5	unsafe	8	7	reset	93	0.07	0
5	unsafe	8	7	reset	94	0.08	0
5	unsafe	8	7	reset	95	0.081	0
5	unsafe	8	7	reset	96	0.1	0
5	unsafe	8	7	reset	97	0.08	0
5	unsafe	8	7	reset	98	0.1	0
5	unsafe	8	7	reset	99	0.1	0
5	unsafe	8	7	reset	100	0.111	0
5	unsafe	8	7	reset	101	0.081	0
5	unsafe	8	7	reset	102	0.101	0
5	unsafe	8	7	reset	103	0.08	0
5	unsafe	8	7	reset	104	0.1	0
5	unsafe	8	7	reset	105	0.07	0
5	unsafe	8	7	reset	106	0.1	0
5	unsafe	8	7	reset	107	0.07	0
5	unsafe	8	7	reset	108	0.1	0
5	unsafe	8	7	reset	109	0.1	0
5	unsafe	8	7	reset	110	0.08	0
5	unsafe	8	7	reset	111	0.09	0
5	unsafe	8	7	reset	112	0.08	0
5	unsafe	8	7	reset	113	0.13	0
5	unsafe	8	7	reset	114	0.101	0
5	unsafe	8	7	reset	115	0.07	0
5	unsafe	8	7	reset	116	0.1	0
5	unsafe	8	7	reset	117	0.11	0
5	unsafe	8	7	reset	118	0.08	0
5	unsafe	8	7	reset	119	0.09	0
5	unsafe	8	7	reset	120	0.08	0
5	unsafe	8	7	reset	121	0.07	0
5	unsafe	8	7	reset	122	0.09	0
5	unsafe	8	7	reset	123	0.08	0
5	unsafe	8	7	reset	124	0.08	0
5	unsafe	8	7	reset	125	0.101	0
5	unsafe	8	7	reset	126	0.081	0
5	unsafe	8	7	reset	127	0.09	0
5	unsafe	8	7	reset	128	0.08	0
5	unsafe	8	7	reset	129	0.1	0
5	unsafe	8	7	reset	130	0.07	0
5	unsafe	8	7	reset	131	0.1	0
5	unsafe	8	7	reset	132	0.09	0
5	unsafe	8	7	reset	133	0.1	0
5	unsafe	8	7	reset	134	0.09	0
5	unsafe	8	7	reset	135	0.07	0
5	unsafe	8	7	reset	136	0.081	0
5	unsafe	8	7	reset	137	0.1	0
5	unsafe	8	7	reset	138	0.101	0
5	unsafe	8	7	reset	139	0.08	0
5	unsafe	8	7	reset	140	0.08	0
5	unsafe	8	7	reset	141	0.08	0
5	unsafe	8	7	reset	142	0.11	0
5	unsafe	8	7	reset	143	0.07	0
5	unsafe	8	7	reset	144	0.08	0
5	unsafe	8	7	reset	145	0.07	0
5	unsafe	8	7	reset	146	0.09	0
5	unsafe	8	7	reset	147	0.1	0
5	unsafe	8	7	reset	148	0.08	0
5	unsafe	8	7	reset	149	0.071	0
5	unsafe	8	7	reset	150	0.1	0
5	unsafe	8	7	reset	151	0.081	0
5	unsafe	8	7	reset	152	0.1	0
5	unsafe	8	7	reset	153	0.081	0
5	unsafe	8	7	reset	154	0.071	0
5	unsafe	8	7	reset	155	0.08	0
5	unsafe	8	7	reset	156	0.09	0
5	unsafe	8	7	reset	157	0.08	0
5	unsafe	8	7	reset	158	0.071	0
5	unsafe	8	7	reset	159	0.08	0
5	unsafe	8	7	reset	160	0.1	0
5	unsafe	8	7	reset	161	0.1	0
5	unsafe	8	7	reset	162	0.08	0
5	unsafe	8	7	reset	163	0.07	0
5	unsafe	8	7	reset	164	0.1	0
5	unsafe	8	7	reset	165	0.091	0
5	unsafe	8	7	reset	166	0.08	0
5	unsafe	8	7	reset	167	0.08	0
5	unsafe	8	7	reset	168	0.07	0
5	unsafe	8	7	reset	169	0.09	0
5	unsafe	8	7	reset	170	0.091	0
5	unsafe	8	7	reset	171	0.081	0
5	unsafe	8	7	reset	172	0.08	0
5	unsafe	8	7	reset	173	0.07	0
5	unsafe	8	7	reset	174	0.11	0
5	unsafe	8	7	reset	175	0.101	0
5	unsafe	8	7	reset	176	0.08	0
5	unsafe	8	7	reset	177	0.08	0
5	unsafe	8	7	reset	178	0.09	0
5	unsafe	8	7	reset	179	0.08	0
5	unsafe	8	7	reset	180	0.08	0
5	unsafe	8	7	reset	181	0.07	0
5	unsafe	8	7	reset	182	0.08	0
5	unsafe	8	7	reset	183	0.08	0
5	unsafe	8	7	reset	184	0.08	0
5	unsafe	8	7	reset	185	0.12	0
5	unsafe	8	7	reset	186	0.09	0
5	unsafe	8	7	reset	187	0.07	0
5	unsafe	8	7	reset	188	0.08	0
5	unsafe	8	7	reset	189	0.08	0
5	unsafe	8	7	reset	190	0.08	0
5	unsafe	8	7	reset	191	0.081	0
5	unsafe	8	7	reset	192	0.08	0
5	unsafe	8	7	reset	193	0.09	0
5	unsafe	8	7	reset	194	0.08	0
5	unsafe	8	7	reset	195	0.08	0
5	unsafe	8	7	reset	196	0.07	0
5	unsafe	8	7	reset	197	0.101	0
5	unsafe	8	7	reset	198	0.08	0
5	unsafe	8	7	reset	199	0.1	0
5	unsafe	8	7	reset	200	0.081	0
5	unsafe	8	7	stall	1	0.0	0
5	unsafe	8	7	stall	2	0.0	0
5	unsafe	8	7	stall	3	27.221	0
5	unsafe	8	7	stall	4	0.0	0
5	unsafe	8	7	stall	5	0.0	0
5	unsafe	8	7	stall	6	0.0	0
5	unsafe	8	7	stall	7	0.0	0
5	checked	16	15	reset	1	116.109	0
5	checked	16	15	reset	2	61.827	0
5	checked	16	15	reset	3	46.748	0
5	checked	16	15	reset	4	44.494	0
5	checked	16	15	reset	5	44.344	0
5	checked	16	15	reset	6	221.047	0
5	checked	16	15	reset	7	156.765	0
5	checked	16	15	reset	8	67.938	0
5	checked	16	15	reset	9	311.377	0
5	checked	16	15	reset	10	66.335	0
5	checked	16	15	reset	11	64.512	0
5	checked	16	15	reset	12	103.295	0
5	checked	16	15	reset	13	73.078	0
5	checked	16	15	reset	14	78.499	0
5	checked	16	15	reset	15	68.108	0
5	checked	16	15	reset	16	65.935	0
5	checked	16	15	reset	17	65.463	0
5	checked	16	15	reset	18	67.126	0
5	checked	16	15	reset	19	66.676	0
5	checked	16	15	reset	20	66.545	0
5	checked	16	15	reset	21	65.182	0
5	checked	16	15	reset	22	62.197	0
5	checked	16	15	reset	23	97.394	0
5	checked	16	15	reset	24	70.673	0
5	checked	16	15	reset	25	65.514	0
5	checked	16	15	reset	26	68.188	0
5	checked	16	15	reset	27	66.435	0
5	checked	16	15	reset	28	59.753	0
5	checked	16	15	reset	29	63.37	0
5	checked	16	15	reset	30	61.546	0
5	checked	16	15	reset	31	61.977	0
5	checked	16	15	reset	32	65.544	0
5	checked	16	15	reset	33	61.937	0
5	checked	16	15	reset	34	63.861	0
5	checked	16	15	reset	35	63.059	0
5	checked	16	15	reset	36	68.519	0
5	checked	16	15	reset	37	69.811	0
5	checked	16	15	reset	38	67.277	0
5	checked	16	15	reset	39	64.502	0
5	checked	16	15	reset	40	65.042	0
5	checked	16	15	reset	41	67.768	0
5	checked	16	15	reset	42	68.579	0
5	checked	16	15	reset	43	72.307	0
5	checked	16	15	reset	44	65.414	0
5	checked	16	15	reset	45	68.389	0
5	checked	16	15	reset	46	65.874	0
5	checked	16	15	reset	47	65.263	0
5	checked	16	15	reset	48	66.235	0
5	checked	16	15	reset	49	67.437	0
5	checked	16	15	reset	50	62.919	0
5	checked	16	15	reset	51	61.737	0
5	checked	16	15	reset	52	65.644	0
5	checked	16	15	reset	53	64.0	0
5	checked	16	15	reset	54	65.554	0
5	checked	16	15	reset	55	66.506	0
5	checked	16	15	reset	56	63.069	0
5	checked	16	15	reset	57	67.647	0
5	checked	16	15	reset	58	62.688	0
5	checked	16	15	reset	59	65.663	0
5	checked	16	15	reset	60	64.762	0
5	checked	16	15	reset	61	64.922	0
5	checked	16	15	reset	62	65.764	0
5	checked	16	15	reset	63	70.654	0
5	checked	16	15	reset	64	62.297	0
5	checked	16	15	reset	65	66.255	0
5	checked	16	15	reset	66	77.076	0
5	checked	16	15	reset	67	69.732	0
5	checked	16	15	reset	68	64.592	0
5	checked	16	15	reset	69	63.349	0
5	checked	16	15	reset	70	64.381	0
5	checked	16	15	reset	71	64.351	0
5	checked	16	15	reset	72	66.646	0
5	checked	16	15	reset	73	65.093	0
5	checked	16	15	reset	74	65.484	0
5	checked	16	15	reset	75	63.159	0
5	checked	16	15	reset	76	60.454	0
5	checked	16	15	reset	77	59.442	0
5	checked	16	15	reset	78	61.606	0
5	checked	16	15	reset	79	60.384	0
5	checked	16	15	reset	80	61.345	0
5	checked	16	15	reset	81	62.909	0
5	checked	16	15	reset	82	60.955	0
5	checked	16	15	reset	83	63.871	0
5	checked	16	15	reset	84	63.459	0
5	checked	16	15	reset	85	66.776	0
5	checked	16	15	reset	86	63.63	0
5	checked	16	15	reset	87	76.174	0
5	checked	16	15	reset	88	58.811	0
5	checked	16	15	reset	89	62.037	0
5	checked	16	15	reset	90	65.193	0
5	checked	16	15	reset	91	60.184	0
5	checked	16	15	reset	92	66.225	0
5	checked	16	15	reset	93	61.716	0
5	checked	16	15	reset	94	62.919	0
5	checked	16	15	reset	95	68.028	0
5	checked	16	15	reset	96	64.051	0
5	checked	16	15	reset	97	65.514	0
5	checked	16	15	reset	98	67.858	0
5	checked	16	15	reset	99	67.247	0
5	checked	16	15	reset	100	68.219	0
5	checked	16	15	reset	101	64.782	0
5	checked	16	15	reset	102	63.4	0
5	checked	16	15	reset	103	64.392	0
5	checked	16	15	reset	104	66.806	0
5	checked	16	15	reset	105	68.83	0
5	checked	16	15	reset	106	64.241	0
5	checked	16	15	reset	107	66.856	0
5	checked	16	15	reset	108	65.033	0
5	checked	16	15	reset	109	67.397	0
5	checked	16	15	reset	110	69.661	0
5	checked	16	15	reset	111	66.275	0
5	checked	16	15	reset	112	66.395	0
5	checked	16	15	reset	113	66.556	0
5	checked	16	15	reset	114	61.797	0
5	checked	16	15	reset	115	66.566	0
5	checked	16	15	reset	116	63.069	0
5	checked	16	15	reset	117	63.991	0
5	checked	16	15	reset	118	63.52	0
5	checked	16	15	reset	119	62.698	0
5	checked	16	15	reset	120	66.716	0
5	checked	16	15	reset	121	66.295	0
5	checked	16	15	reset	122	69.261	0
5	checked	16	15	reset	123	66.455	0
5	checked	16	15	reset	124	64.572	0
5	checked	16	15	reset	125	68.509	0
5	checked	16	15	reset	126	71.494	0
5	checked	16	15	reset	127	68.81	0
5	checked	16	15	reset	128	67.888	0
5	checked	16	15	reset	129	64.051	0
5	checked	16	15	reset	130	64.481	0
5	checked	16	15	reset	131	64.812	0
5	checked	16	15	reset	132	61.396	0
5	checked	16	15	reset	133	62.428	0
5	checked	16	15	reset	134	64.332	0
5	checked	16	15	reset	135	65.794	0
5	checked	16	15	reset	136	61.947	0
5	checked	16	15	reset	137	64.491	0
5	checked	16	15	reset	138	66.796	0
5	checked	16	15	reset	139	69.732	0
5	checked	16	15	reset	140	65.473	0
5	checked	16	15	reset	141	65.764	0
5	checked	16	15	reset	142	61.716	0
5	checked	16	15	reset	143	62.638	0
5	checked	16	15	reset	144	64.662	0
5	checked	16	15	reset	145	65.314	0
5	checked	16	15	reset	146	65.003	0
5	checked	16	15	reset	147	65.553	0
5	checked	16	15	reset	148	70.543	0
5	checked	16	15	reset	149	63.009	0
5	checked	16	15	reset	150	69.761	0
5	checked	16	15	reset	151	3663.08	0
5	checked	16	15	reset	152	2613.399	0
5	checked	16	15	reset	153	93.947	0
5	checked	16	15	reset	154	84.77	0
5	checked	16	15	reset	155	70.052	0
5	checked	16	15	reset	156	65.865	0
5	checked	16	15	reset	157	64.201	0
5	checked	16	15	reset	158	61.557	0
5	checked	16	15	reset	159	63.46	0
5	checked	16	15	reset	160	60.514	0
5	checked	16	15	reset	161	86.974	0
5	checked	16	15	reset	162	78.458	0
5	checked	16	15	reset	163	76.013	0
5	checked	16	15	reset	164	74.771	0
5	checked	16	15	reset	165	67.928	0
5	checked	16	15	reset	166	67.817	0
5	checked	16	15	reset	167	61.496	0
5	checked	16	15	reset	168	68.169	0
5	checked	16	15	reset	169	62.048	0
5	checked	16	15	reset	170	66.696	0
5	checked	16	15	reset	171	65.163	0
5	checked	16	15	reset	172	75.963	0
5	checked	16	15	reset	173	68.73	0
5	checked	16	15	reset	174	66.325	0
5	checked	16	15	reset	175	60.764	0
5	checked	16	15	reset	176	63.4	0
5	checked	16	15	reset	177	60.774	0
5	checked	16	15	reset	178	66.015	0
5	checked	16	15	reset	179	61.446	0
5	checked	16	15	reset	180	62.168	0
5	checked	16	15	reset	181	60.123	0
5	checked	16	15	reset	182	60.524	0
5	checked	16	15	reset	183	63.991	0
5	checked	16	15	reset	184	63.59	0
5	checked	16	15	reset	185	63.55	0
5	checked	16	15	reset	186	62.819	0
5	checked	16	15	reset	187	62.268	0
5	checked	16	15	reset	188	63.7	0
5	checked	16	15	reset	189	61.756	0
5	checked	16	15	reset	190	61.075	0
5	checked	16	15	reset	191	60.744	0
5	checked	16	15	reset	192	65.574	0
5	checked	16	15	reset	193	59.673	0
5	checked	16	15	reset	194	61.466	0
5	checked	16	15	reset	195	60.684	0
5	checked	16	15	reset	196	63.24	0
5	checked	16	15	reset	197	60.805	0
5	checked	16	15	reset	198	58.029	0
5	checked	16	15	reset	199	62.829	0
5	checked	16	15	reset	200	60.174	0
5	checked	16	15	stall	1	3657.359	0
5	checked	16	15	stall	2	3656.717	0
5	checked	16	15	stall	3	3655.245	0
5	checked	16	15	stall	4	3659.092	0
5	checked	16	15	stall	5	3651.388	0
5	checked	16	15	stall	6	3652.68	0
5	checked	16	15	stall	7	3654.334	0
5	checked	16	15	stall	8	3654.112	0
5	checked	16	15	stall	9	3656.277	0
5	checked	16	15	stall	10	3660.034	0
5	checked	16	15	stall	11	3658.812	0
5	checked	16	15	stall	12	3659.052	0
5	checked	16	15	stall	13	3652.49	0
5	checked	16	15	stall	14	3654.323	0
5	checked	16	15	stall	15	3654.714	0
5	unsafe	16	15	reset	1	0.211	0
5	unsafe	16	15	reset	2	0.06	0
5	unsafe	16	15	reset	3	0.09	0
5	unsafe	16	15	reset	4	0.09	0
5	unsafe	16	15	reset	5	0.11	0
5	unsafe	16	15	reset	6	0.09	0
5	unsafe	16	15	reset	7	0.09	0
5	unsafe	16	15	reset	8	0.1	0
5	unsafe	16	15	reset	9	0.09	0
5	unsafe	16	15	reset	10	0.08	0
5	unsafe	16	15	reset	11	0.09	0
5	unsafe	16	15	reset	12	0.08	0
5	unsafe	16	15	reset	13	0.08	0
5	unsafe	16	15	reset	14	0.07	0
5	unsafe	16	15	reset	15	0.12	0
5	unsafe	16	15	reset	16	0.091	0
5	unsafe	16	15	reset	17	0.08	0
5	unsafe	16	15	reset	18	0.08	0
5	unsafe	16	15	reset	19	0.07	0
5	unsafe	16	15	reset	20	0.07	0
5	unsafe	16	15	reset	21	0.09	0
5	unsafe	16	15	reset	22	0.08	0
5	unsafe	16	15	reset	23	0.08	0
5	unsafe	16	15	reset	24	0.08	0
5	unsafe	16	15	reset	25	0.09	0
5	unsafe	16	15	reset	26	0.07	0
5	unsafe	16	15	reset	27	0.08	0
5	unsafe	16	15	reset	28	0.09	0
5	unsafe	16	15	reset	29	0.08	0
5	unsafe	16	15	reset	30	0.08	0
5	unsafe	16	15	reset	31	0.081	0
5	unsafe	16	15	reset	32	0.1	0
5	unsafe	16	15	reset	33	0.08	0
5	unsafe	16	15	reset	34	0.08	0
5	unsafe	16	15	reset	35	0.091	0
5	unsafe	16	15	reset	36	0.09	0
5	unsafe	16	15	reset	37	0.13	0
5	unsafe	16	15	reset	38	0.071	0
5	unsafe	16	15	reset	39	0.07	0
5	unsafe	16	15	reset	40	0.07	0
5	unsafe	16	15	reset	41	0.08	0
5	unsafe	16	15	reset	42	0.081	0
5	unsafe	16	15	reset	43	0.09	0
5	unsafe	16	15	reset	44	0.08	0
5	unsafe	16	15	reset	45	0.09	0
5	unsafe	16	15	reset	46	0.09	0
5	unsafe	16	15	reset	47	0.08	0
5	unsafe	16	15	reset	48	0.08	0
5	unsafe	16	15	reset	49	0.1	0
5	unsafe	16	15	reset	50	0.09	0
5	unsafe	16	15	reset	51	0.08	0
5	unsafe	16	15	reset	52	0.08	0
5	unsafe	16	15	reset	53	0.09	0
5	unsafe	16	15	reset	54	0.101	0
5	unsafe	16	15	reset	55	0.101	0
5	unsafe	16	15	reset	56	0.091	0
5	unsafe	16	15	reset	57	0.08	0
5	unsafe	16	15	reset	58	0.09	0
5	unsafe	16	15	reset	59	0.12	0
5	unsafe	16	15	reset	60	0.1	0
5	unsafe	16	15	reset	61	0.091	0
5	unsafe	16	15	reset	62	0.09	0
5	unsafe	16	15	reset	63	0.09	0
5	unsafe	16	15	reset	64	0.08	0
5	unsafe	16	15	reset	65	0.08	0
5	unsafe	16	15	reset	66	0.09	0
5	unsafe	16	15	reset	67	0.07	0
5	unsafe	16	15	reset	68	0.1	0
5	unsafe	16	15	reset	69	0.101	0
5	unsafe	16	15	reset	70	0.081	0
5	unsafe	16	15	reset	71	0.101	0
5	unsafe	16	15	reset	72	0.09	0
5	unsafe	16	15	reset	73	0.101	0
5	unsafe	16	15	reset	74	0.08	0
5	unsafe	16	15	reset	75	0.08	0
5	unsafe	16	15	reset	76	0.091	0
5	unsafe	16	15	reset	77	0.08	0
5	unsafe	16	15	reset	78	0.081	0
5	unsafe	16	15	reset	79	0.08	0
5	unsafe	16	15	reset	80	0.09	0
5	unsafe	16	15	reset	81	0.09	0
5	unsafe	16	15	reset	82	0.1	0
5	unsafe	16	15	reset	83	0.08	0
5	unsafe	16	15	reset	84	0.08	0
5	unsafe	16	15	reset	85	0.08	0
5	unsafe	16	15	reset	86	0.08	0
5	unsafe	16	15	reset	87	0.081	0
5	unsafe	16	15	reset	88	0.07	0
5	unsafe	16	15	reset	89	0.08	0
5	unsafe	16	15	reset	90	0.08	0
5	unsafe	16	15	reset	91	0.1	0
5	unsafe	16	15	reset	92	0.091	0
5	unsafe	16	15	reset	93	0.08	0
5	unsafe	16	15	reset	94	0.08	0
5	unsafe	16	15	reset	95	0.1	0
5	unsafe	16	15	reset	96	0.1	0
5	unsafe	16	15	reset	97	0.09	0
5	unsafe	16	15	reset	98	0.08	0
5	unsafe	16	15	reset	99	0.08	0
5	unsafe	16	15	reset	100	0.101	0
5	unsafe	16	15	reset	101	0.08	0
5	unsafe	16	15	reset	102	0.08	0
5	unsafe	16	15	reset	103	0.1	0
5	unsafe	16	15	reset	104	0.1	0
5	unsafe	16	15	reset	105	0.11	0
5	unsafe	16	15	reset	106	0.14	0
5	unsafe	16	15	reset	107	0.08	0
5	unsafe	16	15	reset	108	0.1	0
5	unsafe	16	15	reset	109	0.08	0
5	unsafe	16	15	reset	110	0.08	0
5	unsafe	16	15	reset	111	0.08	0
5	unsafe	16	15	reset	112	0.08	0
5	unsafe	16	15	reset	113	0.08	0
5	unsafe	16	15	reset	114	0.081	0
5	unsafe	16	15	reset	115	0.08	0
5	unsafe	16	15	reset	116	0.08	0
5	unsafe	16	15	reset	117	0.09	0
5	unsafe	16	15	reset	118	0.081	0
5	unsafe	16	15	reset	119	0.1	0
5	unsafe	16	15	reset	120	0.08	0
5	unsafe	16	15	reset	121	0.081	0
5	unsafe	16	15	reset	122	0.09	0
5	unsafe	16	15	reset	123	0.08	0
5	unsafe	16	15	reset	124	0.08	0
5	unsafe	16	15	reset	125	0.11	0
5	unsafe	16	15	reset	126	0.1	0
5	unsafe	16	15	reset	127	0.11	0
5	unsafe	16	15	reset	128	0.07	0
5	unsafe	16	15	reset	129	0.09	0
5	unsafe	16	15	reset	130	0.07	0
5	unsafe	16	15	reset	131	0.08	0
5	unsafe	16	15	reset	132	0.08	0
5	unsafe	16	15	reset	133	0.081	0
5	unsafe	16	15	reset	134	0.09	0
5	unsafe	16	15	reset	135	0.081	0
5	unsafe	16	15	reset	136	0.08	0
5	unsafe	16	15	reset	137	0.08	0
5	unsafe	16	15	reset	138	0.08	0
5	unsafe	16	15	reset	139	0.08	0
5	unsafe	16	15	reset	140	0.09	0
5	unsafe	16	15	reset	141	0.1	0
5	unsafe	16	15	reset	142	0.09	0
5	unsafe	16	15	reset	143	0.11	0
5	unsafe	16	15	reset	144	0.1	0
5	unsafe	16	15	reset	145	0.08	0
5	unsafe	16	15	reset	146	0.08	0
5	unsafe	16	15	reset	147	0.1	0
5	unsafe	16	15	reset	148	0.09	0
5	unsafe	16	15	reset	149	0.091	0
5	unsafe	16	15	reset	150	0.08	0
5	unsafe	16	15	reset	151	0.091	0
5	unsafe	16	15	reset	152	0.081	0
5	unsafe	16	15	reset	153	0.08	0
5	unsafe	16	15	reset	154	0.08	0
5	unsafe	16	15	reset	155	0.081	0
5	unsafe	16	15	reset	156	0.091	0
5	unsafe	16	15	reset	157	0.09	0
5	unsafe	16	15	reset	158	0.09	0
5	unsafe	16	15	reset	159	0.07	0
5	unsafe	16	15	reset	160	0.09	0
5	unsafe	16	15	reset	161	0.09	0
5	unsafe	16	15	reset	162	0.08	0
5	unsafe	16	15	reset	163	0.08	0
5	unsafe	16	15	reset	164	0.081	0
5	unsafe	16	15	reset	165	0.08	0
5	unsafe	16	15	reset	166	0.081	0
5	unsafe	16	15	reset	167	0.08	0
5	unsafe	16	15	reset	168	0.07	0
5	unsafe	16	15	reset	169	0.09	0
5	unsafe	16	15	reset	170	0.09	0
5	unsafe	16	15	reset	171	0.08	0
5	unsafe	16	15	reset	172	0.081	0
5	unsafe	16	15	reset	173	0.081	0
5	unsafe	16	15	reset	174	0.101	0
5	unsafe	16	15	reset	175	0.07	0
5	unsafe	16	15	reset	176	0.08	0
5	unsafe	16	15	reset	177	0.081	0
5	unsafe	16	15	reset	178	0.08	0
5	unsafe	16	15	reset	179	0.1	0
5	unsafe	16	15	reset	180	0.111	0
5	unsafe	16	15	reset	181	0.101	0
5	unsafe	16	15	reset	182	0.09	0
5	unsafe	16	15	reset	183	0.09	0
5	unsafe	16	15	reset	184	0.09	0
5	unsafe	16	15	reset	185	0.08	0
5	unsafe	16	15	reset	186	0.08	0
5	unsafe	16	15	reset	187	0.08	0
5	unsafe	16	15	reset	188	0.101	0
5	unsafe	16	15	reset	189	0.08	0
5	unsafe	16	15	reset	190	0.08	0
5	unsafe	16	15	reset	191	0.08	0
5	unsafe	16	15	reset	192	0.07	0
5	unsafe	16	15	reset	193	0.08	0
5	unsafe	16	15	reset	194	0.1	0
5	unsafe	16	15	reset	195	0.081	0
5	unsafe	16	15	reset	196	0.101	0
5	unsafe	16	15	reset	197	0.08	0
5	unsafe	16	15	reset	198	0.08	0
5	unsafe	16	15	reset	199	0.091	0
5	unsafe	16	15	reset	200	0.08	0
5	unsafe	16	15	stall	1	0.0	0
5	unsafe	16	15	stall	2	0.0	0
5	unsafe	16	15	stall	3	0.0	0
5	unsafe	16	15	stall	4	1041.384	0
5	unsafe	16	15	stall	5	28.474	0
5	unsafe	16	15	stall	6	0.0	0
5	unsafe	16	15	stall	7	0.0	0
5	unsafe	16	15	stall	8	0.0	0
5	unsafe	16	15	stall	9	0.0	0
5	unsafe	16	15	stall	10	0.0	0
5	unsafe	16	15	stall	11	0.0	0
5	unsafe	16	15	stall	12	0.0	0
5	unsafe	16	15	stall	13	0.0	0
5	unsafe	16	15	stall	14	2992.245	0
5	unsafe	16	15	stall	15	0.0	0
5	checked	30	29	reset	1	120.998	0
5	checked	30	29	reset	2	75.953	0
5	checked	30	29	reset	3	74.51	0
5	checked	30	29	reset	4	255.772	0
5	checked	30	29	reset	5	88.377	0
5	checked	30	29	reset	6	465.428	0
5	checked	30	29	reset	7	65.854	0
5	checked	30	29	reset	8	77.597	0
5	checked	30	29	reset	9	64.411	0
5	checked	30	29	reset	10	64.822	0
5	checked	30	29	reset	11	60.083	0
5	checked	30	29	reset	12	154.161	0
5	checked	30	29	reset	13	117.652	0
5	checked	30	29	reset	14	102.443	0
5	checked	30	29	reset	15	106.331	0
5	checked	30	29	reset	16	100.69	0
5	checked	30	29	reset	17	104.457	0
5	checked	30	29	reset	18	98.837	0
5	checked	30	29	reset	19	100.53	0
5	checked	30	29	reset	20	97.303	0
5	checked	30	29	reset	21	98.726	0
5	checked	30	29	reset	22	100.53	0
5	checked	30	29	reset	23	104.417	0
5	checked	30	29	reset	24	105.138	0
5	checked	30	29	reset	25	100.88	0
5	checked	30	29	reset	26	99.448	0
5	checked	30	29	reset	27	93.907	0
5	checked	30	29	reset	28	105.419	0
5	checked	30	29	reset	29	107.172	0
5	checked	30	29	reset	30	104.106	0
5	checked	30	29	reset	31	96.271	0
5	checked	30	29	reset	32	101.161	0
5	checked	30	29	reset	33	103.164	0
5	checked	30	29	reset	34	99.498	0
5	checked	30	29	reset	35	106.761	0
5	checked	30	29	reset	36	101.842	0
5	checked	30	29	reset	37	119.185	0
5	checked	30	29	reset	38	100.249	0
5	checked	30	29	reset	39	98.476	0
5	checked	30	29	reset	40	96.872	0
5	checked	30	29	reset	41	107.283	0
5	checked	30	29	reset	42	103.876	0
5	checked	30	29	reset	43	100.871	0
5	checked	30	29	reset	44	105.559	0
5	checked	30	29	reset	45	100.67	0
5	checked	30	29	reset	46	100.059	0
5	checked	30	29	reset	47	99.658	0
5	checked	30	29	reset	48	99.698	0
5	checked	30	29	reset	49	104.507	0
5	checked	30	29	reset	50	103.745	0
5	checked	30	29	reset	51	100.529	0
5	checked	30	29	reset	52	99.077	0
5	checked	30	29	reset	53	97.985	0
5	checked	30	29	reset	54	113.274	0
5	checked	30	29	reset	55	112.592	0
5	checked	30	29	reset	56	108.314	0
5	checked	30	29	reset	57	104.638	0
5	checked	30	29	reset	58	3871.714	0
5	checked	30	29	reset	59	145.064	0
5	checked	30	29	reset	60	110.919	0
5	checked	30	29	reset	61	106.581	0
5	checked	30	29	reset	62	100.62	0
5	checked	30	29	reset	63	100.72	0
5	checked	30	29	reset	64	109.777	0
5	checked	30	29	reset	65	124.465	0
5	checked	30	29	reset	66	129.925	0
5	checked	30	29	reset	67	106.0	0
5	checked	30	29	reset	68	114.235	0
5	checked	30	29	reset	69	99.017	0
5	checked	30	29	reset	70	104.416	0
5	checked	30	29	reset	71	105.849	0
5	checked	30	29	reset	72	99.377	0
5	checked	30	29	reset	73	102.082	0
5	checked	30	29	reset	74	97.915	0
5	checked	30	29	reset	75	103.425	0
5	checked	30	29	reset	76	1213.449	0
5	checked	30	29	reset	77	107.163	0
5	checked	30	29	reset	78	149.382	0
5	checked	30	29	reset	79	559.746	0
5	checked	30	29	reset	80	634.647	0
5	checked	30	29	reset	81	142.629	0
5	checked	30	29	reset	82	137.79	0
5	checked	30	29	reset	83	127.08	0
5	checked	30	29	reset	84	143.931	0
5	checked	30	29	reset	85	129.414	0
5	checked	30	29	reset	86	122.591	0
5	checked	30	29	reset	87	3789.999	0
5	checked	30	29	reset	88	118.263	0
5	checked	30	29	reset	89	114.716	0
5	checked	30	29	reset	90	104.878	0
5	checked	30	29	reset	91	107.743	0
5	checked	30	29	reset	92	100.78	0
5	checked	30	29	reset	93	110.859	0
5	checked	30	29	reset	94	98.927	0
5	checked	30	29	reset	95	115.879	0
5	checked	30	29	reset	96	99.387	0
5	checked	30	29	reset	97	113.404	0
5	checked	30	29	reset	98	99.027	0
5	checked	30	29	reset	99	102.273	0
5	checked	30	29	reset	100	101.1	0
5	checked	30	29	reset	101	109.537	0
5	checked	30	29	reset	102	108.214	0
5	checked	30	29	reset	103	104.297	0
5	checked	30	29	reset	104	100.389	0
5	checked	30	29	reset	105	102.243	0
5	checked	30	29	reset	106	102.423	0
5	checked	30	29	reset	107	101.942	0
5	checked	30	29	reset	108	98.295	0
5	checked	30	29	reset	109	104.356	0
5	checked	30	29	reset	110	110.989	0
5	checked	30	29	reset	111	104.487	0
5	checked	30	29	reset	112	106.952	0
5	checked	30	29	reset	113	104.918	0
5	checked	30	29	reset	114	102.694	0
5	checked	30	29	reset	115	104.467	0
5	checked	30	29	reset	116	107.993	0
5	checked	30	29	reset	117	106.711	0
5	checked	30	29	reset	118	108.224	0
5	checked	30	29	reset	119	100.791	0
5	checked	30	29	reset	120	106.51	0
5	checked	30	29	reset	121	102.434	0
5	checked	30	29	reset	122	110.85	0
5	checked	30	29	reset	123	277.313	0
5	checked	30	29	reset	124	106.201	0
5	checked	30	29	reset	125	110.388	0
5	checked	30	29	reset	126	106.081	0
5	checked	30	29	reset	127	107.543	0
5	checked	30	29	reset	128	100.57	0
5	checked	30	29	reset	129	103.235	0
5	checked	30	29	reset	130	97.143	0
5	checked	30	29	reset	131	108.896	0
5	checked	30	29	reset	132	111.641	0
5	checked	30	29	reset	133	116.16	0
5	checked	30	29	reset	134	103.425	0
5	checked	30	29	reset	135	124.454	0
5	checked	30	29	reset	136	126.81	0
5	checked	30	29	reset	137	108.465	0
5	checked	30	29	reset	138	105.158	0
5	checked	30	29	reset	139	105.309	0
5	checked	30	29	reset	140	98.295	0
5	checked	30	29	reset	141	102.704	0
5	checked	30	29	reset	142	95.921	0
5	checked	30	29	reset	143	103.244	0
5	checked	30	29	reset	144	98.676	0
5	checked	30	29	reset	145	98.956	0
5	checked	30	29	reset	146	103.706	0
5	checked	30	29	reset	147	102.614	0
5	checked	30	29	reset	148	95.531	0
5	checked	30	29	reset	149	101.491	0
5	checked	30	29	reset	150	97.935	0
5	checked	30	29	reset	151	99.808	0
5	checked	30	29	reset	152	105.298	0
5	checked	30	29	reset	153	98.105	0
5	checked	30	29	reset	154	107.132	0
5	checked	30	29	reset	155	99.597	0
5	checked	30	29	reset	156	110.809	0
5	checked	30	29	reset	157	102.022	0
5	checked	30	29	reset	158	100.519	0
5	checked	30	29	reset	159	101.291	0
5	checked	30	29	reset	160	98.786	0
5	checked	30	29	reset	161	100.038	0
5	checked	30	29	reset	162	99.368	0
5	checked	30	29	reset	163	106.411	0
5	checked	30	29	reset	164	97.093	0
5	checked	30	29	reset	165	106.3	0
5	checked	30	29	reset	166	99.998	0
5	checked	30	29	reset	167	369.817	0
5	checked	30	29	reset	168	100.109	0
5	checked	30	29	reset	169	103.345	0
5	checked	30	29	reset	170	101.321	0
5	checked	30	29	reset	171	102.593	0
5	checked	30	29	reset	172	94.839	0
5	checked	30	29	reset	173	95.881	0
5	checked	30	29	reset	174	103.586	0
5	checked	30	29	reset	175	106.832	0
5	checked	30	29	reset	176	99.878	0
5	checked	30	29	reset	177	100.649	0
5	checked	30	29	reset	178	100.359	0
5	checked	30	29	reset	179	103.676	0
5	checked	30	29	reset	180	104.057	0
5	checked	30	29	reset	181	102.794	0
5	checked	30	29	reset	182	112.472	0
5	checked	30	29	reset	183	97.734	0
5	checked	30	29	reset	184	101.221	0
5	checked	30	29	reset	185	97.214	0
5	checked	30	29	reset	186	101.672	0
5	checked	30	29	reset	187	100.89	0
5	checked	30	29	reset	188	102.754	0
5	checked	30	29	reset	189	103.746	0
5	checked	30	29	reset	190	97.143	0
5	checked	30	29	reset	191	99.137	0
5	checked	30	29	reset	192	93.626	0
5	checked	30	29	reset	193	100.189	0
5	checked	30	29	reset	194	103.395	0
5	checked	30	29	reset	195	96.242	0
5	checked	30	29	reset	196	97.484	0
5	checked	30	29	reset	197	99.428	0
5	checked	30	29	reset	198	95.861	0
5	checked	30	29	reset	199	100.76	0
5	checked	30	29	reset	200	101.221	0
5	checked	30	29	stall	1	1204.261	0
5	checked	30	29	stall	2	1197.809	0
5	checked	30	29	stall	3	1197.879	0
5	checked	30	29	stall	4	1197.729	0
5	checked	30	29	stall	5	1203.881	0
5	checked	30	29	stall	6	1695.909	0
5	checked	30	29	stall	7	1197.849	0
5	checked	30	29	stall	8	1233.066	0
5	checked	30	29	stall	9	2877.568	0
5	checked	30	29	stall	10	1196.657	0
5	checked	30	29	stall	11	1205.564	0
5	checked	30	29	stall	12	1564.671	0
5	checked	30	29	stall	13	1200.084	0
5	checked	30	29	stall	14	1191.588	0
5	checked	30	29	stall	15	1203.971	0
5	checked	30	29	stall	16	1341.38	0
5	checked	30	29	stall	17	1198.48	0
5	checked	30	29	stall	18	1202.428	0
5	checked	30	29	stall	19	1198.601	0
5	checked	30	29	stall	20	1202.218	0
5	checked	30	29	stall	21	1206.376	0
5	checked	30	29	stall	22	1197.008	0
5	checked	30	29	stall	23	1578.738	0
5	checked	30	29	stall	24	1204.903	0
5	checked	30	29	stall	25	1200.475	0
5	checked	30	29	stall	26	1200.364	0
5	checked	30	29	stall	27	1196.667	0
5	checked	30	29	stall	28	1698.734	0
5	checked	30	29	stall	29	1196.287	0
5	unsafe	30	29	reset	1	0.2	0
5	unsafe	30	29	reset	2	0.06	0
5	unsafe	30	29	reset	3	0.06	0
5	unsafe	30	29	reset	4	0.05	0
5	unsafe	30	29	reset	5	0.04	0
5	unsafe	30	29	reset	6	0.211	0
5	unsafe	30	29	reset	7	0.04	0
5	unsafe	30	29	reset	8	0.051	0
5	unsafe	30	29	reset	9	0.08	0
5	unsafe	30	29	reset	10	0.06	0
5	unsafe	30	29	reset	11	0.14	0
5	unsafe	30	29	reset	12	0.26	0
5	unsafe	30	29	reset	13	0.111	0
5	unsafe	30	29	reset	14	0.06	0
5	unsafe	30	29	reset	15	0.08	0
5	unsafe	30	29	reset	16	0.07	0
5	unsafe	30	29	reset	17	0.09	0
5	unsafe	30	29	reset	18	0.08	0
5	unsafe	30	29	reset	19	0.08	0
5	unsafe	30	29	reset	20	0.09	0
5	unsafe	30	29	reset	21	0.08	0
5	unsafe	30	29	reset	22	0.08	0
5	unsafe	30	29	reset	23	0.13	0
5	unsafe	30	29	reset	24	0.061	0
5	unsafe	30	29	reset	25	0.1	0
5	unsafe	30	29	reset	26	0.08	0
5	unsafe	30	29	reset	27	0.08	0
5	unsafe	30	29	reset	28	0.1	0
5	unsafe	30	29	reset	29	0.081	0
5	unsafe	30	29	reset	30	0.091	0
5	unsafe	30	29	reset	31	0.1	0
5	unsafe	30	29	reset	32	0.08	0
5	unsafe	30	29	reset	33	0.1	0
5	unsafe	30	29	reset	34	0.101	0
5	unsafe	30	29	reset	35	0.1	0
5	unsafe	30	29	reset	36	0.1	0
5	unsafe	30	29	reset	37	0.09	0
5	unsafe	30	29	reset	38	0.101	0
5	unsafe	30	29	reset	39	0.07	0
5	unsafe	30	29	reset	40	0.09	0
5	unsafe	30	29	reset	41	0.121	0
5	unsafe	30	29	reset	42	0.091	0
5	unsafe	30	29	reset	43	0.09	0
5	unsafe	30	29	reset	44	0.12	0
5	unsafe	30	29	reset	45	0.09	0
5	unsafe	30	29	reset	46	0.1	0
5	unsafe	30	29	reset	47	0.09	0
5	unsafe	30	29	reset	48	0.08	0
5	unsafe	30	29	reset	49	0.121	0
5	unsafe	30	29	reset	50	0.08	0
5	unsafe	30	29	reset	51	0.11	0
5	unsafe	30	29	reset	52	0.09	0
5	unsafe	30	29	reset	53	0.1	0
5	unsafe	30	29	reset	54	0.1	0
5	unsafe	30	29	reset	55	0.081	0
5	unsafe	30	29	reset	56	0.09	0
5	unsafe	30	29	reset	57	0.101	0
5	unsafe	30	29	reset	58	0.09	0
5	unsafe	30	29	reset	59	0.12	0
5	unsafe	30	29	reset	60	0.08	0
5	unsafe	30	29	reset	61	0.1	0
5	unsafe	30	29	reset	62	0.11	0
5	unsafe	30	29	reset	63	0.091	0
5	unsafe	30	29	reset	64	0.12	0
5	unsafe	30	29	reset	65	0.09	0
5	unsafe	30	29	reset	66	0.081	0
5	unsafe	30	29	reset	67	0.11	0
5	unsafe	30	29	reset	68	0.07	0
5	unsafe	30	29	reset	69	0.121	0
5	unsafe	30	29	reset	70	0.07	0
5	unsafe	30	29	reset	71	0.111	0
5	unsafe	30	29	reset	72	0.131	0
5	unsafe	30	29	reset	73	0.1	0
5	unsafe	30	29	reset	74	0.081	0
5	unsafe	30	29	reset	75	0.11	0
5	unsafe	30	29	reset	76	0.08	0
5	unsafe	30	29	reset	77	0.111	0
5	unsafe	30	29	reset	78	0.08	0
5	unsafe	30	29	reset	79	0.09	0
5	unsafe	30	29	reset	80	0.11	0
5	unsafe	30	29	reset	81	0.09	0
5	unsafe	30	29	reset	82	0.1	0
5	unsafe	30	29	reset	83	0.09	0
5	unsafe	30	29	reset	84	0.091	0
5	unsafe	30	29	reset	85	0.1	0
5	unsafe	30	29	reset	86	0.09	0
5	unsafe	30	29	reset	87	0.1	0
5	unsafe	30	29	reset	88	0.09	0
5	unsafe	30	29	reset	89	0.091	0
5	unsafe	30	29	reset	90	0.12	0
5	unsafe	30	29	reset	91	0.07	0
5	unsafe	30	29	reset	92	0.09	0
5	unsafe	30	29	reset	93	0.11	0
5	unsafe	30	29	reset	94	0.1	0
5	unsafe	30	29	reset	95	0.11	0
5	unsafe	30	29	reset	96	0.09	0
5	unsafe	30	29	reset	97	0.09	0
5	unsafe	30	29	reset	98	0.09	0
5	unsafe	30	29	reset	99	0.09	0
5	unsafe	30	29	reset	100	0.101	0
5	unsafe	30	29	reset	101	0.08	0
5	unsafe	30	29	reset	102	0.08	0
5	unsafe	30	29	reset	103	0.12	0
5	unsafe	30	29	reset	104	0.08	0
5	unsafe	30	29	reset	105	0.11	0
5	unsafe	30	29	reset	106	0.091	0
5	unsafe	30	29	reset	107	0.1	0
5	unsafe	30	29	reset	108	0.11	0
5	unsafe	30	29	reset	109	0.091	0
5	unsafe	30	29	reset	110	0.1	0
5	unsafe	30	29	reset	111	0.111	0
5	unsafe	30	29	reset	112	0.08	0
5	unsafe	30	29	reset	113	0.11	0
5	unsafe	30	29	reset	114	0.08	0
5	unsafe	30	29	reset	115	0.1	0
5	unsafe	30	29	reset	116	0.11	0
5	unsafe	30	29	reset	117	0.09	0
5	unsafe	30	29	reset	118	0.11	0
5	unsafe	30	29	reset	119	0.09	0
5	unsafe	30	29	reset	120	0.1	0
5	unsafe	30	29	reset	121	0.1	0
5	unsafe	30	29	reset	122	0.08	0
5	unsafe	30	29	reset	123	0.1	0
5	unsafe	30	29	reset	124	0.09	0
5	unsafe	30	29	reset	125	0.1	0
5	unsafe	30	29	reset	126	0.13	0
5	unsafe	30	29	reset	127	0.08	0
5	unsafe	30	29	reset	128	0.09	0
5	unsafe	30	29	reset	129	0.111	0
5	unsafe	30	29	reset	130	0.07	0
5	unsafe	30	29	reset	131	0.111	0
5	unsafe	30	29	reset	132	0.08	0
5	unsafe	30	29	reset	133	0.09	0
5	unsafe	30	29	reset	134	0.12	0
5	unsafe	30	29	reset	135	0.08	0
5	unsafe	30	29	reset	136	0.11	0
5	unsafe	30	29	reset	137	0.09	0
5	unsafe	30	29	reset	138	0.111	0
5	unsafe	30	29	reset	139	0.11	0
5	unsafe	30	29	reset	140	0.071	0
5	unsafe	30	29	reset	141	0.12	0
5	unsafe	30	29	reset	142	0.071	0
5	unsafe	30	29	reset	143	0.1	0
5	unsafe	30	29	reset	144	0.11	0
5	unsafe	30	29	reset	145	0.09	0
5	unsafe	30	29	reset	146	0.08	0
5	unsafe	30	29	reset	147	0.121	0
5	unsafe	30	29	reset	148	0.08	0
5	unsafe	30	29	reset	149	0.11	0
5	unsafe	30	29	reset	150	0.07	0
5	unsafe	30	29	reset	151	0.11	0
5	unsafe	30	29	reset	152	0.101	0
5	unsafe	30	29	reset	153	0.091	0
5	unsafe	30	29	reset	154	0.1	0
5	unsafe	30	29	reset	155	0.08	0
5	unsafe	30	29	reset	156	0.1	0
5	unsafe	30	29	reset	157	0.11	0
5	unsafe	30	29	reset	158	0.091	0
5	unsafe	30	29	reset	159	0.09	0
5	unsafe	30	29	reset	160	0.121	0
5	unsafe	30	29	reset	161	0.08	0
5	unsafe	30	29	reset	162	0.12	0
5	unsafe	30	29	reset	163	0.08	0
5	unsafe	30	29	reset	164	0.09	0
5	unsafe	30	29	reset	165	0.111	0
5	unsafe	30	29	reset	166	0.08	0
5	unsafe	30	29	reset	167	0.12	0
5	unsafe	30	29	reset	168	0.09	0
5	unsafe	30	29	reset	169	0.1	0
5	unsafe	30	29	reset	170	0.13	0
5	unsafe	30	29	reset	171	0.09	0
5	unsafe	30	29	reset	172	0.12	0
5	unsafe	30	29	reset	173	0.09	0
5	unsafe	30	29	reset	174	0.1	0
5	unsafe	30	29	reset	175	0.11	0
5	unsafe	30	29	reset	176	0.09	0
5	unsafe	30	29	reset	177	0.1	0
5	unsafe	30	29	reset	178	0.11	0
5	unsafe	30	29	reset	179	0.081	0
5	unsafe	30	29	reset	180	0.121	0
5	unsafe	30	29	reset	181	0.09	0
5	unsafe	30	29	reset	182	0.09	0
5	unsafe	30	29	reset	183	0.12	0
5	unsafe	30	29	reset	184	0.081	0
5	unsafe	30	29	reset	185	0.101	0
5	unsafe	30	29	reset	186	0.08	0
5	unsafe	30	29	reset	187	0.1	0
5	unsafe	30	29	reset	188	0.11	0
5	unsafe	30	29	reset	189	0.09	0
5	unsafe	30	29	reset	190	0.111	0
5	unsafe	30	29	reset	191	0.09	0
5	unsafe	30	29	reset	192	0.09	0
5	unsafe	30	29	reset	193	0.12	0
5	unsafe	30	29	reset	194	0.071	0
5	unsafe	30	29	reset	195	0.1	0
5	unsafe	30	29	reset	196	0.11	0
5	unsafe	30	29	reset	197	0.09	0
5	unsafe	30	29	reset	198	0.12	0
5	unsafe	30	29	reset	199	0.09	0
5	unsafe	30	29	reset	200	0.1	0
5	unsafe	30	29	stall	1	0.0	0
5	unsafe	30	29	stall	2	0.0	0
5	unsafe	30	29	stall	3	0.0	0
5	unsafe	30	29	stall	4	0.0	0
5	unsafe	30	29	stall	5	0.0	0
5	unsafe	30	29	stall	6	2944.294	0
5	unsafe	30	29	stall	7	0.0	0
5	unsafe	30	29	stall	8	0.0	0
5	unsafe	30	29	stall	9	0.0	0
5	unsafe	30	29	stall	10	0.0	0
5	unsafe	30	29	stall	11	0.0	0
5	unsafe	30	29	stall	12	0.0	0
5	unsafe	30	29	stall	13	0.0	0
5	unsafe	30	29	stall	14	0.0	0
5	unsafe	30	29	stall	15	0.0	0
5	unsafe	30	29	stall	16	0.0	0
5	unsafe	30	29	stall	17	0.0	0
5	unsafe	30	29	stall	18	0.0	0
5	unsafe	30	29	stall	19	0.0	0
5	unsafe	30	29	stall	20	0.0	0
5	unsafe	30	29	stall	21	0.0	0
5	unsafe	30	29	stall	22	0.0	0
5	unsafe	30	29	stall	23	0.0	0
5	unsafe	30	29	stall	24	0.0	0
5	unsafe	30	29	stall	25	4003.101	0
5	unsafe	30	29	stall	26	3002.904	0
5	unsafe	30	29	stall	27	0.0	0
5	unsafe	30	29	stall	28	0.0	0
5	unsafe	30	29	stall	29	0.0	0
6	checked	1	0	reset	1	27.872	0
6	checked	1	0	reset	2	27.201	0
6	checked	1	0	reset	3	26.189	0
6	checked	1	0	reset	4	25.979	0
6	checked	1	0	reset	5	26.36	0
6	checked	1	0	reset	6	26.64	0
6	checked	1	0	reset	7	26.89	0
6	checked	1	0	reset	8	26.42	0
6	checked	1	0	reset	9	27.061	0
6	checked	1	0	reset	10	26.41	0
6	checked	1	0	reset	11	27.101	0
6	checked	1	0	reset	12	26.299	0
6	checked	1	0	reset	13	27.422	0
6	checked	1	0	reset	14	26.801	0
6	checked	1	0	reset	15	28.193	0
6	checked	1	0	reset	16	26.671	0
6	checked	1	0	reset	17	27.061	0
6	checked	1	0	reset	18	26.831	0
6	checked	1	0	reset	19	27.482	0
6	checked	1	0	reset	20	26.84	0
6	checked	1	0	reset	21	27.031	0
6	checked	1	0	reset	22	27.241	0
6	checked	1	0	reset	23	31.559	0
6	checked	1	0	reset	24	27.512	0
6	checked	1	0	reset	25	27.191	0
6	checked	1	0	reset	26	27.001	0
6	checked	1	0	reset	27	27.291	0
6	checked	1	0	reset	28	28.694	0
6	checked	1	0	reset	29	27.572	0
6	checked	1	0	reset	30	26.981	0
6	checked	1	0	reset	31	27.772	0
6	checked	1	0	reset	32	27.943	0
6	checked	1	0	reset	33	27.252	0
6	checked	1	0	reset	34	27.171	0
6	checked	1	0	reset	35	27.372	0
6	checked	1	0	reset	36	27.001	0
6	checked	1	0	reset	37	27.372	0
6	checked	1	0	reset	38	26.851	0
6	checked	1	0	reset	39	26.89	0
6	checked	1	0	reset	40	27.322	0
6	checked	1	0	reset	41	27.181	0
6	checked	1	0	reset	42	26.991	0
6	checked	1	0	reset	43	27.392	0
6	checked	1	0	reset	44	28.554	0
6	checked	1	0	reset	45	27.872	0
6	checked	1	0	reset	46	27.242	0
6	checked	1	0	reset	47	28.213	0
6	checked	1	0	reset	48	37.911	0
6	checked	1	0	reset	49	27.542	0
6	checked	1	0	reset	50	27.522	0
6	checked	1	0	reset	51	28.123	0
6	checked	1	0	reset	52	27.341	0
6	checked	1	0	reset	53	27.552	0
6	checked	1	0	reset	54	27.763	0
6	checked	1	0	reset	55	28.113	0
6	checked	1	0	reset	56	26.841	0
6	checked	1	0	reset	57	27.381	0
6	checked	1	0	reset	58	26.36	0
6	checked	1	0	reset	59	26.821	0
6	checked	1	0	reset	60	26.47	0
6	checked	1	0	reset	61	27.382	0
6	checked	1	0	reset	62	26.67	0
6	checked	1	0	reset	63	26.851	0
6	checked	1	0	reset	64	26.49	0
6	checked	1	0	reset	65	27.541	0
6	checked	1	0	reset	66	26.91	0
6	checked	1	0	reset	67	26.911	0
6	checked	1	0	reset	68	26.5	0
6	checked	1	0	reset	69	27.703	0
6	checked	1	0	reset	70	27.091	0
6	checked	1	0	reset	71	27.291	0
6	checked	1	0	reset	72	26.56	0
6	checked	1	0	reset	73	34.204	0
6	checked	1	0	reset	74	27.372	0
6	checked	1	0	reset	75	27.181	0
6	checked	1	0	reset	76	26.871	0
6	checked	1	0	reset	77	27.722	0
6	checked	1	0	reset	78	27.872	0
6	checked	1	0	reset	79	27.853	0
6	checked	1	0	reset	80	26.801	0
6	checked	1	0	reset	81	27.772	0
6	checked	1	0	reset	82	27.382	0
6	checked	1	0	reset	83	27.111	0
6	checked	1	0	reset	84	27.692	0
6	checked	1	0	reset	85	27.632	0
6	checked	1	0	reset	86	28.133	0
6	checked	1	0	reset	87	28.153	0
6	checked	1	0	reset	88	26.57	0
6	checked	1	0	reset	89	26.791	0
6	checked	1	0	reset	90	26.961	0
6	checked	1	0	reset	91	26.741	0
6	checked	1	0	reset	92	26.459	0
6	checked	1	0	reset	93	26.771	0
6	checked	1	0	reset	94	27.272	0
6	checked	1	0	reset	95	26.821	0
6	checked	1	0	reset	96	26.39	0
6	checked	1	0	reset	97	26.811	0
6	checked	1	0	reset	98	30.818	0
6	checked	1	0	reset	99	26.781	0
6	checked	1	0	reset	100	26.42	0
6	checked	1	0	reset	101	26.65	0
6	checked	1	0	reset	102	26.469	0
6	checked	1	0	reset	103	27.171	0
6	checked	1	0	reset	104	26.43	0
6	checked	1	0	reset	105	27.021	0
6	checked	1	0	reset	106	26.57	0
6	checked	1	0	reset	107	27.171	0
6	checked	1	0	reset	108	26.5	0
6	checked	1	0	reset	109	26.88	0
6	checked	1	0	reset	110	26.58	0
6	checked	1	0	reset	111	27.221	0
6	checked	1	0	reset	112	26.64	0
6	checked	1	0	reset	113	26.941	0
6	checked	1	0	reset	114	26.66	0
6	checked	1	0	reset	115	27.371	0
6	checked	1	0	reset	116	36.589	0
6	checked	1	0	reset	117	27.422	0
6	checked	1	0	reset	118	26.279	0
6	checked	1	0	reset	119	27.111	0
6	checked	1	0	reset	120	26.49	0
6	checked	1	0	reset	121	26.65	0
6	checked	1	0	reset	122	26.49	0
6	checked	1	0	reset	123	27.412	0
6	checked	1	0	reset	124	26.581	0
6	checked	1	0	reset	125	27.322	0
6	checked	1	0	reset	126	26.51	0
6	checked	1	0	reset	127	27.341	0
6	checked	1	0	reset	128	26.57	0
6	checked	1	0	reset	129	26.761	0
6	checked	1	0	reset	130	26.57	0
6	checked	1	0	reset	131	27.381	0
6	checked	1	0	reset	132	26.47	0
6	checked	1	0	reset	133	26.711	0
6	checked	1	0	reset	134	26.309	0
6	checked	1	0	reset	135	39.675	0
6	checked	1	0	reset	136	26.51	0
6	checked	1	0	reset	137	26.801	0
6	checked	1	0	reset	138	28.464	0
6	checked	1	0	reset	139	26.87	0
6	checked	1	0	reset	140	26.881	0
6	checked	1	0	reset	141	26.941	0
6	checked	1	0	reset	142	30.658	0
6	checked	1	0	reset	143	26.73	0
6	checked	1	0	reset	144	26.89	0
6	checked	1	0	reset	145	26.73	0
6	checked	1	0	reset	146	27.281	0
6	checked	1	0	reset	147	26.871	0
6	checked	1	0	reset	148	27.131	0
6	checked	1	0	reset	149	26.79	0
6	checked	1	0	reset	150	26.5	0
6	checked	1	0	reset	151	26.821	0
6	checked	1	0	reset	152	28.033	0
6	checked	1	0	reset	153	27.753	0
6	checked	1	0	reset	154	27.411	0
6	checked	1	0	reset	155	28.183	0
6	checked	1	0	reset	156	28.214	0
6	checked	1	0	reset	157	30.377	0
6	checked	1	0	reset	158	27.302	0
6	checked	1	0	reset	159	27.442	0
6	checked	1	0	reset	160	27.822	0
6	checked	1	0	reset	161	27.582	0
6	checked	1	0	reset	162	26.841	0
6	checked	1	0	reset	163	27.642	0
6	checked	1	0	reset	164	38.673	0
6	checked	1	0	reset	165	27.522	0
6	checked	1	0	reset	166	26.64	0
6	checked	1	0	reset	167	27.021	0
6	checked	1	0	reset	168	26.79	0
6	checked	1	0	reset	169	27.952	0
6	checked	1	0	reset	170	26.831	0
6	checked	1	0	reset	171	26.871	0
6	checked	1	0	reset	172	26.66	0
6	checked	1	0	reset	173	27.402	0
6	checked	1	0	reset	174	26.52	0
6	checked	1	0	reset	175	26.801	0
6	checked	1	0	reset	176	26.601	0
6	checked	1	0	reset	177	27.322	0
6	checked	1	0	reset	178	26.349	0
6	checked	1	0	reset	179	26.831	0
6	checked	1	0	reset	180	26.42	0
6	checked	1	0	reset	181	27.541	0
6	checked	1	0	reset	182	26.17	0
6	checked	1	0	reset	183	26.831	0
6	checked	1	0	reset	184	26.45	0
6	checked	1	0	reset	185	27.291	0
6	checked	1	0	reset	186	28.012	0
6	checked	1	0	reset	187	26.75	0
6	checked	1	0	reset	188	26.49	0
6	checked	1	0	reset	189	42.27	0
6	checked	1	0	reset	190	26.6	0
6	checked	1	0	reset	191	26.7	0
6	checked	1	0	reset	192	26.47	0
6	checked	1	0	reset	193	27.101	0
6	checked	1	0	reset	194	26.851	0
6	checked	1	0	reset	195	27.261	0
6	checked	1	0	reset	196	26.56	0
6	checked	1	0	reset	197	27.412	0
6	checked	1	0	reset	198	27.312	0
6	checked	1	0	reset	199	26.91	0
6	checked	1	0	reset	200	26.72	0
6	unsafe	1	0	reset	1	0.181	0
6	unsafe	1	0	reset	2	0.09	0
6	unsafe	1	0	reset	3	0.081	0
6	unsafe	1	0	reset	4	0.08	0
6	unsafe	1	0	reset	5	0.071	0
6	unsafe	1	0	reset	6	0.07	0
6	unsafe	1	0	reset	7	0.08	0
6	unsafe	1	0	reset	8	0.08	0
6	unsafe	1	0	reset	9	0.081	0
6	unsafe	1	0	reset	10	0.08	0
6	unsafe	1	0	reset	11	0.081	0
6	unsafe	1	0	reset	12	0.08	0
6	unsafe	1	0	reset	13	0.081	0
6	unsafe	1	0	reset	14	0.07	0
6	unsafe	1	0	reset	15	0.07	0
6	unsafe	1	0	reset	16	0.08	0
6	unsafe	1	0	reset	17	0.081	0
6	unsafe	1	0	reset	18	0.09	0
6	unsafe	1	0	reset	19	0.081	0
6	unsafe	1	0	reset	20	0.07	0
6	unsafe	1	0	reset	21	0.1	0
6	unsafe	1	0	reset	22	0.08	0
6	unsafe	1	0	reset	23	0.08	0
6	unsafe	1	0	reset	24	0.08	0
6	unsafe	1	0	reset	25	0.07	0
6	unsafe	1	0	reset	26	0.071	0
6	unsafe	1	0	reset	27	0.08	0
6	unsafe	1	0	reset	28	0.07	0
6	unsafe	1	0	reset	29	0.081	0
6	unsafe	1	0	reset	30	0.08	0
6	unsafe	1	0	reset	31	0.08	0
6	unsafe	1	0	reset	32	0.08	0
6	unsafe	1	0	reset	33	0.08	0
6	unsafe	1	0	reset	34	0.07	0
6	unsafe	1	0	reset	35	0.07	0
6	unsafe	1	0	reset	36	0.08	0
6	unsafe	1	0	reset	37	0.09	0
6	unsafe	1	0	reset	38	0.09	0
6	unsafe	1	0	reset	39	0.071	0
6	unsafe	1	0	reset	40	0.07	0
6	unsafe	1	0	reset	41	0.08	0
6	unsafe	1	0	reset	42	0.07	0
6	unsafe	1	0	reset	43	0.08	0
6	unsafe	1	0	reset	44	0.101	0
6	unsafe	1	0	reset	45	0.071	0
6	unsafe	1	0	reset	46	0.08	0
6	unsafe	1	0	reset	47	0.08	0
6	unsafe	1	0	reset	48	0.35	0
6	unsafe	1	0	reset	49	0.08	0
6	unsafe	1	0	reset	50	0.07	0
6	unsafe	1	0	reset	51	0.08	0
6	unsafe	1	0	reset	52	0.081	0
6	unsafe	1	0	reset	53	0.07	0
6	unsafe	1	0	reset	54	0.08	0
6	unsafe	1	0	reset	55	0.07	0
6	unsafe	1	0	reset	56	0.08	0
6	unsafe	1	0	reset	57	0.08	0
6	unsafe	1	0	reset	58	0.071	0
6	unsafe	1	0	reset	59	0.081	0
6	unsafe	1	0	reset	60	0.1	0
6	unsafe	1	0	reset	61	0.07	0
6	unsafe	1	0	reset	62	0.07	0
6	unsafe	1	0	reset	63	0.08	0
6	unsafe	1	0	reset	64	0.07	0
6	unsafe	1	0	reset	65	0.08	0
6	unsafe	1	0	reset	66	0.08	0
6	unsafe	1	0	reset	67	0.07	0
6	unsafe	1	0	reset	68	0.08	0
6	unsafe	1	0	reset	69	0.08	0
6	unsafe	1	0	reset	70	0.09	0
6	unsafe	1	0	reset	71	0.08	0
6	unsafe	1	0	reset	72	0.07	0
6	unsafe	1	0	reset	73	0.08	0
6	unsafe	1	0	reset	74	0.07	0
6	unsafe	1	0	reset	75	0.08	0
6	unsafe	1	0	reset	76	0.07	0
6	unsafe	1	0	reset	77	0.08	0
6	unsafe	1	0	reset	78	0.08	0
6	unsafe	1	0	reset	79	0.08	0
6	unsafe	1	0	reset	80	0.081	0
6	unsafe	1	0	reset	81	0.09	0
6	unsafe	1	0	reset	82	0.11	0
6	unsafe	1	0	reset	83	0.08	0
6	unsafe	1	0	reset	84	0.08	0
6	unsafe	1	0	reset	85	0.08	0
6	unsafe	1	0	reset	86	0.08	0
6	unsafe	1	0	reset	87	0.08	0
6	unsafe	1	0	reset	88	0.12	0
6	unsafe	1	0	reset	89	0.09	0
6	unsafe	1	0	reset	90	0.08	0
6	unsafe	1	0	reset	91	0.07	0
6	unsafe	1	0	reset	92	0.081	0
6	unsafe	1	0	reset	93	0.08	0
6	unsafe	1	0	reset	94	0.07	0
6	unsafe	1	0	reset	95	0.07	0
6	unsafe	1	0	reset	96	0.07	0
6	unsafe	1	0	reset	97	0.081	0
6	unsafe	1	0	reset	98	0.07	0
6	unsafe	1	0	reset	99	0.08	0
6	unsafe	1	0	reset	100	0.07	0
6	unsafe	1	0	reset	101	0.08	0
6	unsafe	1	0	reset	102	0.081	0
6	unsafe	1	0	reset	103	0.07	0
6	unsafe	1	0	reset	104	0.08	0
6	unsafe	1	0	reset	105	0.07	0
6	unsafe	1	0	reset	106	0.08	0
6	unsafe	1	0	reset	107	0.09	0
6	unsafe	1	0	reset	108	0.09	0
6	unsafe	1	0	reset	109	0.08	0
6	unsafe	1	0	reset	110	0.09	0
6	unsafe	1	0	reset	111	0.07	0
6	unsafe	1	0	reset	112	0.09	0
6	unsafe	1	0	reset	113	0.08	0
6	unsafe	1	0	reset	114	0.071	0
6	unsafe	1	0	reset	115	0.07	0
6	unsafe	1	0	reset	116	0.081	0
6	unsafe	1	0	reset	117	0.08	0
6	unsafe	1	0	reset	118	0.07	0
6	unsafe	1	0	reset	119	0.09	0
6	unsafe	1	0	reset	120	0.08	0
6	unsafe	1	0	reset	121	0.07	0
6	unsafe	1	0	reset	122	0.071	0
6	unsafe	1	0	reset	123	0.07	0
6	unsafe	1	0	reset	124	0.08	0
6	unsafe	1	0	reset	125	0.08	0
6	unsafe	1	0	reset	126	0.09	0
6	unsafe	1	0	reset	127	0.07	0
6	unsafe	1	0	reset	128	0.07	0
6	unsafe	1	0	reset	129	0.08	0
6	unsafe	1	0	reset	130	0.09	0
6	unsafe	1	0	reset	131	0.08	0
6	unsafe	1	0	reset	132	0.07	0
6	unsafe	1	0	reset	133	0.08	0
6	unsafe	1	0	reset	134	0.07	0
6	unsafe	1	0	reset	135	0.08	0
6	unsafe	1	0	reset	136	0.08	0
6	unsafe	1	0	reset	137	0.08	0
6	unsafe	1	0	reset	138	0.08	0
6	unsafe	1	0	reset	139	0.07	0
6	unsafe	1	0	reset	140	0.08	0
6	unsafe	1	0	reset	141	0.09	0
6	unsafe	1	0	reset	142	0.07	0
6	unsafe	1	0	reset	143	0.08	0
6	unsafe	1	0	reset	144	0.08	0
6	unsafe	1	0	reset	145	0.07	0
6	unsafe	1	0	reset	146	0.07	0
6	unsafe	1	0	reset	147	0.08	0
6	unsafe	1	0	reset	148	0.08	0
6	unsafe	1	0	reset	149	0.081	0
6	unsafe	1	0	reset	150	0.08	0
6	unsafe	1	0	reset	151	0.07	0
6	unsafe	1	0	reset	152	0.071	0
6	unsafe	1	0	reset	153	0.09	0
6	unsafe	1	0	reset	154	0.07	0
6	unsafe	1	0	reset	155	0.09	0
6	unsafe	1	0	reset	156	0.07	0
6	unsafe	1	0	reset	157	0.08	0
6	unsafe	1	0	reset	158	0.08	0
6	unsafe	1	0	reset	159	0.08	0
6	unsafe	1	0	reset	160	0.08	0
6	unsafe	1	0	reset	161	0.09	0
6	unsafe	1	0	reset	162	0.11	0
6	unsafe	1	0	reset	163	0.08	0
6	unsafe	1	0	reset	164	0.09	0
6	unsafe	1	0	reset	165	0.07	0
6	unsafe	1	0	reset	166	0.08	0
6	unsafe	1	0	reset	167	0.07	0
6	unsafe	1	0	reset	168	0.081	0
6	unsafe	1	0	reset	169	0.07	0
6	unsafe	1	0	reset	170	0.07	0
6	unsafe	1	0	reset	171	0.08	0
6	unsafe	1	0	reset	172	0.091	0
6	unsafe	1	0	reset	173	0.08	0
6	unsafe	1	0	reset	174	0.07	0
6	unsafe	1	0	reset	175	0.08	0
6	unsafe	1	0	reset	176	0.07	0
6	unsafe	1	0	reset	177	0.08	0
6	unsafe	1	0	reset	178	0.08	0
6	unsafe	1	0	reset	179	0.07	0
6	unsafe	1	0	reset	180	0.09	0
6	unsafe	1	0	reset	181	0.09	0
6	unsafe	1	0	reset	182	0.091	0
6	unsafe	1	0	reset	183	0.08	0
6	unsafe	1	0	reset	184	0.08	0
6	unsafe	1	0	reset	185	0.071	0
6	unsafe	1	0	reset	186	0.07	0
6	unsafe	1	0	reset	187	0.08	0
6	unsafe	1	0	reset	188	0.07	0
6	unsafe	1	0	reset	189	0.08	0
6	unsafe	1	0	reset	190	0.08	0
6	unsafe	1	0	reset	191	0.07	0
6	unsafe	1	0	reset	192	0.081	0
6	unsafe	1	0	reset	193	0.071	0
6	unsafe	1	0	reset	194	0.1	0
6	unsafe	1	0	reset	195	0.08	0
6	unsafe	1	0	reset	196	0.09	0
6	unsafe	1	0	reset	197	0.09	0
6	unsafe	1	0	reset	198	0.07	0
6	unsafe	1	0	reset	199	0.08	0
6	unsafe	1	0	reset	200	0.08	0
6	checked	4	3	reset	1	53.571	0
6	checked	4	3	reset	2	43.713	0
6	checked	4	3	reset	3	39.735	0
6	checked	4	3	reset	4	37.541	0
6	checked	4	3	reset	5	55.194	0
6	checked	4	3	reset	6	139.253	0
6	checked	4	3	reset	7	283.966	0
6	checked	4	3	reset	8	52.81	0
6	checked	4	3	reset	9	43.462	0
6	checked	4	3	reset	10	40.116	0
6	checked	4	3	reset	11	39.034	0
6	checked	4	3	reset	12	37.08	0
6	checked	4	3	reset	13	65.263	0
6	checked	4	3	reset	14	43.833	0
6	checked	4	3	reset	15	42.68	0
6	checked	4	3	reset	16	40.085	0
6	checked	4	3	reset	17	41.108	0
6	checked	4	3	reset	18	39.354	0
6	checked	4	3	reset	19	41.257	0
6	checked	4	3	reset	20	40.617	0
6	checked	4	3	reset	21	39.574	0
6	checked	4	3	reset	22	39.294	0
6	checked	4	3	reset	23	39.795	0
6	checked	4	3	reset	24	39.634	0
6	checked	4	3	reset	25	39.064	0
6	checked	4	3	reset	26	40.246	0
6	checked	4	3	reset	27	40.196	0
6	checked	4	3	reset	28	39.685	0
6	checked	4	3	reset	29	38.182	0
6	checked	4	3	reset	30	39.294	0
6	checked	4	3	reset	31	40.006	0
6	checked	4	3	reset	32	39.014	0
6	checked	4	3	reset	33	40.396	0
6	checked	4	3	reset	34	40.356	0
6	checked	4	3	reset	35	39.535	0
6	checked	4	3	reset	36	39.886	0
6	checked	4	3	reset	37	42.561	0
6	checked	4	3	reset	38	41.097	0
6	checked	4	3	reset	39	39.695	0
6	checked	4	3	reset	40	39.945	0
6	checked	4	3	reset	41	40.155	0
6	checked	4	3	reset	42	40.035	0
6	checked	4	3	reset	43	39.906	0
6	checked	4	3	reset	44	39.585	0
6	checked	4	3	reset	45	39.535	0
6	checked	4	3	reset	46	41.047	0
6	checked	4	3	reset	47	40.706	0
6	checked	4	3	reset	48	39.454	0
6	checked	4	3	reset	49	39.344	0
6	checked	4	3	reset	50	39.254	0
6	checked	4	3	reset	51	39.354	0
6	checked	4	3	reset	52	39.214	0
6	checked	4	3	reset	53	39.594	0
6	checked	4	3	reset	54	39.234	0
6	checked	4	3	reset	55	38.543	0
6	checked	4	3	reset	56	40.216	0
6	checked	4	3	reset	57	41.188	0
6	checked	4	3	reset	58	39.294	0
6	checked	4	3	reset	59	39.745	0
6	checked	4	3	reset	60	39.304	0
6	checked	4	3	reset	61	40.176	0
6	checked	4	3	reset	62	38.683	0
6	checked	4	3	reset	63	39.144	0
6	checked	4	3	reset	64	39.475	0
6	checked	4	3	reset	65	42.7	0
6	checked	4	3	reset	66	41.128	0
6	checked	4	3	reset	67	39.876	0
6	checked	4	3	reset	68	37.391	0
6	checked	4	3	reset	69	42.14	0
6	checked	4	3	reset	70	39.805	0
6	checked	4	3	reset	71	40.246	0
6	checked	4	3	reset	72	40.236	0
6	checked	4	3	reset	73	41.638	0
6	checked	4	3	reset	74	40.076	0
6	checked	4	3	reset	75	40.226	0
6	checked	4	3	reset	76	40.406	0
6	checked	4	3	reset	77	42.56	0
6	checked	4	3	reset	78	41.488	0
6	checked	4	3	reset	79	41.368	0
6	checked	4	3	reset	80	37.681	0
6	checked	4	3	reset	81	40.046	0
6	checked	4	3	reset	82	39.335	0
6	checked	4	3	reset	83	39.665	0
6	checked	4	3	reset	84	40.386	0
6	checked	4	3	reset	85	47.79	0
6	checked	4	3	reset	86	39.665	0
6	checked	4	3	reset	87	38.984	0
6	checked	4	3	reset	88	39.685	0
6	checked	4	3	reset	89	42.49	0
6	checked	4	3	reset	90	39.565	0
6	checked	4	3	reset	91	39.414	0
6	checked	4	3	reset	92	39.074	0
6	checked	4	3	reset	93	40.737	0
6	checked	4	3	reset	94	38.142	0
6	checked	4	3	reset	95	40.567	0
6	checked	4	3	reset	96	40.336	0
6	checked	4	3	reset	97	43.192	0
6	checked	4	3	reset	98	39.865	0
6	checked	4	3	reset	99	46.538	0
6	checked	4	3	reset	100	40.757	0
6	checked	4	3	reset	101	39.795	0
6	checked	4	3	reset	102	38.743	0
6	checked	4	3	reset	103	39.124	0
6	checked	4	3	reset	104	39.775	0
6	checked	4	3	reset	105	38.653	0
6	checked	4	3	reset	106	40.426	0
6	checked	4	3	reset	107	42.42	0
6	checked	4	3	reset	108	38.993	0
6	checked	4	3	reset	109	39.174	0
6	checked	4	3	reset	110	46.377	0
6	checked	4	3	reset	111	37.59	0
6	checked	4	3	reset	112	39.485	0
6	checked	4	3	reset	113	40.626	0
6	checked	4	3	reset	114	39.114	0
6	checked	4	3	reset	115	40.266	0
6	checked	4	3	reset	116	40.988	0
6	checked	4	3	reset	117	56.216	0
6	checked	4	3	reset	118	41.218	0
6	checked	4	3	reset	119	39.955	0
6	checked	4	3	reset	120	47.78	0
6	checked	4	3	reset	121	42.41	0
6	checked	4	3	reset	122	39.685	0
6	checked	4	3	reset	123	38.783	0
6	checked	4	3	reset	124	38.924	0
6	checked	4	3	reset	125	39.494	0
6	checked	4	3	reset	126	40.356	0
6	checked	4	3	reset	127	40.997	0
6	checked	4	3	reset	128	41.458	0
6	checked	4	3	reset	129	40.506	0
6	checked	4	3	reset	130	39.374	0
6	checked	4	3	reset	131	38.923	0
6	checked	4	3	reset	132	40.206	0
6	checked	4	3	reset	133	40.586	0
6	checked	4	3	reset	134	39.164	0
6	checked	4	3	reset	135	40.015	0
6	checked	4	3	reset	136	38.372	0
6	checked	4	3	reset	137	40.185	0
6	checked	4	3	reset	138	39.885	0
6	checked	4	3	reset	139	41.548	0
6	checked	4	3	reset	140	39.524	0
6	checked	4	3	reset	141	39.234	0
6	checked	4	3	reset	142	39.584	0
6	checked	4	3	reset	143	39.444	0
6	checked	4	3	reset	144	39.795	0
6	checked	4	3	reset	145	39.004	0
6	checked	4	3	reset	146	39.625	0
6	checked	4	3	reset	147	40.266	0
6	checked	4	3	reset	148	39.805	0
6	checked	4	3	reset	149	39.234	0
6	checked	4	3	reset	150	40.005	0
6	checked	4	3	reset	151	39.655	0
6	checked	4	3	reset	152	41.088	0
6	checked	4	3	reset	153	40.666	0
6	checked	4	3	reset	154	41.529	0
6	checked	4	3	reset	155	40.526	0
6	checked	4	3	reset	156	39.785	0
6	checked	4	3	reset	157	40.686	0
6	checked	4	3	reset	158	41.749	0
6	checked	4	3	reset	159	38.422	0
6	checked	4	3	reset	160	39.465	0
6	checked	4	3	reset	161	40.657	0
6	checked	4	3	reset	162	41.889	0
6	checked	4	3	reset	163	39.695	0
6	checked	4	3	reset	164	39.274	0
6	checked	4	3	reset	165	41.288	0
6	checked	4	3	reset	166	41.488	0
6	checked	4	3	reset	167	40.726	0
6	checked	4	3	reset	168	38.543	0
6	checked	4	3	reset	169	35.517	0
6	checked	4	3	reset	170	34.986	0
6	checked	4	3	reset	171	34.675	0
6	checked	4	3	reset	172	34.715	0
6	checked	4	3	reset	173	34.575	0
6	checked	4	3	reset	174	35.297	0
6	checked	4	3	reset	175	35.367	0
6	checked	4	3	reset	176	35.728	0
6	checked	4	3	reset	177	34.976	0
6	checked	4	3	reset	178	34.265	0
6	checked	4	3	reset	179	34.385	0
6	checked	4	3	reset	180	34.355	0
6	checked	4	3	reset	181	37.782	0
6	checked	4	3	reset	182	33.944	0
6	checked	4	3	reset	183	35.627	0
6	checked	4	3	reset	184	34.064	0
6	checked	4	3	reset	185	36.178	0
6	checked	4	3	reset	186	34.375	0
6	checked	4	3	reset	187	34.195	0
6	checked	4	3	reset	188	34.855	0
6	checked	4	3	reset	189	38.393	0
6	checked	4	3	reset	190	35.527	0
6	checked	4	3	reset	191	33.894	0
6	checked	4	3	reset	192	34.445	0
6	checked	4	3	reset	193	36.789	0
6	checked	4	3	reset	194	35.828	0
6	checked	4	3	reset	195	34.455	0
6	checked	4	3	reset	196	33.673	0
6	checked	4	3	reset	197	39.224	0
6	checked	4	3	reset	198	34.205	0
6	checked	4	3	reset	199	34.646	0
6	checked	4	3	reset	200	34.144	0
6	checked	4	3	stall	1	75.532	0
6	checked	4	3	stall	2	75.372	0
6	checked	4	3	stall	3	60.424	0
6	unsafe	4	3	reset	1	0.17	0
6	unsafe	4	3	reset	2	0.11	0
6	unsafe	4	3	reset	3	0.08	0
6	unsafe	4	3	reset	4	0.12	0
6	unsafe	4	3	reset	5	0.09	0
6	unsafe	4	3	reset	6	0.1	0
6	unsafe	4	3	reset	7	0.11	0
6	unsafe	4	3	reset	8	0.09	0
6	unsafe	4	3	reset	9	0.1	0
6	unsafe	4	3	reset	10	0.1	0
6	unsafe	4	3	reset	11	0.1	0
6	unsafe	4	3	reset	12	0.08	0
6	unsafe	4	3	reset	13	0.17	0
6	unsafe	4	3	reset	14	0.111	0
6	unsafe	4	3	reset	15	0.11	0
6	unsafe	4	3	reset	16	0.071	0
6	unsafe	4	3	reset	17	0.081	0
6	unsafe	4	3	reset	18	0.07	0
6	unsafe	4	3	reset	19	0.07	0
6	unsafe	4	3	reset	20	0.091	0
6	unsafe	4	3	reset	21	0.07	0
6	unsafe	4	3	reset	22	0.08	0
6	unsafe	4	3	reset	23	0.1	0
6	unsafe	4	3	reset	24	0.08	0
6	unsafe	4	3	reset	25	0.09	0
6	unsafe	4	3	reset	26	0.06	0
6	unsafe	4	3	reset	27	0.08	0
6	unsafe	4	3	reset	28	0.071	0
6	unsafe	4	3	reset	29	0.1	0
6	unsafe	4	3	reset	30	0.07	0
6	unsafe	4	3	reset	31	0.12	0
6	unsafe	4	3	reset	32	0.08	0
6	unsafe	4	3	reset	33	0.07	0
6	unsafe	4	3	reset	34	0.09	0
6	unsafe	4	3	reset	35	0.07	0
6	unsafe	4	3	reset	36	0.08	0
6	unsafe	4	3	reset	37	0.07	0
6	unsafe	4	3	reset	38	0.09	0
6	unsafe	4	3	reset	39	0.1	0
6	unsafe	4	3	reset	40	0.07	0
6	unsafe	4	3	reset	41	0.08	0
6	unsafe	4	3	reset	42	0.08	0
6	unsafe	4	3	reset	43	0.07	0
6	unsafe	4	3	reset	44	0.561	0
6	unsafe	4	3	reset	45	0.07	0
6	unsafe	4	3	reset	46	0.09	0
6	unsafe	4	3	reset	47	0.07	0
6	unsafe	4	3	reset	48	0.08	0
6	unsafe	4	3	reset	49	0.07	0
6	unsafe	4	3	reset	50	0.071	0
6	unsafe	4	3	reset	51	0.09	0
6	unsafe	4	3	reset	52	0.09	0
6	unsafe	4	3	reset	53	0.09	0
6	unsafe	4	3	reset	54	0.081	0
6	unsafe	4	3	reset	55	0.07	0
6	unsafe	4	3	reset	56	0.071	0
6	unsafe	4	3	reset	57	0.08	0
6	unsafe	4	3	reset	58	0.071	0
6	unsafe	4	3	reset	59	0.071	0
6	unsafe	4	3	reset	60	0.07	0
6	unsafe	4	3	reset	61	0.07	0
6	unsafe	4	3	reset	62	0.071	0
6	unsafe	4	3	reset	63	0.07	0
6	unsafe	4	3	reset	64	0.071	0
6	unsafe	4	3	reset	65	0.07	0
6	unsafe	4	3	reset	66	0.07	0
6	unsafe	4	3	reset	67	0.08	0
6	unsafe	4	3	reset	68	0.08	0
6	unsafe	4	3	reset	69	0.06	0
6	unsafe	4	3	reset	70	0.071	0
6	unsafe	4	3	reset	71	0.07	0
6	unsafe	4	3	reset	72	0.1	0
6	unsafe	4	3	reset	73	0.08	0
6	unsafe	4	3	reset	74	0.08	0
6	unsafe	4	3	reset	75	0.07	0
6	unsafe	4	3	reset	76	0.07	0
6	unsafe	4	3	reset	77	0.07	0
6	unsafe	4	3	reset	78	0.07	0
6	unsafe	4	3	reset	79	0.081	0
6	unsafe	4	3	reset	80	0.101	0
6	unsafe	4	3	reset	81	0.07	0
6	unsafe	4	3	reset	82	0.08	0
6	unsafe	4	3	reset	83	0.09	0
6	unsafe	4	3	reset	84	0.101	0
6	unsafe	4	3	reset	85	0.09	0
6	unsafe	4	3	reset	86	0.07	0
6	unsafe	4	3	reset	87	0.07	0
6	unsafe	4	3	reset	88	0.07	0
6	unsafe	4	3	reset	89	0.09	0
6	unsafe	4	3	reset	90	0.07	0
6	unsafe	4	3	reset	91	0.07	0
6	unsafe	4	3	reset	92	0.101	0
6	unsafe	4	3	reset	93	0.07	0
6	unsafe	4	3	reset	94	0.08	0
6	unsafe	4	3	reset	95	0.07	0
6	unsafe	4	3	reset	96	0.07	0
6	unsafe	4	3	reset	97	0.09	0
6	unsafe	4	3	reset	98	0.07	0
6	unsafe	4	3	reset	99	0.101	0
6	unsafe	4	3	reset	100	0.081	0
6	unsafe	4	3	reset	101	0.081	0
6	unsafe	4	3	reset	102	0.071	0
6	unsafe	4	3	reset	103	0.08	0
6	unsafe	4	3	reset	104	0.07	0
6	unsafe	4	3	reset	105	0.07	0
6	unsafe	4	3	reset	106	0.09	0
6	unsafe	4	3	reset	107	0.07	0
6	unsafe	4	3	reset	108	0.1	0
6	unsafe	4	3	reset	109	0.43	0
6	unsafe	4	3	reset	110	0.07	0
6	unsafe	4	3	reset	111	0.07	0
6	unsafe	4	3	reset	112	0.07	0
6	unsafe	4	3	reset	113	0.08	0
6	unsafe	4	3	reset	114	0.07	0
6	unsafe	4	3	reset	115	0.1	0
6	unsafe	4	3	reset	116	0.06	0
6	unsafe	4	3	reset	117	0.07	0
6	unsafe	4	3	reset	118	0.101	0
6	unsafe	4	3	reset	119	0.071	0
6	unsafe	4	3	reset	120	0.09	0
6	unsafe	4	3	reset	121	0.08	0
6	unsafe	4	3	reset	122	0.07	0
6	unsafe	4	3	reset	123	0.07	0
6	unsafe	4	3	reset	124	0.07	0
6	unsafe	4	3	reset	125	0.08	0
6	unsafe	4	3	reset	126	0.08	0
6	unsafe	4	3	reset	127	0.08	0
6	unsafe	4	3	reset	128	0.08	0
6	unsafe	4	3	reset	129	0.07	0
6	unsafe	4	3	reset	130	0.07	0
6	unsafe	4	3	reset	131	0.07	0
6	unsafe	4	3	reset	132	0.07	0
6	unsafe	4	3	reset	133	0.07	0
6	unsafe	4	3	reset	134	0.07	0
6	unsafe	4	3	reset	135	0.07	0
6	unsafe	4	3	reset	136	0.1	0
6	unsafe	4	3	reset	137	0.071	0
6	unsafe	4	3	reset	138	0.08	0
6	unsafe	4	3	reset	139	0.08	0
6	unsafe	4	3	reset	140	0.08	0
6	unsafe	4	3	reset	141	0.09	0
6	unsafe	4	3	reset	142	0.08	0
6	unsafe	4	3	reset	143	0.08	0
6	unsafe	4	3	reset	144	0.09	0
6	unsafe	4	3	reset	145	0.091	0
6	unsafe	4	3	reset	146	0.101	0
6	unsafe	4	3	reset	147	0.07	0
6	unsafe	4	3	reset	148	0.07	0
6	unsafe	4	3	reset	149	0.08	0
6	unsafe	4	3	reset	150	0.09	0
6	unsafe	4	3	reset	151	0.09	0
6	unsafe	4	3	reset	152	0.08	0
6	unsafe	4	3	reset	153	0.07	0
6	unsafe	4	3	reset	154	0.07	0
6	unsafe	4	3	reset	155	0.11	0
6	unsafe	4	3	reset	156	0.07	0
6	unsafe	4	3	reset	157	0.07	0
6	unsafe	4	3	reset	158	0.07	0
6	unsafe	4	3	reset	159	0.08	0
6	unsafe	4	3	reset	160	0.08	0
6	unsafe	4	3	reset	161	0.091	0
6	unsafe	4	3	reset	162	0.09	0
6	unsafe	4	3	reset	163	0.081	0
6	unsafe	4	3	reset	164	0.09	0
6	unsafe	4	3	reset	165	0.07	0
6	unsafe	4	3	reset	166	0.071	0
6	unsafe	4	3	reset	167	0.08	0
6	unsafe	4	3	reset	168	0.081	0
6	unsafe	4	3	reset	169	0.07	0
6	unsafe	4	3	reset	170	0.07	0
6	unsafe	4	3	reset	171	0.08	0
6	unsafe	4	3	reset	172	0.08	0
6	unsafe	4	3	reset	173	0.08	0
6	unsafe	4	3	reset	174	0.08	0
6	unsafe	4	3	reset	175	0.07	0
6	unsafe	4	3	reset	176	0.08	0
6	unsafe	4	3	reset	177	0.08	0
6	unsafe	4	3	reset	178	0.08	0
6	unsafe	4	3	reset	179	0.09	0
6	unsafe	4	3	reset	180	0.081	0
6	unsafe	4	3	reset	181	0.07	0
6	unsafe	4	3	reset	182	0.1	0
6	unsafe	4	3	reset	183	0.1	0
6	unsafe	4	3	reset	184	0.07	0
6	unsafe	4	3	reset	185	0.08	0
6	unsafe	4	3	reset	186	0.1	0
6	unsafe	4	3	reset	187	0.08	0
6	unsafe	4	3	reset	188	0.091	0
6	unsafe	4	3	reset	189	0.07	0
6	unsafe	4	3	reset	190	0.07	0
6	unsafe	4	3	reset	191	0.09	0
6	unsafe	4	3	reset	192	0.09	0
6	unsafe	4	3	reset	193	0.08	0
6	unsafe	4	3	reset	194	0.111	0
6	unsafe	4	3	reset	195	0.08	0
6	unsafe	4	3	reset	196	0.09	0
6	unsafe	4	3	reset	197	0.08	0
6	unsafe	4	3	reset	198	0.08	0
6	unsafe	4	3	reset	199	0.08	0
6	unsafe	4	3	reset	200	0.09	0
6	unsafe	4	3	stall	1	0.0	0
6	unsafe	4	3	stall	2	0.0	0
6	unsafe	4	3	stall	3	0.0	0
6	checked	8	7	reset	1	69.451	1
6	checked	8	7	reset	2	49.804	1
6	checked	8	7	reset	3	47.63	1
6	checked	8	7	reset	4	41.087	1
6	checked	8	7	reset	5	45.065	1
6	checked	8	7	reset	6	41.708	1
6	checked	8	7	reset	7	42.701	1
6	checked	8	7	reset	8	42.2	1
6	checked	8	7	reset	9	42.73	1
6	checked	8	7	reset	10	180.039	1
6	checked	8	7	reset	11	144.673	1
6	checked	8	7	reset	12	55.084	1
6	checked	8	7	reset	13	322.228	1
6	checked	8	7	reset	14	41.618	1
6	checked	8	7	reset	15	132.891	1
6	checked	8	7	reset	16	63.289	1
6	checked	8	7	reset	17	63.44	1
6	checked	8	7	reset	18	105.469	1
6	checked	8	7	reset	19	54.834	1
6	checked	8	7	reset	20	49.975	1
6	checked	8	7	reset	21	48.471	1
6	checked	8	7	reset	22	46.578	1
6	checked	8	7	reset	23	55.896	1
6	checked	8	7	reset	24	52.489	1
6	checked	8	7	reset	25	44.554	1
6	checked	8	7	reset	26	45.816	1
6	checked	8	7	reset	27	43.672	1
6	checked	8	7	reset	28	42.851	1
6	checked	8	7	reset	29	45.937	1
6	checked	8	7	reset	30	45.215	1
6	checked	8	7	reset	31	44.023	1
6	checked	8	7	reset	32	42.16	1
6	checked	8	7	reset	33	44.784	1
6	checked	8	7	reset	34	44.764	1
6	checked	8	7	reset	35	46.007	1
6	checked	8	7	reset	36	46.888	1
6	checked	8	7	reset	37	44.364	1
6	checked	8	7	reset	38	45.025	1
6	checked	8	7	reset	39	42.62	1
6	checked	8	7	reset	40	44.484	1
6	checked	8	7	reset	41	42.721	1
6	checked	8	7	reset	42	42.671	1
6	checked	8	7	reset	43	44.905	1
6	checked	8	7	reset	44	44.875	1
6	checked	8	7	reset	45	44.975	1
6	checked	8	7	reset	46	44.103	1
6	checked	8	7	reset	47	48.611	1
6	checked	8	7	reset	48	42.189	1
6	checked	8	7	reset	49	42.45	1
6	checked	8	7	reset	50	42.841	1
6	checked	8	7	reset	51	45.667	1
6	checked	8	7	reset	52	46.307	1
6	checked	8	7	reset	53	45.616	1
6	checked	8	7	reset	54	45.826	1
6	checked	8	7	reset	55	45.667	1
6	checked	8	7	reset	56	45.666	1
6	checked	8	7	reset	57	44.153	1
6	checked	8	7	reset	58	44.334	1
6	checked	8	7	reset	59	58.13	1
6	checked	8	7	reset	60	46.106	1
6	checked	8	7	reset	61	45.216	1
6	checked	8	7	reset	62	83.758	1
6	checked	8	7	reset	63	47.099	1
6	checked	8	7	reset	64	45.265	1
6	checked	8	7	reset	65	46.487	1
6	checked	8	7	reset	66	47.569	1
6	checked	8	7	reset	67	46.127	1
6	checked	8	7	reset	68	43.622	1
6	checked	8	7	reset	69	43.462	1
6	checked	8	7	reset	70	42.931	1
6	checked	8	7	reset	71	43.853	1
6	checked	8	7	reset	72	44.564	1
6	checked	8	7	reset	73	45.286	1
6	checked	8	7	reset	74	47.039	1
6	checked	8	7	reset	75	43.652	1
6	checked	8	7	reset	76	44.574	1
6	checked	8	7	reset	77	43.833	1
6	checked	8	7	reset	78	45.927	1
6	checked	8	7	reset	79	44.264	1
6	checked	8	7	reset	80	44.253	1
6	checked	8	7	reset	81	43.632	1
6	checked	8	7	reset	82	44.575	1
6	checked	8	7	reset	83	42.66	1
6	checked	8	7	reset	84	44.133	1
6	checked	8	7	reset	85	45.155	1
6	checked	8	7	reset	86	42.38	1
6	checked	8	7	reset	87	45.957	1
6	checked	8	7	reset	88	44.003	1
6	checked	8	7	reset	89	43.352	1
6	checked	8	7	reset	90	46.127	1
6	checked	8	7	reset	91	47.791	1
6	checked	8	7	reset	92	46.608	1
6	checked	8	7	reset	93	48.502	1
6	checked	8	7	reset	94	46.207	1
6	checked	8	7	reset	95	53.39	1
6	checked	8	7	reset	96	42.109	1
6	checked	8	7	reset	97	43.783	1
6	checked	8	7	reset	98	45.355	1
6	checked	8	7	reset	99	45.586	1
6	checked	8	7	reset	100	46.668	1
6	checked	8	7	reset	101	45.295	1
6	checked	8	7	reset	102	43.622	1
6	checked	8	7	reset	103	46.898	1
6	checked	8	7	reset	104	44.394	1
6	checked	8	7	reset	105	46.748	1
6	checked	8	7	reset	106	46.578	1
6	checked	8	7	reset	107	44.173	1
6	checked	8	7	reset	108	46.027	1
6	checked	8	7	reset	109	49.122	1
6	checked	8	7	reset	110	45.796	1
6	checked	8	7	reset	111	43.943	1
6	checked	8	7	reset	112	46.618	1
6	checked	8	7	reset	113	45.235	1
6	checked	8	7	reset	114	47.089	1
6	checked	8	7	reset	115	46.417	1
6	checked	8	7	reset	116	46.017	1
6	checked	8	7	reset	117	45.426	1
6	checked	8	7	reset	118	44.314	1
6	checked	8	7	reset	119	41.99	1
6	checked	8	7	reset	120	44.234	1
6	checked	8	7	reset	121	44.704	1
6	checked	8	7	reset	122	44.374	1
6	checked	8	7	reset	123	44.715	1
6	checked	8	7	reset	124	47.781	1
6	checked	8	7	reset	125	49.984	1
6	checked	8	7	reset	126	46.729	1
6	checked	8	7	reset	127	45.135	1
6	checked	8	7	reset	128	43.432	1
6	checked	8	7	reset	129	43.262	1
6	checked	8	7	reset	130	45.566	1
6	checked	8	7	reset	131	43.563	1
6	checked	8	7	reset	132	44.234	1
6	checked	8	7	reset	133	42.931	1
6	checked	8	7	reset	134	43.542	1
6	checked	8	7	reset	135	47.31	1
6	checked	8	7	reset	136	45.055	1
6	checked	8	7	reset	137	45.205	1
6	checked	8	7	reset	138	44.595	1
6	checked	8	7	reset	139	43.081	1
6	checked	8	7	reset	140	44.544	1
6	checked	8	7	reset	141	43.251	1
6	checked	8	7	reset	142	45.646	1
6	checked	8	7	reset	143	45.186	1
6	checked	8	7	reset	144	44.013	1
6	checked	8	7	reset	145	45.115	1
6	checked	8	7	reset	146	49.283	1
6	checked	8	7	reset	147	46.056	1
6	checked	8	7	reset	148	45.336	1
6	checked	8	7	reset	149	42.27	1
6	checked	8	7	reset	150	44.353	1
6	checked	8	7	reset	151	44.083	1
6	checked	8	7	reset	152	45.446	1
6	checked	8	7	reset	153	42.731	1
6	checked	8	7	reset	154	43.361	1
6	checked	8	7	reset	155	45.435	1
6	checked	8	7	reset	156	47.159	1
6	checked	8	7	reset	157	46.878	1
6	checked	8	7	reset	158	45.687	1
6	checked	8	7	reset	159	44.594	1
6	checked	8	7	reset	160	45.426	1
6	checked	8	7	reset	161	45.977	1
6	checked	8	7	reset	162	45.706	1
6	checked	8	7	reset	163	45.186	1
6	checked	8	7	reset	164	46.117	1
6	checked	8	7	reset	165	45.005	1
6	checked	8	7	reset	166	45.025	1
6	checked	8	7	reset	167	46.317	1
6	checked	8	7	reset	168	46.387	1
6	checked	8	7	reset	169	45.355	1
6	checked	8	7	reset	170	46.117	1
6	checked	8	7	reset	171	46.428	1
6	checked	8	7	reset	172	44.294	1
6	checked	8	7	reset	173	45.867	1
6	checked	8	7	reset	174	44.073	1
6	checked	8	7	reset	175	45.345	1
6	checked	8	7	reset	176	45.656	1
6	checked	8	7	reset	177	42.68	1
6	checked	8	7	reset	178	44.424	1
6	checked	8	7	reset	179	44.384	1
6	checked	8	7	reset	180	46.267	1
6	checked	8	7	reset	181	43.622	1
6	checked	8	7	reset	182	44.544	1
6	checked	8	7	reset	183	45.657	1
6	checked	8	7	reset	184	43.291	1
6	checked	8	7	reset	185	44.414	1
6	checked	8	7	reset	186	43.822	1
6	checked	8	7	reset	187	44.174	1
6	checked	8	7	reset	188	45.716	1
6	checked	8	7	reset	189	44.214	1
6	checked	8	7	reset	190	46.237	1
6	checked	8	7	reset	191	46.478	1
6	checked	8	7	reset	192	46.968	1
6	checked	8	7	reset	193	44.754	1
6	checked	8	7	reset	194	46.107	1
6	checked	8	7	reset	195	41.358	1
6	checked	8	7	reset	196	43.472	1
6	checked	8	7	reset	197	54.052	1
6	checked	8	7	reset	198	45.175	1
6	checked	8	7	reset	199	53.04	1
6	checked	8	7	reset	200	43.081	1
6	checked	8	7	stall	1	100.25	1
6	checked	8	7	stall	2	99.317	1
6	checked	8	7	stall	3	99.158	1
6	checked	8	7	stall	4	310.465	1
6	checked	8	7	stall	5	133.612	1
6	checked	8	7	stall	6	92.845	1
6	checked	8	7	stall	7	99.768	1
6	unsafe	8	7	reset	1	0.17	0
6	unsafe	8	7	reset	2	0.08	0
6	unsafe	8	7	reset	3	0.081	0
6	unsafe	8	7	reset	4	0.1	0
6	unsafe	8	7	reset	5	0.1	0
6	unsafe	8	7	reset	6	0.09	0
6	unsafe	8	7	reset	7	0.16	0
6	unsafe	8	7	reset	8	0.08	0
6	unsafe	8	7	reset	9	0.08	0
6	unsafe	8	7	reset	10	0.09	0
6	unsafe	8	7	reset	11	0.09	0
6	unsafe	8	7	reset	12	0.08	0
6	unsafe	8	7	reset	13	0.11	0
6	unsafe	8	7	reset	14	0.09	0
6	unsafe	8	7	reset	15	0.171	0
6	unsafe	8	7	reset	16	0.091	0
6	unsafe	8	7	reset	17	0.071	0
6	unsafe	8	7	reset	18	0.091	0
6	unsafe	8	7	reset	19	0.09	0
6	unsafe	8	7	reset	20	0.08	0
6	unsafe	8	7	reset	21	0.08	0
6	unsafe	8	7	reset	22	0.08	0
6	unsafe	8	7	reset	23	0.08	0
6	unsafe	8	7	reset	24	0.08	0
6	unsafe	8	7	reset	25	0.07	0
6	unsafe	8	7	reset	26	0.07	0
6	unsafe	8	7	reset	27	0.081	0
6	unsafe	8	7	reset	28	0.08	0
6	unsafe	8	7	reset	29	0.081	0
6	unsafe	8	7	reset	30	0.08	0
6	unsafe	8	7	reset	31	0.08	0
6	unsafe	8	7	reset	32	0.1	0
6	unsafe	8	7	reset	33	0.08	0
6	unsafe	8	7	reset	34	0.07	0
6	unsafe	8	7	reset	35	0.08	0
6	unsafe	8	7	reset	36	0.09	0
6	unsafe	8	7	reset	37	0.09	0
6	unsafe	8	7	reset	38	0.07	0
6	unsafe	8	7	reset	39	0.08	0
6	unsafe	8	7	reset	40	0.08	0
6	unsafe	8	7	reset	41	0.09	0
6	unsafe	8	7	reset	42	0.08	0
6	unsafe	8	7	reset	43	0.081	0
6	unsafe	8	7	reset	44	0.07	0
6	unsafe	8	7	reset	45	0.1	0
6	unsafe	8	7	reset	46	0.09	0
6	unsafe	8	7	reset	47	0.08	0
6	unsafe	8	7	reset	48	0.08	0
6	unsafe	8	7	reset	49	0.08	0
6	unsafe	8	7	reset	50	0.08	0
6	unsafe	8	7	reset	51	0.09	0
6	unsafe	8	7	reset	52	0.08	0
6	unsafe	8	7	reset	53	0.081	0
6	unsafe	8	7	reset	54	0.08	0
6	unsafe	8	7	reset	55	0.08	0
6	unsafe	8	7	reset	56	0.071	0
6	unsafe	8	7	reset	57	0.08	0
6	unsafe	8	7	reset	58	0.08	0
6	unsafe	8	7	reset	59	0.07	0
6	unsafe	8	7	reset	60	0.09	0
6	unsafe	8	7	reset	61	0.09	0
6	unsafe	8	7	reset	62	0.11	0
6	unsafe	8	7	reset	63	0.09	0
6	unsafe	8	7	reset	64	0.1	0
6	unsafe	8	7	reset	65	0.08	0
6	unsafe	8	7	reset	66	0.09	0
6	unsafe	8	7	reset	67	0.08	0
6	unsafe	8	7	reset	68	0.08	0
6	unsafe	8	7	reset	69	0.08	0
6	unsafe	8	7	reset	70	0.08	0
6	unsafe	8	7	reset	71	0.08	0
6	unsafe	8	7	reset	72	0.081	0
6	unsafe	8	7	reset	73	0.09	0
6	unsafe	8	7	reset	74	0.07	0
6	unsafe	8	7	reset	75	0.08	0
6	unsafe	8	7	reset	76	0.08	0
6	unsafe	8	7	reset	77	0.09	0
6	unsafe	8	7	reset	78	0.08	0
6	unsafe	8	7	reset	79	0.07	0
6	unsafe	8	7	reset	80	0.08	0
6	unsafe	8	7	reset	81	0.08	0
6	unsafe	8	7	reset	82	0.081	0
6	unsafe	8	7	reset	83	0.08	0
6	unsafe	8	7	reset	84	0.08	0
6	unsafe	8	7	reset	85	0.08	0
6	unsafe	8	7	reset	86	0.07	0
6	unsafe	8	7	reset	87	0.081	0
6	unsafe	8	7	reset	88	0.1	0
6	unsafe	8	7	reset	89	0.081	0
6	unsafe	8	7	reset	90	0.08	0
6	unsafe	8	7	reset	91	0.09	0
6	unsafe	8	7	reset	92	0.101	0
6	unsafe	8	7	reset	93	0.08	0
6	unsafe	8	7	reset	94	0.08	0
6	unsafe	8	7	reset	95	0.08	0
6	unsafe	8	7	reset	96	0.1	0
6	unsafe	8	7	reset	97	0.081	0
6	unsafe	8	7	reset	98	0.081	0
6	unsafe	8	7	reset	99	0.08	0
6	unsafe	8	7	reset	100	0.08	0
6	unsafe	8	7	reset	101	0.07	0
6	unsafe	8	7	reset	102	0.08	0
6	unsafe	8	7	reset	103	0.081	0
6	unsafe	8	7	reset	104	0.08	0
6	unsafe	8	7	reset	105	0.07	0
6	unsafe	8	7	reset	106	0.08	0
6	unsafe	8	7	reset	107	0.08	0
6	unsafe	8	7	reset	108	0.07	0
6	unsafe	8	7	reset	109	0.08	0
6	unsafe	8	7	reset	110	0.07	0
6	unsafe	8	7	reset	111	0.08	0
6	unsafe	8	7	reset	112	0.08	0
6	unsafe	8	7	reset	113	0.09	0
6	unsafe	8	7	reset	114	0.09	0
6	unsafe	8	7	reset	115	0.08	0
6	unsafe	8	7	reset	116	0.07	0
6	unsafe	8	7	reset	117	0.09	0
6	unsafe	8	7	reset	118	0.08	0
6	unsafe	8	7	reset	119	0.08	0
6	unsafe	8	7	reset	120	0.07	0
6	unsafe	8	7	reset	121	0.08	0
6	unsafe	8	7	reset	122	0.08	0
6	unsafe	8	7	reset	123	0.09	0
6	unsafe	8	7	reset	124	0.07	0
6	unsafe	8	7	reset	125	0.08	0
6	unsafe	8	7	reset	126	0.09	0
6	unsafe	8	7	reset	127	0.08	0
6	unsafe	8	7	reset	128	0.1	0
6	unsafe	8	7	reset	129	0.09	0
6	unsafe	8	7	reset	130	0.09	0
6	unsafe	8	7	reset	131	0.091	0
6	unsafe	8	7	reset	132	0.09	0
6	unsafe	8	7	reset	133	0.07	0
6	unsafe	8	7	reset	134	0.1	0
6	unsafe	8	7	reset	135	0.07	0
6	unsafe	8	7	reset	136	0.08	0
6	unsafe	8	7	reset	137	0.08	0
6	unsafe	8	7	reset	138	0.09	0
6	unsafe	8	7	reset	139	0.08	0
6	unsafe	8	7	reset	140	0.08	0
6	unsafe	8	7	reset	141	0.07	0
6	unsafe	8	7	reset	142	0.07	0
6	unsafe	8	7	reset	143	0.07	0
6	unsafe	8	7	reset	144	0.09	0
6	unsafe	8	7	reset	145	0.08	0
6	unsafe	8	7	reset	146	0.07	0
6	unsafe	8	7	reset	147	0.09	0
6	unsafe	8	7	reset	148	0.081	0
6	unsafe	8	7	reset	149	0.08	0
6	unsafe	8	7	reset	150	0.07	0
6	unsafe	8	7	reset	151	0.08	0
6	unsafe	8	7	reset	152	0.08	0
6	unsafe	8	7	reset	153	0.16	0
6	unsafe	8	7	reset	154	0.07	0
6	unsafe	8	7	reset	155	0.08	0
6	unsafe	8	7	reset	156	0.09	0
6	unsafe	8	7	reset	157	0.081	0
6	unsafe	8	7	reset	158	0.08	0
6	unsafe	8	7	reset	159	0.08	0
6	unsafe	8	7	reset	160	0.08	0
6	unsafe	8	7	reset	161	0.081	0
6	unsafe	8	7	reset	162	0.08	0
6	unsafe	8	7	reset	163	0.08	0
6	unsafe	8	7	reset	164	0.08	0
6	unsafe	8	7	reset	165	0.071	0
6	unsafe	8	7	reset	166	0.09	0
6	unsafe	8	7	reset	167	0.09	0
6	unsafe	8	7	reset	168	0.09	0
6	unsafe	8	7	reset	169	0.07	0
6	unsafe	8	7	reset	170	0.09	0
6	unsafe	8	7	reset	171	0.08	0
6	unsafe	8	7	reset	172	0.11	0
6	unsafe	8	7	reset	173	0.071	0
6	unsafe	8	7	reset	174	0.07	0
6	unsafe	8	7	reset	175	0.07	0
6	unsafe	8	7	reset	176	0.08	0
6	unsafe	8	7	reset	177	0.07	0
6	unsafe	8	7	reset	178	0.08	0
6	unsafe	8	7	reset	179	0.081	0
6	unsafe	8	7	reset	180	0.07	0
6	unsafe	8	7	reset	181	0.09	0
6	unsafe	8	7	reset	182	0.081	0
6	unsafe	8	7	reset	183	0.07	0
6	unsafe	8	7	reset	184	0.07	0
6	unsafe	8	7	reset	185	0.07	0
6	unsafe	8	7	reset	186	0.07	0
6	unsafe	8	7	reset	187	0.08	0
6	unsafe	8	7	reset	188	0.07	0
6	unsafe	8	7	reset	189	0.07	0
6	unsafe	8	7	reset	190	0.08	0
6	unsafe	8	7	reset	191	0.07	0
6	unsafe	8	7	reset	192	0.07	0
6	unsafe	8	7	reset	193	0.081	0
6	unsafe	8	7	reset	194	0.08	0
6	unsafe	8	7	reset	195	0.09	0
6	unsafe	8	7	reset	196	0.08	0
6	unsafe	8	7	reset	197	0.07	0
6	unsafe	8	7	reset	198	0.08	0
6	unsafe	8	7	reset	199	0.081	0
6	unsafe	8	7	reset	200	0.1	0
6	unsafe	8	7	stall	1	0.0	0
6	unsafe	8	7	stall	2	0.0	0
6	unsafe	8	7	stall	3	0.0	0
6	unsafe	8	7	stall	4	0.0	0
6	unsafe	8	7	stall	5	0.0	0
6	unsafe	8	7	stall	6	0.0	0
6	unsafe	8	7	stall	7	0.0	0
6	checked	16	15	reset	1	54.293	0
6	checked	16	15	reset	2	65.965	0
6	checked	16	15	reset	3	64.411	0
6	checked	16	15	reset	4	62.588	0
6	checked	16	15	reset	5	46.217	0
6	checked	16	15	reset	6	235.134	0
6	checked	16	15	reset	7	83.868	0
6	checked	16	15	reset	8	437.315	0
6	checked	16	15	reset	9	47.409	0
6	checked	16	15	reset	10	48.541	0
6	checked	16	15	reset	11	78.428	0
6	checked	16	15	reset	12	70.353	0
6	checked	16	15	reset	13	59.191	0
6	checked	16	15	reset	14	63.329	0
6	checked	16	15	reset	15	56.757	0
6	checked	16	15	reset	16	55.365	0
6	checked	16	15	reset	17	52.96	0
6	checked	16	15	reset	18	55.805	0
6	checked	16	15	reset	19	56.387	0
6	checked	16	15	reset	20	53.21	0
6	checked	16	15	reset	21	54.583	0
6	checked	16	15	reset	22	58.029	0
6	checked	16	15	reset	23	56.497	0
6	checked	16	15	reset	24	57.749	0
6	checked	16	15	reset	25	66.296	0
6	checked	16	15	reset	26	63.4	0
6	checked	16	15	reset	27	58.56	0
6	checked	16	15	reset	28	56.897	0
6	checked	16	15	reset	29	58.681	0
6	checked	16	15	reset	30	55.575	0
6	checked	16	15	reset	31	58.641	0
6	checked	16	15	reset	32	56.536	0
6	checked	16	15	reset	33	55.775	0
6	checked	16	15	reset	34	72.657	0
6	checked	16	15	reset	35	61.466	0
6	checked	16	15	reset	36	61.566	0
6	checked	16	15	reset	37	60.053	0
6	checked	16	15	reset	38	80.432	0
6	checked	16	15	reset	39	70.123	0
6	checked	16	15	reset	40	74.23	0
6	checked	16	15	reset	41	77.666	0
6	checked	16	15	reset	42	58.771	0
6	checked	16	15	reset	43	61.026	0
6	checked	16	15	reset	44	64.952	0
6	checked	16	15	reset	45	62.418	0
6	checked	16	15	reset	46	56.977	0
6	checked	16	15	reset	47	63.7	0
6	checked	16	15	reset	48	60.024	0
6	checked	16	15	reset	49	66.495	0
6	checked	16	15	reset	50	59.122	0
6	checked	16	15	reset	51	61.185	0
6	checked	16	15	reset	52	59.031	0
6	checked	16	15	reset	53	61.346	0
6	checked	16	15	reset	54	59.923	0
6	checked	16	15	reset	55	59.683	0
6	checked	16	15	reset	56	60.164	0
6	checked	16	15	reset	57	61.425	0
6	checked	16	15	reset	58	61.466	0
6	checked	16	15	reset	59	73.028	0
6	checked	16	15	reset	60	99.368	0
6	checked	16	15	reset	61	57.609	0
6	checked	16	15	reset	62	53.3	0
6	checked	16	15	reset	63	53.511	0
6	checked	16	15	reset	64	54.322	0
6	checked	16	15	reset	65	56.076	0
6	checked	16	15	reset	66	54.984	0
6	checked	16	15	reset	67	54.282	0
6	checked	16	15	reset	68	142.138	0
6	checked	16	15	reset	69	67.828	0
6	checked	16	15	reset	70	717.283	0
6	checked	16	15	reset	71	67.297	0
6	checked	16	15	reset	72	56.707	0
6	checked	16	15	reset	73	57.889	0
6	checked	16	15	reset	74	54.282	0
6	checked	16	15	reset	75	55.384	0
6	checked	16	15	reset	76	470.598	0
6	checked	16	15	reset	77	67.216	0
6	checked	16	15	reset	78	54.944	0
6	checked	16	15	reset	79	70.483	0
6	checked	16	15	reset	80	56.246	0
6	checked	16	15	reset	81	454.437	0
6	checked	16	15	reset	82	57.679	0
6	checked	16	15	reset	83	56.536	0
6	checked	16	15	reset	84	56.156	0
6	checked	16	15	reset	85	55.194	0
6	checked	16	15	reset	86	54.804	0
6	checked	16	15	reset	87	56.106	0
6	checked	16	15	reset	88	54.573	0
6	checked	16	15	reset	89	55.976	0
6	checked	16	15	reset	90	55.355	0
6	checked	16	15	reset	91	56.276	0
6	checked	16	15	reset	92	52.849	0
6	checked	16	15	reset	93	54.673	0
6	checked	16	15	reset	94	82.285	0
6	checked	16	15	reset	95	52.038	0
6	checked	16	15	reset	96	53.911	0
6	checked	16	15	reset	97	52.87	0
6	checked	16	15	reset	98	52.109	0
6	checked	16	15	reset	99	53.701	0
6	checked	16	15	reset	100	53.992	0
6	checked	16	15	reset	101	54.984	0
6	checked	16	15	reset	102	53.32	0
6	checked	16	15	reset	103	52.028	0
6	checked	16	15	reset	104	53.892	0
6	checked	16	15	reset	105	53.08	0
6	checked	16	15	reset	106	55.946	0
6	checked	16	15	reset	107	55.715	0
6	checked	16	15	reset	108	52.97	0
6	checked	16	15	reset	109	56.646	0
6	checked	16	15	reset	110	53.581	0
6	checked	16	15	reset	111	52.769	0
6	checked	16	15	reset	112	171.423	0
6	checked	16	15	reset	113	55.104	0
6	checked	16	15	reset	114	55.023	0
6	checked	16	15	reset	115	53.641	0
6	checked	16	15	reset	116	55.826	0
6	checked	16	15	reset	117	54.052	0
6	checked	16	15	reset	118	55.144	0
6	checked	16	15	reset	119	52.6	0
6	checked	16	15	reset	120	60.213	0
6	checked	16	15	reset	121	62.327	0
6	checked	16	15	reset	122	52.87	0
6	checked	16	15	reset	123	55.164	0
6	checked	16	15	reset	124	53.992	0
6	checked	16	15	reset	125	54.453	0
6	checked	16	15	reset	126	53.751	0
6	checked	16	15	reset	127	56.126	0
6	checked	16	15	reset	128	53.972	0
6	checked	16	15	reset	129	53.851	0
6	checked	16	15	reset	130	52.469	0
6	checked	16	15	reset	131	56.727	0
6	checked	16	15	reset	132	54.112	0
6	checked	16	15	reset	133	58.16	0
6	checked	16	15	reset	134	54.382	0
6	checked	16	15	reset	135	74.02	0
6	checked	16	15	reset	136	58.951	0
6	checked	16	15	reset	137	55.946	0
6	checked	16	15	reset	138	55.985	0
6	checked	16	15	reset	139	58.4	0
6	checked	16	15	reset	140	63.6	0
6	checked	16	15	reset	141	60.394	0
6	checked	16	15	reset	142	57.699	0
6	checked	16	15	reset	143	59.973	0
6	checked	16	15	reset	144	57.649	0
6	checked	16	15	reset	145	62.728	0
6	checked	16	15	reset	146	56.256	0
6	checked	16	15	reset	147	65.974	0
6	checked	16	15	reset	148	61.887	0
6	checked	16	15	reset	149	59.673	0
6	checked	16	15	reset	150	60.544	0
6	checked	16	15	reset	151	55.314	0
6	checked	16	15	reset	152	60.975	0
6	checked	16	15	reset	153	55.184	0
6	checked	16	15	reset	154	60.844	0
6	checked	16	15	reset	155	56.016	0
6	checked	16	15	reset	156	59.112	0
6	checked	16	15	reset	157	63.469	0
6	checked	16	15	reset	158	55.916	0
6	checked	16	15	reset	159	57.118	0
6	checked	16	15	reset	160	60.985	0
6	checked	16	15	reset	161	57.197	0
6	checked	16	15	reset	162	57.478	0
6	checked	16	15	reset	163	57.108	0
6	checked	16	15	reset	164	55.855	0
6	checked	16	15	reset	165	59.101	0
6	checked	16	15	reset	166	54.573	0
6	checked	16	15	reset	167	54.302	0
6	checked	16	15	reset	168	60.745	0
6	checked	16	15	reset	169	55.885	0
6	checked	16	15	reset	170	56.026	0
6	checked	16	15	reset	171	57.949	0
6	checked	16	15	reset	172	59.993	0
6	checked	16	15	reset	173	53.741	0
6	checked	16	15	reset	174	62.578	0
6	checked	16	15	reset	175	58.13	0
6	checked	16	15	reset	176	55.945	0
6	checked	16	15	reset	177	57.018	0
6	checked	16	15	reset	178	55.695	0
6	checked	16	15	reset	179	60.975	0
6	checked	16	15	reset	180	55.155	0
6	checked	16	15	reset	181	52.629	0
6	checked	16	15	reset	182	56.366	0
6	checked	16	15	reset	183	60.364	0
6	checked	16	15	reset	184	71.836	0
6	checked	16	15	reset	185	53.551	0
6	checked	16	15	reset	186	54.393	0
6	checked	16	15	reset	187	53.24	0
6	checked	16	15	reset	188	53.972	0
6	checked	16	15	reset	189	52.068	0
6	checked	16	15	reset	190	53.571	0
6	checked	16	15	reset	191	54.824	0
6	checked	16	15	reset	192	55.033	0
6	checked	16	15	reset	193	53.842	0
6	checked	16	15	reset	194	53.551	0
6	checked	16	15	reset	195	50.946	0
6	checked	16	15	reset	196	51.738	0
6	checked	16	15	reset	197	52.61	0
6	checked	16	15	reset	198	53.591	0
6	checked	16	15	reset	199	52.148	0
6	checked	16	15	reset	200	53.871	0
6	checked	16	15	stall	1	708.115	0
6	checked	16	15	stall	2	1168.074	0
6	checked	16	15	stall	3	1165.489	0
6	checked	16	15	stall	4	907.131	0
6	checked	16	15	stall	5	931.527	0
6	checked	16	15	stall	6	706.944	0
6	checked	16	15	stall	7	709.168	0
6	checked	16	15	stall	8	1163.996	0
6	checked	16	15	stall	9	1171.96	0
6	checked	16	15	stall	10	887.534	0
6	checked	16	15	stall	11	706.452	0
6	checked	16	15	stall	12	707.505	0
6	checked	16	15	stall	13	707.634	0
6	checked	16	15	stall	14	704.779	0
6	checked	16	15	stall	15	703.768	0
6	unsafe	16	15	reset	1	0.14	0
6	unsafe	16	15	reset	2	0.08	0
6	unsafe	16	15	reset	3	0.09	0
6	unsafe	16	15	reset	4	0.08	0
6	unsafe	16	15	reset	5	0.18	0
6	unsafe	16	15	reset	6	0.07	0
6	unsafe	16	15	reset	7	0.08	0
6	unsafe	16	15	reset	8	0.1	0
6	unsafe	16	15	reset	9	0.07	0
6	unsafe	16	15	reset	10	0.09	0
6	unsafe	16	15	reset	11	0.11	0
6	unsafe	16	15	reset	12	0.24	0
6	unsafe	16	15	reset	13	0.14	0
6	unsafe	16	15	reset	14	0.17	0
6	unsafe	16	15	reset	15	0.13	0
6	unsafe	16	15	reset	16	0.13	0
6	unsafe	16	15	reset	17	0.15	0
6	unsafe	16	15	reset	18	0.131	0
6	unsafe	16	15	reset	19	0.14	0
6	unsafe	16	15	reset	20	0.14	0
6	unsafe	16	15	reset	21	0.13	0
6	unsafe	16	15	reset	22	0.13	0
6	unsafe	16	15	reset	23	0.14	0
6	unsafe	16	15	reset	24	0.13	0
6	unsafe	16	15	reset	25	0.13	0
6	unsafe	16	15	reset	26	0.14	0
6	unsafe	16	15	reset	27	0.13	0
6	unsafe	16	15	reset	28	0.131	0
6	unsafe	16	15	reset	29	0.131	0
6	unsafe	16	15	reset	30	0.14	0
6	unsafe	16	15	reset	31	0.14	0
6	unsafe	16	15	reset	32	0.131	0
6	unsafe	16	15	reset	33	0.13	0
6	unsafe	16	15	reset	34	0.13	0
6	unsafe	16	15	reset	35	0.13	0
6	unsafe	16	15	reset	36	0.13	0
6	unsafe	16	15	reset	37	0.141	0
6	unsafe	16	15	reset	38	0.13	0
6	unsafe	16	15	reset	39	0.131	0
6	unsafe	16	15	reset	40	0.14	0
6	unsafe	16	15	reset	41	0.13	0
6	unsafe	16	15	reset	42	0.141	0
6	unsafe	16	15	reset	43	0.14	0
6	unsafe	16	15	reset	44	0.14	0
6	unsafe	16	15	reset	45	0.141	0
6	unsafe	16	15	reset	46	0.13	0
6	unsafe	16	15	reset	47	0.14	0
6	unsafe	16	15	reset	48	0.131	0
6	unsafe	16	15	reset	49	0.13	0
6	unsafe	16	15	reset	50	0.14	0
6	unsafe	16	15	reset	51	0.13	0
6	unsafe	16	15	reset	52	0.14	0
6	unsafe	16	15	reset	53	0.14	0
6	unsafe	16	15	reset	54	0.14	0
6	unsafe	16	15	reset	55	0.14	0
6	unsafe	16	15	reset	56	0.131	0
6	unsafe	16	15	reset	57	0.14	0
6	unsafe	16	15	reset	58	0.13	0
6	unsafe	16	15	reset	59	0.15	0
6	unsafe	16	15	reset	60	0.14	0
6	unsafe	16	15	reset	61	0.131	0
6	unsafe	16	15	reset	62	0.14	0
6	unsafe	16	15	reset	63	0.18	0
6	unsafe	16	15	reset	64	0.13	0
6	unsafe	16	15	reset	65	0.16	0
6	unsafe	16	15	reset	66	0.141	0
6	unsafe	16	15	reset	67	0.141	0
6	unsafe	16	15	reset	68	0.16	0
6	unsafe	16	15	reset	69	0.14	0
6	unsafe	16	15	reset	70	0.14	0
6	unsafe	16	15	reset	71	0.14	0
6	unsafe	16	15	reset	72	0.14	0
6	unsafe	16	15	reset	73	0.13	0
6	unsafe	16	15	reset	74	0.14	0
6	unsafe	16	15	reset	75	0.141	0
6	unsafe	16	15	reset	76	0.13	0
6	unsafe	16	15	reset	77	0.13	0
6	unsafe	16	15	reset	78	0.14	0
6	unsafe	16	15	reset	79	0.131	0
6	unsafe	16	15	reset	80	0.14	0
6	unsafe	16	15	reset	81	0.13	0
6	unsafe	16	15	reset	82	0.141	0
6	unsafe	16	15	reset	83	0.14	0
6	unsafe	16	15	reset	84	0.131	0
6	unsafe	16	15	reset	85	0.12	0
6	unsafe	16	15	reset	86	0.141	0
6	unsafe	16	15	reset	87	0.14	0
6	unsafe	16	15	reset	88	0.14	0
6	unsafe	16	15	reset	89	0.141	0
6	unsafe	16	15	reset	90	0.14	0
6	unsafe	16	15	reset	91	0.14	0
6	unsafe	16	15	reset	92	0.14	0
6	unsafe	16	15	reset	93	0.14	0
6	unsafe	16	15	reset	94	0.131	0
6	unsafe	16	15	reset	95	0.161	0
6	unsafe	16	15	reset	96	0.14	0
6	unsafe	16	15	reset	97	0.14	0
6	unsafe	16	15	reset	98	0.141	0
6	unsafe	16	15	reset	99	0.13	0
6	unsafe	16	15	reset	100	0.14	0
6	unsafe	16	15	reset	101	0.141	0
6	unsafe	16	15	reset	102	0.14	0
6	unsafe	16	15	reset	103	0.14	0
6	unsafe	16	15	reset	104	0.141	0
6	unsafe	16	15	reset	105	0.141	0
6	unsafe	16	15	reset	106	0.131	0
6	unsafe	16	15	reset	107	0.14	0
6	unsafe	16	15	reset	108	0.13	0
6	unsafe	16	15	reset	109	0.14	0
6	unsafe	16	15	reset	110	0.13	0
6	unsafe	16	15	reset	111	0.14	0
6	unsafe	16	15	reset	112	0.13	0
6	unsafe	16	15	reset	113	0.141	0
6	unsafe	16	15	reset	114	0.14	0
6	unsafe	16	15	reset	115	0.14	0
6	unsafe	16	15	reset	116	0.13	0
6	unsafe	16	15	reset	117	0.13	0
6	unsafe	16	15	reset	118	0.13	0
6	unsafe	16	15	reset	119	0.13	0
6	unsafe	16	15	reset	120	0.13	0
6	unsafe	16	15	reset	121	0.13	0
6	unsafe	16	15	reset	122	0.141	0
6	unsafe	16	15	reset	123	0.14	0
6	unsafe	16	15	reset	124	0.13	0
6	unsafe	16	15	reset	125	0.13	0
6	unsafe	16	15	reset	126	0.141	0
6	unsafe	16	15	reset	127	0.131	0
6	unsafe	16	15	reset	128	0.141	0
6	unsafe	16	15	reset	129	0.13	0
6	unsafe	16	15	reset	130	0.14	0
6	unsafe	16	15	reset	131	0.131	0
6	unsafe	16	15	reset	132	0.14	0
6	unsafe	16	15	reset	133	0.13	0
6	unsafe	16	15	reset	134	0.13	0
6	unsafe	16	15	reset	135	0.14	0
6	unsafe	16	15	reset	136	0.13	0
6	unsafe	16	15	reset	137	0.141	0
6	unsafe	16	15	reset	138	0.14	0
6	unsafe	16	15	reset	139	0.13	0
6	unsafe	16	15	reset	140	0.14	0
6	unsafe	16	15	reset	141	0.13	0
6	unsafe	16	15	reset	142	0.14	0
6	unsafe	16	15	reset	143	0.121	0
6	unsafe	16	15	reset	144	0.14	0
6	unsafe	16	15	reset	145	0.13	0
6	unsafe	16	15	reset	146	0.13	0
6	unsafe	16	15	reset	147	0.14	0
6	unsafe	16	15	reset	148	0.151	0
6	unsafe	16	15	reset	149	0.14	0
6	unsafe	16	15	reset	150	0.141	0
6	unsafe	16	15	reset	151	0.13	0
6	unsafe	16	15	reset	152	0.14	0
6	unsafe	16	15	reset	153	0.13	0
6	unsafe	16	15	reset	154	0.13	0
6	unsafe	16	15	reset	155	0.13	0
6	unsafe	16	15	reset	156	0.14	0
6	unsafe	16	15	reset	157	0.141	0
6	unsafe	16	15	reset	158	0.14	0
6	unsafe	16	15	reset	159	0.14	0
6	unsafe	16	15	reset	160	0.13	0
6	unsafe	16	15	reset	161	0.14	0
6	unsafe	16	15	reset	162	0.14	0
6	unsafe	16	15	reset	163	0.14	0
6	unsafe	16	15	reset	164	0.14	0
6	unsafe	16	15	reset	165	0.141	0
6	unsafe	16	15	reset	166	0.131	0
6	unsafe	16	15	reset	167	0.14	0
6	unsafe	16	15	reset	168	0.151	0
6	unsafe	16	15	reset	169	0.14	0
6	unsafe	16	15	reset	170	0.14	0
6	unsafe	16	15	reset	171	0.16	0
6	unsafe	16	15	reset	172	0.13	0
6	unsafe	16	15	reset	173	0.14	0
6	unsafe	16	15	reset	174	0.141	0
6	unsafe	16	15	reset	175	0.13	0
6	unsafe	16	15	reset	176	0.14	0
6	unsafe	16	15	reset	177	0.14	0
6	unsafe	16	15	reset	178	0.141	0
6	unsafe	16	15	reset	179	0.14	0
6	unsafe	16	15	reset	180	0.14	0
6	unsafe	16	15	reset	181	0.13	0
6	unsafe	16	15	reset	182	0.141	0
6	unsafe	16	15	reset	183	0.141	0
6	unsafe	16	15	reset	184	0.13	0
6	unsafe	16	15	reset	185	0.13	0
6	unsafe	16	15	reset	186	0.13	0
6	unsafe	16	15	reset	187	0.141	0
6	unsafe	16	15	reset	188	0.14	0
6	unsafe	16	15	reset	189	0.14	0
6	unsafe	16	15	reset	190	0.13	0
6	unsafe	16	15	reset	191	0.13	0
6	unsafe	16	15	reset	192	0.14	0
6	unsafe	16	15	reset	193	0.131	0
6	unsafe	16	15	reset	194	0.15	0
6	unsafe	16	15	reset	195	0.14	0
6	unsafe	16	15	reset	196	0.14	0
6	unsafe	16	15	reset	197	0.13	0
6	unsafe	16	15	reset	198	0.14	0
6	unsafe	16	15	reset	199	0.131	0
6	unsafe	16	15	reset	200	0.13	0
6	unsafe	16	15	stall	1	0.0	0
6	unsafe	16	15	stall	2	0.0	0
6	unsafe	16	15	stall	3	0.0	0
6	unsafe	16	15	stall	4	0.0	0
6	unsafe	16	15	stall	5	0.0	0
6	unsafe	16	15	stall	6	0.0	0
6	unsafe	16	15	stall	7	0.0	0
6	unsafe	16	15	stall	8	0.0	0
6	unsafe	16	15	stall	9	0.0	0
6	unsafe	16	15	stall	10	0.0	0
6	unsafe	16	15	stall	11	0.0	0
6	unsafe	16	15	stall	12	0.0	0
6	unsafe	16	15	stall	13	0.0	0
6	unsafe	16	15	stall	14	0.0	0
6	unsafe	16	15	stall	15	0.0	0
6	checked	30	29	reset	1	183.295	0
6	checked	30	29	reset	2	86.343	0
6	checked	30	29	reset	3	74.941	0
6	checked	30	29	reset	4	54.743	0
6	checked	30	29	reset	5	55.495	0
6	checked	30	29	reset	6	80.321	0
6	checked	30	29	reset	7	61.656	0
6	checked	30	29	reset	8	76.414	0
6	checked	30	29	reset	9	471.59	0
6	checked	30	29	reset	10	62.938	0
6	checked	30	29	reset	11	59.372	0
6	checked	30	29	reset	12	156.224	0
6	checked	30	29	reset	13	175.541	0
6	checked	30	29	reset	14	114.976	0
6	checked	30	29	reset	15	100.189	0
6	checked	30	29	reset	16	99.288	0
6	checked	30	29	reset	17	111.951	0
6	checked	30	29	reset	18	103.074	0
6	checked	30	29	reset	19	103.585	0
6	checked	30	29	reset	20	101.712	0
6	checked	30	29	reset	21	105.72	0
6	checked	30	29	reset	22	98.897	0
6	checked	30	29	reset	23	102.593	0
6	checked	30	29	reset	24	103.535	0
6	checked	30	29	reset	25	135.535	0
6	checked	30	29	reset	26	111.661	0
6	checked	30	29	reset	27	110.589	0
6	checked	30	29	reset	28	112.132	0
6	checked	30	29	reset	29	98.366	0
6	checked	30	29	reset	30	102.763	0
6	checked	30	29	reset	31	108.305	0
6	checked	30	29	reset	32	111.881	0
6	checked	30	29	reset	33	100.94	0
6	checked	30	29	reset	34	112.673	0
6	checked	30	29	reset	35	102.283	0
6	checked	30	29	reset	36	627.644	0
6	checked	30	29	reset	37	116.871	0
6	checked	30	29	reset	38	108.865	0
6	checked	30	29	reset	39	116.41	0
6	checked	30	29	reset	40	103.686	0
6	checked	30	29	reset	41	104.758	0
6	checked	30	29	reset	42	104.006	0
6	checked	30	29	reset	43	105.859	0
6	checked	30	29	reset	44	140.716	0
6	checked	30	29	reset	45	113.243	0
6	checked	30	29	reset	46	98.065	0
6	checked	30	29	reset	47	119.746	0
6	checked	30	29	reset	48	102.223	0
6	checked	30	29	reset	49	153.941	0
6	checked	30	29	reset	50	301.529	0
6	checked	30	29	reset	51	118.433	0
6	checked	30	29	reset	52	103.535	0
6	checked	30	29	reset	53	104.267	0
6	checked	30	29	reset	54	104.026	0
6	checked	30	29	reset	55	99.958	0
6	checked	30	29	reset	56	100.5	0
6	checked	30	29	reset	57	105.89	0
6	checked	30	29	reset	58	108.224	0
6	checked	30	29	reset	59	192.764	0
6	checked	30	29	reset	60	108.635	0
6	checked	30	29	reset	61	3422.195	0
6	checked	30	29	reset	62	3616.922	0
6	checked	30	29	reset	63	124.114	0
6	checked	30	29	reset	64	136.347	0
6	checked	30	29	reset	65	115.438	0
6	checked	30	29	reset	66	3121.178	0
6	checked	30	29	reset	67	128.683	0
6	checked	30	29	reset	68	109.136	0
6	checked	30	29	reset	69	98.807	0
6	checked	30	29	reset	70	93.827	0
6	checked	30	29	reset	71	104.287	0
6	checked	30	29	reset	72	94.268	0
6	checked	30	29	reset	73	91.763	0
6	checked	30	29	reset	74	95.43	0
6	checked	30	29	reset	75	95.931	0
6	checked	30	29	reset	76	91.963	0
6	checked	30	29	reset	77	110.178	0
6	checked	30	29	reset	78	99.809	0
6	checked	30	29	reset	79	103.054	0
6	checked	30	29	reset	80	102.834	0
6	checked	30	29	reset	81	98.125	0
6	checked	30	29	reset	82	98.957	0
6	checked	30	29	reset	83	97.013	0
6	checked	30	29	reset	84	96.211	0
6	checked	30	29	reset	85	100.599	0
6	checked	30	29	reset	86	96.051	0
6	checked	30	29	reset	87	104.147	0
6	checked	30	29	reset	88	99.999	0
6	checked	30	29	reset	89	101.011	0
6	checked	30	29	reset	90	100.489	0
6	checked	30	29	reset	91	99.177	0
6	checked	30	29	reset	92	102.574	0
6	checked	30	29	reset	93	103.766	0
6	checked	30	29	reset	94	108.605	0
6	checked	30	29	reset	95	106.641	0
6	checked	30	29	reset	96	103.816	0
6	checked	30	29	reset	97	102.543	0
6	checked	30	29	reset	98	104.067	0
6	checked	30	29	reset	99	105.228	0
6	checked	30	29	reset	100	103.074	0
6	checked	30	29	reset	101	98.375	0
6	checked	30	29	reset	102	99.097	0
6	checked	30	29	reset	103	97.043	0
6	checked	30	29	reset	104	94.608	0
6	checked	30	29	reset	105	101.642	0
6	checked	30	29	reset	106	119.285	0
6	checked	30	29	reset	107	102.724	0
6	checked	30	29	reset	108	101.201	0
6	checked	30	29	reset	109	106.23	0
6	checked	30	29	reset	110	100.619	0
6	checked	30	29	reset	111	102.683	0
6	checked	30	29	reset	112	97.153	0
6	checked	30	29	reset	113	100.209	0
6	checked	30	29	reset	114	97.243	0
6	checked	30	29	reset	115	189.567	0
6	checked	30	29	reset	116	114.906	0
6	checked	30	29	reset	117	110.839	0
6	checked	30	29	reset	118	97.975	0
6	checked	30	29	reset	119	95.52	0
6	checked	30	29	reset	120	98.927	0
6	checked	30	29	reset	121	136.006	0
6	checked	30	29	reset	122	100.5	0
6	checked	30	29	reset	123	104.066	0
6	checked	30	29	reset	124	100.169	0
6	checked	30	29	reset	125	3285.307	0
6	checked	30	29	reset	126	103.045	0
6	checked	30	29	reset	127	112.573	0
6	checked	30	29	reset	128	104.648	0
6	checked	30	29	reset	129	110.529	0
6	checked	30	29	reset	130	98.616	0
6	checked	30	29	reset	131	103.004	0
6	checked	30	29	reset	132	104.548	0
6	checked	30	29	reset	133	109.487	0
6	checked	30	29	reset	134	106.852	0
6	checked	30	29	reset	135	3360.168	0
6	checked	30	29	reset	136	108.265	0
6	checked	30	29	reset	137	98.566	0
6	checked	30	29	reset	138	104.858	0
6	checked	30	29	reset	139	98.967	0
6	checked	30	29	reset	140	103.656	0
6	checked	30	29	reset	141	103.224	0
6	checked	30	29	reset	142	100.86	0
6	checked	30	29	reset	143	99.748	0
6	checked	30	29	reset	144	96.993	0
6	checked	30	29	reset	145	101.622	0
6	checked	30	29	reset	146	97.905	0
6	checked	30	29	reset	147	97.144	0
6	checked	30	29	reset	148	97.484	0
6	checked	30	29	reset	149	94.839	0
6	checked	30	29	reset	150	102.073	0
6	checked	30	29	reset	151	105.729	0
6	checked	30	29	reset	152	103.495	0
6	checked	30	29	reset	153	101.732	0
6	checked	30	29	reset	154	103.466	0
6	checked	30	29	reset	155	107.452	0
6	checked	30	29	reset	156	103.445	0
6	checked	30	29	reset	157	103.065	0
6	checked	30	29	reset	158	105.068	0
6	checked	30	29	reset	159	98.967	0
6	checked	30	29	reset	160	104.387	0
6	checked	30	29	reset	161	103.635	0
6	checked	30	29	reset	162	113.114	0
6	checked	30	29	reset	163	99.387	0
6	checked	30	29	reset	164	99.788	0
6	checked	30	29	reset	165	98.085	0
6	checked	30	29	reset	166	105.93	0
6	checked	30	29	reset	167	98.586	0
6	checked	30	29	reset	168	100.87	0
6	checked	30	29	reset	169	99.578	0
6	checked	30	29	reset	170	99.388	0
6	checked	30	29	reset	171	101.171	0
6	checked	30	29	reset	172	107.041	0
6	checked	30	29	reset	173	99.889	0
6	checked	30	29	reset	174	254.46	0
6	checked	30	29	reset	175	100.871	0
6	checked	30	29	reset	176	107.663	0
6	checked	30	29	reset	177	96.482	0
6	checked	30	29	reset	178	102.794	0
6	checked	30	29	reset	179	101.842	0
6	checked	30	29	reset	180	102.162	0
6	checked	30	29	reset	181	98.316	0
6	checked	30	29	reset	182	101.261	0
6	checked	30	29	reset	183	3611.953	0
6	checked	30	29	reset	184	117.391	0
6	checked	30	29	reset	185	108.004	0
6	checked	30	29	reset	186	96.372	0
6	checked	30	29	reset	187	104.537	0
6	checked	30	29	reset	188	102.133	0
6	checked	30	29	reset	189	97.694	0
6	checked	30	29	reset	190	95.219	0
6	checked	30	29	reset	191	96.131	0
6	checked	30	29	reset	192	95.71	0
6	checked	30	29	reset	193	100.75	0
6	checked	30	29	reset	194	102.523	0
6	checked	30	29	reset	195	98.065	0
6	checked	30	29	reset	196	102.794	0
6	checked	30	29	reset	197	387.841	0
6	checked	30	29	reset	198	102.374	0
6	checked	30	29	reset	199	104.677	0
6	checked	30	29	reset	200	101.461	0
6	checked	30	29	stall	1	613.587	0
6	checked	30	29	stall	2	1169.997	0
6	checked	30	29	stall	3	1033.69	0
6	checked	30	29	stall	4	615.411	0
6	checked	30	29	stall	5	1053.637	0
6	checked	30	29	stall	6	611.724	0
6	checked	30	29	stall	7	1460.455	0
6	checked	30	29	stall	8	1038.91	0
6	checked	30	29	stall	9	660.946	0
6	checked	30	29	stall	10	1081.089	0
6	checked	30	29	stall	11	631.061	0
6	checked	30	29	stall	12	1063.967	0
6	checked	30	29	stall	13	3110.878	0
6	checked	30	29	stall	14	3109.285	0
6	checked	30	29	stall	15	3601.974	0
6	checked	30	29	stall	16	1587.945	0
6	checked	30	29	stall	17	3110.226	0
6	checked	30	29	stall	18	1036.205	0
6	checked	30	29	stall	19	3267.574	0
6	checked	30	29	stall	20	1570.312	0
6	checked	30	29	stall	21	1035.844	0
6	checked	30	29	stall	22	610.802	0
6	checked	30	29	stall	23	610.512	0
6	checked	30	29	stall	24	1058.156	0
6	checked	30	29	stall	25	1108.812	0
6	checked	30	29	stall	26	1060.531	0
6	checked	30	29	stall	27	1534.424	0
6	checked	30	29	stall	28	617.525	0
6	checked	30	29	stall	29	3111.339	0
6	unsafe	30	29	reset	1	0.131	0
6	unsafe	30	29	reset	2	0.05	0
6	unsafe	30	29	reset	3	0.05	0
6	unsafe	30	29	reset	4	0.05	0
6	unsafe	30	29	reset	5	0.06	0
6	unsafe	30	29	reset	6	0.05	0
6	unsafe	30	29	reset	7	0.04	0
6	unsafe	30	29	reset	8	0.071	0
6	unsafe	30	29	reset	9	0.421	0
6	unsafe	30	29	reset	10	0.381	0
6	unsafe	30	29	reset	11	0.07	0
6	unsafe	30	29	reset	12	0.07	0
6	unsafe	30	29	reset	13	0.091	0
6	unsafe	30	29	reset	14	0.09	0
6	unsafe	30	29	reset	15	0.07	0
6	unsafe	30	29	reset	16	0.11	0
6	unsafe	30	29	reset	17	0.081	0
6	unsafe	30	29	reset	18	0.1	0
6	unsafe	30	29	reset	19	0.08	0
6	unsafe	30	29	reset	20	0.09	0
6	unsafe	30	29	reset	21	0.091	0
6	unsafe	30	29	reset	22	0.09	0
6	unsafe	30	29	reset	23	0.08	0
6	unsafe	30	29	reset	24	0.111	0
6	unsafe	30	29	reset	25	0.08	0
6	unsafe	30	29	reset	26	0.111	0
6	unsafe	30	29	reset	27	0.07	0
6	unsafe	30	29	reset	28	0.09	0
6	unsafe	30	29	reset	29	0.12	0
6	unsafe	30	29	reset	30	0.09	0
6	unsafe	30	29	reset	31	0.09	0
6	unsafe	30	29	reset	32	0.111	0
6	unsafe	30	29	reset	33	0.08	0
6	unsafe	30	29	reset	34	0.091	0
6	unsafe	30	29	reset	35	0.09	0
6	unsafe	30	29	reset	36	0.101	0
6	unsafe	30	29	reset	37	0.11	0
6	unsafe	30	29	reset	38	0.07	0
6	unsafe	30	29	reset	39	0.08	0
6	unsafe	30	29	reset	40	0.11	0
6	unsafe	30	29	reset	41	0.07	0
6	unsafe	30	29	reset	42	0.1	0
6	unsafe	30	29	reset	43	0.09	0
6	unsafe	30	29	reset	44	0.08	0
6	unsafe	30	29	reset	45	0.12	0
6	unsafe	30	29	reset	46	0.08	0
6	unsafe	30	29	reset	47	0.11	0
6	unsafe	30	29	reset	48	0.101	0
6	unsafe	30	29	reset	49	0.08	0
6	unsafe	30	29	reset	50	0.091	0
6	unsafe	30	29	reset	51	0.111	0
6	unsafe	30	29	reset	52	0.08	0
6	unsafe	30	29	reset	53	0.13	0
6	unsafe	30	29	reset	54	0.07	0
6	unsafe	30	29	reset	55	0.11	0
6	unsafe	30	29	reset	56	0.12	0
6	unsafe	30	29	reset	57	0.08	0
6	unsafe	30	29	reset	58	0.09	0
6	unsafe	30	29	reset	59	0.111	0
6	unsafe	30	29	reset	60	0.091	0
6	unsafe	30	29	reset	61	0.1	0
6	unsafe	30	29	reset	62	0.09	0
6	unsafe	30	29	reset	63	0.09	0
6	unsafe	30	29	reset	64	0.11	0
6	unsafe	30	29	reset	65	0.08	0
6	unsafe	30	29	reset	66	0.09	0
6	unsafe	30	29	reset	67	0.1	0
6	unsafe	30	29	reset	68	0.09	0
6	unsafe	30	29	reset	69	0.1	0
6	unsafe	30	29	reset	70	0.09	0
6	unsafe	30	29	reset	71	0.09	0
6	unsafe	30	29	reset	72	0.13	0
6	unsafe	30	29	reset	73	0.08	0
6	unsafe	30	29	reset	74	0.1	0
6	unsafe	30	29	reset	75	0.12	0
6	unsafe	30	29	reset	76	0.09	0
6	unsafe	30	29	reset	77	0.1	0
6	unsafe	30	29	reset	78	0.1	0
6	unsafe	30	29	reset	79	0.12	0
6	unsafe	30	29	reset	80	0.12	0
6	unsafe	30	29	reset	81	0.08	0
6	unsafe	30	29	reset	82	0.09	0
6	unsafe	30	29	reset	83	0.1	0
6	unsafe	30	29	reset	84	0.09	0
6	unsafe	30	29	reset	85	0.11	0
6	unsafe	30	29	reset	86	0.11	0
6	unsafe	30	29	reset	87	0.1	0
6	unsafe	30	29	reset	88	0.11	0
6	unsafe	30	29	reset	89	0.1	0
6	unsafe	30	29	reset	90	0.09	0
6	unsafe	30	29	reset	91	0.12	0
6	unsafe	30	29	reset	92	0.091	0
6	unsafe	30	29	reset	93	0.1	0
6	unsafe	30	29	reset	94	0.09	0
6	unsafe	30	29	reset	95	0.091	0
6	unsafe	30	29	reset	96	0.12	0
6	unsafe	30	29	reset	97	0.09	0
6	unsafe	30	29	reset	98	0.101	0
6	unsafe	30	29	reset	99	0.1	0
6	unsafe	30	29	reset	100	0.09	0
6	unsafe	30	29	reset	101	0.11	0
6	unsafe	30	29	reset	102	0.091	0
6	unsafe	30	29	reset	103	0.1	0
6	unsafe	30	29	reset	104	0.12	0
6	unsafe	30	29	reset	105	0.09	0
6	unsafe	30	29	reset	106	0.1	0
6	unsafe	30	29	reset	107	0.12	0
6	unsafe	30	29	reset	108	0.09	0
6	unsafe	30	29	reset	109	0.13	0
6	unsafe	30	29	reset	110	0.091	0
6	unsafe	30	29	reset	111	0.09	0
6	unsafe	30	29	reset	112	0.13	0
6	unsafe	30	29	reset	113	0.08	0
6	unsafe	30	29	reset	114	0.11	0
6	unsafe	30	29	reset	115	0.111	0
6	unsafe	30	29	reset	116	0.09	0
6	unsafe	30	29	reset	117	0.091	0
6	unsafe	30	29	reset	118	0.13	0
6	unsafe	30	29	reset	119	0.08	0
6	unsafe	30	29	reset	120	0.131	0
6	unsafe	30	29	reset	121	0.09	0
6	unsafe	30	29	reset	122	0.11	0
6	unsafe	30	29	reset	123	0.11	0
6	unsafe	30	29	reset	124	0.09	0
6	unsafe	30	29	reset	125	0.091	0
6	unsafe	30	29	reset	126	0.121	0
6	unsafe	30	29	reset	127	0.08	0
6	unsafe	30	29	reset	128	0.11	0
6	unsafe	30	29	reset	129	0.09	0
6	unsafe	30	29	reset	130	0.09	0
6	unsafe	30	29	reset	131	0.121	0
6	unsafe	30	29	reset	132	0.09	0
6	unsafe	30	29	reset	133	0.11	0
6	unsafe	30	29	reset	134	0.12	0
6	unsafe	30	29	reset	135	0.08	0
6	unsafe	30	29	reset	136	0.12	0
6	unsafe	30	29	reset	137	0.091	0
6	unsafe	30	29	reset	138	0.1	0
6	unsafe	30	29	reset	139	0.11	0
6	unsafe	30	29	reset	140	0.09	0
6	unsafe	30	29	reset	141	0.09	0
6	unsafe	30	29	reset	142	0.13	0
6	unsafe	30	29	reset	143	0.09	0
6	unsafe	30	29	reset	144	0.11	0
6	unsafe	30	29	reset	145	0.08	0
6	unsafe	30	29	reset	146	0.11	0
6	unsafe	30	29	reset	147	0.1	0
6	unsafe	30	29	reset	148	0.1	0
6	unsafe	30	29	reset	149	0.1	0
6	unsafe	30	29	reset	150	0.12	0
6	unsafe	30	29	reset	151	0.09	0
6	unsafe	30	29	reset	152	0.12	0
6	unsafe	30	29	reset	153	0.09	0
6	unsafe	30	29	reset	154	0.1	0
6	unsafe	30	29	reset	155	0.11	0
6	unsafe	30	29	reset	156	0.1	0
6	unsafe	30	29	reset	157	0.1	0
6	unsafe	30	29	reset	158	0.131	0
6	unsafe	30	29	reset	159	0.09	0
6	unsafe	30	29	reset	160	0.12	0
6	unsafe	30	29	reset	161	0.08	0
6	unsafe	30	29	reset	162	0.1	0
6	unsafe	30	29	reset	163	0.131	0
6	unsafe	30	29	reset	164	0.08	0
6	unsafe	30	29	reset	165	0.11	0
6	unsafe	30	29	reset	166	0.11	0
6	unsafe	30	29	reset	167	0.1	0
6	unsafe	30	29	reset	168	0.12	0
6	unsafe	30	29	reset	169	0.09	0
6	unsafe	30	29	reset	170	0.121	0
6	unsafe	30	29	reset	171	0.101	0
6	unsafe	30	29	reset	172	0.08	0
6	unsafe	30	29	reset	173	0.09	0
6	unsafe	30	29	reset	174	0.13	0
6	unsafe	30	29	reset	175	0.08	0
6	unsafe	30	29	reset	176	0.11	0
6	unsafe	30	29	reset	177	0.09	0
6	unsafe	30	29	reset	178	0.12	0
6	unsafe	30	29	reset	179	0.1	0
6	unsafe	30	29	reset	180	0.12	0
6	unsafe	30	29	reset	181	0.09	0
6	unsafe	30	29	reset	182	0.121	0
6	unsafe	30	29	reset	183	0.09	0
6	unsafe	30	29	reset	184	0.12	0
6	unsafe	30	29	reset	185	0.09	0
6	unsafe	30	29	reset	186	0.11	0
6	unsafe	30	29	reset	187	0.1	0
6	unsafe	30	29	reset	188	0.101	0
6	unsafe	30	29	reset	189	0.1	0
6	unsafe	30	29	reset	190	0.12	0
6	unsafe	30	29	reset	191	0.09	0
6	unsafe	30	29	reset	192	0.11	0
6	unsafe	30	29	reset	193	0.09	0
6	unsafe	30	29	reset	194	0.1	0
6	unsafe	30	29	reset	195	0.12	0
6	unsafe	30	29	reset	196	0.1	0
6	unsafe	30	29	reset	197	0.081	0
6	unsafe	30	29	reset	198	0.12	0
6	unsafe	30	29	reset	199	0.09	0
6	unsafe	30	29	reset	200	0.111	0
6	unsafe	30	29	stall	1	6002.953	0
6	unsafe	30	29	stall	2	4002.641	0
6	unsafe	30	29	stall	3	6002.873	0
6	unsafe	30	29	stall	4	6002.132	0
6	unsafe	30	29	stall	5	6003.064	0
6	unsafe	30	29	stall	6	3003.265	0
6	unsafe	30	29	stall	7	4003.101	0
6	unsafe	30	29	stall	8	3307.88	0
6	unsafe	30	29	stall	9	0.0	0
6	unsafe	30	29	stall	10	0.0	0
6	unsafe	30	29	stall	11	8001.623	0
6	unsafe	30	29	stall	12	10001.967	0
6	unsafe	30	29	stall	13	11003.205	0
6	unsafe	30	29	stall	14	9002.301	0
6	unsafe	30	29	stall	15	4002.801	0
6	unsafe	30	29	stall	16	7012.528	0
6	unsafe	30	29	stall	17	12002.791	0
6	unsafe	30	29	stall	18	15002.429	0
6	unsafe	30	29	stall	19	7012.658	0
6	unsafe	30	29	stall	20	12002.49	0
6	unsafe	30	29	stall	21	18001.987	0
6	unsafe	30	29	stall	22	0.0	0
6	unsafe	30	29	stall	23	0.0	0
6	unsafe	30	29	stall	24	3013.785	0
6	unsafe	30	29	stall	25	13002.797	0
6	unsafe	30	29	stall	26	0.0	0
6	unsafe	30	29	stall	27	0.0	0
6	unsafe	30	29	stall	28	10002.528	0
6	unsafe	30	29	stall	29	0.0	0
7	checked	1	0	reset	1	32.241	0
7	checked	1	0	reset	2	27.031	0
7	checked	1	0	reset	3	28.644	0
7	checked	1	0	reset	4	27.291	0
7	checked	1	0	reset	5	26.951	0
7	checked	1	0	reset	6	26.57	0
7	checked	1	0	reset	7	27.252	0
7	checked	1	0	reset	8	27.031	0
7	checked	1	0	reset	9	27.222	0
7	checked	1	0	reset	10	27.532	0
7	checked	1	0	reset	11	27.642	0
7	checked	1	0	reset	12	28.383	0
7	checked	1	0	reset	13	27.712	0
7	checked	1	0	reset	14	26.95	0
7	checked	1	0	reset	15	27.792	0
7	checked	1	0	reset	16	26.8	0
7	checked	1	0	reset	17	26.8	0
7	checked	1	0	reset	18	26.981	0
7	checked	1	0	reset	19	27.683	0
7	checked	1	0	reset	20	27.803	0
7	checked	1	0	reset	21	27.572	0
7	checked	1	0	reset	22	26.74	0
7	checked	1	0	reset	23	27.663	0
7	checked	1	0	reset	24	27.592	0
7	checked	1	0	reset	25	27.843	0
7	checked	1	0	reset	26	26.941	0
7	checked	1	0	reset	27	27.622	0
7	checked	1	0	reset	28	27.582	0
7	checked	1	0	reset	29	28.073	0
7	checked	1	0	reset	30	27.883	0
7	checked	1	0	reset	31	35.647	0
7	checked	1	0	reset	32	27.192	0
7	checked	1	0	reset	33	27.632	0
7	checked	1	0	reset	34	27.041	0
7	checked	1	0	reset	35	28.454	0
7	checked	1	0	reset	36	26.48	0
7	checked	1	0	reset	37	26.84	0
7	checked	1	0	reset	38	26.34	0
7	checked	1	0	reset	39	27.492	0
7	checked	1	0	reset	40	26.65	0
7	checked	1	0	reset	41	27.222	0
7	checked	1	0	reset	42	26.53	0
7	checked	1	0	reset	43	27.592	0
7	checked	1	0	reset	44	27.442	0
7	checked	1	0	reset	45	26.931	0
7	checked	1	0	reset	46	27.813	0
7	checked	1	0	reset	47	28.113	0
7	checked	1	0	reset	48	28.694	0
7	checked	1	0	reset	49	28.093	0
7	checked	1	0	reset	50	27.292	0
7	checked	1	0	reset	51	27.692	0
7	checked	1	0	reset	52	26.74	0
7	checked	1	0	reset	53	27.843	0
7	checked	1	0	reset	54	26.88	0
7	checked	1	0	reset	55	28.214	0
7	checked	1	0	reset	56	27.863	0
7	checked	1	0	reset	57	27.351	0
7	checked	1	0	reset	58	27.461	0
7	checked	1	0	reset	59	28.664	0
7	checked	1	0	reset	60	27.572	0
7	checked	1	0	reset	61	27.121	0
7	checked	1	0	reset	62	27.161	0
7	checked	1	0	reset	63	28.274	0
7	checked	1	0	reset	64	26.95	0
7	checked	1	0	reset	65	27.191	0
7	checked	1	0	reset	66	33.403	0
7	checked	1	0	reset	67	27.602	0
7	checked	1	0	reset	68	26.259	0
7	checked	1	0	reset	69	26.621	0
7	checked	1	0	reset	70	30.738	0
7	checked	1	0	reset	71	26.94	0
7	checked	1	0	reset	72	26.49	0
7	checked	1	0	reset	73	26.851	0
7	checked	1	0	reset	74	27.071	0
7	checked	1	0	reset	75	26.7	0
7	checked	1	0	reset	76	26.27	0
7	checked	1	0	reset	77	26.821	0
7	checked	1	0	reset	78	27.903	0
7	checked	1	0	reset	79	27.682	0
7	checked	1	0	reset	80	26.801	0
7	checked	1	0	reset	81	27.211	0
7	checked	1	0	reset	82	27.602	0
7	checked	1	0	reset	83	27.111	0
7	checked	1	0	reset	84	26.96	0
7	checked	1	0	reset	85	27.171	0
7	checked	1	0	reset	86	27.913	0
7	checked	1	0	reset	87	29.025	0
7	checked	1	0	reset	88	27.281	0
7	checked	1	0	reset	89	27.332	0
7	checked	1	0	reset	90	27.242	0
7	checked	1	0	reset	91	26.971	0
7	checked	1	0	reset	92	27.311	0
7	checked	1	0	reset	93	27.602	0
7	checked	1	0	reset	94	27.732	0
7	checked	1	0	reset	95	27.252	0
7	checked	1	0	reset	96	27.302	0
7	checked	1	0	reset	97	27.582	0
7	checked	1	0	reset	98	27.091	0
7	checked	1	0	reset	99	27.171	0
7	checked	1	0	reset	100	26.269	0
7	checked	1	0	reset	101	34.835	0
7	checked	1	0	reset	102	26.309	0
7	checked	1	0	reset	103	26.58	0
7	checked	1	0	reset	104	26.219	0
7	checked	1	0	reset	105	26.971	0
7	checked	1	0	reset	106	26.219	0
7	checked	1	0	reset	107	26.761	0
7	checked	1	0	reset	108	26.53	0
7	checked	1	0	reset	109	27.051	0
7	checked	1	0	reset	110	26.52	0
7	checked	1	0	reset	111	26.651	0
7	checked	1	0	reset	112	26.339	0
7	checked	1	0	reset	113	27.061	0
7	checked	1	0	reset	114	26.36	0
7	checked	1	0	reset	115	28.324	0
7	checked	1	0	reset	116	26.33	0
7	checked	1	0	reset	117	27.091	0
7	checked	1	0	reset	118	26.46	0
7	checked	1	0	reset	119	26.62	0
7	checked	1	0	reset	120	26.66	0
7	checked	1	0	reset	121	26.971	0
7	checked	1	0	reset	122	26.39	0
7	checked	1	0	reset	123	26.6	0
7	checked	1	0	reset	124	26.46	0
7	checked	1	0	reset	125	27.131	0
7	checked	1	0	reset	126	26.38	0
7	checked	1	0	reset	127	26.76	0
7	checked	1	0	reset	128	26.67	0
7	checked	1	0	reset	129	27.041	0
7	checked	1	0	reset	130	26.64	0
7	checked	1	0	reset	131	26.69	0
7	checked	1	0	reset	132	26.48	0
7	checked	1	0	reset	133	26.931	0
7	checked	1	0	reset	134	26.28	0
7	checked	1	0	reset	135	26.54	0
7	checked	1	0	reset	136	30.377	0
7	checked	1	0	reset	137	26.841	0
7	checked	1	0	reset	138	26.37	0
7	checked	1	0	reset	139	26.71	0
7	checked	1	0	reset	140	26.87	0
7	checked	1	0	reset	141	26.59	0
7	checked	1	0	reset	142	26.48	0
7	checked	1	0	reset	143	26.621	0
7	checked	1	0	reset	144	26.791	0
7	checked	1	0	reset	145	26.5	0
7	checked	1	0	reset	146	26.29	0
7	checked	1	0	reset	147	26.961	0
7	checked	1	0	reset	148	26.921	0
7	checked	1	0	reset	149	26.61	0
7	checked	1	0	reset	150	26.51	0
7	checked	1	0	reset	151	26.731	0
7	checked	1	0	reset	152	27.121	0
7	checked	1	0	reset	153	26.561	0
7	checked	1	0	reset	154	26.22	0
7	checked	1	0	reset	155	26.51	0
7	checked	1	0	reset	156	26.63	0
7	checked	1	0	reset	157	26.49	0
7	checked	1	0	reset	158	26.209	0
7	checked	1	0	reset	159	26.61	0
7	checked	1	0	reset	160	26.91	0
7	checked	1	0	reset	161	26.84	0
7	checked	1	0	reset	162	26.3	0
7	checked	1	0	reset	163	26.78	0
7	checked	1	0	reset	164	26.72	0
7	checked	1	0	reset	165	26.991	0
7	checked	1	0	reset	166	26.39	0
7	checked	1	0	reset	167	32.331	0
7	checked	1	0	reset	168	26.641	0
7	checked	1	0	reset	169	26.591	0
7	checked	1	0	reset	170	26.41	0
7	checked	1	0	reset	171	30.016	0
7	checked	1	0	reset	172	26.089	0
7	checked	1	0	reset	173	26.59	0
7	checked	1	0	reset	174	26.3	0
7	checked	1	0	reset	175	26.961	0
7	checked	1	0	reset	176	26.3	0
7	checked	1	0	reset	177	26.61	0
7	checked	1	0	reset	178	26.309	0
7	checked	1	0	reset	179	26.961	0
7	checked	1	0	reset	180	26.19	0
7	checked	1	0	reset	181	26.601	0
7	checked	1	0	reset	182	26.48	0
7	checked	1	0	reset	183	26.981	0
7	checked	1	0	reset	184	26.37	0
7	checked	1	0	reset	185	26.61	0
7	checked	1	0	reset	186	26.26	0
7	checked	1	0	reset	187	27.031	0
7	checked	1	0	reset	188	26.37	0
7	checked	1	0	reset	189	26.641	0
7	checked	1	0	reset	190	26.27	0
7	checked	1	0	reset	191	26.991	0
7	checked	1	0	reset	192	26.419	0
7	checked	1	0	reset	193	26.571	0
7	checked	1	0	reset	194	26.279	0
7	checked	1	0	reset	195	27.071	0
7	checked	1	0	reset	196	26.269	0
7	checked	1	0	reset	197	26.51	0
7	checked	1	0	reset	198	26.27	0
7	checked	1	0	reset	199	26.891	0
7	checked	1	0	reset	200	49.193	0
7	unsafe	1	0	reset	1	0.09	0
7	unsafe	1	0	reset	2	0.04	0
7	unsafe	1	0	reset	3	0.04	0
7	unsafe	1	0	reset	4	0.05	0
7	unsafe	1	0	reset	5	0.08	0
7	unsafe	1	0	reset	6	0.05	0
7	unsafe	1	0	reset	7	0.04	0
7	unsafe	1	0	reset	8	0.04	0
7	unsafe	1	0	reset	9	0.13	0
7	unsafe	1	0	reset	10	0.05	0
7	unsafe	1	0	reset	11	0.04	0
7	unsafe	1	0	reset	12	0.05	0
7	unsafe	1	0	reset	13	0.04	0
7	unsafe	1	0	reset	14	0.07	0
7	unsafe	1	0	reset	15	0.04	0
7	unsafe	1	0	reset	16	0.051	0
7	unsafe	1	0	reset	17	0.04	0
7	unsafe	1	0	reset	18	0.051	0
7	unsafe	1	0	reset	19	0.09	0
7	unsafe	1	0	reset	20	0.04	0
7	unsafe	1	0	reset	21	0.04	0
7	unsafe	1	0	reset	22	0.04	0
7	unsafe	1	0	reset	23	0.06	0
7	unsafe	1	0	reset	24	0.08	0
7	unsafe	1	0	reset	25	0.04	0
7	unsafe	1	0	reset	26	0.05	0
7	unsafe	1	0	reset	27	0.04	0
7	unsafe	1	0	reset	28	0.08	0
7	unsafe	1	0	reset	29	0.05	0
7	unsafe	1	0	reset	30	0.05	0
7	unsafe	1	0	reset	31	0.05	0
7	unsafe	1	0	reset	32	0.07	0
7	unsafe	1	0	reset	33	0.081	0
7	unsafe	1	0	reset	34	0.05	0
7	unsafe	1	0	reset	35	0.05	0
7	unsafe	1	0	reset	36	0.05	0
7	unsafe	1	0	reset	37	0.06	0
7	unsafe	1	0	reset	38	0.081	0
7	unsafe	1	0	reset	39	0.04	0
7	unsafe	1	0	reset	40	0.05	0
7	unsafe	1	0	reset	41	0.05	0
7	unsafe	1	0	reset	42	0.11	0
7	unsafe	1	0	reset	43	0.05	0
7	unsafe	1	0	reset	44	0.05	0
7	unsafe	1	0	reset	45	0.05	0
7	unsafe	1	0	reset	46	0.06	0
7	unsafe	1	0	reset	47	0.08	0
7	unsafe	1	0	reset	48	0.04	0
7	unsafe	1	0	reset	49	0.05	0
7	unsafe	1	0	reset	50	0.07	0
7	unsafe	1	0	reset	51	0.051	0
7	unsafe	1	0	reset	52	0.09	0
7	unsafe	1	0	reset	53	0.04	0
7	unsafe	1	0	reset	54	0.051	0
7	unsafe	1	0	reset	55	0.06	0
7	unsafe	1	0	reset	56	0.07	0
7	unsafe	1	0	reset	57	0.041	0
7	unsafe	1	0	reset	58	0.05	0
7	unsafe	1	0	reset	59	0.05	0
7	unsafe	1	0	reset	60	0.05	0
7	unsafe	1	0	reset	61	0.08	0
7	unsafe	1	0	reset	62	0.05	0
7	unsafe	1	0	reset	63	0.05	0
7	unsafe	1	0	reset	64	0.06	0
7	unsafe	1	0	reset	65	0.05	0
7	unsafe	1	0	reset	66	0.08	0
7	unsafe	1	0	reset	67	0.04	0
7	unsafe	1	0	reset	68	0.05	0
7	unsafe	1	0	reset	69	0.061	0
7	unsafe	1	0	reset	70	0.06	0
7	unsafe	1	0	reset	71	0.07	0
7	unsafe	1	0	reset	72	0.05	0
7	unsafe	1	0	reset	73	0.051	0
7	unsafe	1	0	reset	74	0.06	0
7	unsafe	1	0	reset	75	0.07	0
7	unsafe	1	0	reset	76	0.05	0
7	unsafe	1	0	reset	77	0.05	0
7	unsafe	1	0	reset	78	0.08	0
7	unsafe	1	0	reset	79	0.04	0
7	unsafe	1	0	reset	80	0.091	0
7	unsafe	1	0	reset	81	0.05	0
7	unsafe	1	0	reset	82	0.05	0
7	unsafe	1	0	reset	83	0.05	0
7	unsafe	1	0	reset	84	0.061	0
7	unsafe	1	0	reset	85	0.09	0
7	unsafe	1	0	reset	86	0.04	0
7	unsafe	1	0	reset	87	0.05	0
7	unsafe	1	0	reset	88	0.061	0
7	unsafe	1	0	reset	89	0.07	0
7	unsafe	1	0	reset	90	0.04	0
7	unsafe	1	0	reset	91	0.05	0
7	unsafe	1	0	reset	92	0.05	0
7	unsafe	1	0	reset	93	0.05	0
7	unsafe	1	0	reset	94	0.081	0
7	unsafe	1	0	reset	95	0.04	0
7	unsafe	1	0	reset	96	0.05	0
7	unsafe	1	0	reset	97	0.05	0
7	unsafe	1	0	reset	98	0.06	0
7	unsafe	1	0	reset	99	0.08	0
7	unsafe	1	0	reset	100	0.04	0
7	unsafe	1	0	reset	101	0.08	0
7	unsafe	1	0	reset	102	0.05	0
7	unsafe	1	0	reset	103	0.111	0
7	unsafe	1	0	reset	104	0.06	0
7	unsafe	1	0	reset	105	0.05	0
7	unsafe	1	0	reset	106	0.04	0
7	unsafe	1	0	reset	107	0.06	0
7	unsafe	1	0	reset	108	0.05	0
7	unsafe	1	0	reset	109	0.051	0
7	unsafe	1	0	reset	110	0.05	0
7	unsafe	1	0	reset	111	0.05	0
7	unsafe	1	0	reset	112	0.08	0
7	unsafe	1	0	reset	113	0.04	0
7	unsafe	1	0	reset	114	0.05	0
7	unsafe	1	0	reset	115	0.05	0
7	unsafe	1	0	reset	116	0.06	0
7	unsafe	1	0	reset	117	0.09	0
7	unsafe	1	0	reset	118	0.05	0
7	unsafe	1	0	reset	119	0.11	0
7	unsafe	1	0	reset	120	0.08	0
7	unsafe	1	0	reset	121	0.04	0
7	unsafe	1	0	reset	122	0.04	0
7	unsafe	1	0	reset	123	0.04	0
7	unsafe	1	0	reset	124	0.04	0
7	unsafe	1	0	reset	125	0.06	0
7	unsafe	1	0	reset	126	0.04	0
7	unsafe	1	0	reset	127	0.04	0
7	unsafe	1	0	reset	128	0.05	0
7	unsafe	1	0	reset	129	0.05	0
7	unsafe	1	0	reset	130	0.1	0
7	unsafe	1	0	reset	131	0.04	0
7	unsafe	1	0	reset	132	0.06	0
7	unsafe	1	0	reset	133	0.05	0
7	unsafe	1	0	reset	134	0.05	0
7	unsafe	1	0	reset	135	0.08	0
7	unsafe	1	0	reset	136	0.051	0
7	unsafe	1	0	reset	137	0.04	0
7	unsafe	1	0	reset	138	0.06	0
7	unsafe	1	0	reset	139	0.07	0
7	unsafe	1	0	reset	140	0.05	0
7	unsafe	1	0	reset	141	0.05	0
7	unsafe	1	0	reset	142	0.06	0
7	unsafe	1	0	reset	143	0.06	0
7	unsafe	1	0	reset	144	0.08	0
7	unsafe	1	0	reset	145	0.051	0
7	unsafe	1	0	reset	146	0.05	0
7	unsafe	1	0	reset	147	0.06	0
7	unsafe	1	0	reset	148	0.06	0
7	unsafe	1	0	reset	149	0.09	0
7	unsafe	1	0	reset	150	0.05	0
7	unsafe	1	0	reset	151	0.04	0
7	unsafe	1	0	reset	152	0.06	0
7	unsafe	1	0	reset	153	0.08	0
7	unsafe	1	0	reset	154	0.091	0
7	unsafe	1	0	reset	155	0.05	0
7	unsafe	1	0	reset	156	0.05	0
7	unsafe	1	0	reset	157	0.05	0
7	unsafe	1	0	reset	158	0.11	0
7	unsafe	1	0	reset	159	0.04	0
7	unsafe	1	0	reset	160	0.051	0
7	unsafe	1	0	reset	161	0.05	0
7	unsafe	1	0	reset	162	0.06	0
7	unsafe	1	0	reset	163	0.09	0
7	unsafe	1	0	reset	164	0.05	0
7	unsafe	1	0	reset	165	0.04	0
7	unsafe	1	0	reset	166	0.05	0
7	unsafe	1	0	reset	167	0.09	0
7	unsafe	1	0	reset	168	0.05	0
7	unsafe	1	0	reset	169	0.05	0
7	unsafe	1	0	reset	170	0.061	0
7	unsafe	1	0	reset	171	0.051	0
7	unsafe	1	0	reset	172	0.1	0
7	unsafe	1	0	reset	173	0.04	0
7	unsafe	1	0	reset	174	0.051	0
7	unsafe	1	0	reset	175	0.06	0
7	unsafe	1	0	reset	176	0.06	0
7	unsafe	1	0	reset	177	0.071	0
7	unsafe	1	0	reset	178	0.04	0
7	unsafe	1	0	reset	179	0.04	0
7	unsafe	1	0	reset	180	0.06	0
7	unsafe	1	0	reset	181	0.111	0
7	unsafe	1	0	reset	182	0.04	0
7	unsafe	1	0	reset	183	0.05	0
7	unsafe	1	0	reset	184	0.081	0
7	unsafe	1	0	reset	185	0.05	0
7	unsafe	1	0	reset	186	0.08	0
7	unsafe	1	0	reset	187	0.04	0
7	unsafe	1	0	reset	188	0.05	0
7	unsafe	1	0	reset	189	0.06	0
7	unsafe	1	0	reset	190	0.06	0
7	unsafe	1	0	reset	191	0.101	0
7	unsafe	1	0	reset	192	0.05	0
7	unsafe	1	0	reset	193	0.05	0
7	unsafe	1	0	reset	194	0.06	0
7	unsafe	1	0	reset	195	0.05	0
7	unsafe	1	0	reset	196	0.09	0
7	unsafe	1	0	reset	197	0.04	0
7	unsafe	1	0	reset	198	0.06	0
7	unsafe	1	0	reset	199	0.05	0
7	unsafe	1	0	reset	200	0.09	0
7	checked	4	3	reset	1	63.56	0
7	checked	4	3	reset	2	56.456	0
7	checked	4	3	reset	3	40.456	0
7	checked	4	3	reset	4	41.258	0
7	checked	4	3	reset	5	37.16	0
7	checked	4	3	reset	6	39.675	0
7	checked	4	3	reset	7	143.16	0
7	checked	4	3	reset	8	99.608	0
7	checked	4	3	reset	9	232.709	0
7	checked	4	3	reset	10	39.605	0
7	checked	4	3	reset	11	39.053	0
7	checked	4	3	reset	12	36.028	0
7	checked	4	3	reset	13	36.849	0
7	checked	4	3	reset	14	44.324	0
7	checked	4	3	reset	15	38.272	0
7	checked	4	3	reset	16	74.701	0
7	checked	4	3	reset	17	47.941	0
7	checked	4	3	reset	18	41.609	0
7	checked	4	3	reset	19	51.186	0
7	checked	4	3	reset	20	39.324	0
7	checked	4	3	reset	21	41.488	0
7	checked	4	3	reset	22	39.114	0
7	checked	4	3	reset	23	41.458	0
7	checked	4	3	reset	24	38.863	0
7	checked	4	3	reset	25	40.566	0
7	checked	4	3	reset	26	40.326	0
7	checked	4	3	reset	27	40.887	0
7	checked	4	3	reset	28	37.841	0
7	checked	4	3	reset	29	39.645	0
7	checked	4	3	reset	30	40.526	0
7	checked	4	3	reset	31	39.244	0
7	checked	4	3	reset	32	37.4	0
7	checked	4	3	reset	33	39.184	0
7	checked	4	3	reset	34	34.906	0
7	checked	4	3	reset	35	36.109	0
7	checked	4	3	reset	36	36.339	0
7	checked	4	3	reset	37	34.525	0
7	checked	4	3	reset	38	34.204	0
7	checked	4	3	reset	39	34.245	0
7	checked	4	3	reset	40	34.024	0
7	checked	4	3	reset	41	35.097	0
7	checked	4	3	reset	42	34.335	0
7	checked	4	3	reset	43	35.998	0
7	checked	4	3	reset	44	34.465	0
7	checked	4	3	reset	45	34.675	0
7	checked	4	3	reset	46	34.746	0
7	checked	4	3	reset	47	35.798	0
7	checked	4	3	reset	48	33.964	0
7	checked	4	3	reset	49	36.97	0
7	checked	4	3	reset	50	34.595	0
7	checked	4	3	reset	51	35.808	0
7	checked	4	3	reset	52	34.806	0
7	checked	4	3	reset	53	46.638	0
7	checked	4	3	reset	54	37.391	0
7	checked	4	3	reset	55	38.151	0
7	checked	4	3	reset	56	36.269	0
7	checked	4	3	reset	57	36.97	0
7	checked	4	3	reset	58	36.369	0
7	checked	4	3	reset	59	34.244	0
7	checked	4	3	reset	60	35.416	0
7	checked	4	3	reset	61	36.308	0
7	checked	4	3	reset	62	34.846	0
7	checked	4	3	reset	63	34.455	0
7	checked	4	3	reset	64	35.638	0
7	checked	4	3	reset	65	37.561	0
7	checked	4	3	reset	66	34.365	0
7	checked	4	3	reset	67	35.026	0
7	checked	4	3	reset	68	34.876	0
7	checked	4	3	reset	69	49.524	0
7	checked	4	3	reset	70	37.36	0
7	checked	4	3	reset	71	37.47	0
7	checked	4	3	reset	72	35.677	0
7	checked	4	3	reset	73	35.126	0
7	checked	4	3	reset	74	34.475	0
7	checked	4	3	reset	75	36.028	0
7	checked	4	3	reset	76	35.016	0
7	checked	4	3	reset	77	36.92	0
7	checked	4	3	reset	78	35.758	0
7	checked	4	3	reset	79	34.164	0
7	checked	4	3	reset	80	35.016	0
7	checked	4	3	reset	81	34.946	0
7	checked	4	3	reset	82	35.477	0
7	checked	4	3	reset	83	34.355	0
7	checked	4	3	reset	84	35.377	0
7	checked	4	3	reset	85	35.927	0
7	checked	4	3	reset	86	36.449	0
7	checked	4	3	reset	87	34.826	0
7	checked	4	3	reset	88	34.214	0
7	checked	4	3	reset	89	34.215	0
7	checked	4	3	reset	90	35.657	0
7	checked	4	3	reset	91	34.976	0
7	checked	4	3	reset	92	36.098	0
7	checked	4	3	reset	93	35.828	0
7	checked	4	3	reset	94	34.816	0
7	checked	4	3	reset	95	34.234	0
7	checked	4	3	reset	96	34.986	0
7	checked	4	3	reset	97	36.88	0
7	checked	4	3	reset	98	33.944	0
7	checked	4	3	reset	99	35.847	0
7	checked	4	3	reset	100	34.475	0
7	checked	4	3	reset	101	37.401	0
7	checked	4	3	reset	102	37.541	0
7	checked	4	3	reset	103	37.19	0
7	checked	4	3	reset	104	35.076	0
7	checked	4	3	reset	105	37.701	0
7	checked	4	3	reset	106	34.735	0
7	checked	4	3	reset	107	34.656	0
7	checked	4	3	reset	108	36.339	0
7	checked	4	3	reset	109	36.298	0
7	checked	4	3	reset	110	36.369	0
7	checked	4	3	reset	111	36.508	0
7	checked	4	3	reset	112	36.319	0
7	checked	4	3	reset	113	37.581	0
7	checked	4	3	reset	114	35.467	0
7	checked	4	3	reset	115	34.264	0
7	checked	4	3	reset	116	34.495	0
7	checked	4	3	reset	117	38.683	0
7	checked	4	3	reset	118	37.35	0
7	checked	4	3	reset	119	35.587	0
7	checked	4	3	reset	120	36.138	0
7	checked	4	3	reset	121	34.516	0
7	checked	4	3	reset	122	34.004	0
7	checked	4	3	reset	123	34.084	0
7	checked	4	3	reset	124	35.678	0
7	checked	4	3	reset	125	34.946	0
7	checked	4	3	reset	126	35.297	0
7	checked	4	3	reset	127	35.267	0
7	checked	4	3	reset	128	33.814	0
7	checked	4	3	reset	129	34.895	0
7	checked	4	3	reset	130	34.004	0
7	checked	4	3	reset	131	34.365	0
7	checked	4	3	reset	132	33.934	0
7	checked	4	3	reset	133	34.605	0
7	checked	4	3	reset	134	35.036	0
7	checked	4	3	reset	135	34.054	0
7	checked	4	3	reset	136	33.904	0
7	checked	4	3	reset	137	41.428	0
7	checked	4	3	reset	138	34.475	0
7	checked	4	3	reset	139	34.114	0
7	checked	4	3	reset	140	34.205	0
7	checked	4	3	reset	141	47.961	0
7	checked	4	3	reset	142	34.135	0
7	checked	4	3	reset	143	35.297	0
7	checked	4	3	reset	144	35.617	0
7	checked	4	3	reset	145	41.909	0
7	checked	4	3	reset	146	34.786	0
7	checked	4	3	reset	147	34.715	0
7	checked	4	3	reset	148	33.843	0
7	checked	4	3	reset	149	34.635	0
7	checked	4	3	reset	150	34.976	0
7	checked	4	3	reset	151	35.697	0
7	checked	4	3	reset	152	34.996	0
7	checked	4	3	reset	153	34.615	0
7	checked	4	3	reset	154	35.467	0
7	checked	4	3	reset	155	34.705	0
7	checked	4	3	reset	156	34.014	0
7	checked	4	3	reset	157	34.425	0
7	checked	4	3	reset	158	34.315	0
7	checked	4	3	reset	159	35.106	0
7	checked	4	3	reset	160	35.627	0
7	checked	4	3	reset	161	35.307	0
7	checked	4	3	reset	162	34.605	0
7	checked	4	3	reset	163	34.435	0
7	checked	4	3	reset	164	33.814	0
7	checked	4	3	reset	165	35.557	0
7	checked	4	3	reset	166	35.247	0
7	checked	4	3	reset	167	35.006	0
7	checked	4	3	reset	168	34.074	0
7	checked	4	3	reset	169	35.798	0
7	checked	4	3	reset	170	35.818	0
7	checked	4	3	reset	171	35.567	0
7	checked	4	3	reset	172	34.244	0
7	checked	4	3	reset	173	34.745	0
7	checked	4	3	reset	174	34.445	0
7	checked	4	3	reset	175	35.868	0
7	checked	4	3	reset	176	34.075	0
7	checked	4	3	reset	177	34.375	0
7	checked	4	3	reset	178	35.407	0
7	checked	4	3	reset	179	33.564	0
7	checked	4	3	reset	180	34.045	0
7	checked	4	3	reset	181	35.307	0
7	checked	4	3	reset	182	34.415	0
7	checked	4	3	reset	183	35.096	0
7	checked	4	3	reset	184	35.768	0
7	checked	4	3	reset	185	35.407	0
7	checked	4	3	reset	186	35.707	0
7	checked	4	3	reset	187	33.863	0
7	checked	4	3	reset	188	35.757	0
7	checked	4	3	reset	189	34.866	0
7	checked	4	3	reset	190	45.095	0
7	checked	4	3	reset	191	36.99	0
7	checked	4	3	reset	192	37.03	0
7	checked	4	3	reset	193	34.956	0
7	checked	4	3	reset	194	35.437	0
7	checked	4	3	reset	195	34.776	0
7	checked	4	3	reset	196	34.946	0
7	checked	4	3	reset	197	34.846	0
7	checked	4	3	reset	198	35.787	0
7	checked	4	3	reset	199	35.567	0
7	checked	4	3	reset	200	34.174	0
7	checked	4	3	stall	1	82.195	0
7	checked	4	3	stall	2	83.438	0
7	checked	4	3	stall	3	68.549	0
7	unsafe	4	3	reset	1	0.26	0
7	unsafe	4	3	reset	2	0.051	0
7	unsafe	4	3	reset	3	0.07	0
7	unsafe	4	3	reset	4	0.08	0
7	unsafe	4	3	reset	5	0.071	0
7	unsafe	4	3	reset	6	0.06	0
7	unsafe	4	3	reset	7	0.07	0
7	unsafe	4	3	reset	8	0.08	0
7	unsafe	4	3	reset	9	0.09	0
7	unsafe	4	3	reset	10	0.07	0
7	unsafe	4	3	reset	11	0.09	0
7	unsafe	4	3	reset	12	0.09	0
7	unsafe	4	3	reset	13	0.06	0
7	unsafe	4	3	reset	14	0.171	0
7	unsafe	4	3	reset	15	0.07	0
7	unsafe	4	3	reset	16	0.05	0
7	unsafe	4	3	reset	17	0.05	0
7	unsafe	4	3	reset	18	0.07	0
7	unsafe	4	3	reset	19	0.06	0
7	unsafe	4	3	reset	20	0.06	0
7	unsafe	4	3	reset	21	0.05	0
7	unsafe	4	3	reset	22	0.051	0
7	unsafe	4	3	reset	23	0.06	0
7	unsafe	4	3	reset	24	0.07	0
7	unsafe	4	3	reset	25	0.06	0
7	unsafe	4	3	reset	26	0.06	0
7	unsafe	4	3	reset	27	0.06	0
7	unsafe	4	3	reset	28	0.05	0
7	unsafe	4	3	reset	29	0.09	0
7	unsafe	4	3	reset	30	0.05	0
7	unsafe	4	3	reset	31	0.05	0
7	unsafe	4	3	reset	32	0.06	0
7	unsafe	4	3	reset	33	0.05	0
7	unsafe	4	3	reset	34	0.08	0
7	unsafe	4	3	reset	35	0.051	0
7	unsafe	4	3	reset	36	0.05	0
7	unsafe	4	3	reset	37	0.07	0
7	unsafe	4	3	reset	38	0.05	0
7	unsafe	4	3	reset	39	0.05	0
7	unsafe	4	3	reset	40	0.05	0
7	unsafe	4	3	reset	41	0.06	0
7	unsafe	4	3	reset	42	0.061	0
7	unsafe	4	3	reset	43	0.06	0
7	unsafe	4	3	reset	44	0.06	0
7	unsafe	4	3	reset	45	0.05	0
7	unsafe	4	3	reset	46	0.07	0
7	unsafe	4	3	reset	47	0.05	0
7	unsafe	4	3	reset	48	0.07	0
7	unsafe	4	3	reset	49	0.061	0
7	unsafe	4	3	reset	50	0.05	0
7	unsafe	4	3	reset	51	0.06	0
7	unsafe	4	3	reset	52	0.05	0
7	unsafe	4	3	reset	53	0.08	0
7	unsafe	4	3	reset	54	0.06	0
7	unsafe	4	3	reset	55	0.06	0
7	unsafe	4	3	reset	56	0.07	0
7	unsafe	4	3	reset	57	0.06	0
7	unsafe	4	3	reset	58	0.05	0
7	unsafe	4	3	reset	59	0.07	0
7	unsafe	4	3	reset	60	0.06	0
7	unsafe	4	3	reset	61	0.081	0
7	unsafe	4	3	reset	62	0.061	0
7	unsafe	4	3	reset	63	0.06	0
7	unsafe	4	3	reset	64	0.05	0
7	unsafe	4	3	reset	65	0.05	0
7	unsafe	4	3	reset	66	0.06	0
7	unsafe	4	3	reset	67	0.07	0
7	unsafe	4	3	reset	68	0.05	0
7	unsafe	4	3	reset	69	0.06	0
7	unsafe	4	3	reset	70	0.05	0
7	unsafe	4	3	reset	71	0.06	0
7	unsafe	4	3	reset	72	0.06	0
7	unsafe	4	3	reset	73	0.06	0
7	unsafe	4	3	reset	74	0.051	0
7	unsafe	4	3	reset	75	0.071	0
7	unsafe	4	3	reset	76	0.091	0
7	unsafe	4	3	reset	77	0.05	0
7	unsafe	4	3	reset	78	0.06	0
7	unsafe	4	3	reset	79	0.06	0
7	unsafe	4	3	reset	80	0.07	0
7	unsafe	4	3	reset	81	0.06	0
7	unsafe	4	3	reset	82	0.05	0
7	unsafe	4	3	reset	83	0.06	0
7	unsafe	4	3	reset	84	0.07	0
7	unsafe	4	3	reset	85	0.07	0
7	unsafe	4	3	reset	86	0.07	0
7	unsafe	4	3	reset	87	0.07	0
7	unsafe	4	3	reset	88	0.061	0
7	unsafe	4	3	reset	89	0.06	0
7	unsafe	4	3	reset	90	0.06	0
7	unsafe	4	3	reset	91	0.06	0
7	unsafe	4	3	reset	92	0.05	0
7	unsafe	4	3	reset	93	0.061	0
7	unsafe	4	3	reset	94	0.07	0
7	unsafe	4	3	reset	95	0.09	0
7	unsafe	4	3	reset	96	0.06	0
7	unsafe	4	3	reset	97	0.06	0
7	unsafe	4	3	reset	98	0.08	0
7	unsafe	4	3	reset	99	0.06	0
7	unsafe	4	3	reset	100	0.05	0
7	unsafe	4	3	reset	101	0.05	0
7	unsafe	4	3	reset	102	0.05	0
7	unsafe	4	3	reset	103	0.08	0
7	unsafe	4	3	reset	104	0.06	0
7	unsafe	4	3	reset	105	0.07	0
7	unsafe	4	3	reset	106	0.05	0
7	unsafe	4	3	reset	107	0.06	0
7	unsafe	4	3	reset	108	0.06	0
7	unsafe	4	3	reset	109	0.06	0
7	unsafe	4	3	reset	110	0.05	0
7	unsafe	4	3	reset	111	0.06	0
7	unsafe	4	3	reset	112	0.06	0
7	unsafe	4	3	reset	113	0.07	0
7	unsafe	4	3	reset	114	0.06	0
7	unsafe	4	3	reset	115	0.06	0
7	unsafe	4	3	reset	116	0.06	0
7	unsafe	4	3	reset	117	0.06	0
7	unsafe	4	3	reset	118	0.06	0
7	unsafe	4	3	reset	119	0.06	0
7	unsafe	4	3	reset	120	0.06	0
7	unsafe	4	3	reset	121	0.061	0
7	unsafe	4	3	reset	122	0.06	0
7	unsafe	4	3	reset	123	0.07	0
7	unsafe	4	3	reset	124	0.08	0
7	unsafe	4	3	reset	125	0.06	0
7	unsafe	4	3	reset	126	0.06	0
7	unsafe	4	3	reset	127	0.07	0
7	unsafe	4	3	reset	128	0.06	0
7	unsafe	4	3	reset	129	0.05	0
7	unsafe	4	3	reset	130	0.05	0
7	unsafe	4	3	reset	131	0.07	0
7	unsafe	4	3	reset	132	0.061	0
7	unsafe	4	3	reset	133	0.06	0
7	unsafe	4	3	reset	134	0.05	0
7	unsafe	4	3	reset	135	0.061	0
7	unsafe	4	3	reset	136	0.05	0
7	unsafe	4	3	reset	137	0.06	0
7	unsafe	4	3	reset	138	0.06	0
7	unsafe	4	3	reset	139	0.06	0
7	unsafe	4	3	reset	140	0.06	0
7	unsafe	4	3	reset	141	0.06	0
7	unsafe	4	3	reset	142	0.06	0
7	unsafe	4	3	reset	143	0.081	0
7	unsafe	4	3	reset	144	0.051	0
7	unsafe	4	3	reset	145	0.07	0
7	unsafe	4	3	reset	146	0.061	0
7	unsafe	4	3	reset	147	0.07	0
7	unsafe	4	3	reset	148	0.06	0
7	unsafe	4	3	reset	149	0.06	0
7	unsafe	4	3	reset	150	0.06	0
7	unsafe	4	3	reset	151	0.06	0
7	unsafe	4	3	reset	152	0.07	0
7	unsafe	4	3	reset	153	0.06	0
7	unsafe	4	3	reset	154	0.06	0
7	unsafe	4	3	reset	155	0.06	0
7	unsafe	4	3	reset	156	0.05	0
7	unsafe	4	3	reset	157	0.08	0
7	unsafe	4	3	reset	158	0.05	0
7	unsafe	4	3	reset	159	0.06	0
7	unsafe	4	3	reset	160	0.081	0
7	unsafe	4	3	reset	161	0.05	0
7	unsafe	4	3	reset	162	0.05	0
7	unsafe	4	3	reset	163	0.07	0
7	unsafe	4	3	reset	164	0.06	0
7	unsafe	4	3	reset	165	0.05	0
7	unsafe	4	3	reset	166	0.06	0
7	unsafe	4	3	reset	167	0.06	0
7	unsafe	4	3	reset	168	0.05	0
7	unsafe	4	3	reset	169	0.08	0
7	unsafe	4	3	reset	170	0.06	0
7	unsafe	4	3	reset	171	0.07	0
7	unsafe	4	3	reset	172	0.05	0
7	unsafe	4	3	reset	173	0.06	0
7	unsafe	4	3	reset	174	0.05	0
7	unsafe	4	3	reset	175	0.06	0
7	unsafe	4	3	reset	176	0.08	0
7	unsafe	4	3	reset	177	0.06	0
7	unsafe	4	3	reset	178	0.06	0
7	unsafe	4	3	reset	179	0.06	0
7	unsafe	4	3	reset	180	0.08	0
7	unsafe	4	3	reset	181	0.061	0
7	unsafe	4	3	reset	182	0.05	0
7	unsafe	4	3	reset	183	0.06	0
7	unsafe	4	3	reset	184	0.05	0
7	unsafe	4	3	reset	185	0.07	0
7	unsafe	4	3	reset	186	0.05	0
7	unsafe	4	3	reset	187	0.07	0
7	unsafe	4	3	reset	188	0.08	0
7	unsafe	4	3	reset	189	0.05	0
7	unsafe	4	3	reset	190	0.06	0
7	unsafe	4	3	reset	191	0.06	0
7	unsafe	4	3	reset	192	0.05	0
7	unsafe	4	3	reset	193	0.051	0
7	unsafe	4	3	reset	194	0.06	0
7	unsafe	4	3	reset	195	0.05	0
7	unsafe	4	3	reset	196	0.06	0
7	unsafe	4	3	reset	197	0.06	0
7	unsafe	4	3	reset	198	0.05	0
7	unsafe	4	3	reset	199	0.09	0
7	unsafe	4	3	reset	200	0.05	0
7	unsafe	4	3	stall	1	22.893	0
7	unsafe	4	3	stall	2	27.702	0
7	unsafe	4	3	stall	3	0.0	0
7	checked	8	7	reset	1	71.184	0
7	checked	8	7	reset	2	53.401	0
7	checked	8	7	reset	3	46.017	0
7	checked	8	7	reset	4	42.73	0
7	checked	8	7	reset	5	40.095	0
7	checked	8	7	reset	6	42.02	0
7	checked	8	7	reset	7	83.176	0
7	checked	8	7	reset	8	95.59	0
7	checked	8	7	reset	9	379.255	0
7	checked	8	7	reset	10	43.402	0
7	checked	8	7	reset	11	37.931	0
7	checked	8	7	reset	12	40.427	0
7	checked	8	7	reset	13	37.921	0
7	checked	8	7	reset	14	70.483	0
7	checked	8	7	reset	15	84.319	0
7	checked	8	7	reset	16	63.991	0
7	checked	8	7	reset	17	59.031	0
7	checked	8	7	reset	18	3263.126	0
7	checked	8	7	reset	19	68.93	0
7	checked	8	7	reset	20	54.623	0
7	checked	8	7	reset	21	53.17	0
7	checked	8	7	reset	22	67.387	0
7	checked	8	7	reset	23	61.146	0
7	checked	8	7	reset	24	61.155	0
7	checked	8	7	reset	25	43.081	0
7	checked	8	7	reset	26	57.118	0
7	checked	8	7	reset	27	55.014	0
7	checked	8	7	reset	28	42.86	0
7	checked	8	7	reset	29	41.578	0
7	checked	8	7	reset	30	41.969	0
7	checked	8	7	reset	31	42.04	0
7	checked	8	7	reset	32	41.578	0
7	checked	8	7	reset	33	41.188	0
7	checked	8	7	reset	34	41.358	0
7	checked	8	7	reset	35	46.779	0
7	checked	8	7	reset	36	42.591	0
7	checked	8	7	reset	37	41.368	0
7	checked	8	7	reset	38	42.19	0
7	checked	8	7	reset	39	42.33	0
7	checked	8	7	reset	40	50.045	0
7	checked	8	7	reset	41	42.771	0
7	checked	8	7	reset	42	41.157	0
7	checked	8	7	reset	43	41.017	0
7	checked	8	7	reset	44	41.237	0
7	checked	8	7	reset	45	41.919	0
7	checked	8	7	reset	46	41.879	0
7	checked	8	7	reset	47	41.177	0
7	checked	8	7	reset	48	41.949	0
7	checked	8	7	reset	49	42.45	0
7	checked	8	7	reset	50	41.899	0
7	checked	8	7	reset	51	41.589	0
7	checked	8	7	reset	52	43.362	0
7	checked	8	7	reset	53	41.578	0
7	checked	8	7	reset	54	41.178	0
7	checked	8	7	reset	55	41.969	0
7	checked	8	7	reset	56	41.328	0
7	checked	8	7	reset	57	41.228	0
7	checked	8	7	reset	58	41.048	0
7	checked	8	7	reset	59	41.579	0
7	checked	8	7	reset	60	40.446	0
7	checked	8	7	reset	61	41.067	0
7	checked	8	7	reset	62	41.288	0
7	checked	8	7	reset	63	41.569	0
7	checked	8	7	reset	64	45.185	0
7	checked	8	7	reset	65	41.739	0
7	checked	8	7	reset	66	42.03	0
7	checked	8	7	reset	67	40.476	0
7	checked	8	7	reset	68	40.306	0
7	checked	8	7	reset	69	42.099	0
7	checked	8	7	reset	70	41.077	0
7	checked	8	7	reset	71	41.268	0
7	checked	8	7	reset	72	40.246	0
7	checked	8	7	reset	73	40.646	0
7	checked	8	7	reset	74	40.356	0
7	checked	8	7	reset	75	41.268	0
7	checked	8	7	reset	76	45.586	0
7	checked	8	7	reset	77	40.997	0
7	checked	8	7	reset	78	41.508	0
7	checked	8	7	reset	79	41.248	0
7	checked	8	7	reset	80	41.589	0
7	checked	8	7	reset	81	41.168	0
7	checked	8	7	reset	82	41.358	0
7	checked	8	7	reset	83	42.03	0
7	checked	8	7	reset	84	41.618	0
7	checked	8	7	reset	85	41.668	0
7	checked	8	7	reset	86	41.668	0
7	checked	8	7	reset	87	41.939	0
7	checked	8	7	reset	88	44.935	0
7	checked	8	7	reset	89	39.825	0
7	checked	8	7	reset	90	41.859	0
7	checked	8	7	reset	91	39.785	0
7	checked	8	7	reset	92	40.386	0
7	checked	8	7	reset	93	42.831	0
7	checked	8	7	reset	94	42.099	0
7	checked	8	7	reset	95	41.548	0
7	checked	8	7	reset	96	41.348	0
7	checked	8	7	reset	97	40.667	0
7	checked	8	7	reset	98	40.657	0
7	checked	8	7	reset	99	40.456	0
7	checked	8	7	reset	100	44.595	0
7	checked	8	7	reset	101	41.548	0
7	checked	8	7	reset	102	39.826	0
7	checked	8	7	reset	103	39.073	0
7	checked	8	7	reset	104	39.474	0
7	checked	8	7	reset	105	39.945	0
7	checked	8	7	reset	106	39.956	0
7	checked	8	7	reset	107	39.535	0
7	checked	8	7	reset	108	40.155	0
7	checked	8	7	reset	109	40.175	0
7	checked	8	7	reset	110	41.408	0
7	checked	8	7	reset	111	41.098	0
7	checked	8	7	reset	112	40.095	0
7	checked	8	7	reset	113	42.229	0
7	checked	8	7	reset	114	40.055	0
7	checked	8	7	reset	115	41.468	0
7	checked	8	7	reset	116	41.819	0
7	checked	8	7	reset	117	40.246	0
7	checked	8	7	reset	118	40.656	0
7	checked	8	7	reset	119	39.895	0
7	checked	8	7	reset	120	40.706	0
7	checked	8	7	reset	121	39.975	0
7	checked	8	7	reset	122	41.428	0
7	checked	8	7	reset	123	40.517	0
7	checked	8	7	reset	124	41.368	0
7	checked	8	7	reset	125	40.706	0
7	checked	8	7	reset	126	39.855	0
7	checked	8	7	reset	127	45.927	0
7	checked	8	7	reset	128	42.52	0
7	checked	8	7	reset	129	64.612	0
7	checked	8	7	reset	130	43.763	0
7	checked	8	7	reset	131	39.955	0
7	checked	8	7	reset	132	39.524	0
7	checked	8	7	reset	133	40.376	0
7	checked	8	7	reset	134	39.985	0
7	checked	8	7	reset	135	41.428	0
7	checked	8	7	reset	136	40.536	0
7	checked	8	7	reset	137	39.895	0
7	checked	8	7	reset	138	39.434	0
7	checked	8	7	reset	139	40.847	0
7	checked	8	7	reset	140	39.264	0
7	checked	8	7	reset	141	41.208	0
7	checked	8	7	reset	142	40.146	0
7	checked	8	7	reset	143	40.316	0
7	checked	8	7	reset	144	53.481	0
7	checked	8	7	reset	145	49.373	0
7	checked	8	7	reset	146	43.602	0
7	checked	8	7	reset	147	42.41	0
7	checked	8	7	reset	148	44.474	0
7	checked	8	7	reset	149	41.619	0
7	checked	8	7	reset	150	40.597	0
7	checked	8	7	reset	151	40.827	0
7	checked	8	7	reset	152	41.668	0
7	checked	8	7	reset	153	40.186	0
7	checked	8	7	reset	154	40.026	0
7	checked	8	7	reset	155	58.26	0
7	checked	8	7	reset	156	41.128	0
7	checked	8	7	reset	157	41.859	0
7	checked	8	7	reset	158	40.356	0
7	checked	8	7	reset	159	40.597	0
7	checked	8	7	reset	160	40.928	0
7	checked	8	7	reset	161	41.508	0
7	checked	8	7	reset	162	40.396	0
7	checked	8	7	reset	163	39.725	0
7	checked	8	7	reset	164	41.899	0
7	checked	8	7	reset	165	40.045	0
7	checked	8	7	reset	166	41.038	0
7	checked	8	7	reset	167	43.301	0
7	checked	8	7	reset	168	40.286	0
7	checked	8	7	reset	169	39.575	0
7	checked	8	7	reset	170	40.085	0
7	checked	8	7	reset	171	42.34	0
7	checked	8	7	reset	172	39.434	0
7	checked	8	7	reset	173	40.306	0
7	checked	8	7	reset	174	39.655	0
7	checked	8	7	reset	175	40.607	0
7	checked	8	7	reset	176	41.388	0
7	checked	8	7	reset	177	40.086	0
7	checked	8	7	reset	178	40.556	0
7	checked	8	7	reset	179	40.837	0
7	checked	8	7	reset	180	39.685	0
7	checked	8	7	reset	181	39.214	0
7	checked	8	7	reset	182	39.024	0
7	checked	8	7	reset	183	40.627	0
7	checked	8	7	reset	184	40.937	0
7	checked	8	7	reset	185	39.825	0
7	checked	8	7	reset	186	39.505	0
7	checked	8	7	reset	187	39.965	0
7	checked	8	7	reset	188	39.775	0
7	checked	8	7	reset	189	39.745	0
7	checked	8	7	reset	190	39.284	0
7	checked	8	7	reset	191	39.795	0
7	checked	8	7	reset	192	39.074	0
7	checked	8	7	reset	193	39.023	0
7	checked	8	7	reset	194	39.614	0
7	checked	8	7	reset	195	40.787	0
7	checked	8	7	reset	196	40.637	0
7	checked	8	7	reset	197	40.035	0
7	checked	8	7	reset	198	40.326	0
7	checked	8	7	reset	199	40.767	0
7	checked	8	7	reset	200	39.685	0
7	checked	8	7	stall	1	95.741	0
7	checked	8	7	stall	2	94.127	0
7	checked	8	7	stall	3	79.68	0
7	checked	8	7	stall	4	91.623	0
7	checked	8	7	stall	5	78.558	0
7	checked	8	7	stall	6	223.462	0
7	checked	8	7	stall	7	79.019	0
7	unsafe	8	7	reset	1	0.16	0
7	unsafe	8	7	reset	2	0.091	0
7	unsafe	8	7	reset	3	0.13	0
7	unsafe	8	7	reset	4	0.1	0
7	unsafe	8	7	reset	5	0.08	0
7	unsafe	8	7	reset	6	0.09	0
7	unsafe	8	7	reset	7	0.08	0
7	unsafe	8	7	reset	8	0.09	0
7	unsafe	8	7	reset	9	0.1	0
7	unsafe	8	7	reset	10	0.08	0
7	unsafe	8	7	reset	11	0.1	0
7	unsafe	8	7	reset	12	0.21	0
7	unsafe	8	7	reset	13	0.341	0
7	unsafe	8	7	reset	14	0.08	0
7	unsafe	8	7	reset	15	0.09	0
7	unsafe	8	7	reset	16	0.1	0
7	unsafe	8	7	reset	17	0.08	0
7	unsafe	8	7	reset	18	0.081	0
7	unsafe	8	7	reset	19	0.07	0
7	unsafe	8	7	reset	20	0.08	0
7	unsafe	8	7	reset	21	0.08	0
7	unsafe	8	7	reset	22	0.091	0
7	unsafe	8	7	reset	23	0.101	0
7	unsafe	8	7	reset	24	0.08	0
7	unsafe	8	7	reset	25	0.08	0
7	unsafe	8	7	reset	26	0.08	0
7	unsafe	8	7	reset	27	0.08	0
7	unsafe	8	7	reset	28	0.08	0
7	unsafe	8	7	reset	29	0.081	0
7	unsafe	8	7	reset	30	0.08	0
7	unsafe	8	7	reset	31	0.09	0
7	unsafe	8	7	reset	32	0.091	0
7	unsafe	8	7	reset	33	0.08	0
7	unsafe	8	7	reset	34	0.07	0
7	unsafe	8	7	reset	35	0.09	0
7	unsafe	8	7	reset	36	0.08	0
7	unsafe	8	7	reset	37	0.08	0
7	unsafe	8	7	reset	38	0.081	0
7	unsafe	8	7	reset	39	0.08	0
7	unsafe	8	7	reset	40	0.07	0
7	unsafe	8	7	reset	41	0.12	0
7	unsafe	8	7	reset	42	0.08	0
7	unsafe	8	7	reset	43	0.07	0
7	unsafe	8	7	reset	44	0.08	0
7	unsafe	8	7	reset	45	0.1	0
7	unsafe	8	7	reset	46	0.08	0
7	unsafe	8	7	reset	47	0.11	0
7	unsafe	8	7	reset	48	0.08	0
7	unsafe	8	7	reset	49	0.08	0
7	unsafe	8	7	reset	50	0.071	0
7	unsafe	8	7	reset	51	0.1	0
7	unsafe	8	7	reset	52	0.12	0
7	unsafe	8	7	reset	53	0.09	0
7	unsafe	8	7	reset	54	0.08	0
7	unsafe	8	7	reset	55	0.07	0
7	unsafe	8	7	reset	56	0.1	0
7	unsafe	8	7	reset	57	0.07	0
7	unsafe	8	7	reset	58	0.08	0
7	unsafe	8	7	reset	59	0.071	0
7	unsafe	8	7	reset	60	0.09	0
7	unsafe	8	7	reset	61	0.08	0
7	unsafe	8	7	reset	62	0.08	0
7	unsafe	8	7	reset	63	0.091	0
7	unsafe	8	7	reset	64	0.08	0
7	unsafe	8	7	reset	65	0.08	0
7	unsafe	8	7	reset	66	0.09	0
7	unsafe	8	7	reset	67	0.08	0
7	unsafe	8	7	reset	68	0.09	0
7	unsafe	8	7	reset	69	0.07	0
7	unsafe	8	7	reset	70	0.11	0
7	unsafe	8	7	reset	71	0.08	0
7	unsafe	8	7	reset	72	0.08	0
7	unsafe	8	7	reset	73	0.07	0
7	unsafe	8	7	reset	74	0.08	0
7	unsafe	8	7	reset	75	0.08	0
7	unsafe	8	7	reset	76	0.08	0
7	unsafe	8	7	reset	77	0.09	0
7	unsafe	8	7	reset	78	0.07	0
7	unsafe	8	7	reset	79	0.08	0
7	unsafe	8	7	reset	80	0.08	0
7	unsafe	8	7	reset	81	0.08	0
7	unsafe	8	7	reset	82	0.07	0
7	unsafe	8	7	reset	83	0.09	0
7	unsafe	8	7	reset	84	0.091	0
7	unsafe	8	7	reset	85	0.09	0
7	unsafe	8	7	reset	86	0.08	0
7	unsafe	8	7	reset	87	0.07	0
7	unsafe	8	7	reset	88	0.11	0
7	unsafe	8	7	reset	89	0.1	0
7	unsafe	8	7	reset	90	0.09	0
7	unsafe	8	7	reset	91	0.08	0
7	unsafe	8	7	reset	92	0.08	0
7	unsafe	8	7	reset	93	0.101	0
7	unsafe	8	7	reset	94	0.1	0
7	unsafe	8	7	reset	95	0.08	0
7	unsafe	8	7	reset	96	0.08	0
7	unsafe	8	7	reset	97	0.08	0
7	unsafe	8	7	reset	98	0.081	0
7	unsafe	8	7	reset	99	0.07	0
7	unsafe	8	7	reset	100	0.09	0
7	unsafe	8	7	reset	101	0.1	0
7	unsafe	8	7	reset	102	0.13	0
7	unsafe	8	7	reset	103	0.08	0
7	unsafe	8	7	reset	104	0.09	0
7	unsafe	8	7	reset	105	0.07	0
7	unsafe	8	7	reset	106	0.11	0
7	unsafe	8	7	reset	107	0.091	0
7	unsafe	8	7	reset	108	0.08	0
7	unsafe	8	7	reset	109	0.161	0
7	unsafe	8	7	reset	110	0.061	0
7	unsafe	8	7	reset	111	0.08	0
7	unsafe	8	7	reset	112	0.101	0
7	unsafe	8	7	reset	113	0.08	0
7	unsafe	8	7	reset	114	0.071	0
7	unsafe	8	7	reset	115	0.07	0
7	unsafe	8	7	reset	116	0.08	0
7	unsafe	8	7	reset	117	0.1	0
7	unsafe	8	7	reset	118	0.08	0
7	unsafe	8	7	reset	119	0.08	0
7	unsafe	8	7	reset	120	0.11	0
7	unsafe	8	7	reset	121	0.08	0
7	unsafe	8	7	reset	122	0.07	0
7	unsafe	8	7	reset	123	0.08	0
7	unsafe	8	7	reset	124	0.09	0
7	unsafe	8	7	reset	125	0.08	0
7	unsafe	8	7	reset	126	0.121	0
7	unsafe	8	7	reset	127	0.081	0
7	unsafe	8	7	reset	128	0.13	0
7	unsafe	8	7	reset	129	0.09	0
7	unsafe	8	7	reset	130	0.11	0
7	unsafe	8	7	reset	131	0.08	0
7	unsafe	8	7	reset	132	0.07	0
7	unsafe	8	7	reset	133	0.081	0
7	unsafe	8	7	reset	134	0.08	0
7	unsafe	8	7	reset	135	0.071	0
7	unsafe	8	7	reset	136	0.07	0
7	unsafe	8	7	reset	137	0.081	0
7	unsafe	8	7	reset	138	0.08	0
7	unsafe	8	7	reset	139	0.08	0
7	unsafe	8	7	reset	140	0.08	0
7	unsafe	8	7	reset	141	0.081	0
7	unsafe	8	7	reset	142	0.11	0
7	unsafe	8	7	reset	143	0.09	0
7	unsafe	8	7	reset	144	0.09	0
7	unsafe	8	7	reset	145	0.08	0
7	unsafe	8	7	reset	146	0.081	0
7	unsafe	8	7	reset	147	0.07	0
7	unsafe	8	7	reset	148	0.12	0
7	unsafe	8	7	reset	149	0.08	0
7	unsafe	8	7	reset	150	0.111	0
7	unsafe	8	7	reset	151	0.1	0
7	unsafe	8	7	reset	152	0.08	0
7	unsafe	8	7	reset	153	0.1	0
7	unsafe	8	7	reset	154	0.08	0
7	unsafe	8	7	reset	155	0.1	0
7	unsafe	8	7	reset	156	0.08	0
7	unsafe	8	7	reset	157	0.13	0
7	unsafe	8	7	reset	158	0.09	0
7	unsafe	8	7	reset	159	0.08	0
7	unsafe	8	7	reset	160	0.08	0
7	unsafe	8	7	reset	161	0.1	0
7	unsafe	8	7	reset	162	0.08	0
7	unsafe	8	7	reset	163	0.07	0
7	unsafe	8	7	reset	164	0.07	0
7	unsafe	8	7	reset	165	0.07	0
7	unsafe	8	7	reset	166	0.08	0
7	unsafe	8	7	reset	167	0.09	0
7	unsafe	8	7	reset	168	0.08	0
7	unsafe	8	7	reset	169	0.08	0
7	unsafe	8	7	reset	170	0.07	0
7	unsafe	8	7	reset	171	0.09	0
7	unsafe	8	7	reset	172	0.1	0
7	unsafe	8	7	reset	173	0.08	0
7	unsafe	8	7	reset	174	0.08	0
7	unsafe	8	7	reset	175	0.09	0
7	unsafe	8	7	reset	176	0.09	0
7	unsafe	8	7	reset	177	0.08	0
7	unsafe	8	7	reset	178	0.08	0
7	unsafe	8	7	reset	179	0.121	0
7	unsafe	8	7	reset	180	0.07	0
7	unsafe	8	7	reset	181	0.08	0
7	unsafe	8	7	reset	182	0.07	0
7	unsafe	8	7	reset	183	0.08	0
7	unsafe	8	7	reset	184	0.09	0
7	unsafe	8	7	reset	185	0.121	0
7	unsafe	8	7	reset	186	0.101	0
7	unsafe	8	7	reset	187	0.09	0
7	unsafe	8	7	reset	188	0.08	0
7	unsafe	8	7	reset	189	0.08	0
7	unsafe	8	7	reset	190	0.08	0
7	unsafe	8	7	reset	191	0.09	0
7	unsafe	8	7	reset	192	0.09	0
7	unsafe	8	7	reset	193	0.1	0
7	unsafe	8	7	reset	194	0.081	0
7	unsafe	8	7	reset	195	0.1	0
7	unsafe	8	7	reset	196	0.08	0
7	unsafe	8	7	reset	197	0.08	0
7	unsafe	8	7	reset	198	0.07	0
7	unsafe	8	7	reset	199	0.091	0
7	unsafe	8	7	reset	200	0.11	0
7	unsafe	8	7	stall	1	0.0	0
7	unsafe	8	7	stall	2	0.0	0
7	unsafe	8	7	stall	3	0.0	0
7	unsafe	8	7	stall	4	0.0	0
7	unsafe	8	7	stall	5	0.0	0
7	unsafe	8	7	stall	6	0.0	0
7	unsafe	8	7	stall	7	0.0	0
7	checked	16	15	reset	1	60.684	0
7	checked	16	15	reset	2	47.87	0
7	checked	16	15	reset	3	47.099	0
7	checked	16	15	reset	4	47.629	0
7	checked	16	15	reset	5	46.247	0
7	checked	16	15	reset	6	206.67	0
7	checked	16	15	reset	7	79.34	0
7	checked	16	15	reset	8	430.101	0
7	checked	16	15	reset	9	47.84	0
7	checked	16	15	reset	10	45.636	0
7	checked	16	15	reset	11	88.948	0
7	checked	16	15	reset	12	72.236	0
7	checked	16	15	reset	13	66.205	0
7	checked	16	15	reset	14	67.067	0
7	checked	16	15	reset	15	62.558	0
7	checked	16	15	reset	16	63.48	0
7	checked	16	15	reset	17	59.673	0
7	checked	16	15	reset	18	58.23	0
7	checked	16	15	reset	19	60.254	0
7	checked	16	15	reset	20	65.935	0
7	checked	16	15	reset	21	62.117	0
7	checked	16	15	reset	22	54.513	0
7	checked	16	15	reset	23	58.871	0
7	checked	16	15	reset	24	57.207	0
7	checked	16	15	reset	25	56.907	0
7	checked	16	15	reset	26	62.197	0
7	checked	16	15	reset	27	56.246	0
7	checked	16	15	reset	28	58.17	0
7	checked	16	15	reset	29	61.586	0
7	checked	16	15	reset	30	62.508	0
7	checked	16	15	reset	31	57.468	0
7	checked	16	15	reset	32	57.799	0
7	checked	16	15	reset	33	55.474	0
7	checked	16	15	reset	34	60.253	0
7	checked	16	15	reset	35	58.49	0
7	checked	16	15	reset	36	62.949	0
7	checked	16	15	reset	37	57.388	0
7	checked	16	15	reset	38	59.081	0
7	checked	16	15	reset	39	59.332	0
7	checked	16	15	reset	40	55.635	0
7	checked	16	15	reset	41	63.5	0
7	checked	16	15	reset	42	57.579	0
7	checked	16	15	reset	43	55.274	0
7	checked	16	15	reset	44	57.338	0
7	checked	16	15	reset	45	60.604	0
7	checked	16	15	reset	46	56.387	0
7	checked	16	15	reset	47	62.518	0
7	checked	16	15	reset	48	64.351	0
7	checked	16	15	reset	49	65.293	0
7	checked	16	15	reset	50	70.824	0
7	checked	16	15	reset	51	68.649	0
7	checked	16	15	reset	52	65.173	0
7	checked	16	15	reset	53	72.657	0
7	checked	16	15	reset	54	59.312	0
7	checked	16	15	reset	55	60.083	0
7	checked	16	15	reset	56	65.554	0
7	checked	16	15	reset	57	60.634	0
7	checked	16	15	reset	58	61.897	0
7	checked	16	15	reset	59	65.824	0
7	checked	16	15	reset	60	55.965	0
7	checked	16	15	reset	61	66.425	0
7	checked	16	15	reset	62	62.518	0
7	checked	16	15	reset	63	61.926	0
7	checked	16	15	reset	64	55.875	0
7	checked	16	15	reset	65	58.911	0
7	checked	16	15	reset	66	63.831	0
7	checked	16	15	reset	67	56.636	0
7	checked	16	15	reset	68	56.536	0
7	checked	16	15	reset	69	61.556	0
7	checked	16	15	reset	70	54.883	0
7	checked	16	15	reset	71	65.724	0
7	checked	16	15	reset	72	56.536	0
7	checked	16	15	reset	73	53.271	0
7	checked	16	15	reset	74	54.603	0
7	checked	16	15	reset	75	53.221	0
7	checked	16	15	reset	76	53.21	0
7	checked	16	15	reset	77	52.879	0
7	checked	16	15	reset	78	53.992	0
7	checked	16	15	reset	79	53.831	0
7	checked	16	15	reset	80	53.331	0
7	checked	16	15	reset	81	53.952	0
7	checked	16	15	reset	82	53.721	0
7	checked	16	15	reset	83	54.192	0
7	checked	16	15	reset	84	52.77	0
7	checked	16	15	reset	85	54.282	0
7	checked	16	15	reset	86	54.132	0
7	checked	16	15	reset	87	56.276	0
7	checked	16	15	reset	88	53.912	0
7	checked	16	15	reset	89	54.212	0
7	checked	16	15	reset	90	54.162	0
7	checked	16	15	reset	91	52.329	0
7	checked	16	15	reset	92	55.565	0
7	checked	16	15	reset	93	53.3	0
7	checked	16	15	reset	94	53.921	0
7	checked	16	15	reset	95	54.894	0
7	checked	16	15	reset	96	55.414	0
7	checked	16	15	reset	97	66.596	0
7	checked	16	15	reset	98	53.251	0
7	checked	16	15	reset	99	56.446	0
7	checked	16	15	reset	100	53.991	0
7	checked	16	15	reset	101	56.737	0
7	checked	16	15	reset	102	55.014	0
7	checked	16	15	reset	103	54.163	0
7	checked	16	15	reset	104	53.801	0
7	checked	16	15	reset	105	56.637	0
7	checked	16	15	reset	106	54.012	0
7	checked	16	15	reset	107	52.729	0
7	checked	16	15	reset	108	57.448	0
7	checked	16	15	reset	109	56.657	0
7	checked	16	15	reset	110	53.601	0
7	checked	16	15	reset	111	55.234	0
7	checked	16	15	reset	112	59.643	0
7	checked	16	15	reset	113	55.124	0
7	checked	16	15	reset	114	58.6	0
7	checked	16	15	reset	115	59.412	0
7	checked	16	15	reset	116	53.501	0
7	checked	16	15	reset	117	62.808	0
7	checked	16	15	reset	118	56.617	0
7	checked	16	15	reset	119	57.678	0
7	checked	16	15	reset	120	62.357	0
7	checked	16	15	reset	121	57.899	0
7	checked	16	15	reset	122	66.566	0
7	checked	16	15	reset	123	58.25	0
7	checked	16	15	reset	124	62.097	0
7	checked	16	15	reset	125	63.54	0
7	checked	16	15	reset	126	58.1	0
7	checked	16	15	reset	127	60.504	0
7	checked	16	15	reset	128	61.105	0
7	checked	16	15	reset	129	56.526	0
7	checked	16	15	reset	130	61.817	0
7	checked	16	15	reset	131	62.057	0
7	checked	16	15	reset	132	57.087	0
7	checked	16	15	reset	133	56.256	0
7	checked	16	15	reset	134	59.222	0
7	checked	16	15	reset	135	62.889	0
7	checked	16	15	reset	136	60.764	0
7	checked	16	15	reset	137	63.039	0
7	checked	16	15	reset	138	56.727	0
7	checked	16	15	reset	139	56.417	0
7	checked	16	15	reset	140	58.571	0
7	checked	16	15	reset	141	58.851	0
7	checked	16	15	reset	142	56.647	0
7	checked	16	15	reset	143	55.946	0
7	checked	16	15	reset	144	61.867	0
7	checked	16	15	reset	145	57.809	0
7	checked	16	15	reset	146	58.159	0
7	checked	16	15	reset	147	53.952	0
7	checked	16	15	reset	148	56.677	0
7	checked	16	15	reset	149	55.535	0
7	checked	16	15	reset	150	60.835	0
7	checked	16	15	reset	151	58.37	0
7	checked	16	15	reset	152	54.593	0
7	checked	16	15	reset	153	55.044	0
7	checked	16	15	reset	154	64.432	0
7	checked	16	15	reset	155	61.376	0
7	checked	16	15	reset	156	59.532	0
7	checked	16	15	reset	157	58.1	0
7	checked	16	15	reset	158	55.815	0
7	checked	16	15	reset	159	60.364	0
7	checked	16	15	reset	160	60.554	0
7	checked	16	15	reset	161	62.237	0
7	checked	16	15	reset	162	53.681	0
7	checked	16	15	reset	163	55.003	0
7	checked	16	15	reset	164	61.596	0
7	checked	16	15	reset	165	56.517	0
7	checked	16	15	reset	166	57.058	0
7	checked	16	15	reset	167	55.415	0
7	checked	16	15	reset	168	58.831	0
7	checked	16	15	reset	169	57.699	0
7	checked	16	15	reset	170	63.109	0
7	checked	16	15	reset	171	59.752	0
7	checked	16	15	reset	172	55.655	0
7	checked	16	15	reset	173	55.164	0
7	checked	16	15	reset	174	57.929	0
7	checked	16	15	reset	175	62.788	0
7	checked	16	15	reset	176	55.024	0
7	checked	16	15	reset	177	73.859	0
7	checked	16	15	reset	178	60.864	0
7	checked	16	15	reset	179	61.526	0
7	checked	16	15	reset	180	60.424	0
7	checked	16	15	reset	181	54.343	0
7	checked	16	15	reset	182	290.237	0
7	checked	16	15	reset	183	59.603	0
7	checked	16	15	reset	184	65.885	0
7	checked	16	15	reset	185	69.211	0
7	checked	16	15	reset	186	55.415	0
7	checked	16	15	reset	187	60.214	0
7	checked	16	15	reset	188	58.68	0
7	checked	16	15	reset	189	63.841	0
7	checked	16	15	reset	190	55.184	0
7	checked	16	15	reset	191	58.2	0
7	checked	16	15	reset	192	61.616	0
7	checked	16	15	reset	193	56.647	0
7	checked	16	15	reset	194	56.997	0
7	checked	16	15	reset	195	55.305	0
7	checked	16	15	reset	196	64.541	0
7	checked	16	15	reset	197	69.461	0
7	checked	16	15	reset	198	61.025	0
7	checked	16	15	reset	199	54.272	0
7	checked	16	15	reset	200	65.223	0
7	checked	16	15	stall	1	283.214	0
7	checked	16	15	stall	2	283.094	0
7	checked	16	15	stall	3	282.503	0
7	checked	16	15	stall	4	283.334	0
7	checked	16	15	stall	5	284.126	0
7	checked	16	15	stall	6	282.873	0
7	checked	16	15	stall	7	284.477	0
7	checked	16	15	stall	8	743.312	0
7	checked	16	15	stall	9	503.169	0
7	checked	16	15	stall	10	283.064	0
7	checked	16	15	stall	11	496.597	0
7	checked	16	15	stall	12	282.893	0
7	checked	16	15	stall	13	283.896	0
7	checked	16	15	stall	14	284.647	0
7	checked	16	15	stall	15	287.502	0
7	unsafe	16	15	reset	1	0.09	0
7	unsafe	16	15	reset	2	0.05	0
7	unsafe	16	15	reset	3	0.04	0
7	unsafe	16	15	reset	4	0.04	0
7	unsafe	16	15	reset	5	0.04	0
7	unsafe	16	15	reset	6	0.05	0
7	unsafe	16	15	reset	7	0.05	0
7	unsafe	16	15	reset	8	0.081	0
7	unsafe	16	15	reset	9	0.04	0
7	unsafe	16	15	reset	10	0.05	0
7	unsafe	16	15	reset	11	0.19	0
7	unsafe	16	15	reset	12	0.161	0
7	unsafe	16	15	reset	13	0.07	0
7	unsafe	16	15	reset	14	0.04	0
7	unsafe	16	15	reset	15	0.05	0
7	unsafe	16	15	reset	16	0.04	0
7	unsafe	16	15	reset	17	0.07	0
7	unsafe	16	15	reset	18	0.04	0
7	unsafe	16	15	reset	19	0.06	0
7	unsafe	16	15	reset	20	0.06	0
7	unsafe	16	15	reset	21	0.05	0
7	unsafe	16	15	reset	22	0.1	0
7	unsafe	16	15	reset	23	0.04	0
7	unsafe	16	15	reset	24	0.05	0
7	unsafe	16	15	reset	25	0.05	0
7	unsafe	16	15	reset	26	0.05	0
7	unsafe	16	15	reset	27	0.07	0
7	unsafe	16	15	reset	28	0.04	0
7	unsafe	16	15	reset	29	0.05	0
7	unsafe	16	15	reset	30	0.05	0
7	unsafe	16	15	reset	31	0.07	0
7	unsafe	16	15	reset	32	0.07	0
7	unsafe	16	15	reset	33	0.04	0
7	unsafe	16	15	reset	34	0.05	0
7	unsafe	16	15	reset	35	0.05	0
7	unsafe	16	15	reset	36	0.07	0
7	unsafe	16	15	reset	37	0.04	0
7	unsafe	16	15	reset	38	0.05	0
7	unsafe	16	15	reset	39	0.06	0
7	unsafe	16	15	reset	40	0.05	0
7	unsafe	16	15	reset	41	0.08	0
7	unsafe	16	15	reset	42	0.041	0
7	unsafe	16	15	reset	43	0.05	0
7	unsafe	16	15	reset	44	0.05	0
7	unsafe	16	15	reset	45	0.05	0
7	unsafe	16	15	reset	46	0.07	0
7	unsafe	16	15	reset	47	0.05	0
7	unsafe	16	15	reset	48	0.05	0
7	unsafe	16	15	reset	49	0.06	0
7	unsafe	16	15	reset	50	0.08	0
7	unsafe	16	15	reset	51	0.04	0
7	unsafe	16	15	reset	52	0.06	0
7	unsafe	16	15	reset	53	0.05	0
7	unsafe	16	15	reset	54	0.05	0
7	unsafe	16	15	reset	55	0.08	0
7	unsafe	16	15	reset	56	0.04	0
7	unsafe	16	15	reset	57	0.051	0
7	unsafe	16	15	reset	58	0.05	0
7	unsafe	16	15	reset	59	0.06	0
7	unsafe	16	15	reset	60	0.08	0
7	unsafe	16	15	reset	61	0.05	0
7	unsafe	16	15	reset	62	0.04	0
7	unsafe	16	15	reset	63	0.06	0
7	unsafe	16	15	reset	64	0.08	0
7	unsafe	16	15	reset	65	0.05	0
7	unsafe	16	15	reset	66	0.05	0
7	unsafe	16	15	reset	67	0.06	0
7	unsafe	16	15	reset	68	0.05	0
7	unsafe	16	15	reset	69	0.071	0
7	unsafe	16	15	reset	70	0.041	0
7	unsafe	16	15	reset	71	0.06	0
7	unsafe	16	15	reset	72	0.06	0
7	unsafe	16	15	reset	73	0.05	0
7	unsafe	16	15	reset	74	0.07	0
7	unsafe	16	15	reset	75	0.04	0
7	unsafe	16	15	reset	76	0.051	0
7	unsafe	16	15	reset	77	0.051	0
7	unsafe	16	15	reset	78	0.07	0
7	unsafe	16	15	reset	79	0.04	0
7	unsafe	16	15	reset	80	0.05	0
7	unsafe	16	15	reset	81	0.05	0
7	unsafe	16	15	reset	82	0.05	0
7	unsafe	16	15	reset	83	0.08	0
7	unsafe	16	15	reset	84	0.04	0
7	unsafe	16	15	reset	85	0.06	0
7	unsafe	16	15	reset	86	0.05	0
7	unsafe	16	15	reset	87	0.05	0
7	unsafe	16	15	reset	88	0.081	0
7	unsafe	16	15	reset	89	0.04	0
7	unsafe	16	15	reset	90	0.05	0
7	unsafe	16	15	reset	91	0.05	0
7	unsafe	16	15	reset	92	0.07	0
7	unsafe	16	15	reset	93	0.04	0
7	unsafe	16	15	reset	94	0.05	0
7	unsafe	16	15	reset	95	0.06	0
7	unsafe	16	15	reset	96	0.05	0
7	unsafe	16	15	reset	97	0.08	0
7	unsafe	16	15	reset	98	0.04	0
7	unsafe	16	15	reset	99	0.05	0
7	unsafe	16	15	reset	100	0.06	0
7	unsafe	16	15	reset	101	0.05	0
7	unsafe	16	15	reset	102	0.07	0
7	unsafe	16	15	reset	103	0.04	0
7	unsafe	16	15	reset	104	0.05	0
7	unsafe	16	15	reset	105	0.051	0
7	unsafe	16	15	reset	106	0.07	0
7	unsafe	16	15	reset	107	0.04	0
7	unsafe	16	15	reset	108	0.05	0
7	unsafe	16	15	reset	109	0.05	0
7	unsafe	16	15	reset	110	0.06	0
7	unsafe	16	15	reset	111	0.081	0
7	unsafe	16	15	reset	112	0.04	0
7	unsafe	16	15	reset	113	0.05	0
7	unsafe	16	15	reset	114	0.05	0
7	unsafe	16	15	reset	115	0.091	0
7	unsafe	16	15	reset	116	0.06	0
7	unsafe	16	15	reset	117	0.05	0
7	unsafe	16	15	reset	118	0.05	0
7	unsafe	16	15	reset	119	0.05	0
7	unsafe	16	15	reset	120	0.05	0
7	unsafe	16	15	reset	121	0.04	0
7	unsafe	16	15	reset	122	0.05	0
7	unsafe	16	15	reset	123	0.05	0
7	unsafe	16	15	reset	124	0.04	0
7	unsafe	16	15	reset	125	0.06	0
7	unsafe	16	15	reset	126	0.04	0
7	unsafe	16	15	reset	127	0.04	0
7	unsafe	16	15	reset	128	0.06	0
7	unsafe	16	15	reset	129	0.06	0
7	unsafe	16	15	reset	130	0.06	0
7	unsafe	16	15	reset	131	0.05	0
7	unsafe	16	15	reset	132	0.05	0
7	unsafe	16	15	reset	133	0.05	0
7	unsafe	16	15	reset	134	0.08	0
7	unsafe	16	15	reset	135	0.05	0
7	unsafe	16	15	reset	136	0.05	0
7	unsafe	16	15	reset	137	0.06	0
7	unsafe	16	15	reset	138	0.06	0
7	unsafe	16	15	reset	139	0.081	0
7	unsafe	16	15	reset	140	0.04	0
7	unsafe	16	15	reset	141	0.051	0
7	unsafe	16	15	reset	142	0.07	0
7	unsafe	16	15	reset	143	0.07	0
7	unsafe	16	15	reset	144	0.06	0
7	unsafe	16	15	reset	145	0.04	0
7	unsafe	16	15	reset	146	0.051	0
7	unsafe	16	15	reset	147	0.07	0
7	unsafe	16	15	reset	148	0.09	0
7	unsafe	16	15	reset	149	0.04	0
7	unsafe	16	15	reset	150	0.051	0
7	unsafe	16	15	reset	151	0.08	0
7	unsafe	16	15	reset	152	0.051	0
7	unsafe	16	15	reset	153	0.06	0
7	unsafe	16	15	reset	154	0.04	0
7	unsafe	16	15	reset	155	0.05	0
7	unsafe	16	15	reset	156	0.05	0
7	unsafe	16	15	reset	157	0.061	0
7	unsafe	16	15	reset	158	0.06	0
7	unsafe	16	15	reset	159	0.05	0
7	unsafe	16	15	reset	160	0.05	0
7	unsafe	16	15	reset	161	0.05	0
7	unsafe	16	15	reset	162	0.08	0
7	unsafe	16	15	reset	163	0.051	0
7	unsafe	16	15	reset	164	0.05	0
7	unsafe	16	15	reset	165	0.05	0
7	unsafe	16	15	reset	166	0.05	0
7	unsafe	16	15	reset	167	0.06	0
7	unsafe	16	15	reset	168	0.04	0
7	unsafe	16	15	reset	169	0.05	0
7	unsafe	16	15	reset	170	0.05	0
7	unsafe	16	15	reset	171	0.061	0
7	unsafe	16	15	reset	172	0.06	0
7	unsafe	16	15	reset	173	0.04	0
7	unsafe	16	15	reset	174	0.05	0
7	unsafe	16	15	reset	175	0.06	0
7	unsafe	16	15	reset	176	0.07	0
7	unsafe	16	15	reset	177	0.05	0
7	unsafe	16	15	reset	178	0.05	0
7	unsafe	16	15	reset	179	0.05	0
7	unsafe	16	15	reset	180	0.06	0
7	unsafe	16	15	reset	181	0.08	0
7	unsafe	16	15	reset	182	0.05	0
7	unsafe	16	15	reset	183	0.05	0
7	unsafe	16	15	reset	184	0.05	0
7	unsafe	16	15	reset	185	0.05	0
7	unsafe	16	15	reset	186	0.071	0
7	unsafe	16	15	reset	187	0.05	0
7	unsafe	16	15	reset	188	0.05	0
7	unsafe	16	15	reset	189	0.06	0
7	unsafe	16	15	reset	190	0.07	0
7	unsafe	16	15	reset	191	0.04	0
7	unsafe	16	15	reset	192	0.05	0
7	unsafe	16	15	reset	193	0.05	0
7	unsafe	16	15	reset	194	0.05	0
7	unsafe	16	15	reset	195	0.07	0
7	unsafe	16	15	reset	196	0.05	0
7	unsafe	16	15	reset	197	0.061	0
7	unsafe	16	15	reset	198	0.05	0
7	unsafe	16	15	reset	199	0.05	0
7	unsafe	16	15	reset	200	0.06	0
7	unsafe	16	15	stall	1	0.0	0
7	unsafe	16	15	stall	2	0.0	0
7	unsafe	16	15	stall	3	0.0	0
7	unsafe	16	15	stall	4	0.0	0
7	unsafe	16	15	stall	5	0.0	0
7	unsafe	16	15	stall	6	0.0	0
7	unsafe	16	15	stall	7	0.0	0
7	unsafe	16	15	stall	8	0.0	0
7	unsafe	16	15	stall	9	0.0	0
7	unsafe	16	15	stall	10	0.0	0
7	unsafe	16	15	stall	11	0.0	0
7	unsafe	16	15	stall	12	0.0	0
7	unsafe	16	15	stall	13	0.0	0
7	unsafe	16	15	stall	14	0.0	0
7	unsafe	16	15	stall	15	0.0	0
7	checked	30	29	reset	1	94.117	0
7	checked	30	29	reset	2	69.271	0
7	checked	30	29	reset	3	54.663	0
7	checked	30	29	reset	4	55.595	0
7	checked	30	29	reset	5	55.334	0
7	checked	30	29	reset	6	188.866	0
7	checked	30	29	reset	7	85.11	0
7	checked	30	29	reset	8	430.312	0
7	checked	30	29	reset	9	55.826	0
7	checked	30	29	reset	10	103.094	0
7	checked	30	29	reset	11	142.95	0
7	checked	30	29	reset	12	111.431	0
7	checked	30	29	reset	13	105.269	0
7	checked	30	29	reset	14	101.661	0
7	checked	30	29	reset	15	105.839	0
7	checked	30	29	reset	16	109.016	0
7	checked	30	29	reset	17	99.899	0
7	checked	30	29	reset	18	98.967	0
7	checked	30	29	reset	19	97.403	0
7	checked	30	29	reset	20	107.443	0
7	checked	30	29	reset	21	99.598	0
7	checked	30	29	reset	22	99.508	0
7	checked	30	29	reset	23	97.003	0
7	checked	30	29	reset	24	100.81	0
7	checked	30	29	reset	25	95.811	0
7	checked	30	29	reset	26	99.308	0
7	checked	30	29	reset	27	99.447	0
7	checked	30	29	reset	28	95.68	0
7	checked	30	29	reset	29	98.085	0
7	checked	30	29	reset	30	101.892	0
7	checked	30	29	reset	31	99.157	0
7	checked	30	29	reset	32	95.29	0
7	checked	30	29	reset	33	98.055	0
7	checked	30	29	reset	34	102.383	0
7	checked	30	29	reset	35	93.407	0
7	checked	30	29	reset	36	109.777	0
7	checked	30	29	reset	37	96.832	0
7	checked	30	29	reset	38	104.787	0
7	checked	30	29	reset	39	97.985	0
7	checked	30	29	reset	40	96.152	0
7	checked	30	29	reset	41	96.672	0
7	checked	30	29	reset	42	100.61	0
7	checked	30	29	reset	43	148.219	0
7	checked	30	29	reset	44	3099.757	0
7	checked	30	29	reset	45	158.219	0
7	checked	30	29	reset	46	111.972	0
7	checked	30	29	reset	47	98.646	0
7	checked	30	29	reset	48	107.583	0
7	checked	30	29	reset	49	117.011	0
7	checked	30	29	reset	50	106.892	0
7	checked	30	29	reset	51	106.06	0
7	checked	30	29	reset	52	266.012	0
7	checked	30	29	reset	53	103.155	0
7	checked	30	29	reset	54	102.373	0
7	checked	30	29	reset	55	98.947	0
7	checked	30	29	reset	56	96.582	0
7	checked	30	29	reset	57	93.907	0
7	checked	30	29	reset	58	101.061	0
7	checked	30	29	reset	59	106.22	0
7	checked	30	29	reset	60	109.136	0
7	checked	30	29	reset	61	99.167	0
7	checked	30	29	reset	62	99.708	0
7	checked	30	29	reset	63	98.075	0
7	checked	30	29	reset	64	102.363	0
7	checked	30	29	reset	65	97.764	0
7	checked	30	29	reset	66	94.689	0
7	checked	30	29	reset	67	92.375	0
7	checked	30	29	reset	68	97.294	0
7	checked	30	29	reset	69	98.917	0
7	checked	30	29	reset	70	107.613	0
7	checked	30	29	reset	71	95.761	0
7	checked	30	29	reset	72	109.006	0
7	checked	30	29	reset	73	92.785	0
7	checked	30	29	reset	74	99.408	0
7	checked	30	29	reset	75	100.299	0
7	checked	30	29	reset	76	97.343	0
7	checked	30	29	reset	77	99.678	0
7	checked	30	29	reset	78	97.393	0
7	checked	30	29	reset	79	95.741	0
7	checked	30	29	reset	80	98.335	0
7	checked	30	29	reset	81	101.502	0
7	checked	30	29	reset	82	105.219	0
7	checked	30	29	reset	83	98.496	0
7	checked	30	29	reset	84	95.891	0
7	checked	30	29	reset	85	100.89	0
7	checked	30	29	reset	86	103.476	0
7	checked	30	29	reset	87	98.275	0
7	checked	30	29	reset	88	110.177	0
7	checked	30	29	reset	89	100.66	0
7	checked	30	29	reset	90	99.428	0
7	checked	30	29	reset	91	97.143	0
7	checked	30	29	reset	92	99.808	0
7	checked	30	29	reset	93	102.704	0
7	checked	30	29	reset	94	105.248	0
7	checked	30	29	reset	95	94.979	0
7	checked	30	29	reset	96	100.649	0
7	checked	30	29	reset	97	95.64	0
7	checked	30	29	reset	98	101.662	0
7	checked	30	29	reset	99	98.315	0
7	checked	30	29	reset	100	98.746	0
7	checked	30	29	reset	101	106.29	0
7	checked	30	29	reset	102	105.549	0
7	checked	30	29	reset	103	99.808	0
7	checked	30	29	reset	104	103.014	0
7	checked	30	29	reset	105	100.52	0
7	checked	30	29	reset	106	94.398	0
7	checked	30	29	reset	107	102.182	0
7	checked	30	29	reset	108	99.528	0
7	checked	30	29	reset	109	96.141	0
7	checked	30	29	reset	110	103.916	0
7	checked	30	29	reset	111	109.848	0
7	checked	30	29	reset	112	103.195	0
7	checked	30	29	reset	113	105.238	0
7	checked	30	29	reset	114	102.032	0
7	checked	30	29	reset	115	99.027	0
7	checked	30	29	reset	116	92.675	0
7	checked	30	29	reset	117	98.636	0
7	checked	30	29	reset	118	94.098	0
7	checked	30	29	reset	119	98.747	0
7	checked	30	29	reset	120	105.67	0
7	checked	30	29	reset	121	93.877	0
7	checked	30	29	reset	122	101.291	0
7	checked	30	29	reset	123	98.666	0
7	checked	30	29	reset	124	97.113	0
7	checked	30	29	reset	125	95.661	0
7	checked	30	29	reset	126	101.441	0
7	checked	30	29	reset	127	3301.908	0
7	checked	30	29	reset	128	114.255	0
7	checked	30	29	reset	129	107.312	0
7	checked	30	29	reset	130	100.389	0
7	checked	30	29	reset	131	106.551	0
7	checked	30	29	reset	132	105.579	0
7	checked	30	29	reset	133	98.315	0
7	checked	30	29	reset	134	96.873	0
7	checked	30	29	reset	135	108.305	0
7	checked	30	29	reset	136	92.364	0
7	checked	30	29	reset	137	97.203	0
7	checked	30	29	reset	138	93.346	0
7	checked	30	29	reset	139	96.562	0
7	checked	30	29	reset	140	94.499	0
7	checked	30	29	reset	141	100.068	0
7	checked	30	29	reset	142	95.951	0
7	checked	30	29	reset	143	101.913	0
7	checked	30	29	reset	144	99.147	0
7	checked	30	29	reset	145	100.189	0
7	checked	30	29	reset	146	99.808	0
7	checked	30	29	reset	147	100.85	0
7	checked	30	29	reset	148	96.602	0
7	checked	30	29	reset	149	100.179	0
7	checked	30	29	reset	150	101.822	0
7	checked	30	29	reset	151	101.281	0
7	checked	30	29	reset	152	100.289	0
7	checked	30	29	reset	153	96.692	0
7	checked	30	29	reset	154	102.804	0
7	checked	30	29	reset	155	95.79	0
7	checked	30	29	reset	156	98.536	0
7	checked	30	29	reset	157	94.989	0
7	checked	30	29	reset	158	111.13	0
7	checked	30	29	reset	159	104.787	0
7	checked	30	29	reset	160	104.938	0
7	checked	30	29	reset	161	97.304	0
7	checked	30	29	reset	162	109.056	0
7	checked	30	29	reset	163	100.91	0
7	checked	30	29	reset	164	101.953	0
7	checked	30	29	reset	165	94.879	0
7	checked	30	29	reset	166	95.681	0
7	checked	30	29	reset	167	102.063	0
7	checked	30	29	reset	168	104.467	0
7	checked	30	29	reset	169	105.168	0
7	checked	30	29	reset	170	99.328	0
7	checked	30	29	reset	171	102.323	0
7	checked	30	29	reset	172	99.267	0
7	checked	30	29	reset	173	105.94	0
7	checked	30	29	reset	174	93.918	0
7	checked	30	29	reset	175	96.642	0
7	checked	30	29	reset	176	99.137	0
7	checked	30	29	reset	177	100.47	0
7	checked	30	29	reset	178	96.482	0
7	checked	30	29	reset	179	288.895	0
7	checked	30	29	reset	180	93.717	0
7	checked	30	29	reset	181	104.828	0
7	checked	30	29	reset	182	97.754	0
7	checked	30	29	reset	183	96.943	0
7	checked	30	29	reset	184	98.466	0
7	checked	30	29	reset	185	99.207	0
7	checked	30	29	reset	186	97.013	0
7	checked	30	29	reset	187	100.28	0
7	checked	30	29	reset	188	100.53	0
7	checked	30	29	reset	189	97.794	0
7	checked	30	29	reset	190	94.568	0
7	checked	30	29	reset	191	101.352	0
7	checked	30	29	reset	192	101.221	0
7	checked	30	29	reset	193	99.497	0
7	checked	30	29	reset	194	96.011	0
7	checked	30	29	reset	195	99.518	0
7	checked	30	29	reset	196	98.867	0
7	checked	30	29	reset	197	102.984	0
7	checked	30	29	reset	198	96.842	0
7	checked	30	29	reset	199	106.17	0
7	checked	30	29	reset	200	93.727	0
7	checked	30	29	stall	1	266.703	0
7	checked	30	29	stall	2	573.842	0
7	checked	30	29	stall	3	3086.412	0
7	checked	30	29	stall	4	3090.91	0
7	checked	30	29	stall	5	3089.899	0
7	checked	30	29	stall	6	580.124	0
7	checked	30	29	stall	7	582.819	0
7	checked	30	29	stall	8	3091.481	0
7	checked	30	29	stall	9	3087.644	0
7	checked	30	29	stall	10	3091.993	0
7	checked	30	29	stall	11	576.498	0
7	checked	30	29	stall	12	264.138	0
7	checked	30	29	stall	13	3086.332	0
7	checked	30	29	stall	14	908.954	0
7	checked	30	29	stall	15	582.058	0
7	checked	30	29	stall	16	3087.154	0
7	checked	30	29	stall	17	3082.504	0
7	checked	30	29	stall	18	581.025	0
7	checked	30	29	stall	19	3088.676	0
7	checked	30	29	stall	20	575.085	0
7	checked	30	29	stall	21	751.478	0
7	checked	30	29	stall	22	575.285	0
7	checked	30	29	stall	23	568.482	0
7	checked	30	29	stall	24	266.974	0
7	checked	30	29	stall	25	3087.955	0
7	checked	30	29	stall	26	572.671	0
7	checked	30	29	stall	27	266.062	0
7	checked	30	29	stall	28	1088.644	0
7	checked	30	29	stall	29	3080.972	0
7	unsafe	30	29	reset	1	0.16	0
7	unsafe	30	29	reset	2	0.07	0
7	unsafe	30	29	reset	3	0.07	0
7	unsafe	30	29	reset	4	0.071	0
7	unsafe	30	29	reset	5	0.07	0
7	unsafe	30	29	reset	6	0.161	0
7	unsafe	30	29	reset	7	0.22	0
7	unsafe	30	29	reset	8	0.23	0
7	unsafe	30	29	reset	9	0.281	0
7	unsafe	30	29	reset	10	0.28	0
7	unsafe	30	29	reset	11	0.221	0
7	unsafe	30	29	reset	12	0.271	0
7	unsafe	30	29	reset	13	0.14	0
7	unsafe	30	29	reset	14	0.121	0
7	unsafe	30	29	reset	15	0.15	0
7	unsafe	30	29	reset	16	0.141	0
7	unsafe	30	29	reset	17	0.12	0
7	unsafe	30	29	reset	18	0.13	0
7	unsafe	30	29	reset	19	0.17	0
7	unsafe	30	29	reset	20	0.131	0
7	unsafe	30	29	reset	21	0.14	0
7	unsafe	30	29	reset	22	0.13	0
7	unsafe	30	29	reset	23	0.13	0
7	unsafe	30	29	reset	24	0.131	0
7	unsafe	30	29	reset	25	0.13	0
7	unsafe	30	29	reset	26	0.14	0
7	unsafe	30	29	reset	27	0.13	0
7	unsafe	30	29	reset	28	0.131	0
7	unsafe	30	29	reset	29	0.13	0
7	unsafe	30	29	reset	30	0.131	0
7	unsafe	30	29	reset	31	0.131	0
7	unsafe	30	29	reset	32	0.13	0
7	unsafe	30	29	reset	33	0.161	0
7	unsafe	30	29	reset	34	0.13	0
7	unsafe	30	29	reset	35	0.121	0
7	unsafe	30	29	reset	36	0.13	0
7	unsafe	30	29	reset	37	0.14	0
7	unsafe	30	29	reset	38	0.13	0
7	unsafe	30	29	reset	39	0.13	0
7	unsafe	30	29	reset	40	0.13	0
7	unsafe	30	29	reset	41	0.13	0
7	unsafe	30	29	reset	42	0.13	0
7	unsafe	30	29	reset	43	0.13	0
7	unsafe	30	29	reset	44	0.13	0
7	unsafe	30	29	reset	45	0.14	0
7	unsafe	30	29	reset	46	0.13	0
7	unsafe	30	29	reset	47	0.14	0
7	unsafe	30	29	reset	48	0.131	0
7	unsafe	30	29	reset	49	0.14	0
7	unsafe	30	29	reset	50	0.13	0
7	unsafe	30	29	reset	51	0.13	0
7	unsafe	30	29	reset	52	0.13	0
7	unsafe	30	29	reset	53	0.13	0
7	unsafe	30	29	reset	54	0.13	0
7	unsafe	30	29	reset	55	0.14	0
7	unsafe	30	29	reset	56	0.13	0
7	unsafe	30	29	reset	57	0.18	0
7	unsafe	30	29	reset	58	0.13	0
7	unsafe	30	29	reset	59	0.14	0
7	unsafe	30	29	reset	60	0.13	0
7	unsafe	30	29	reset	61	0.15	0
7	unsafe	30	29	reset	62	0.131	0
7	unsafe	30	29	reset	63	0.15	0
7	unsafe	30	29	reset	64	0.13	0
7	unsafe	30	29	reset	65	0.131	0
7	unsafe	30	29	reset	66	0.13	0
7	unsafe	30	29	reset	67	0.13	0
7	unsafe	30	29	reset	68	0.13	0
7	unsafe	30	29	reset	69	0.131	0
7	unsafe	30	29	reset	70	0.131	0
7	unsafe	30	29	reset	71	0.141	0
7	unsafe	30	29	reset	72	0.141	0
7	unsafe	30	29	reset	73	0.13	0
7	unsafe	30	29	reset	74	0.13	0
7	unsafe	30	29	reset	75	0.15	0
7	unsafe	30	29	reset	76	0.13	0
7	unsafe	30	29	reset	77	0.151	0
7	unsafe	30	29	reset	78	0.15	0
7	unsafe	30	29	reset	79	0.18	0
7	unsafe	30	29	reset	80	0.121	0
7	unsafe	30	29	reset	81	0.131	0
7	unsafe	30	29	reset	82	0.141	0
7	unsafe	30	29	reset	83	0.621	0
7	unsafe	30	29	reset	84	0.17	0
7	unsafe	30	29	reset	85	0.12	0
7	unsafe	30	29	reset	86	0.15	0
7	unsafe	30	29	reset	87	0.15	0
7	unsafe	30	29	reset	88	0.131	0
7	unsafe	30	29	reset	89	0.14	0
7	unsafe	30	29	reset	90	0.13	0
7	unsafe	30	29	reset	91	0.13	0
7	unsafe	30	29	reset	92	0.131	0
7	unsafe	30	29	reset	93	0.16	0
7	unsafe	30	29	reset	94	0.14	0
7	unsafe	30	29	reset	95	0.14	0
7	unsafe	30	29	reset	96	0.13	0
7	unsafe	30	29	reset	97	0.131	0
7	unsafe	30	29	reset	98	0.151	0
7	unsafe	30	29	reset	99	0.13	0
7	unsafe	30	29	reset	100	0.131	0
7	unsafe	30	29	reset	101	0.13	0
7	unsafe	30	29	reset	102	0.141	0
7	unsafe	30	29	reset	103	0.121	0
7	unsafe	30	29	reset	104	0.131	0
7	unsafe	30	29	reset	105	0.17	0
7	unsafe	30	29	reset	106	0.13	0
7	unsafe	30	29	reset	107	0.14	0
7	unsafe	30	29	reset	108	0.13	0
7	unsafe	30	29	reset	109	0.13	0
7	unsafe	30	29	reset	110	0.13	0
7	unsafe	30	29	reset	111	0.12	0
7	unsafe	30	29	reset	112	0.131	0
7	unsafe	30	29	reset	113	0.141	0
7	unsafe	30	29	reset	114	0.14	0
7	unsafe	30	29	reset	115	0.14	0
7	unsafe	30	29	reset	116	0.13	0
7	unsafe	30	29	reset	117	0.13	0
7	unsafe	30	29	reset	118	0.13	0
7	unsafe	30	29	reset	119	0.13	0
7	unsafe	30	29	reset	120	0.13	0
7	unsafe	30	29	reset	121	0.13	0
7	unsafe	30	29	reset	122	0.12	0
7	unsafe	30	29	reset	123	0.14	0
7	unsafe	30	29	reset	124	0.13	0
7	unsafe	30	29	reset	125	0.13	0
7	unsafe	30	29	reset	126	0.141	0
7	unsafe	30	29	reset	127	0.13	0
7	unsafe	30	29	reset	128	0.14	0
7	unsafe	30	29	reset	129	0.131	0
7	unsafe	30	29	reset	130	0.13	0
7	unsafe	30	29	reset	131	0.13	0
7	unsafe	30	29	reset	132	0.121	0
7	unsafe	30	29	reset	133	0.131	0
7	unsafe	30	29	reset	134	0.13	0
7	unsafe	30	29	reset	135	0.14	0
7	unsafe	30	29	reset	136	0.14	0
7	unsafe	30	29	reset	137	0.13	0
7	unsafe	30	29	reset	138	0.13	0
7	unsafe	30	29	reset	139	0.16	0
7	unsafe	30	29	reset	140	0.131	0
7	unsafe	30	29	reset	141	0.14	0
7	unsafe	30	29	reset	142	0.121	0
7	unsafe	30	29	reset	143	0.13	0
7	unsafe	30	29	reset	144	0.13	0
7	unsafe	30	29	reset	145	0.13	0
7	unsafe	30	29	reset	146	0.13	0
7	unsafe	30	29	reset	147	0.14	0
7	unsafe	30	29	reset	148	0.13	0
7	unsafe	30	29	reset	149	0.14	0
7	unsafe	30	29	reset	150	0.13	0
7	unsafe	30	29	reset	151	0.13	0
7	unsafe	30	29	reset	152	0.13	0
7	unsafe	30	29	reset	153	0.131	0
7	unsafe	30	29	reset	154	0.13	0
7	unsafe	30	29	reset	155	0.13	0
7	unsafe	30	29	reset	156	0.131	0
7	unsafe	30	29	reset	157	0.16	0
7	unsafe	30	29	reset	158	0.131	0
7	unsafe	30	29	reset	159	0.14	0
7	unsafe	30	29	reset	160	0.13	0
7	unsafe	30	29	reset	161	0.13	0
7	unsafe	30	29	reset	162	0.13	0
7	unsafe	30	29	reset	163	0.13	0
7	unsafe	30	29	reset	164	0.13	0
7	unsafe	30	29	reset	165	0.13	0
7	unsafe	30	29	reset	166	0.131	0
7	unsafe	30	29	reset	167	0.15	0
7	unsafe	30	29	reset	168	0.13	0
7	unsafe	30	29	reset	169	0.12	0
7	unsafe	30	29	reset	170	0.13	0
7	unsafe	30	29	reset	171	0.121	0
7	unsafe	30	29	reset	172	0.12	0
7	unsafe	30	29	reset	173	0.141	0
7	unsafe	30	29	reset	174	0.13	0
7	unsafe	30	29	reset	175	0.13	0
7	unsafe	30	29	reset	176	0.12	0
7	unsafe	30	29	reset	177	0.15	0
7	unsafe	30	29	reset	178	0.14	0
7	unsafe	30	29	reset	179	0.13	0
7	unsafe	30	29	reset	180	0.121	0
7	unsafe	30	29	reset	181	0.161	0
7	unsafe	30	29	reset	182	0.121	0
7	unsafe	30	29	reset	183	0.131	0
7	unsafe	30	29	reset	184	0.131	0
7	unsafe	30	29	reset	185	0.131	0
7	unsafe	30	29	reset	186	0.13	0
7	unsafe	30	29	reset	187	0.13	0
7	unsafe	30	29	reset	188	0.13	0
7	unsafe	30	29	reset	189	0.13	0
7	unsafe	30	29	reset	190	0.131	0
7	unsafe	30	29	reset	191	0.13	0
7	unsafe	30	29	reset	192	0.13	0
7	unsafe	30	29	reset	193	0.13	0
7	unsafe	30	29	reset	194	0.13	0
7	unsafe	30	29	reset	195	0.13	0
7	unsafe	30	29	reset	196	0.13	0
7	unsafe	30	29	reset	197	0.13	0
7	unsafe	30	29	reset	198	0.13	0
7	unsafe	30	29	reset	199	0.14	0
7	unsafe	30	29	reset	200	0.14	0
7	unsafe	30	29	stall	1	0.0	0
7	unsafe	30	29	stall	2	528.397	0
7	unsafe	30	29	stall	3	0.0	0
7	unsafe	30	29	stall	4	0.0	0
7	unsafe	30	29	stall	5	0.0	0
7	unsafe	30	29	stall	6	0.0	0
7	unsafe	30	29	stall	7	0.0	0
7	unsafe	30	29	stall	8	0.0	0
7	unsafe	30	29	stall	9	0.0	0
7	unsafe	30	29	stall	10	0.0	0
7	unsafe	30	29	stall	11	213.202	0
7	unsafe	30	29	stall	12	0.0	0
7	unsafe	30	29	stall	13	431.013	0
7	unsafe	30	29	stall	14	0.0	0
7	unsafe	30	29	stall	15	0.0	0
7	unsafe	30	29	stall	16	0.0	0
7	unsafe	30	29	stall	17	0.0	0
7	unsafe	30	29	stall	18	0.0	0
7	unsafe	30	29	stall	19	0.0	0
7	unsafe	30	29	stall	20	0.0	0
7	unsafe	30	29	stall	21	0.0	0
7	unsafe	30	29	stall	22	0.0	0
7	unsafe	30	29	stall	23	0.0	0
7	unsafe	30	29	stall	24	221.848	0
7	unsafe	30	29	stall	25	0.0	0
7	unsafe	30	29	stall	26	0.0	0
7	unsafe	30	29	stall	27	0.0	0
7	unsafe	30	29	stall	28	0.0	0
7	unsafe	30	29	stall	29	0.0	0
8	checked	1	0	reset	1	42.61	0
8	checked	1	0	reset	2	31.199	0
8	checked	1	0	reset	3	29.926	0
8	checked	1	0	reset	4	27.652	0
8	checked	1	0	reset	5	28.164	0
8	checked	1	0	reset	6	26.8	0
8	checked	1	0	reset	7	26.991	0
8	checked	1	0	reset	8	26.54	0
8	checked	1	0	reset	9	26.781	0
8	checked	1	0	reset	10	28.443	0
8	checked	1	0	reset	11	27.673	0
8	checked	1	0	reset	12	27.712	0
8	checked	1	0	reset	13	27.662	0
8	checked	1	0	reset	14	26.701	0
8	checked	1	0	reset	15	30.698	0
8	checked	1	0	reset	16	26.891	0
8	checked	1	0	reset	17	28.133	0
8	checked	1	0	reset	18	27.332	0
8	checked	1	0	reset	19	29.095	0
8	checked	1	0	reset	20	27.502	0
8	checked	1	0	reset	21	27.572	0
8	checked	1	0	reset	22	27.482	0
8	checked	1	0	reset	23	27.432	0
8	checked	1	0	reset	24	26.77	0
8	checked	1	0	reset	25	27.272	0
8	checked	1	0	reset	26	27.01	0
8	checked	1	0	reset	27	27.332	0
8	checked	1	0	reset	28	27.151	0
8	checked	1	0	reset	29	27.532	0
8	checked	1	0	reset	30	26.931	0
8	checked	1	0	reset	31	27.943	0
8	checked	1	0	reset	32	27.171	0
8	checked	1	0	reset	33	27.763	0
8	checked	1	0	reset	34	27.251	0
8	checked	1	0	reset	35	28.234	0
8	checked	1	0	reset	36	27.982	0
8	checked	1	0	reset	37	28.143	0
8	checked	1	0	reset	38	27.352	0
8	checked	1	0	reset	39	28.934	0
8	checked	1	0	reset	40	27.903	0
8	checked	1	0	reset	41	27.952	0
8	checked	1	0	reset	42	26.971	0
8	checked	1	0	reset	43	27.192	0
8	checked	1	0	reset	44	29.506	0
8	checked	1	0	reset	45	27.051	0
8	checked	1	0	reset	46	26.761	0
8	checked	1	0	reset	47	27.171	0
8	checked	1	0	reset	48	26.65	0
8	checked	1	0	reset	49	27.432	0
8	checked	1	0	reset	50	27.001	0
8	checked	1	0	reset	51	27.442	0
8	checked	1	0	reset	52	27.883	0
8	checked	1	0	reset	53	27.892	0
8	checked	1	0	reset	54	27.702	0
8	checked	1	0	reset	55	27.532	0
8	checked	1	0	reset	56	27.512	0
8	checked	1	0	reset	57	27.983	0
8	checked	1	0	reset	58	27.913	0
8	checked	1	0	reset	59	27.943	0
8	checked	1	0	reset	60	27.903	0
8	checked	1	0	reset	61	28.113	0
8	checked	1	0	reset	62	27.422	0
8	checked	1	0	reset	63	28.364	0
8	checked	1	0	reset	64	27.542	0
8	checked	1	0	reset	65	29.645	0
8	checked	1	0	reset	66	27.822	0
8	checked	1	0	reset	67	27.923	0
8	checked	1	0	reset	68	28.113	0
8	checked	1	0	reset	69	31.068	0
8	checked	1	0	reset	70	27.251	0
8	checked	1	0	reset	71	27.982	0
8	checked	1	0	reset	72	27.712	0
8	checked	1	0	reset	73	28.824	0
8	checked	1	0	reset	74	26.961	0
8	checked	1	0	reset	75	27.121	0
8	checked	1	0	reset	76	26.8	0
8	checked	1	0	reset	77	27.111	0
8	checked	1	0	reset	78	26.72	0
8	checked	1	0	reset	79	27.141	0
8	checked	1	0	reset	80	26.811	0
8	checked	1	0	reset	81	27.181	0
8	checked	1	0	reset	82	26.691	0
8	checked	1	0	reset	83	27.132	0
8	checked	1	0	reset	84	26.861	0
8	checked	1	0	reset	85	27.182	0
8	checked	1	0	reset	86	26.891	0
8	checked	1	0	reset	87	27.241	0
8	checked	1	0	reset	88	26.891	0
8	checked	1	0	reset	89	27.162	0
8	checked	1	0	reset	90	26.821	0
8	checked	1	0	reset	91	27.201	0
8	checked	1	0	reset	92	27.001	0
8	checked	1	0	reset	93	27.181	0
8	checked	1	0	reset	94	27.482	0
8	checked	1	0	reset	95	27.953	0
8	checked	1	0	reset	96	27.401	0
8	checked	1	0	reset	97	27.993	0
8	checked	1	0	reset	98	29.706	0
8	checked	1	0	reset	99	27.933	0
8	checked	1	0	reset	100	27.431	0
8	checked	1	0	reset	101	27.713	0
8	checked	1	0	reset	102	27.782	0
8	checked	1	0	reset	103	28.314	0
8	checked	1	0	reset	104	27.231	0
8	checked	1	0	reset	105	27.743	0
8	checked	1	0	reset	106	26.881	0
8	checked	1	0	reset	107	27.132	0
8	checked	1	0	reset	108	26.961	0
8	checked	1	0	reset	109	27.191	0
8	checked	1	0	reset	110	26.861	0
8	checked	1	0	reset	111	27.151	0
8	checked	1	0	reset	112	26.781	0
8	checked	1	0	reset	113	27.142	0
8	checked	1	0	reset	114	26.831	0
8	checked	1	0	reset	115	27.131	0
8	checked	1	0	reset	116	27.352	0
8	checked	1	0	reset	117	28.063	0
8	checked	1	0	reset	118	27.141	0
8	checked	1	0	reset	119	29.025	0
8	checked	1	0	reset	120	27.161	0
8	checked	1	0	reset	121	27.933	0
8	checked	1	0	reset	122	27.882	0
8	checked	1	0	reset	123	28.273	0
8	checked	1	0	reset	124	28.174	0
8	checked	1	0	reset	125	29.365	0
8	checked	1	0	reset	126	27.252	0
8	checked	1	0	reset	127	29.937	0
8	checked	1	0	reset	128	26.761	0
8	checked	1	0	reset	129	27.191	0
8	checked	1	0	reset	130	26.931	0
8	checked	1	0	reset	131	27.282	0
8	checked	1	0	reset	132	26.991	0
8	checked	1	0	reset	133	27.221	0
8	checked	1	0	reset	134	26.86	0
8	checked	1	0	reset	135	27.212	0
8	checked	1	0	reset	136	26.82	0
8	checked	1	0	reset	137	27.251	0
8	checked	1	0	reset	138	26.941	0
8	checked	1	0	reset	139	27.171	0
8	checked	1	0	reset	140	26.79	0
8	checked	1	0	reset	141	27.211	0
8	checked	1	0	reset	142	26.771	0
8	checked	1	0	reset	143	27.201	0
8	checked	1	0	reset	144	26.821	0
8	checked	1	0	reset	145	27.171	0
8	checked	1	0	reset	146	26.82	0
8	checked	1	0	reset	147	27.221	0
8	checked	1	0	reset	148	27.913	0
8	checked	1	0	reset	149	27.241	0
8	checked	1	0	reset	150	26.831	0
8	checked	1	0	reset	151	27.341	0
8	checked	1	0	reset	152	28.554	0
8	checked	1	0	reset	153	27.202	0
8	checked	1	0	reset	154	26.82	0
8	checked	1	0	reset	155	27.181	0
8	checked	1	0	reset	156	26.891	0
8	checked	1	0	reset	157	27.151	0
8	checked	1	0	reset	158	26.68	0
8	checked	1	0	reset	159	27.261	0
8	checked	1	0	reset	160	26.79	0
8	checked	1	0	reset	161	27.161	0
8	checked	1	0	reset	162	26.911	0
8	checked	1	0	reset	163	27.211	0
8	checked	1	0	reset	164	26.741	0
8	checked	1	0	reset	165	27.232	0
8	checked	1	0	reset	166	26.851	0
8	checked	1	0	reset	167	27.241	0
8	checked	1	0	reset	168	26.75	0
8	checked	1	0	reset	169	27.201	0
8	checked	1	0	reset	170	26.741	0
8	checked	1	0	reset	171	27.162	0
8	checked	1	0	reset	172	26.841	0
8	checked	1	0	reset	173	27.291	0
8	checked	1	0	reset	174	26.78	0
8	checked	1	0	reset	175	27.222	0
8	checked	1	0	reset	176	26.841	0
8	checked	1	0	reset	177	28.784	0
8	checked	1	0	reset	178	26.86	0
8	checked	1	0	reset	179	27.262	0
8	checked	1	0	reset	180	26.87	0
8	checked	1	0	reset	181	29.576	0
8	checked	1	0	reset	182	26.78	0
8	checked	1	0	reset	183	27.262	0
8	checked	1	0	reset	184	26.841	0
8	checked	1	0	reset	185	27.241	0
8	checked	1	0	reset	186	26.75	0
8	checked	1	0	reset	187	27.191	0
8	checked	1	0	reset	188	26.821	0
8	checked	1	0	reset	189	27.191	0
8	checked	1	0	reset	190	26.7	0
8	checked	1	0	reset	191	27.232	0
8	checked	1	0	reset	192	26.73	0
8	checked	1	0	reset	193	27.251	0
8	checked	1	0	reset	194	26.841	0
8	checked	1	0	reset	195	27.221	0
8	checked	1	0	reset	196	26.771	0
8	checked	1	0	reset	197	27.241	0
8	checked	1	0	reset	198	26.77	0
8	checked	1	0	reset	199	27.291	0
8	checked	1	0	reset	200	26.771	0
8	unsafe	1	0	reset	1	0.16	0
8	unsafe	1	0	reset	2	0.07	0
8	unsafe	1	0	reset	3	0.07	0
8	unsafe	1	0	reset	4	0.08	0
8	unsafe	1	0	reset	5	0.071	0
8	unsafe	1	0	reset	6	0.08	0
8	unsafe	1	0	reset	7	0.07	0
8	unsafe	1	0	reset	8	0.07	0
8	unsafe	1	0	reset	9	0.07	0
8	unsafe	1	0	reset	10	0.06	0
8	unsafe	1	0	reset	11	0.06	0
8	unsafe	1	0	reset	12	0.07	0
8	unsafe	1	0	reset	13	0.25	0
8	unsafe	1	0	reset	14	0.08	0
8	unsafe	1	0	reset	15	0.081	0
8	unsafe	1	0	reset	16	0.09	0
8	unsafe	1	0	reset	17	0.06	0
8	unsafe	1	0	reset	18	0.08	0
8	unsafe	1	0	reset	19	0.06	0
8	unsafe	1	0	reset	20	0.07	0
8	unsafe	1	0	reset	21	0.071	0
8	unsafe	1	0	reset	22	0.06	0
8	unsafe	1	0	reset	23	0.071	0
8	unsafe	1	0	reset	24	0.07	0
8	unsafe	1	0	reset	25	0.081	0
8	unsafe	1	0	reset	26	0.071	0
8	unsafe	1	0	reset	27	0.07	0
8	unsafe	1	0	reset	28	0.06	0
8	unsafe	1	0	reset	29	0.07	0
8	unsafe	1	0	reset	30	0.07	0
8	unsafe	1	0	reset	31	0.07	0
8	unsafe	1	0	reset	32	0.07	0
8	unsafe	1	0	reset	33	0.07	0
8	unsafe	1	0	reset	34	0.07	0
8	unsafe	1	0	reset	35	0.07	0
8	unsafe	1	0	reset	36	0.06	0
8	unsafe	1	0	reset	37	0.06	0
8	unsafe	1	0	reset	38	0.07	0
8	unsafe	1	0	reset	39	0.07	0
8	unsafe	1	0	reset	40	0.07	0
8	unsafe	1	0	reset	41	0.06	0
8	unsafe	1	0	reset	42	0.07	0
8	unsafe	1	0	reset	43	0.07	0
8	unsafe	1	0	reset	44	0.07	0
8	unsafe	1	0	reset	45	0.08	0
8	unsafe	1	0	reset	46	0.2	0
8	unsafe	1	0	reset	47	0.07	0
8	unsafe	1	0	reset	48	0.07	0
8	unsafe	1	0	reset	49	0.07	0
8	unsafe	1	0	reset	50	0.08	0
8	unsafe	1	0	reset	51	0.071	0
8	unsafe	1	0	reset	52	0.07	0
8	unsafe	1	0	reset	53	0.07	0
8	unsafe	1	0	reset	54	0.11	0
8	unsafe	1	0	reset	55	0.07	0
8	unsafe	1	0	reset	56	0.07	0
8	unsafe	1	0	reset	57	0.07	0
8	unsafe	1	0	reset	58	0.1	0
8	unsafe	1	0	reset	59	0.061	0
8	unsafe	1	0	reset	60	0.07	0
8	unsafe	1	0	reset	61	0.07	0
8	unsafe	1	0	reset	62	0.1	0
8	unsafe	1	0	reset	63	0.1	0
8	unsafe	1	0	reset	64	0.09	0
8	unsafe	1	0	reset	65	0.07	0
8	unsafe	1	0	reset	66	0.07	0
8	unsafe	1	0	reset	67	0.07	0
8	unsafe	1	0	reset	68	0.07	0
8	unsafe	1	0	reset	69	0.06	0
8	unsafe	1	0	reset	70	0.08	0
8	unsafe	1	0	reset	71	0.071	0
8	unsafe	1	0	reset	72	0.101	0
8	unsafe	1	0	reset	73	0.07	0
8	unsafe	1	0	reset	74	0.1	0
8	unsafe	1	0	reset	75	0.071	0
8	unsafe	1	0	reset	76	0.08	0
8	unsafe	1	0	reset	77	0.07	0
8	unsafe	1	0	reset	78	0.07	0
8	unsafe	1	0	reset	79	0.071	0
8	unsafe	1	0	reset	80	0.1	0
8	unsafe	1	0	reset	81	0.07	0
8	unsafe	1	0	reset	82	0.06	0
8	unsafe	1	0	reset	83	0.07	0
8	unsafe	1	0	reset	84	0.07	0
8	unsafe	1	0	reset	85	0.07	0
8	unsafe	1	0	reset	86	0.08	0
8	unsafe	1	0	reset	87	0.06	0
8	unsafe	1	0	reset	88	0.071	0
8	unsafe	1	0	reset	89	0.07	0
8	unsafe	1	0	reset	90	0.07	0
8	unsafe	1	0	reset	91	0.09	0
8	unsafe	1	0	reset	92	0.07	0
8	unsafe	1	0	reset	93	0.06	0
8	unsafe	1	0	reset	94	0.08	0
8	unsafe	1	0	reset	95	0.06	0
8	unsafe	1	0	reset	96	0.06	0
8	unsafe	1	0	reset	97	0.07	0
8	unsafe	1	0	reset	98	0.071	0
8	unsafe	1	0	reset	99	0.08	0
8	unsafe	1	0	reset	100	0.07	0
8	unsafe	1	0	reset	101	0.06	0
8	unsafe	1	0	reset	102	0.09	0
8	unsafe	1	0	reset	103	0.07	0
8	unsafe	1	0	reset	104	0.08	0
8	unsafe	1	0	reset	105	0.09	0
8	unsafe	1	0	reset	106	0.071	0
8	unsafe	1	0	reset	107	0.081	0
8	unsafe	1	0	reset	108	0.08	0
8	unsafe	1	0	reset	109	0.07	0
8	unsafe	1	0	reset	110	0.07	0
8	unsafe	1	0	reset	111	0.07	0
8	unsafe	1	0	reset	112	0.07	0
8	unsafe	1	0	reset	113	0.07	0
8	unsafe	1	0	reset	114	0.07	0
8	unsafe	1	0	reset	115	0.071	0
8	unsafe	1	0	reset	116	0.07	0
8	unsafe	1	0	reset	117	0.08	0
8	unsafe	1	0	reset	118	0.07	0
8	unsafe	1	0	reset	119	0.071	0
8	unsafe	1	0	reset	120	0.09	0
8	unsafe	1	0	reset	121	0.07	0
8	unsafe	1	0	reset	122	0.07	0
8	unsafe	1	0	reset	123	0.08	0
8	unsafe	1	0	reset	124	0.06	0
8	unsafe	1	0	reset	125	0.09	0
8	unsafe	1	0	reset	126	0.08	0
8	unsafe	1	0	reset	127	0.081	0
8	unsafe	1	0	reset	128	0.07	0
8	unsafe	1	0	reset	129	0.07	0
8	unsafe	1	0	reset	130	0.06	0
8	unsafe	1	0	reset	131	0.07	0
8	unsafe	1	0	reset	132	0.07	0
8	unsafe	1	0	reset	133	0.081	0
8	unsafe	1	0	reset	134	0.08	0
8	unsafe	1	0	reset	135	0.071	0
8	unsafe	1	0	reset	136	0.1	0
8	unsafe	1	0	reset	137	0.07	0
8	unsafe	1	0	reset	138	0.07	0
8	unsafe	1	0	reset	139	0.07	0
8	unsafe	1	0	reset	140	0.07	0
8	unsafe	1	0	reset	141	0.07	0
8	unsafe	1	0	reset	142	0.101	0
8	unsafe	1	0	reset	143	0.07	0
8	unsafe	1	0	reset	144	0.071	0
8	unsafe	1	0	reset	145	0.07	0
8	unsafe	1	0	reset	146	0.09	0
8	unsafe	1	0	reset	147	0.06	0
8	unsafe	1	0	reset	148	0.071	0
8	unsafe	1	0	reset	149	0.08	0
8	unsafe	1	0	reset	150	0.07	0
8	unsafe	1	0	reset	151	0.08	0
8	unsafe	1	0	reset	152	0.11	0
8	unsafe	1	0	reset	153	0.06	0
8	unsafe	1	0	reset	154	0.07	0
8	unsafe	1	0	reset	155	0.081	0
8	unsafe	1	0	reset	156	0.09	0
8	unsafe	1	0	reset	157	0.06	0
8	unsafe	1	0	reset	158	0.08	0
8	unsafe	1	0	reset	159	0.07	0
8	unsafe	1	0	reset	160	0.1	0
8	unsafe	1	0	reset	161	0.071	0
8	unsafe	1	0	reset	162	0.09	0
8	unsafe	1	0	reset	163	0.07	0
8	unsafe	1	0	reset	164	0.09	0
8	unsafe	1	0	reset	165	0.08	0
8	unsafe	1	0	reset	166	0.08	0
8	unsafe	1	0	reset	167	0.08	0
8	unsafe	1	0	reset	168	0.07	0
8	unsafe	1	0	reset	169	0.07	0
8	unsafe	1	0	reset	170	0.07	0
8	unsafe	1	0	reset	171	0.071	0
8	unsafe	1	0	reset	172	0.08	0
8	unsafe	1	0	reset	173	0.08	0
8	unsafe	1	0	reset	174	0.07	0
8	unsafe	1	0	reset	175	0.07	0
8	unsafe	1	0	reset	176	0.07	0
8	unsafe	1	0	reset	177	0.07	0
8	unsafe	1	0	reset	178	0.06	0
8	unsafe	1	0	reset	179	0.07	0
8	unsafe	1	0	reset	180	0.06	0
8	unsafe	1	0	reset	181	0.071	0
8	unsafe	1	0	reset	182	0.071	0
8	unsafe	1	0	reset	183	0.07	0
8	unsafe	1	0	reset	184	0.081	0
8	unsafe	1	0	reset	185	0.06	0
8	unsafe	1	0	reset	186	0.07	0
8	unsafe	1	0	reset	187	0.091	0
8	unsafe	1	0	reset	188	0.07	0
8	unsafe	1	0	reset	189	0.07	0
8	unsafe	1	0	reset	190	0.07	0
8	unsafe	1	0	reset	191	0.07	0
8	unsafe	1	0	reset	192	0.07	0
8	unsafe	1	0	reset	193	0.08	0
8	unsafe	1	0	reset	194	0.07	0
8	unsafe	1	0	reset	195	0.07	0
8	unsafe	1	0	reset	196	0.08	0
8	unsafe	1	0	reset	197	0.07	0
8	unsafe	1	0	reset	198	0.08	0
8	unsafe	1	0	reset	199	0.06	0
8	unsafe	1	0	reset	200	0.071	0
8	checked	4	3	reset	1	58.641	0
8	checked	4	3	reset	2	55.655	0
8	checked	4	3	reset	3	47.57	0
8	checked	4	3	reset	4	42.28	0
8	checked	4	3	reset	5	36.379	0
8	checked	4	3	reset	6	37.33	0
8	checked	4	3	reset	7	36.9	0
8	checked	4	3	reset	8	63.54	0
8	checked	4	3	reset	9	90.481	0
8	checked	4	3	reset	10	250.753	0
8	checked	4	3	reset	11	36.529	0
8	checked	4	3	reset	12	36.208	0
8	checked	4	3	reset	13	39.564	0
8	checked	4	3	reset	14	34.254	0
8	checked	4	3	reset	15	34.635	0
8	checked	4	3	reset	16	65.554	0
8	checked	4	3	reset	17	64.121	0
8	checked	4	3	reset	18	48.151	0
8	checked	4	3	reset	19	40.597	0
8	checked	4	3	reset	20	49.463	0
8	checked	4	3	reset	21	43.462	0
8	checked	4	3	reset	22	42.52	0
8	checked	4	3	reset	23	40.486	0
8	checked	4	3	reset	24	41.368	0
8	checked	4	3	reset	25	39.845	0
8	checked	4	3	reset	26	42.159	0
8	checked	4	3	reset	27	41.618	0
8	checked	4	3	reset	28	41.598	0
8	checked	4	3	reset	29	40.306	0
8	checked	4	3	reset	30	40.978	0
8	checked	4	3	reset	31	39.644	0
8	checked	4	3	reset	32	40.777	0
8	checked	4	3	reset	33	39.474	0
8	checked	4	3	reset	34	35.026	0
8	checked	4	3	reset	35	36.198	0
8	checked	4	3	reset	36	36.208	0
8	checked	4	3	reset	37	35.988	0
8	checked	4	3	reset	38	34.104	0
8	checked	4	3	reset	39	35.607	0
8	checked	4	3	reset	40	36.128	0
8	checked	4	3	reset	41	36.659	0
8	checked	4	3	reset	42	35.838	0
8	checked	4	3	reset	43	35.437	0
8	checked	4	3	reset	44	36.058	0
8	checked	4	3	reset	45	34.745	0
8	checked	4	3	reset	46	36.98	0
8	checked	4	3	reset	47	36.448	0
8	checked	4	3	reset	48	35.728	0
8	checked	4	3	reset	49	35.727	0
8	checked	4	3	reset	50	34.264	0
8	checked	4	3	reset	51	34.325	0
8	checked	4	3	reset	52	35.337	0
8	checked	4	3	reset	53	38.703	0
8	checked	4	3	reset	54	34.835	0
8	checked	4	3	reset	55	37.992	0
8	checked	4	3	reset	56	35.787	0
8	checked	4	3	reset	57	38.964	0
8	checked	4	3	reset	58	35.036	0
8	checked	4	3	reset	59	34.194	0
8	checked	4	3	reset	60	34.135	0
8	checked	4	3	reset	61	41.969	0
8	checked	4	3	reset	62	34.776	0
8	checked	4	3	reset	63	34.125	0
8	checked	4	3	reset	64	36.499	0
8	checked	4	3	reset	65	36.719	0
8	checked	4	3	reset	66	34.805	0
8	checked	4	3	reset	67	35.748	0
8	checked	4	3	reset	68	34.996	0
8	checked	4	3	reset	69	37.441	0
8	checked	4	3	reset	70	36.459	0
8	checked	4	3	reset	71	37.601	0
8	checked	4	3	reset	72	35.377	0
8	checked	4	3	reset	73	34.766	0
8	checked	4	3	reset	74	35.718	0
8	checked	4	3	reset	75	34.525	0
8	checked	4	3	reset	76	35.257	0
8	checked	4	3	reset	77	38.463	0
8	checked	4	3	reset	78	36.138	0
8	checked	4	3	reset	79	36.058	0
8	checked	4	3	reset	80	36.519	0
8	checked	4	3	reset	81	39.083	0
8	checked	4	3	reset	82	36.478	0
8	checked	4	3	reset	83	36.599	0
8	checked	4	3	reset	84	35.777	0
8	checked	4	3	reset	85	38.252	0
8	checked	4	3	reset	86	35.677	0
8	checked	4	3	reset	87	37.871	0
8	checked	4	3	reset	88	36.378	0
8	checked	4	3	reset	89	37.25	0
8	checked	4	3	reset	90	41.458	0
8	checked	4	3	reset	91	34.274	0
8	checked	4	3	reset	92	34.616	0
8	checked	4	3	reset	93	36.689	0
8	checked	4	3	reset	94	34.625	0
8	checked	4	3	reset	95	36.168	0
8	checked	4	3	reset	96	36.058	0
8	checked	4	3	reset	97	38.743	0
8	checked	4	3	reset	98	34.666	0
8	checked	4	3	reset	99	35.137	0
8	checked	4	3	reset	100	34.866	0
8	checked	4	3	reset	101	35.116	0
8	checked	4	3	reset	102	35.367	0
8	checked	4	3	reset	103	34.455	0
8	checked	4	3	reset	104	34.245	0
8	checked	4	3	reset	105	34.305	0
8	checked	4	3	reset	106	34.906	0
8	checked	4	3	reset	107	34.165	0
8	checked	4	3	reset	108	35.938	0
8	checked	4	3	reset	109	34.195	0
8	checked	4	3	reset	110	34.315	0
8	checked	4	3	reset	111	36.92	0
8	checked	4	3	reset	112	36.048	0
8	checked	4	3	reset	113	34.515	0
8	checked	4	3	reset	114	34.746	0
8	checked	4	3	reset	115	35.697	0
8	checked	4	3	reset	116	34.546	0
8	checked	4	3	reset	117	34.054	0
8	checked	4	3	reset	118	34.385	0
8	checked	4	3	reset	119	34.125	0
8	checked	4	3	reset	120	34.074	0
8	checked	4	3	reset	121	34.264	0
8	checked	4	3	reset	122	35.056	0
8	checked	4	3	reset	123	35.157	0
8	checked	4	3	reset	124	34.925	0
8	checked	4	3	reset	125	45.336	0
8	checked	4	3	reset	126	34.645	0
8	checked	4	3	reset	127	35.808	0
8	checked	4	3	reset	128	34.805	0
8	checked	4	3	reset	129	35.197	0
8	checked	4	3	reset	130	35.617	0
8	checked	4	3	reset	131	35.417	0
8	checked	4	3	reset	132	36.048	0
8	checked	4	3	reset	133	35.917	0
8	checked	4	3	reset	134	36.328	0
8	checked	4	3	reset	135	34.926	0
8	checked	4	3	reset	136	34.405	0
8	checked	4	3	reset	137	35.437	0
8	checked	4	3	reset	138	34.635	0
8	checked	4	3	reset	139	36.028	0
8	checked	4	3	reset	140	35.217	0
8	checked	4	3	reset	141	35.256	0
8	checked	4	3	reset	142	34.786	0
8	checked	4	3	reset	143	35.417	0
8	checked	4	3	reset	144	34.936	0
8	checked	4	3	reset	145	34.315	0
8	checked	4	3	reset	146	34.585	0
8	checked	4	3	reset	147	34.465	0
8	checked	4	3	reset	148	35.537	0
8	checked	4	3	reset	149	35.557	0
8	checked	4	3	reset	150	34.866	0
8	checked	4	3	reset	151	34.215	0
8	checked	4	3	reset	152	34.665	0
8	checked	4	3	reset	153	34.405	0
8	checked	4	3	reset	154	34.555	0
8	checked	4	3	reset	155	34.115	0
8	checked	4	3	reset	156	34.526	0
8	checked	4	3	reset	157	34.425	0
8	checked	4	3	reset	158	35.426	0
8	checked	4	3	reset	159	35.387	0
8	checked	4	3	reset	160	34.615	0
8	checked	4	3	reset	161	34.374	0
8	checked	4	3	reset	162	34.605	0
8	checked	4	3	reset	163	34.485	0
8	checked	4	3	reset	164	34.325	0
8	checked	4	3	reset	165	34.785	0
8	checked	4	3	reset	166	35.116	0
8	checked	4	3	reset	167	34.365	0
8	checked	4	3	reset	168	36.309	0
8	checked	4	3	reset	169	34.115	0
8	checked	4	3	reset	170	34.405	0
8	checked	4	3	reset	171	34.245	0
8	checked	4	3	reset	172	34.315	0
8	checked	4	3	reset	173	33.934	0
8	checked	4	3	reset	174	35.477	0
8	checked	4	3	reset	175	37.161	0
8	checked	4	3	reset	176	35.688	0
8	checked	4	3	reset	177	34.114	0
8	checked	4	3	reset	178	35.677	0
8	checked	4	3	reset	179	34.345	0
8	checked	4	3	reset	180	35.116	0
8	checked	4	3	reset	181	36.228	0
8	checked	4	3	reset	182	36.329	0
8	checked	4	3	reset	183	34.274	0
8	checked	4	3	reset	184	35.146	0
8	checked	4	3	reset	185	35.918	0
8	checked	4	3	reset	186	34.946	0
8	checked	4	3	reset	187	34.676	0
8	checked	4	3	reset	188	34.465	0
8	checked	4	3	reset	189	34.395	0
8	checked	4	3	reset	190	34.596	0
8	checked	4	3	reset	191	34.074	0
8	checked	4	3	reset	192	34.626	0
8	checked	4	3	reset	193	34.365	0
8	checked	4	3	reset	194	36.559	0
8	checked	4	3	reset	195	34.926	0
8	checked	4	3	reset	196	34.986	0
8	checked	4	3	reset	197	34.314	0
8	checked	4	3	reset	198	34.675	0
8	checked	4	3	reset	199	35.597	0
8	checked	4	3	reset	200	35.116	0
8	checked	4	3	stall	1	61.957	0
8	checked	4	3	stall	2	69.551	0
8	checked	4	3	stall	3	59.632	0
8	unsafe	4	3	reset	1	0.101	0
8	unsafe	4	3	reset	2	0.04	0
8	unsafe	4	3	reset	3	0.05	0
8	unsafe	4	3	reset	4	0.04	0
8	unsafe	4	3	reset	5	0.04	0
8	unsafe	4	3	reset	6	0.08	0
8	unsafe	4	3	reset	7	0.061	0
8	unsafe	4	3	reset	8	0.04	0
8	unsafe	4	3	reset	9	0.05	0
8	unsafe	4	3	reset	10	0.061	0
8	unsafe	4	3	reset	11	0.05	0
8	unsafe	4	3	reset	12	0.08	0
8	unsafe	4	3	reset	13	0.09	0
8	unsafe	4	3	reset	14	0.09	0
8	unsafe	4	3	reset	15	0.09	0
8	unsafe	4	3	reset	16	0.06	0
8	unsafe	4	3	reset	17	0.17	0
8	unsafe	4	3	reset	18	0.05	0
8	unsafe	4	3	reset	19	0.06	0
8	unsafe	4	3	reset	20	0.051	0
8	unsafe	4	3	reset	21	0.05	0
8	unsafe	4	3	reset	22	0.05	0
8	unsafe	4	3	reset	23	0.05	0
8	unsafe	4	3	reset	24	0.051	0
8	unsafe	4	3	reset	25	0.05	0
8	unsafe	4	3	reset	26	0.05	0
8	unsafe	4	3	reset	27	0.06	0
8	unsafe	4	3	reset	28	0.06	0
8	unsafe	4	3	reset	29	0.05	0
8	unsafe	4	3	reset	30	0.06	0
8	unsafe	4	3	reset	31	0.05	0
8	unsafe	4	3	reset	32	0.04	0
8	unsafe	4	3	reset	33	0.05	0
8	unsafe	4	3	reset	34	0.06	0
8	unsafe	4	3	reset	35	0.061	0
8	unsafe	4	3	reset	36	0.05	0
8	unsafe	4	3	reset	37	0.05	0
8	unsafe	4	3	reset	38	0.06	0
8	unsafe	4	3	reset	39	0.061	0
8	unsafe	4	3	reset	40	0.05	0
8	unsafe	4	3	reset	41	0.05	0
8	unsafe	4	3	reset	42	0.06	0
8	unsafe	4	3	reset	43	0.05	0
8	unsafe	4	3	reset	44	0.06	0
8	unsafe	4	3	reset	45	0.06	0
8	unsafe	4	3	reset	46	0.05	0
8	unsafe	4	3	reset	47	0.05	0
8	unsafe	4	3	reset	48	0.061	0
8	unsafe	4	3	reset	49	0.06	0
8	unsafe	4	3	reset	50	0.05	0
8	unsafe	4	3	reset	51	0.07	0
8	unsafe	4	3	reset	52	0.06	0
8	unsafe	4	3	reset	53	0.041	0
8	unsafe	4	3	reset	54	0.071	0
8	unsafe	4	3	reset	55	0.05	0
8	unsafe	4	3	reset	56	0.06	0
8	unsafe	4	3	reset	57	0.05	0
8	unsafe	4	3	reset	58	0.06	0
8	unsafe	4	3	reset	59	0.05	0
8	unsafe	4	3	reset	60	0.04	0
8	unsafe	4	3	reset	61	0.09	0
8	unsafe	4	3	reset	62	0.06	0
8	unsafe	4	3	reset	63	0.06	0
8	unsafe	4	3	reset	64	0.05	0
8	unsafe	4	3	reset	65	0.06	0
8	unsafe	4	3	reset	66	0.06	0
8	unsafe	4	3	reset	67	0.06	0
8	unsafe	4	3	reset	68	0.061	0
8	unsafe	4	3	reset	69	0.05	0
8	unsafe	4	3	reset	70	0.05	0
8	unsafe	4	3	reset	71	0.06	0
8	unsafe	4	3	reset	72	0.05	0
8	unsafe	4	3	reset	73	0.06	0
8	unsafe	4	3	reset	74	0.051	0
8	unsafe	4	3	reset	75	0.05	0
8	unsafe	4	3	reset	76	0.061	0
8	unsafe	4	3	reset	77	0.06	0
8	unsafe	4	3	reset	78	0.05	0
8	unsafe	4	3	reset	79	0.06	0
8	unsafe	4	3	reset	80	0.05	0
8	unsafe	4	3	reset	81	0.05	0
8	unsafe	4	3	reset	82	0.061	0
8	unsafe	4	3	reset	83	0.06	0
8	unsafe	4	3	reset	84	0.05	0
8	unsafe	4	3	reset	85	0.07	0
8	unsafe	4	3	reset	86	0.06	0
8	unsafe	4	3	reset	87	0.06	0
8	unsafe	4	3	reset	88	0.04	0
8	unsafe	4	3	reset	89	0.06	0
8	unsafe	4	3	reset	90	0.05	0
8	unsafe	4	3	reset	91	0.06	0
8	unsafe	4	3	reset	92	0.06	0
8	unsafe	4	3	reset	93	0.06	0
8	unsafe	4	3	reset	94	0.05	0
8	unsafe	4	3	reset	95	0.061	0
8	unsafe	4	3	reset	96	0.061	0
8	unsafe	4	3	reset	97	0.05	0
8	unsafe	4	3	reset	98	0.06	0
8	unsafe	4	3	reset	99	0.05	0
8	unsafe	4	3	reset	100	0.051	0
8	unsafe	4	3	reset	101	0.08	0
8	unsafe	4	3	reset	102	0.05	0
8	unsafe	4	3	reset	103	0.05	0
8	unsafe	4	3	reset	104	0.06	0
8	unsafe	4	3	reset	105	0.05	0
8	unsafe	4	3	reset	106	0.07	0
8	unsafe	4	3	reset	107	0.051	0
8	unsafe	4	3	reset	108	0.05	0
8	unsafe	4	3	reset	109	0.06	0
8	unsafe	4	3	reset	110	0.06	0
8	unsafe	4	3	reset	111	0.06	0
8	unsafe	4	3	reset	112	0.05	0
8	unsafe	4	3	reset	113	0.06	0
8	unsafe	4	3	reset	114	0.05	0
8	unsafe	4	3	reset	115	0.07	0
8	unsafe	4	3	reset	116	0.05	0
8	unsafe	4	3	reset	117	0.1	0
8	unsafe	4	3	reset	118	0.05	0
8	unsafe	4	3	reset	119	0.06	0
8	unsafe	4	3	reset	120	0.06	0
8	unsafe	4	3	reset	121	0.051	0
8	unsafe	4	3	reset	122	0.06	0
8	unsafe	4	3	reset	123	0.05	0
8	unsafe	4	3	reset	124	0.06	0
8	unsafe	4	3	reset	125	0.06	0
8	unsafe	4	3	reset	126	0.05	0
8	unsafe	4	3	reset	127	0.05	0
8	unsafe	4	3	reset	128	0.05	0
8	unsafe	4	3	reset	129	0.051	0
8	unsafe	4	3	reset	130	0.05	0
8	unsafe	4	3	reset	131	0.05	0
8	unsafe	4	3	reset	132	0.06	0
8	unsafe	4	3	reset	133	0.05	0
8	unsafe	4	3	reset	134	0.06	0
8	unsafe	4	3	reset	135	0.05	0
8	unsafe	4	3	reset	136	0.05	0
8	unsafe	4	3	reset	137	0.06	0
8	unsafe	4	3	reset	138	0.05	0
8	unsafe	4	3	reset	139	0.08	0
8	unsafe	4	3	reset	140	0.05	0
8	unsafe	4	3	reset	141	0.05	0
8	unsafe	4	3	reset	142	0.06	0
8	unsafe	4	3	reset	143	0.07	0
8	unsafe	4	3	reset	144	0.06	0
8	unsafe	4	3	reset	145	0.05	0
8	unsafe	4	3	reset	146	0.05	0
8	unsafe	4	3	reset	147	0.05	0
8	unsafe	4	3	reset	148	0.05	0
8	unsafe	4	3	reset	149	0.06	0
8	unsafe	4	3	reset	150	0.05	0
8	unsafe	4	3	reset	151	0.08	0
8	unsafe	4	3	reset	152	0.08	0
8	unsafe	4	3	reset	153	0.06	0
8	unsafe	4	3	reset	154	0.06	0
8	unsafe	4	3	reset	155	0.04	0
8	unsafe	4	3	reset	156	0.06	0
8	unsafe	4	3	reset	157	0.06	0
8	unsafe	4	3	reset	158	0.09	0
8	unsafe	4	3	reset	159	0.05	0
8	unsafe	4	3	reset	160	0.05	0
8	unsafe	4	3	reset	161	0.06	0
8	unsafe	4	3	reset	162	0.071	0
8	unsafe	4	3	reset	163	0.08	0
8	unsafe	4	3	reset	164	0.05	0
8	unsafe	4	3	reset	165	0.05	0
8	unsafe	4	3	reset	166	0.071	0
8	unsafe	4	3	reset	167	0.06	0
8	unsafe	4	3	reset	168	0.06	0
8	unsafe	4	3	reset	169	0.05	0
8	unsafe	4	3	reset	170	0.06	0
8	unsafe	4	3	reset	171	0.07	0
8	unsafe	4	3	reset	172	0.091	0
8	unsafe	4	3	reset	173	0.05	0
8	unsafe	4	3	reset	174	0.09	0
8	unsafe	4	3	reset	175	0.08	0
8	unsafe	4	3	reset	176	0.06	0
8	unsafe	4	3	reset	177	0.04	0
8	unsafe	4	3	reset	178	0.05	0
8	unsafe	4	3	reset	179	0.05	0
8	unsafe	4	3	reset	180	0.041	0
8	unsafe	4	3	reset	181	0.05	0
8	unsafe	4	3	reset	182	0.04	0
8	unsafe	4	3	reset	183	0.05	0
8	unsafe	4	3	reset	184	0.04	0
8	unsafe	4	3	reset	185	0.05	0
8	unsafe	4	3	reset	186	0.07	0
8	unsafe	4	3	reset	187	0.04	0
8	unsafe	4	3	reset	188	0.06	0
8	unsafe	4	3	reset	189	0.05	0
8	unsafe	4	3	reset	190	0.051	0
8	unsafe	4	3	reset	191	0.06	0
8	unsafe	4	3	reset	192	0.05	0
8	unsafe	4	3	reset	193	0.05	0
8	unsafe	4	3	reset	194	0.05	0
8	unsafe	4	3	reset	195	0.07	0
8	unsafe	4	3	reset	196	0.05	0
8	unsafe	4	3	reset	197	0.041	0
8	unsafe	4	3	reset	198	0.051	0
8	unsafe	4	3	reset	199	0.061	0
8	unsafe	4	3	reset	200	0.05	0
8	unsafe	4	3	stall	1	0.0	0
8	unsafe	4	3	stall	2	0.0	0
8	unsafe	4	3	stall	3	0.0	0
8	checked	8	7	reset	1	66.936	0
8	checked	8	7	reset	2	59.692	0
8	checked	8	7	reset	3	39.945	0
8	checked	8	7	reset	4	39.344	0
8	checked	8	7	reset	5	39.875	0
8	checked	8	7	reset	6	39.896	0
8	checked	8	7	reset	7	59.993	0
8	checked	8	7	reset	8	79.701	0
8	checked	8	7	reset	9	241.175	0
8	checked	8	7	reset	10	55.765	0
8	checked	8	7	reset	11	51.857	0
8	checked	8	7	reset	12	56.857	0
8	checked	8	7	reset	13	45.136	0
8	checked	8	7	reset	14	46.278	0
8	checked	8	7	reset	15	39.986	0
8	checked	8	7	reset	16	53.15	0
8	checked	8	7	reset	17	79.19	0
8	checked	8	7	reset	18	60.263	0
8	checked	8	7	reset	19	52.57	0
8	checked	8	7	reset	20	51.868	0
8	checked	8	7	reset	21	51.968	0
8	checked	8	7	reset	22	47.65	0
8	checked	8	7	reset	23	47.82	0
8	checked	8	7	reset	24	47.059	0
8	checked	8	7	reset	25	48.491	0
8	checked	8	7	reset	26	46.067	0
8	checked	8	7	reset	27	44.344	0
8	checked	8	7	reset	28	49.072	0
8	checked	8	7	reset	29	45.496	0
8	checked	8	7	reset	30	47.279	0
8	checked	8	7	reset	31	45.226	0
8	checked	8	7	reset	32	45.466	0
8	checked	8	7	reset	33	45.806	0
8	checked	8	7	reset	34	46.127	0
8	checked	8	7	reset	35	47.039	0
8	checked	8	7	reset	36	48.03	0
8	checked	8	7	reset	37	47.028	0
8	checked	8	7	reset	38	44.885	0
8	checked	8	7	reset	39	42.771	0
8	checked	8	7	reset	40	46.959	0
8	checked	8	7	reset	41	47.971	0
8	checked	8	7	reset	42	45.957	0
8	checked	8	7	reset	43	44.814	0
8	checked	8	7	reset	44	47.069	0
8	checked	8	7	reset	45	47.289	0
8	checked	8	7	reset	46	45.916	0
8	checked	8	7	reset	47	48.562	0
8	checked	8	7	reset	48	48.963	0
8	checked	8	7	reset	49	45.526	0
8	checked	8	7	reset	50	43.332	0
8	checked	8	7	reset	51	44.844	0
8	checked	8	7	reset	52	48.321	0
8	checked	8	7	reset	53	44.424	0
8	checked	8	7	reset	54	46.017	0
8	checked	8	7	reset	55	46.147	0
8	checked	8	7	reset	56	58.881	0
8	checked	8	7	reset	57	51.708	0
8	checked	8	7	reset	58	46.197	0
8	checked	8	7	reset	59	48.983	0
8	checked	8	7	reset	60	50.976	0
8	checked	8	7	reset	61	50.165	0
8	checked	8	7	reset	62	47.85	0
8	checked	8	7	reset	63	46.428	0
8	checked	8	7	reset	64	43.262	0
8	checked	8	7	reset	65	45.796	0
8	checked	8	7	reset	66	44.765	0
8	checked	8	7	reset	67	45.195	0
8	checked	8	7	reset	68	43.913	0
8	checked	8	7	reset	69	45.596	0
8	checked	8	7	reset	70	44.844	0
8	checked	8	7	reset	71	44.844	0
8	checked	8	7	reset	72	43.482	0
8	checked	8	7	reset	73	45.576	0
8	checked	8	7	reset	74	42.961	0
8	checked	8	7	reset	75	48.943	0
8	checked	8	7	reset	76	53.982	0
8	checked	8	7	reset	77	45.375	0
8	checked	8	7	reset	78	49.844	0
8	checked	8	7	reset	79	44.273	0
8	checked	8	7	reset	80	57.088	0
8	checked	8	7	reset	81	47.67	0
8	checked	8	7	reset	82	62.668	0
8	checked	8	7	reset	83	48.942	0
8	checked	8	7	reset	84	44.133	0
8	checked	8	7	reset	85	46.548	0
8	checked	8	7	reset	86	40.988	0
8	checked	8	7	reset	87	42.279	0
8	checked	8	7	reset	88	51.628	0
8	checked	8	7	reset	89	50.705	0
8	checked	8	7	reset	90	38.834	0
8	checked	8	7	reset	91	41.067	0
8	checked	8	7	reset	92	40.537	0
8	checked	8	7	reset	93	38.763	0
8	checked	8	7	reset	94	39.795	0
8	checked	8	7	reset	95	42.5	0
8	checked	8	7	reset	96	39.635	0
8	checked	8	7	reset	97	40.035	0
8	checked	8	7	reset	98	39.605	0
8	checked	8	7	reset	99	39.565	0
8	checked	8	7	reset	100	39.394	0
8	checked	8	7	reset	101	39.144	0
8	checked	8	7	reset	102	40.907	0
8	checked	8	7	reset	103	42.931	0
8	checked	8	7	reset	104	40.807	0
8	checked	8	7	reset	105	39.124	0
8	checked	8	7	reset	106	40.096	0
8	checked	8	7	reset	107	41.388	0
8	checked	8	7	reset	108	42.14	0
8	checked	8	7	reset	109	39.625	0
8	checked	8	7	reset	110	40.867	0
8	checked	8	7	reset	111	40.195	0
8	checked	8	7	reset	112	40.446	0
8	checked	8	7	reset	113	39.585	0
8	checked	8	7	reset	114	39.855	0
8	checked	8	7	reset	115	40.957	0
8	checked	8	7	reset	116	39.104	0
8	checked	8	7	reset	117	39.074	0
8	checked	8	7	reset	118	39.033	0
8	checked	8	7	reset	119	39.274	0
8	checked	8	7	reset	120	38.503	0
8	checked	8	7	reset	121	39.434	0
8	checked	8	7	reset	122	38.593	0
8	checked	8	7	reset	123	39.935	0
8	checked	8	7	reset	124	39.655	0
8	checked	8	7	reset	125	39.124	0
8	checked	8	7	reset	126	39.454	0
8	checked	8	7	reset	127	40.707	0
8	checked	8	7	reset	128	40.757	0
8	checked	8	7	reset	129	40.647	0
8	checked	8	7	reset	130	40.416	0
8	checked	8	7	reset	131	40.256	0
8	checked	8	7	reset	132	40.155	0
8	checked	8	7	reset	133	38.834	0
8	checked	8	7	reset	134	39.455	0
8	checked	8	7	reset	135	40.336	0
8	checked	8	7	reset	136	38.533	0
8	checked	8	7	reset	137	39.815	0
8	checked	8	7	reset	138	40.186	0
8	checked	8	7	reset	139	39.575	0
8	checked	8	7	reset	140	39.895	0
8	checked	8	7	reset	141	38.864	0
8	checked	8	7	reset	142	39.184	0
8	checked	8	7	reset	143	40.056	0
8	checked	8	7	reset	144	38.923	0
8	checked	8	7	reset	145	39.485	0
8	checked	8	7	reset	146	38.794	0
8	checked	8	7	reset	147	43.683	0
8	checked	8	7	reset	148	39.054	0
8	checked	8	7	reset	149	39.184	0
8	checked	8	7	reset	150	39.886	0
8	checked	8	7	reset	151	41.448	0
8	checked	8	7	reset	152	40.006	0
8	checked	8	7	reset	153	50.775	0
8	checked	8	7	reset	154	40.577	0
8	checked	8	7	reset	155	39.845	0
8	checked	8	7	reset	156	38.983	0
8	checked	8	7	reset	157	39.545	0
8	checked	8	7	reset	158	39.074	0
8	checked	8	7	reset	159	39.414	0
8	checked	8	7	reset	160	39.474	0
8	checked	8	7	reset	161	39.414	0
8	checked	8	7	reset	162	39.134	0
8	checked	8	7	reset	163	39.595	0
8	checked	8	7	reset	164	39.595	0
8	checked	8	7	reset	165	39.314	0
8	checked	8	7	reset	166	40.165	0
8	checked	8	7	reset	167	38.813	0
8	checked	8	7	reset	168	38.804	0
8	checked	8	7	reset	169	39.415	0
8	checked	8	7	reset	170	41.058	0
8	checked	8	7	reset	171	39.214	0
8	checked	8	7	reset	172	39.585	0
8	checked	8	7	reset	173	39.084	0
8	checked	8	7	reset	174	39.645	0
8	checked	8	7	reset	175	38.863	0
8	checked	8	7	reset	176	39.835	0
8	checked	8	7	reset	177	52.389	0
8	checked	8	7	reset	178	39.525	0
8	checked	8	7	reset	179	39.354	0
8	checked	8	7	reset	180	39.785	0
8	checked	8	7	reset	181	38.814	0
8	checked	8	7	reset	182	39.655	0
8	checked	8	7	reset	183	39.274	0
8	checked	8	7	reset	184	39.044	0
8	checked	8	7	reset	185	39.985	0
8	checked	8	7	reset	186	40.005	0
8	checked	8	7	reset	187	39.795	0
8	checked	8	7	reset	188	39.765	0
8	checked	8	7	reset	189	40.526	0
8	checked	8	7	reset	190	40.627	0
8	checked	8	7	reset	191	40.767	0
8	checked	8	7	reset	192	40.045	0
8	checked	8	7	reset	193	40.576	0
8	checked	8	7	reset	194	42.239	0
8	checked	8	7	reset	195	39.775	0
8	checked	8	7	reset	196	39.084	0
8	checked	8	7	reset	197	38.944	0
8	checked	8	7	reset	198	38.914	0
8	checked	8	7	reset	199	39.455	0
8	checked	8	7	reset	200	39.465	0
8	checked	8	7	stall	1	72.567	0
8	checked	8	7	stall	2	60.354	0
8	checked	8	7	stall	3	60.374	0
8	checked	8	7	stall	4	75.192	0
8	checked	8	7	stall	5	62.908	0
8	checked	8	7	stall	6	72.417	0
8	checked	8	7	stall	7	87.845	0
8	unsafe	8	7	reset	1	0.26	0
8	unsafe	8	7	reset	2	0.07	0
8	unsafe	8	7	reset	3	0.07	0
8	unsafe	8	7	reset	4	0.13	0
8	unsafe	8	7	reset	5	0.09	0
8	unsafe	8	7	reset	6	0.081	0
8	unsafe	8	7	reset	7	0.08	0
8	unsafe	8	7	reset	8	0.09	0
8	unsafe	8	7	reset	9	0.09	0
8	unsafe	8	7	reset	10	0.09	0
8	unsafe	8	7	reset	11	0.07	0
8	unsafe	8	7	reset	12	0.07	0
8	unsafe	8	7	reset	13	0.11	0
8	unsafe	8	7	reset	14	0.19	0
8	unsafe	8	7	reset	15	0.081	0
8	unsafe	8	7	reset	16	0.081	0
8	unsafe	8	7	reset	17	0.061	0
8	unsafe	8	7	reset	18	0.09	0
8	unsafe	8	7	reset	19	0.08	0
8	unsafe	8	7	reset	20	0.08	0
8	unsafe	8	7	reset	21	0.07	0
8	unsafe	8	7	reset	22	0.08	0
8	unsafe	8	7	reset	23	0.09	0
8	unsafe	8	7	reset	24	0.071	0
8	unsafe	8	7	reset	25	0.07	0
8	unsafe	8	7	reset	26	0.07	0
8	unsafe	8	7	reset	27	0.07	0
8	unsafe	8	7	reset	28	0.08	0
8	unsafe	8	7	reset	29	0.071	0
8	unsafe	8	7	reset	30	0.08	0
8	unsafe	8	7	reset	31	0.06	0
8	unsafe	8	7	reset	32	0.09	0
8	unsafe	8	7	reset	33	0.1	0
8	unsafe	8	7	reset	34	0.07	0
8	unsafe	8	7	reset	35	0.07	0
8	unsafe	8	7	reset	36	0.07	0
8	unsafe	8	7	reset	37	0.07	0
8	unsafe	8	7	reset	38	0.08	0
8	unsafe	8	7	reset	39	0.071	0
8	unsafe	8	7	reset	40	0.07	0
8	unsafe	8	7	reset	41	0.07	0
8	unsafe	8	7	reset	42	0.08	0
8	unsafe	8	7	reset	43	0.081	0
8	unsafe	8	7	reset	44	0.08	0
8	unsafe	8	7	reset	45	0.07	0
8	unsafe	8	7	reset	46	0.08	0
8	unsafe	8	7	reset	47	0.07	0
8	unsafe	8	7	reset	48	0.08	0
8	unsafe	8	7	reset	49	0.08	0
8	unsafe	8	7	reset	50	0.08	0
8	unsafe	8	7	reset	51	0.07	0
8	unsafe	8	7	reset	52	0.08	0
8	unsafe	8	7	reset	53	0.07	0
8	unsafe	8	7	reset	54	0.071	0
8	unsafe	8	7	reset	55	0.07	0
8	unsafe	8	7	reset	56	0.07	0
8	unsafe	8	7	reset	57	0.08	0
8	unsafe	8	7	reset	58	0.1	0
8	unsafe	8	7	reset	59	0.06	0
8	unsafe	8	7	reset	60	0.08	0
8	unsafe	8	7	reset	61	0.07	0
8	unsafe	8	7	reset	62	0.071	0
8	unsafe	8	7	reset	63	0.07	0
8	unsafe	8	7	reset	64	0.07	0
8	unsafe	8	7	reset	65	0.071	0
8	unsafe	8	7	reset	66	0.07	0
8	unsafe	8	7	reset	67	0.08	0
8	unsafe	8	7	reset	68	0.07	0
8	unsafe	8	7	reset	69	0.071	0
8	unsafe	8	7	reset	70	0.07	0
8	unsafe	8	7	reset	71	0.07	0
8	unsafe	8	7	reset	72	0.07	0
8	unsafe	8	7	reset	73	0.08	0
8	unsafe	8	7	reset	74	0.08	0
8	unsafe	8	7	reset	75	0.08	0
8	unsafe	8	7	reset	76	0.091	0
8	unsafe	8	7	reset	77	0.07	0
8	unsafe	8	7	reset	78	0.07	0
8	unsafe	8	7	reset	79	0.09	0
8	unsafe	8	7	reset	80	0.09	0
8	unsafe	8	7	reset	81	0.101	0
8	unsafe	8	7	reset	82	0.07	0
8	unsafe	8	7	reset	83	0.08	0
8	unsafe	8	7	reset	84	0.07	0
8	unsafe	8	7	reset	85	0.07	0
8	unsafe	8	7	reset	86	0.081	0
8	unsafe	8	7	reset	87	0.081	0
8	unsafe	8	7	reset	88	0.081	0
8	unsafe	8	7	reset	89	0.07	0
8	unsafe	8	7	reset	90	0.07	0
8	unsafe	8	7	reset	91	0.08	0
8	unsafe	8	7	reset	92	0.07	0
8	unsafe	8	7	reset	93	0.09	0
8	unsafe	8	7	reset	94	0.13	0
8	unsafe	8	7	reset	95	0.071	0
8	unsafe	8	7	reset	96	0.08	0
8	unsafe	8	7	reset	97	0.08	0
8	unsafe	8	7	reset	98	0.08	0
8	unsafe	8	7	reset	99	0.09	0
8	unsafe	8	7	reset	100	0.09	0
8	unsafe	8	7	reset	101	0.07	0
8	unsafe	8	7	reset	102	0.07	0
8	unsafe	8	7	reset	103	0.07	0
8	unsafe	8	7	reset	104	0.07	0
8	unsafe	8	7	reset	105	0.08	0
8	unsafe	8	7	reset	106	0.07	0
8	unsafe	8	7	reset	107	0.07	0
8	unsafe	8	7	reset	108	0.081	0
8	unsafe	8	7	reset	109	0.07	0
8	unsafe	8	7	reset	110	0.1	0
8	unsafe	8	7	reset	111	0.08	0
8	unsafe	8	7	reset	112	0.091	0
8	unsafe	8	7	reset	113	0.08	0
8	unsafe	8	7	reset	114	0.09	0
8	unsafe	8	7	reset	115	0.081	0
8	unsafe	8	7	reset	116	0.08	0
8	unsafe	8	7	reset	117	0.07	0
8	unsafe	8	7	reset	118	0.07	0
8	unsafe	8	7	reset	119	0.08	0
8	unsafe	8	7	reset	120	0.07	0
8	unsafe	8	7	reset	121	0.07	0
8	unsafe	8	7	reset	122	0.07	0
8	unsafe	8	7	reset	123	0.08	0
8	unsafe	8	7	reset	124	0.071	0
8	unsafe	8	7	reset	125	0.06	0
8	unsafe	8	7	reset	126	0.08	0
8	unsafe	8	7	reset	127	0.08	0
8	unsafe	8	7	reset	128	0.07	0
8	unsafe	8	7	reset	129	0.07	0
8	unsafe	8	7	reset	130	0.2	0
8	unsafe	8	7	reset	131	0.07	0
8	unsafe	8	7	reset	132	0.07	0
8	unsafe	8	7	reset	133	0.07	0
8	unsafe	8	7	reset	134	0.07	0
8	unsafe	8	7	reset	135	0.081	0
8	unsafe	8	7	reset	136	0.08	0
8	unsafe	8	7	reset	137	0.081	0
8	unsafe	8	7	reset	138	0.07	0
8	unsafe	8	7	reset	139	0.07	0
8	unsafe	8	7	reset	140	0.08	0
8	unsafe	8	7	reset	141	0.08	0
8	unsafe	8	7	reset	142	0.08	0
8	unsafe	8	7	reset	143	0.08	0
8	unsafe	8	7	reset	144	0.071	0
8	unsafe	8	7	reset	145	0.09	0
8	unsafe	8	7	reset	146	0.08	0
8	unsafe	8	7	reset	147	0.08	0
8	unsafe	8	7	reset	148	0.08	0
8	unsafe	8	7	reset	149	0.08	0
8	unsafe	8	7	reset	150	0.08	0
8	unsafe	8	7	reset	151	0.07	0
8	unsafe	8	7	reset	152	0.07	0
8	unsafe	8	7	reset	153	0.07	0
8	unsafe	8	7	reset	154	0.07	0
8	unsafe	8	7	reset	155	0.081	0
8	unsafe	8	7	reset	156	0.08	0
8	unsafe	8	7	reset	157	0.08	0
8	unsafe	8	7	reset	158	0.07	0
8	unsafe	8	7	reset	159	0.09	0
8	unsafe	8	7	reset	160	0.081	0
8	unsafe	8	7	reset	161	0.08	0
8	unsafe	8	7	reset	162	0.07	0
8	unsafe	8	7	reset	163	0.08	0
8	unsafe	8	7	reset	164	0.071	0
8	unsafe	8	7	reset	165	0.07	0
8	unsafe	8	7	reset	166	0.08	0
8	unsafe	8	7	reset	167	0.08	0
8	unsafe	8	7	reset	168	0.08	0
8	unsafe	8	7	reset	169	0.07	0
8	unsafe	8	7	reset	170	0.08	0
8	unsafe	8	7	reset	171	0.071	0
8	unsafe	8	7	reset	172	0.08	0
8	unsafe	8	7	reset	173	0.08	0
8	unsafe	8	7	reset	174	0.07	0
8	unsafe	8	7	reset	175	0.091	0
8	unsafe	8	7	reset	176	0.07	0
8	unsafe	8	7	reset	177	0.07	0
8	unsafe	8	7	reset	178	0.08	0
8	unsafe	8	7	reset	179	0.08	0
8	unsafe	8	7	reset	180	0.071	0
8	unsafe	8	7	reset	181	0.08	0
8	unsafe	8	7	reset	182	0.07	0
8	unsafe	8	7	reset	183	0.08	0
8	unsafe	8	7	reset	184	0.08	0
8	unsafe	8	7	reset	185	0.07	0
8	unsafe	8	7	reset	186	0.07	0
8	unsafe	8	7	reset	187	0.071	0
8	unsafe	8	7	reset	188	0.07	0
8	unsafe	8	7	reset	189	0.08	0
8	unsafe	8	7	reset	190	0.071	0
8	unsafe	8	7	reset	191	0.08	0
8	unsafe	8	7	reset	192	0.08	0
8	unsafe	8	7	reset	193	0.09	0
8	unsafe	8	7	reset	194	0.08	0
8	unsafe	8	7	reset	195	0.08	0
8	unsafe	8	7	reset	196	0.081	0
8	unsafe	8	7	reset	197	0.08	0
8	unsafe	8	7	reset	198	0.09	0
8	unsafe	8	7	reset	199	0.07	0
8	unsafe	8	7	reset	200	0.07	0
8	unsafe	8	7	stall	1	0.0	0
8	unsafe	8	7	stall	2	0.0	0
8	unsafe	8	7	stall	3	31.881	0
8	unsafe	8	7	stall	4	0.0	0
8	unsafe	8	7	stall	5	0.0	0
8	unsafe	8	7	stall	6	0.0	0
8	unsafe	8	7	stall	7	0.0	0
8	checked	16	15	reset	1	66.766	0
8	checked	16	15	reset	2	56.937	0
8	checked	16	15	reset	3	55.365	0
8	checked	16	15	reset	4	99.137	0
8	checked	16	15	reset	5	79.42	0
8	checked	16	15	reset	6	229.443	0
8	checked	16	15	reset	7	62.157	0
8	checked	16	15	reset	8	94.899	0
8	checked	16	15	reset	9	75.863	0
8	checked	16	15	reset	10	70.603	0
8	checked	16	15	reset	11	72.937	0
8	checked	16	15	reset	12	66.195	0
8	checked	16	15	reset	13	66.355	0
8	checked	16	15	reset	14	68.129	0
8	checked	16	15	reset	15	62.417	0
8	checked	16	15	reset	16	65.344	0
8	checked	16	15	reset	17	66.285	0
8	checked	16	15	reset	18	61.105	0
8	checked	16	15	reset	19	68.359	0
8	checked	16	15	reset	20	63.74	0
8	checked	16	15	reset	21	67.497	0
8	checked	16	15	reset	22	62.368	0
8	checked	16	15	reset	23	62.858	0
8	checked	16	15	reset	24	64.852	0
8	checked	16	15	reset	25	62.258	0
8	checked	16	15	reset	26	64.712	0
8	checked	16	15	reset	27	65.243	0
8	checked	16	15	reset	28	80.982	0
8	checked	16	15	reset	29	80.902	0
8	checked	16	15	reset	30	73.689	0
8	checked	16	15	reset	31	64.762	0
8	checked	16	15	reset	32	61.516	0
8	checked	16	15	reset	33	63.65	0
8	checked	16	15	reset	34	60.854	0
8	checked	16	15	reset	35	61.586	0
8	checked	16	15	reset	36	57.498	0
8	checked	16	15	reset	37	58.961	0
8	checked	16	15	reset	38	59.552	0
8	checked	16	15	reset	39	59.482	0
8	checked	16	15	reset	40	59.442	0
8	checked	16	15	reset	41	65.553	0
8	checked	16	15	reset	42	59.703	0
8	checked	16	15	reset	43	57.709	0
8	checked	16	15	reset	44	61.196	0
8	checked	16	15	reset	45	64.091	0
8	checked	16	15	reset	46	63.279	0
8	checked	16	15	reset	47	58.651	0
8	checked	16	15	reset	48	58.481	0
8	checked	16	15	reset	49	60.254	0
8	checked	16	15	reset	50	59.603	0
8	checked	16	15	reset	51	58.31	0
8	checked	16	15	reset	52	56.727	0
8	checked	16	15	reset	53	58.74	0
8	checked	16	15	reset	54	59.302	0
8	checked	16	15	reset	55	59.552	0
8	checked	16	15	reset	56	57.658	0
8	checked	16	15	reset	57	67.077	0
8	checked	16	15	reset	58	56.257	0
8	checked	16	15	reset	59	59.372	0
8	checked	16	15	reset	60	65.874	0
8	checked	16	15	reset	61	54.102	0
8	checked	16	15	reset	62	54.613	0
8	checked	16	15	reset	63	52.068	0
8	checked	16	15	reset	64	54.833	0
8	checked	16	15	reset	65	52.679	0
8	checked	16	15	reset	66	54.373	0
8	checked	16	15	reset	67	55.605	0
8	checked	16	15	reset	68	53.682	0
8	checked	16	15	reset	69	55.285	0
8	checked	16	15	reset	70	54.593	0
8	checked	16	15	reset	71	55.845	0
8	checked	16	15	reset	72	54.934	0
8	checked	16	15	reset	73	55.004	0
8	checked	16	15	reset	74	53.501	0
8	checked	16	15	reset	75	53.882	0
8	checked	16	15	reset	76	52.88	0
8	checked	16	15	reset	77	53.491	0
8	checked	16	15	reset	78	70.032	0
8	checked	16	15	reset	79	53.2	0
8	checked	16	15	reset	80	53.932	0
8	checked	16	15	reset	81	52.258	0
8	checked	16	15	reset	82	53.12	0
8	checked	16	15	reset	83	53.271	0
8	checked	16	15	reset	84	53.511	0
8	checked	16	15	reset	85	53.471	0
8	checked	16	15	reset	86	53.902	0
8	checked	16	15	reset	87	52.499	0
8	checked	16	15	reset	88	55.034	0
8	checked	16	15	reset	89	52.058	0
8	checked	16	15	reset	90	53.31	0
8	checked	16	15	reset	91	54.162	0
8	checked	16	15	reset	92	54.253	0
8	checked	16	15	reset	93	53.22	0
8	checked	16	15	reset	94	58.892	0
8	checked	16	15	reset	95	53.661	0
8	checked	16	15	reset	96	53.09	0
8	checked	16	15	reset	97	53.611	0
8	checked	16	15	reset	98	52.669	0
8	checked	16	15	reset	99	53.611	0
8	checked	16	15	reset	100	53.38	0
8	checked	16	15	reset	101	54.082	0
8	checked	16	15	reset	102	53.591	0
8	checked	16	15	reset	103	53.411	0
8	checked	16	15	reset	104	53.751	0
8	checked	16	15	reset	105	53.761	0
8	checked	16	15	reset	106	52.93	0
8	checked	16	15	reset	107	54.583	0
8	checked	16	15	reset	108	53.581	0
8	checked	16	15	reset	109	53.771	0
8	checked	16	15	reset	110	56.536	0
8	checked	16	15	reset	111	53.26	0
8	checked	16	15	reset	112	54.733	0
8	checked	16	15	reset	113	54.663	0
8	checked	16	15	reset	114	54.302	0
8	checked	16	15	reset	115	55.024	0
8	checked	16	15	reset	116	52.9	0
8	checked	16	15	reset	117	53.411	0
8	checked	16	15	reset	118	52.169	0
8	checked	16	15	reset	119	53.36	0
8	checked	16	15	reset	120	54.863	0
8	checked	16	15	reset	121	53.26	0
8	checked	16	15	reset	122	56.476	0
8	checked	16	15	reset	123	53.811	0
8	checked	16	15	reset	124	54.653	0
8	checked	16	15	reset	125	54.143	0
8	checked	16	15	reset	126	53.13	0
8	checked	16	15	reset	127	53.12	0
8	checked	16	15	reset	128	52.279	0
8	checked	16	15	reset	129	55.484	0
8	checked	16	15	reset	130	53.551	0
8	checked	16	15	reset	131	52.73	0
8	checked	16	15	reset	132	52.86	0
8	checked	16	15	reset	133	53.692	0
8	checked	16	15	reset	134	284.477	0
8	checked	16	15	reset	135	52.098	0
8	checked	16	15	reset	136	53.991	0
8	checked	16	15	reset	137	53.621	0
8	checked	16	15	reset	138	54.644	0
8	checked	16	15	reset	139	54.734	0
8	checked	16	15	reset	140	53.551	0
8	checked	16	15	reset	141	54.472	0
8	checked	16	15	reset	142	54.232	0
8	checked	16	15	reset	143	54.894	0
8	checked	16	15	reset	144	57.077	0
8	checked	16	15	reset	145	55.474	0
8	checked	16	15	reset	146	53.861	0
8	checked	16	15	reset	147	55.585	0
8	checked	16	15	reset	148	52.559	0
8	checked	16	15	reset	149	55.093	0
8	checked	16	15	reset	150	54.192	0
8	checked	16	15	reset	151	59.773	0
8	checked	16	15	reset	152	54.382	0
8	checked	16	15	reset	153	54.182	0
8	checked	16	15	reset	154	54.664	0
8	checked	16	15	reset	155	55.314	0
8	checked	16	15	reset	156	52.769	0
8	checked	16	15	reset	157	54.883	0
8	checked	16	15	reset	158	53.802	0
8	checked	16	15	reset	159	54.854	0
8	checked	16	15	reset	160	53.662	0
8	checked	16	15	reset	161	53.521	0
8	checked	16	15	reset	162	55.084	0
8	checked	16	15	reset	163	55.795	0
8	checked	16	15	reset	164	54.132	0
8	checked	16	15	reset	165	53.761	0
8	checked	16	15	reset	166	54.362	0
8	checked	16	15	reset	167	58.641	0
8	checked	16	15	reset	168	59.252	0
8	checked	16	15	reset	169	54.462	0
8	checked	16	15	reset	170	55.225	0
8	checked	16	15	reset	171	54.983	0
8	checked	16	15	reset	172	54.372	0
8	checked	16	15	reset	173	54.393	0
8	checked	16	15	reset	174	54.552	0
8	checked	16	15	reset	175	53.662	0
8	checked	16	15	reset	176	54.173	0
8	checked	16	15	reset	177	55.905	0
8	checked	16	15	reset	178	53.862	0
8	checked	16	15	reset	179	54.302	0
8	checked	16	15	reset	180	58.27	0
8	checked	16	15	reset	181	53.841	0
8	checked	16	15	reset	182	54.733	0
8	checked	16	15	reset	183	53.691	0
8	checked	16	15	reset	184	55.825	0
8	checked	16	15	reset	185	54.332	0
8	checked	16	15	reset	186	55.405	0
8	checked	16	15	reset	187	53.641	0
8	checked	16	15	reset	188	54.392	0
8	checked	16	15	reset	189	54.001	0
8	checked	16	15	reset	190	58.401	0
8	checked	16	15	reset	191	56.336	0
8	checked	16	15	reset	192	55.154	0
8	checked	16	15	reset	193	53.641	0
8	checked	16	15	reset	194	54.373	0
8	checked	16	15	reset	195	53.891	0
8	checked	16	15	reset	196	53.601	0
8	checked	16	15	reset	197	54.353	0
8	checked	16	15	reset	198	54.553	0
8	checked	16	15	reset	199	55.375	0
8	checked	16	15	reset	200	54.032	0
8	checked	16	15	stall	1	499.212	0
8	checked	16	15	stall	2	279.988	0
8	checked	16	15	stall	3	278.476	0
8	checked	16	15	stall	4	277.193	0
8	checked	16	15	stall	5	280.179	0
8	checked	16	15	stall	6	277.844	0
8	checked	16	15	stall	7	278.776	0
8	checked	16	15	stall	8	279.878	0
8	checked	16	15	stall	9	277.383	0
8	checked	16	15	stall	10	278.696	0
8	checked	16	15	stall	11	278.836	0
8	checked	16	15	stall	12	278.926	0
8	checked	16	15	stall	13	278.215	0
8	checked	16	15	stall	14	276.351	0
8	checked	16	15	stall	15	277.704	0
8	unsafe	16	15	reset	1	0.13	0
8	unsafe	16	15	reset	2	0.09	0
8	unsafe	16	15	reset	3	0.1	0
8	unsafe	16	15	reset	4	0.1	0
8	unsafe	16	15	reset	5	0.101	0
8	unsafe	16	15	reset	6	0.1	0
8	unsafe	16	15	reset	7	0.07	0
8	unsafe	16	15	reset	8	0.1	0
8	unsafe	16	15	reset	9	0.091	0
8	unsafe	16	15	reset	10	0.1	0
8	unsafe	16	15	reset	11	0.07	0
8	unsafe	16	15	reset	12	0.07	0
8	unsafe	16	15	reset	13	0.1	0
8	unsafe	16	15	reset	14	0.071	0
8	unsafe	16	15	reset	15	0.07	0
8	unsafe	16	15	reset	16	0.07	0
8	unsafe	16	15	reset	17	0.07	0
8	unsafe	16	15	reset	18	0.08	0
8	unsafe	16	15	reset	19	0.08	0
8	unsafe	16	15	reset	20	0.1	0
8	unsafe	16	15	reset	21	0.09	0
8	unsafe	16	15	reset	22	0.07	0
8	unsafe	16	15	reset	23	0.07	0
8	unsafe	16	15	reset	24	0.08	0
8	unsafe	16	15	reset	25	0.08	0
8	unsafe	16	15	reset	26	0.08	0
8	unsafe	16	15	reset	27	0.08	0
8	unsafe	16	15	reset	28	0.09	0
8	unsafe	16	15	reset	29	0.08	0
8	unsafe	16	15	reset	30	0.081	0
8	unsafe	16	15	reset	31	0.08	0
8	unsafe	16	15	reset	32	0.07	0
8	unsafe	16	15	reset	33	0.081	0
8	unsafe	16	15	reset	34	0.08	0
8	unsafe	16	15	reset	35	0.07	0
8	unsafe	16	15	reset	36	0.07	0
8	unsafe	16	15	reset	37	0.09	0
8	unsafe	16	15	reset	38	0.1	0
8	unsafe	16	15	reset	39	0.09	0
8	unsafe	16	15	reset	40	0.07	0
8	unsafe	16	15	reset	41	0.07	0
8	unsafe	16	15	reset	42	0.071	0
8	unsafe	16	15	reset	43	0.08	0
8	unsafe	16	15	reset	44	0.081	0
8	unsafe	16	15	reset	45	0.07	0
8	unsafe	16	15	reset	46	0.08	0
8	unsafe	16	15	reset	47	0.08	0
8	unsafe	16	15	reset	48	0.06	0
8	unsafe	16	15	reset	49	0.07	0
8	unsafe	16	15	reset	50	0.09	0
8	unsafe	16	15	reset	51	0.07	0
8	unsafe	16	15	reset	52	0.07	0
8	unsafe	16	15	reset	53	0.07	0
8	unsafe	16	15	reset	54	0.07	0
8	unsafe	16	15	reset	55	0.09	0
8	unsafe	16	15	reset	56	0.08	0
8	unsafe	16	15	reset	57	0.08	0
8	unsafe	16	15	reset	58	0.08	0
8	unsafe	16	15	reset	59	0.07	0
8	unsafe	16	15	reset	60	0.08	0
8	unsafe	16	15	reset	61	0.09	0
8	unsafe	16	15	reset	62	0.09	0
8	unsafe	16	15	reset	63	0.08	0
8	unsafe	16	15	reset	64	0.08	0
8	unsafe	16	15	reset	65	0.07	0
8	unsafe	16	15	reset	66	0.08	0
8	unsafe	16	15	reset	67	0.08	0
8	unsafe	16	15	reset	68	0.071	0
8	unsafe	16	15	reset	69	0.071	0
8	unsafe	16	15	reset	70	0.07	0
8	unsafe	16	15	reset	71	0.08	0
8	unsafe	16	15	reset	72	0.07	0
8	unsafe	16	15	reset	73	0.1	0
8	unsafe	16	15	reset	74	0.08	0
8	unsafe	16	15	reset	75	0.08	0
8	unsafe	16	15	reset	76	0.101	0
8	unsafe	16	15	reset	77	0.08	0
8	unsafe	16	15	reset	78	0.07	0
8	unsafe	16	15	reset	79	0.07	0
8	unsafe	16	15	reset	80	0.081	0
8	unsafe	16	15	reset	81	0.111	0
8	unsafe	16	15	reset	82	0.07	0
8	unsafe	16	15	reset	83	0.081	0
8	unsafe	16	15	reset	84	0.08	0
8	unsafe	16	15	reset	85	0.09	0
8	unsafe	16	15	reset	86	0.08	0
8	unsafe	16	15	reset	87	0.07	0
8	unsafe	16	15	reset	88	0.08	0
8	unsafe	16	15	reset	89	0.08	0
8	unsafe	16	15	reset	90	0.071	0
8	unsafe	16	15	reset	91	0.07	0
8	unsafe	16	15	reset	92	0.07	0
8	unsafe	16	15	reset	93	0.08	0
8	unsafe	16	15	reset	94	0.08	0
8	unsafe	16	15	reset	95	0.12	0
8	unsafe	16	15	reset	96	0.08	0
8	unsafe	16	15	reset	97	0.08	0
8	unsafe	16	15	reset	98	0.07	0
8	unsafe	16	15	reset	99	0.08	0
8	unsafe	16	15	reset	100	0.101	0
8	unsafe	16	15	reset	101	0.081	0
8	unsafe	16	15	reset	102	0.081	0
8	unsafe	16	15	reset	103	0.09	0
8	unsafe	16	15	reset	104	0.091	0
8	unsafe	16	15	reset	105	0.08	0
8	unsafe	16	15	reset	106	0.07	0
8	unsafe	16	15	reset	107	0.08	0
8	unsafe	16	15	reset	108	0.1	0
8	unsafe	16	15	reset	109	0.09	0
8	unsafe	16	15	reset	110	0.08	0
8	unsafe	16	15	reset	111	0.08	0
8	unsafe	16	15	reset	112	0.07	0
8	unsafe	16	15	reset	113	0.07	0
8	unsafe	16	15	reset	114	0.08	0
8	unsafe	16	15	reset	115	0.08	0
8	unsafe	16	15	reset	116	0.08	0
8	unsafe	16	15	reset	117	0.08	0
8	unsafe	16	15	reset	118	0.08	0
8	unsafe	16	15	reset	119	0.08	0
8	unsafe	16	15	reset	120	0.08	0
8	unsafe	16	15	reset	121	0.08	0
8	unsafe	16	15	reset	122	0.08	0
8	unsafe	16	15	reset	123	0.101	0
8	unsafe	16	15	reset	124	0.08	0
8	unsafe	16	15	reset	125	0.09	0
8	unsafe	16	15	reset	126	0.09	0
8	unsafe	16	15	reset	127	0.08	0
8	unsafe	16	15	reset	128	0.09	0
8	unsafe	16	15	reset	129	0.08	0
8	unsafe	16	15	reset	130	0.07	0
8	unsafe	16	15	reset	131	0.07	0
8	unsafe	16	15	reset	132	0.08	0
8	unsafe	16	15	reset	133	0.08	0
8	unsafe	16	15	reset	134	0.07	0
8	unsafe	16	15	reset	135	0.08	0
8	unsafe	16	15	reset	136	0.07	0
8	unsafe	16	15	reset	137	0.08	0
8	unsafe	16	15	reset	138	0.08	0
8	unsafe	16	15	reset	139	0.08	0
8	unsafe	16	15	reset	140	0.08	0
8	unsafe	16	15	reset	141	0.09	0
8	unsafe	16	15	reset	142	0.09	0
8	unsafe	16	15	reset	143	0.071	0
8	unsafe	16	15	reset	144	0.1	0
8	unsafe	16	15	reset	145	0.09	0
8	unsafe	16	15	reset	146	0.08	0
8	unsafe	16	15	reset	147	0.08	0
8	unsafe	16	15	reset	148	0.08	0
8	unsafe	16	15	reset	149	0.09	0
8	unsafe	16	15	reset	150	0.081	0
8	unsafe	16	15	reset	151	0.08	0
8	unsafe	16	15	reset	152	0.08	0
8	unsafe	16	15	reset	153	0.08	0
8	unsafe	16	15	reset	154	0.08	0
8	unsafe	16	15	reset	155	0.07	0
8	unsafe	16	15	reset	156	0.08	0
8	unsafe	16	15	reset	157	0.07	0
8	unsafe	16	15	reset	158	0.1	0
8	unsafe	16	15	reset	159	0.08	0
8	unsafe	16	15	reset	160	0.08	0
8	unsafe	16	15	reset	161	0.07	0
8	unsafe	16	15	reset	162	0.08	0
8	unsafe	16	15	reset	163	0.081	0
8	unsafe	16	15	reset	164	0.11	0
8	unsafe	16	15	reset	165	0.071	0
8	unsafe	16	15	reset	166	0.08	0
8	unsafe	16	15	reset	167	0.08	0
8	unsafe	16	15	reset	168	0.07	0
8	unsafe	16	15	reset	169	0.081	0
8	unsafe	16	15	reset	170	0.101	0
8	unsafe	16	15	reset	171	0.07	0
8	unsafe	16	15	reset	172	0.081	0
8	unsafe	16	15	reset	173	0.08	0
8	unsafe	16	15	reset	174	0.101	0
8	unsafe	16	15	reset	175	0.08	0
8	unsafe	16	15	reset	176	0.09	0
8	unsafe	16	15	reset	177	0.07	0
8	unsafe	16	15	reset	178	0.09	0
8	unsafe	16	15	reset	179	0.07	0
8	unsafe	16	15	reset	180	0.11	0
8	unsafe	16	15	reset	181	0.08	0
8	unsafe	16	15	reset	182	0.111	0
8	unsafe	16	15	reset	183	0.081	0
8	unsafe	16	15	reset	184	0.07	0
8	unsafe	16	15	reset	185	0.08	0
8	unsafe	16	15	reset	186	0.08	0
8	unsafe	16	15	reset	187	0.08	0
8	unsafe	16	15	reset	188	0.081	0
8	unsafe	16	15	reset	189	0.09	0
8	unsafe	16	15	reset	190	0.08	0
8	unsafe	16	15	reset	191	0.08	0
8	unsafe	16	15	reset	192	0.08	0
8	unsafe	16	15	reset	193	0.1	0
8	unsafe	16	15	reset	194	0.11	0
8	unsafe	16	15	reset	195	0.11	0
8	unsafe	16	15	reset	196	0.08	0
8	unsafe	16	15	reset	197	0.071	0
8	unsafe	16	15	reset	198	0.101	0
8	unsafe	16	15	reset	199	0.08	0
8	unsafe	16	15	reset	200	0.08	0
8	unsafe	16	15	stall	1	0.0	0
8	unsafe	16	15	stall	2	0.0	0
8	unsafe	16	15	stall	3	0.0	0
8	unsafe	16	15	stall	4	0.0	0
8	unsafe	16	15	stall	5	0.0	0
8	unsafe	16	15	stall	6	0.0	0
8	unsafe	16	15	stall	7	0.0	0
8	unsafe	16	15	stall	8	0.0	0
8	unsafe	16	15	stall	9	0.0	0
8	unsafe	16	15	stall	10	0.0	0
8	unsafe	16	15	stall	11	0.0	0
8	unsafe	16	15	stall	12	0.0	0
8	unsafe	16	15	stall	13	0.0	0
8	unsafe	16	15	stall	14	0.0	0
8	unsafe	16	15	stall	15	0.0	0
8	checked	30	29	reset	1	105.459	0
8	checked	30	29	reset	2	74.16	0
8	checked	30	29	reset	3	56.387	0
8	checked	30	29	reset	4	53.601	0
8	checked	30	29	reset	5	78.168	0
8	checked	30	29	reset	6	88.998	0
8	checked	30	29	reset	7	95.319	0
8	checked	30	29	reset	8	435.432	0
8	checked	30	29	reset	9	60.454	0
8	checked	30	29	reset	10	64.352	0
8	checked	30	29	reset	11	64.111	0
8	checked	30	29	reset	12	66.335	0
8	checked	30	29	reset	13	126.769	0
8	checked	30	29	reset	14	112.372	0
8	checked	30	29	reset	15	103.726	0
8	checked	30	29	reset	16	100.169	0
8	checked	30	29	reset	17	104.678	0
8	checked	30	29	reset	18	109.416	0
8	checked	30	29	reset	19	107.864	0
8	checked	30	29	reset	20	99.517	0
8	checked	30	29	reset	21	115.628	0
8	checked	30	29	reset	22	102.544	0
8	checked	30	29	reset	23	105.189	0
8	checked	30	29	reset	24	108.194	0
8	checked	30	29	reset	25	101.922	0
8	checked	30	29	reset	26	105.83	0
8	checked	30	29	reset	27	103.055	0
8	checked	30	29	reset	28	100.87	0
8	checked	30	29	reset	29	108.885	0
8	checked	30	29	reset	30	98.997	0
8	checked	30	29	reset	31	102.964	0
8	checked	30	29	reset	32	100.038	0
8	checked	30	29	reset	33	105.589	0
8	checked	30	29	reset	34	100.519	0
8	checked	30	29	reset	35	104.577	0
8	checked	30	29	reset	36	96.993	0
8	checked	30	29	reset	37	97.954	0
8	checked	30	29	reset	38	127.22	0
8	checked	30	29	reset	39	97.043	0
8	checked	30	29	reset	40	99.127	0
8	checked	30	29	reset	41	97.794	0
8	checked	30	29	reset	42	102.644	0
8	checked	30	29	reset	43	100.69	0
8	checked	30	29	reset	44	99.137	0
8	checked	30	29	reset	45	102.904	0
8	checked	30	29	reset	46	96.572	0
8	checked	30	29	reset	47	97.644	0
8	checked	30	29	reset	48	94.699	0
8	checked	30	29	reset	49	103.025	0
8	checked	30	29	reset	50	95.109	0
8	checked	30	29	reset	51	95.179	0
8	checked	30	29	reset	52	102.895	0
8	checked	30	29	reset	53	104.256	0
8	checked	30	29	reset	54	98.817	0
8	checked	30	29	reset	55	125.297	0
8	checked	30	29	reset	56	103.094	0
8	checked	30	29	reset	57	97.214	0
8	checked	30	29	reset	58	103.074	0
8	checked	30	29	reset	59	100.609	0
8	checked	30	29	reset	60	96.662	0
8	checked	30	29	reset	61	146.747	0
8	checked	30	29	reset	62	96.612	0
8	checked	30	29	reset	63	99.147	0
8	checked	30	29	reset	64	99.467	0
8	checked	30	29	reset	65	100.27	0
8	checked	30	29	reset	66	100.84	0
8	checked	30	29	reset	67	98.275	0
8	checked	30	29	reset	68	100.099	0
8	checked	30	29	reset	69	94.869	0
8	checked	30	29	reset	70	101.672	0
8	checked	30	29	reset	71	100.269	0
8	checked	30	29	reset	72	98.807	0
8	checked	30	29	reset	73	344.109	0
8	checked	30	29	reset	74	96.732	0
8	checked	30	29	reset	75	157.517	0
8	checked	30	29	reset	76	98.025	0
8	checked	30	29	reset	77	95.851	0
8	checked	30	29	reset	78	99.578	0
8	checked	30	29	reset	79	100.139	0
8	checked	30	29	reset	80	100.139	0
8	checked	30	29	reset	81	97.313	0
8	checked	30	29	reset	82	105.64	0
8	checked	30	29	reset	83	104.808	0
8	checked	30	29	reset	84	106.231	0
8	checked	30	29	reset	85	100.98	0
8	checked	30	29	reset	86	102.684	0
8	checked	30	29	reset	87	101.782	0
8	checked	30	29	reset	88	101.922	0
8	checked	30	29	reset	89	101.622	0
8	checked	30	29	reset	90	99.207	0
8	checked	30	29	reset	91	110.649	0
8	checked	30	29	reset	92	99.788	0
8	checked	30	29	reset	93	103.375	0
8	checked	30	29	reset	94	99.768	0
8	checked	30	29	reset	95	102.554	0
8	checked	30	29	reset	96	99.448	0
8	checked	30	29	reset	97	103.976	0
8	checked	30	29	reset	98	99.448	0
8	checked	30	29	reset	99	96.341	0
8	checked	30	29	reset	100	92.484	0
8	checked	30	29	reset	101	101.912	0
8	checked	30	29	reset	102	95.33	0
8	checked	30	29	reset	103	99.107	0
8	checked	30	29	reset	104	98.316	0
8	checked	30	29	reset	105	97.484	0
8	checked	30	29	reset	106	94.899	0
8	checked	30	29	reset	107	98.125	0
8	checked	30	29	reset	108	142.248	0
8	checked	30	29	reset	109	97.194	0
8	checked	30	29	reset	110	113.675	0
8	checked	30	29	reset	111	100.429	0
8	checked	30	29	reset	112	94.198	0
8	checked	30	29	reset	113	101.231	0
8	checked	30	29	reset	114	112.202	0
8	checked	30	29	reset	115	96.412	0
8	checked	30	29	reset	116	99.127	0
8	checked	30	29	reset	117	101.491	0
8	checked	30	29	reset	118	99.778	0
8	checked	30	29	reset	119	99.187	0
8	checked	30	29	reset	120	97.374	0
8	checked	30	29	reset	121	105.479	0
8	checked	30	29	reset	122	98.165	0
8	checked	30	29	reset	123	107.243	0
8	checked	30	29	reset	124	99.668	0
8	checked	30	29	reset	125	92.154	0
8	checked	30	29	reset	126	96.523	0
8	checked	30	29	reset	127	98.566	0
8	checked	30	29	reset	128	95.009	0
8	checked	30	29	reset	129	98.756	0
8	checked	30	29	reset	130	99.408	0
8	checked	30	29	reset	131	101.361	0
8	checked	30	29	reset	132	113.073	0
8	checked	30	29	reset	133	106.33	0
8	checked	30	29	reset	134	97.764	0
8	checked	30	29	reset	135	94.007	0
8	checked	30	29	reset	136	93.637	0
8	checked	30	29	reset	137	101.852	0
8	checked	30	29	reset	138	95.259	0
8	checked	30	29	reset	139	99.087	0
8	checked	30	29	reset	140	100.039	0
8	checked	30	29	reset	141	95.47	0
8	checked	30	29	reset	142	103.084	0
8	checked	30	29	reset	143	109.005	0
8	checked	30	29	reset	144	94.839	0
8	checked	30	29	reset	145	100.921	0
8	checked	30	29	reset	146	93.717	0
8	checked	30	29	reset	147	94.328	0
8	checked	30	29	reset	148	113.474	0
8	checked	30	29	reset	149	120.717	0
8	checked	30	29	reset	150	104.858	0
8	checked	30	29	reset	151	100.47	0
8	checked	30	29	reset	152	101.722	0
8	checked	30	29	reset	153	98.936	0
8	checked	30	29	reset	154	98.166	0
8	checked	30	29	reset	155	97.664	0
8	checked	30	29	reset	156	97.453	0
8	checked	30	29	reset	157	108.365	0
8	checked	30	29	reset	158	104.096	0
8	checked	30	29	reset	159	101.02	0
8	checked	30	29	reset	160	96.863	0
8	checked	30	29	reset	161	103.024	0
8	checked	30	29	reset	162	101.241	0
8	checked	30	29	reset	163	99.218	0
8	checked	30	29	reset	164	93.346	0
8	checked	30	29	reset	165	100.75	0
8	checked	30	29	reset	166	100.78	0
8	checked	30	29	reset	167	107.794	0
8	checked	30	29	reset	168	99.898	0
8	checked	30	29	reset	169	98.396	0
8	checked	30	29	reset	170	98.726	0
8	checked	30	29	reset	171	96.882	0
8	checked	30	29	reset	172	96.833	0
8	checked	30	29	reset	173	98.736	0
8	checked	30	29	reset	174	101.652	0
8	checked	30	29	reset	175	101.371	0
8	checked	30	29	reset	176	96.712	0
8	checked	30	29	reset	177	93.025	0
8	checked	30	29	reset	178	98.045	0
8	checked	30	29	reset	179	99.207	0
8	checked	30	29	reset	180	100.86	0
8	checked	30	29	reset	181	99.939	0
8	checked	30	29	reset	182	104.177	0
8	checked	30	29	reset	183	97.544	0
8	checked	30	29	reset	184	105.91	0
8	checked	30	29	reset	185	97.954	0
8	checked	30	29	reset	186	104.708	0
8	checked	30	29	reset	187	99.849	0
8	checked	30	29	reset	188	98.877	0
8	checked	30	29	reset	189	102.373	0
8	checked	30	29	reset	190	101.0	0
8	checked	30	29	reset	191	98.786	0
8	checked	30	29	reset	192	98.596	0
8	checked	30	29	reset	193	95.42	0
8	checked	30	29	reset	194	99.287	0
8	checked	30	29	reset	195	99.127	0
8	checked	30	29	reset	196	99.097	0
8	checked	30	29	reset	197	97.964	0
8	checked	30	29	reset	198	99.077	0
8	checked	30	29	reset	199	102.774	0
8	checked	30	29	reset	200	103.756	0
8	checked	30	29	stall	1	564.375	0
8	checked	30	29	stall	2	590.033	0
8	checked	30	29	stall	3	565.867	0
8	checked	30	29	stall	4	588.81	0
8	checked	30	29	stall	5	590.424	0
8	checked	30	29	stall	6	329.652	0
8	checked	30	29	stall	7	332.898	0
8	checked	30	29	stall	8	558.985	0
8	checked	30	29	stall	9	570.847	0
8	checked	30	29	stall	10	566.028	0
8	checked	30	29	stall	11	332.497	0
8	checked	30	29	stall	12	335.322	0
8	checked	30	29	stall	13	568.503	0
8	checked	30	29	stall	14	596.255	0
8	checked	30	29	stall	15	571.768	0
8	checked	30	29	stall	16	573.262	0
8	checked	30	29	stall	17	1062.724	0
8	checked	30	29	stall	18	326.706	0
8	checked	30	29	stall	19	567.49	0
8	checked	30	29	stall	20	577.851	0
8	checked	30	29	stall	21	569.734	0
8	checked	30	29	stall	22	326.055	0
8	checked	30	29	stall	23	569.534	0
8	checked	30	29	stall	24	572.59	0
8	checked	30	29	stall	25	578.511	0
8	checked	30	29	stall	26	330.674	0
8	checked	30	29	stall	27	1055.591	0
8	checked	30	29	stall	28	562.772	0
8	checked	30	29	stall	29	330.964	0
8	unsafe	30	29	reset	1	0.37	0
8	unsafe	30	29	reset	2	0.22	0
8	unsafe	30	29	reset	3	0.29	0
8	unsafe	30	29	reset	4	0.2	0
8	unsafe	30	29	reset	5	0.13	0
8	unsafe	30	29	reset	6	1.122	0
8	unsafe	30	29	reset	7	0.131	0
8	unsafe	30	29	reset	8	0.08	0
8	unsafe	30	29	reset	9	0.1	0
8	unsafe	30	29	reset	10	0.201	0
8	unsafe	30	29	reset	11	0.25	0
8	unsafe	30	29	reset	12	0.131	0
8	unsafe	30	29	reset	13	0.14	0
8	unsafe	30	29	reset	14	0.14	0
8	unsafe	30	29	reset	15	0.12	0
8	unsafe	30	29	reset	16	0.131	0
8	unsafe	30	29	reset	17	0.13	0
8	unsafe	30	29	reset	18	0.231	0
8	unsafe	30	29	reset	19	0.13	0
8	unsafe	30	29	reset	20	0.141	0
8	unsafe	30	29	reset	21	0.131	0
8	unsafe	30	29	reset	22	0.13	0
8	unsafe	30	29	reset	23	0.15	0
8	unsafe	30	29	reset	24	0.14	0
8	unsafe	30	29	reset	25	0.13	0
8	unsafe	30	29	reset	26	0.14	0
8	unsafe	30	29	reset	27	0.141	0
8	unsafe	30	29	reset	28	0.13	0
8	unsafe	30	29	reset	29	0.171	0
8	unsafe	30	29	reset	30	0.13	0
8	unsafe	30	29	reset	31	0.14	0
8	unsafe	30	29	reset	32	0.14	0
8	unsafe	30	29	reset	33	0.13	0
8	unsafe	30	29	reset	34	0.12	0
8	unsafe	30	29	reset	35	0.13	0
8	unsafe	30	29	reset	36	0.13	0
8	unsafe	30	29	reset	37	0.12	0
8	unsafe	30	29	reset	38	0.141	0
8	unsafe	30	29	reset	39	0.14	0
8	unsafe	30	29	reset	40	0.13	0
8	unsafe	30	29	reset	41	0.14	0
8	unsafe	30	29	reset	42	0.131	0
8	unsafe	30	29	reset	43	0.13	0
8	unsafe	30	29	reset	44	0.14	0
8	unsafe	30	29	reset	45	0.13	0
8	unsafe	30	29	reset	46	0.14	0
8	unsafe	30	29	reset	47	0.141	0
8	unsafe	30	29	reset	48	0.13	0
8	unsafe	30	29	reset	49	0.14	0
8	unsafe	30	29	reset	50	0.121	0
8	unsafe	30	29	reset	51	0.13	0
8	unsafe	30	29	reset	52	0.141	0
8	unsafe	30	29	reset	53	0.13	0
8	unsafe	30	29	reset	54	0.13	0
8	unsafe	30	29	reset	55	0.121	0
8	unsafe	30	29	reset	56	0.13	0
8	unsafe	30	29	reset	57	0.14	0
8	unsafe	30	29	reset	58	0.13	0
8	unsafe	30	29	reset	59	0.13	0
8	unsafe	30	29	reset	60	0.14	0
8	unsafe	30	29	reset	61	0.17	0
8	unsafe	30	29	reset	62	0.141	0
8	unsafe	30	29	reset	63	0.131	0
8	unsafe	30	29	reset	64	0.14	0
8	unsafe	30	29	reset	65	0.13	0
8	unsafe	30	29	reset	66	0.12	0
8	unsafe	30	29	reset	67	0.13	0
8	unsafe	30	29	reset	68	0.141	0
8	unsafe	30	29	reset	69	0.13	0
8	unsafe	30	29	reset	70	0.13	0
8	unsafe	30	29	reset	71	0.21	0
8	unsafe	30	29	reset	72	0.14	0
8	unsafe	30	29	reset	73	0.14	0
8	unsafe	30	29	reset	74	0.141	0
8	unsafe	30	29	reset	75	0.13	0
8	unsafe	30	29	reset	76	0.14	0
8	unsafe	30	29	reset	77	0.14	0
8	unsafe	30	29	reset	78	0.131	0
8	unsafe	30	29	reset	79	0.15	0
8	unsafe	30	29	reset	80	0.141	0
8	unsafe	30	29	reset	81	0.13	0
8	unsafe	30	29	reset	82	0.13	0
8	unsafe	30	29	reset	83	0.13	0
8	unsafe	30	29	reset	84	0.15	0
8	unsafe	30	29	reset	85	0.13	0
8	unsafe	30	29	reset	86	0.14	0
8	unsafe	30	29	reset	87	0.14	0
8	unsafe	30	29	reset	88	0.14	0
8	unsafe	30	29	reset	89	0.131	0
8	unsafe	30	29	reset	90	0.14	0
8	unsafe	30	29	reset	91	0.13	0
8	unsafe	30	29	reset	92	0.14	0
8	unsafe	30	29	reset	93	0.141	0
8	unsafe	30	29	reset	94	0.131	0
8	unsafe	30	29	reset	95	0.13	0
8	unsafe	30	29	reset	96	0.13	0
8	unsafe	30	29	reset	97	0.131	0
8	unsafe	30	29	reset	98	0.13	0
8	unsafe	30	29	reset	99	0.13	0
8	unsafe	30	29	reset	100	0.131	0
8	unsafe	30	29	reset	101	0.131	0
8	unsafe	30	29	reset	102	0.14	0
8	unsafe	30	29	reset	103	0.13	0
8	unsafe	30	29	reset	104	0.14	0
8	unsafe	30	29	reset	105	0.14	0
8	unsafe	30	29	reset	106	0.13	0
8	unsafe	30	29	reset	107	0.141	0
8	unsafe	30	29	reset	108	0.14	0
8	unsafe	30	29	reset	109	0.13	0
8	unsafe	30	29	reset	110	0.141	0
8	unsafe	30	29	reset	111	0.13	0
8	unsafe	30	29	reset	112	0.141	0
8	unsafe	30	29	reset	113	0.14	0
8	unsafe	30	29	reset	114	0.13	0
8	unsafe	30	29	reset	115	0.14	0
8	unsafe	30	29	reset	116	0.14	0
8	unsafe	30	29	reset	117	0.14	0
8	unsafe	30	29	reset	118	0.13	0
8	unsafe	30	29	reset	119	0.15	0
8	unsafe	30	29	reset	120	0.14	0
8	unsafe	30	29	reset	121	0.141	0
8	unsafe	30	29	reset	122	0.14	0
8	unsafe	30	29	reset	123	0.14	0
8	unsafe	30	29	reset	124	0.13	0
8	unsafe	30	29	reset	125	0.14	0
8	unsafe	30	29	reset	126	0.13	0
8	unsafe	30	29	reset	127	0.13	0
8	unsafe	30	29	reset	128	0.13	0
8	unsafe	30	29	reset	129	0.14	0
8	unsafe	30	29	reset	130	0.14	0
8	unsafe	30	29	reset	131	0.15	0
8	unsafe	30	29	reset	132	0.12	0
8	unsafe	30	29	reset	133	0.14	0
8	unsafe	30	29	reset	134	0.131	0
8	unsafe	30	29	reset	135	0.151	0
8	unsafe	30	29	reset	136	0.13	0
8	unsafe	30	29	reset	137	0.15	0
8	unsafe	30	29	reset	138	0.13	0
8	unsafe	30	29	reset	139	0.141	0
8	unsafe	30	29	reset	140	0.14	0
8	unsafe	30	29	reset	141	0.13	0
8	unsafe	30	29	reset	142	0.14	0
8	unsafe	30	29	reset	143	0.14	0
8	unsafe	30	29	reset	144	0.14	0
8	unsafe	30	29	reset	145	0.131	0
8	unsafe	30	29	reset	146	0.141	0
8	unsafe	30	29	reset	147	0.13	0
8	unsafe	30	29	reset	148	0.13	0
8	unsafe	30	29	reset	149	0.13	0
8	unsafe	30	29	reset	150	0.131	0
8	unsafe	30	29	reset	151	0.14	0
8	unsafe	30	29	reset	152	0.13	0
8	unsafe	30	29	reset	153	0.15	0
8	unsafe	30	29	reset	154	0.14	0
8	unsafe	30	29	reset	155	0.13	0
8	unsafe	30	29	reset	156	0.12	0
8	unsafe	30	29	reset	157	0.13	0
8	unsafe	30	29	reset	158	0.141	0
8	unsafe	30	29	reset	159	0.14	0
8	unsafe	30	29	reset	160	0.14	0
8	unsafe	30	29	reset	161	0.13	0
8	unsafe	30	29	reset	162	0.13	0
8	unsafe	30	29	reset	163	0.13	0
8	unsafe	30	29	reset	164	0.14	0
8	unsafe	30	29	reset	165	0.141	0
8	unsafe	30	29	reset	166	0.13	0
8	unsafe	30	29	reset	167	0.14	0
8	unsafe	30	29	reset	168	0.14	0
8	unsafe	30	29	reset	169	0.121	0
8	unsafe	30	29	reset	170	0.14	0
8	unsafe	30	29	reset	171	0.15	0
8	unsafe	30	29	reset	172	0.13	0
8	unsafe	30	29	reset	173	0.141	0
8	unsafe	30	29	reset	174	0.131	0
8	unsafe	30	29	reset	175	0.141	0
8	unsafe	30	29	reset	176	0.13	0
8	unsafe	30	29	reset	177	0.13	0
8	unsafe	30	29	reset	178	0.14	0
8	unsafe	30	29	reset	179	0.711	0
8	unsafe	30	29	reset	180	0.13	0
8	unsafe	30	29	reset	181	0.14	0
8	unsafe	30	29	reset	182	0.131	0
8	unsafe	30	29	reset	183	0.141	0
8	unsafe	30	29	reset	184	0.141	0
8	unsafe	30	29	reset	185	0.13	0
8	unsafe	30	29	reset	186	0.14	0
8	unsafe	30	29	reset	187	0.12	0
8	unsafe	30	29	reset	188	0.14	0
8	unsafe	30	29	reset	189	0.13	0
8	unsafe	30	29	reset	190	0.15	0
8	unsafe	30	29	reset	191	0.14	0
8	unsafe	30	29	reset	192	0.14	0
8	unsafe	30	29	reset	193	0.13	0
8	unsafe	30	29	reset	194	0.14	0
8	unsafe	30	29	reset	195	0.17	0
8	unsafe	30	29	reset	196	0.131	0
8	unsafe	30	29	reset	197	0.16	0
8	unsafe	30	29	reset	198	0.15	0
8	unsafe	30	29	reset	199	0.13	0
8	unsafe	30	29	reset	200	0.141	0
8	unsafe	30	29	stall	1	303.382	0
8	unsafe	30	29	stall	2	0.0	0
8	unsafe	30	29	stall	3	0.0	0
8	unsafe	30	29	stall	4	0.0	0
8	unsafe	30	29	stall	5	0.0	0
8	unsafe	30	29	stall	6	0.0	0
8	unsafe	30	29	stall	7	0.0	0
8	unsafe	30	29	stall	8	0.0	0
8	unsafe	30	29	stall	9	0.0	0
8	unsafe	30	29	stall	10	509.17	0
8	unsafe	30	29	stall	11	0.0	0
8	unsafe	30	29	stall	12	0.0	0
8	unsafe	30	29	stall	13	0.0	0
8	unsafe	30	29	stall	14	3002.483	0
8	unsafe	30	29	stall	15	0.0	0
8	unsafe	30	29	stall	16	0.0	0
8	unsafe	30	29	stall	17	0.0	0
8	unsafe	30	29	stall	18	0.0	0
8	unsafe	30	29	stall	19	0.0	0
8	unsafe	30	29	stall	20	0.0	0
8	unsafe	30	29	stall	21	0.0	0
8	unsafe	30	29	stall	22	0.0	0
8	unsafe	30	29	stall	23	0.0	0
8	unsafe	30	29	stall	24	0.0	0
8	unsafe	30	29	stall	25	0.0	0
8	unsafe	30	29	stall	26	0.0	0
8	unsafe	30	29	stall	27	3003.636	0
8	unsafe	30	29	stall	28	477.18	0
8	unsafe	30	29	stall	29	0.0	0
9	checked	1	0	reset	1	42.209	0
9	checked	1	0	reset	2	31.54	0
9	checked	1	0	reset	3	30.467	0
9	checked	1	0	reset	4	27.833	0
9	checked	1	0	reset	5	28.234	0
9	checked	1	0	reset	6	27.662	0
9	checked	1	0	reset	7	27.622	0
9	checked	1	0	reset	8	26.761	0
9	checked	1	0	reset	9	27.251	0
9	checked	1	0	reset	10	26.901	0
9	checked	1	0	reset	11	27.622	0
9	checked	1	0	reset	12	26.53	0
9	checked	1	0	reset	13	27.482	0
9	checked	1	0	reset	14	27.542	0
9	checked	1	0	reset	15	28.624	0
9	checked	1	0	reset	16	27.712	0
9	checked	1	0	reset	17	27.382	0
9	checked	1	0	reset	18	27.511	0
9	checked	1	0	reset	19	27.182	0
9	checked	1	0	reset	20	26.661	0
9	checked	1	0	reset	21	27.672	0
9	checked	1	0	reset	22	26.88	0
9	checked	1	0	reset	23	27.532	0
9	checked	1	0	reset	24	27.592	0
9	checked	1	0	reset	25	28.033	0
9	checked	1	0	reset	26	27.382	0
9	checked	1	0	reset	27	27.402	0
9	checked	1	0	reset	28	27.552	0
9	checked	1	0	reset	29	27.682	0
9	checked	1	0	reset	30	26.7	0
9	checked	1	0	reset	31	27.331	0
9	checked	1	0	reset	32	31.88	0
9	checked	1	0	reset	33	27.843	0
9	checked	1	0	reset	34	27.382	0
9	checked	1	0	reset	35	28.143	0
9	checked	1	0	reset	36	27.902	0
9	checked	1	0	reset	37	27.291	0
9	checked	1	0	reset	38	27.182	0
9	checked	1	0	reset	39	27.893	0
9	checked	1	0	reset	40	27.452	0
9	checked	1	0	reset	41	27.923	0
9	checked	1	0	reset	42	27.361	0
9	checked	1	0	reset	43	28.123	0
9	checked	1	0	reset	44	27.742	0
9	checked	1	0	reset	45	27.141	0
9	checked	1	0	reset	46	26.45	0
9	checked	1	0	reset	47	26.72	0
9	checked	1	0	reset	48	26.53	0
9	checked	1	0	reset	49	28.544	0
9	checked	1	0	reset	50	26.41	0
9	checked	1	0	reset	51	26.981	0
9	checked	1	0	reset	52	26.77	0
9	checked	1	0	reset	53	29.736	0
9	checked	1	0	reset	54	27.031	0
9	checked	1	0	reset	55	26.941	0
9	checked	1	0	reset	56	27.803	0
9	checked	1	0	reset	57	27.602	0
9	checked	1	0	reset	58	27.321	0
9	checked	1	0	reset	59	27.402	0
9	checked	1	0	reset	60	27.242	0
9	checked	1	0	reset	61	27.933	0
9	checked	1	0	reset	62	27.061	0
9	checked	1	0	reset	63	28.134	0
9	checked	1	0	reset	64	27.111	0
9	checked	1	0	reset	65	27.272	0
9	checked	1	0	reset	66	27.091	0
9	checked	1	0	reset	67	26.741	0
9	checked	1	0	reset	68	26.36	0
9	checked	1	0	reset	69	26.79	0
9	checked	1	0	reset	70	27.882	0
9	checked	1	0	reset	71	26.76	0
9	checked	1	0	reset	72	26.349	0
9	checked	1	0	reset	73	26.801	0
9	checked	1	0	reset	74	28.774	0
9	checked	1	0	reset	75	26.761	0
9	checked	1	0	reset	76	26.31	0
9	checked	1	0	reset	77	27.381	0
9	checked	1	0	reset	78	27.542	0
9	checked	1	0	reset	79	27.593	0
9	checked	1	0	reset	80	26.78	0
9	checked	1	0	reset	81	27.121	0
9	checked	1	0	reset	82	27.111	0
9	checked	1	0	reset	83	27.532	0
9	checked	1	0	reset	84	26.63	0
9	checked	1	0	reset	85	27.392	0
9	checked	1	0	reset	86	26.66	0
9	checked	1	0	reset	87	27.311	0
9	checked	1	0	reset	88	26.38	0
9	checked	1	0	reset	89	26.78	0
9	checked	1	0	reset	90	26.3	0
9	checked	1	0	reset	91	28.123	0
9	checked	1	0	reset	92	26.299	0
9	checked	1	0	reset	93	26.78	0
9	checked	1	0	reset	94	26.36	0
9	checked	1	0	reset	95	29.796	0
9	checked	1	0	reset	96	26.43	0
9	checked	1	0	reset	97	26.731	0
9	checked	1	0	reset	98	26.55	0
9	checked	1	0	reset	99	26.761	0
9	checked	1	0	reset	100	26.52	0
9	checked	1	0	reset	101	26.82	0
9	checked	1	0	reset	102	26.44	0
9	checked	1	0	reset	103	26.82	0
9	checked	1	0	reset	104	26.439	0
9	checked	1	0	reset	105	26.84	0
9	checked	1	0	reset	106	26.44	0
9	checked	1	0	reset	107	26.821	0
9	checked	1	0	reset	108	26.41	0
9	checked	1	0	reset	109	26.98	0
9	checked	1	0	reset	110	26.62	0
9	checked	1	0	reset	111	26.83	0
9	checked	1	0	reset	112	27.793	0
9	checked	1	0	reset	113	26.75	0
9	checked	1	0	reset	114	26.551	0
9	checked	1	0	reset	115	26.771	0
9	checked	1	0	reset	116	27.041	0
9	checked	1	0	reset	117	26.841	0
9	checked	1	0	reset	118	26.38	0
9	checked	1	0	reset	119	26.921	0
9	checked	1	0	reset	120	26.65	0
9	checked	1	0	reset	121	26.9	0
9	checked	1	0	reset	122	26.52	0
9	checked	1	0	reset	123	26.871	0
9	checked	1	0	reset	124	26.48	0
9	checked	1	0	reset	125	26.93	0
9	checked	1	0	reset	126	26.44	0
9	checked	1	0	reset	127	26.81	0
9	checked	1	0	reset	128	26.43	0
9	checked	1	0	reset	129	26.901	0
9	checked	1	0	reset	130	26.62	0
9	checked	1	0	reset	131	26.911	0
9	checked	1	0	reset	132	26.66	0
9	checked	1	0	reset	133	28.655	0
9	checked	1	0	reset	134	26.48	0
9	checked	1	0	reset	135	26.911	0
9	checked	1	0	reset	136	26.53	0
9	checked	1	0	reset	137	27.421	0
9	checked	1	0	reset	138	26.47	0
9	checked	1	0	reset	139	26.89	0
9	checked	1	0	reset	140	26.65	0
9	checked	1	0	reset	141	26.931	0
9	checked	1	0	reset	142	26.409	0
9	checked	1	0	reset	143	26.851	0
9	checked	1	0	reset	144	26.44	0
9	checked	1	0	reset	145	26.91	0
9	checked	1	0	reset	146	26.39	0
9	checked	1	0	reset	147	26.851	0
9	checked	1	0	reset	148	26.69	0
9	checked	1	0	reset	149	26.901	0
9	checked	1	0	reset	150	26.39	0
9	checked	1	0	reset	151	27.031	0
9	checked	1	0	reset	152	26.53	0
9	checked	1	0	reset	153	26.841	0
9	checked	1	0	reset	154	27.723	0
9	checked	1	0	reset	155	26.861	0
9	checked	1	0	reset	156	26.53	0
9	checked	1	0	reset	157	26.87	0
9	checked	1	0	reset	158	26.47	0
9	checked	1	0	reset	159	26.82	0
9	checked	1	0	reset	160	26.52	0
9	checked	1	0	reset	161	26.941	0
9	checked	1	0	reset	162	26.74	0
9	checked	1	0	reset	163	26.851	0
9	checked	1	0	reset	164	26.5	0
9	checked	1	0	reset	165	26.89	0
9	checked	1	0	reset	166	26.57	0
9	checked	1	0	reset	167	27.021	0
9	checked	1	0	reset	168	26.53	0
9	checked	1	0	reset	169	26.881	0
9	checked	1	0	reset	170	26.56	0
9	checked	1	0	reset	171	30.468	0
9	checked	1	0	reset	172	26.56	0
9	checked	1	0	reset	173	26.99	0
9	checked	1	0	reset	174	26.54	0
9	checked	1	0	reset	175	26.941	0
9	checked	1	0	reset	176	26.51	0
9	checked	1	0	reset	177	26.901	0
9	checked	1	0	reset	178	26.48	0
9	checked	1	0	reset	179	27.302	0
9	checked	1	0	reset	180	26.469	0
9	checked	1	0	reset	181	26.931	0
9	checked	1	0	reset	182	26.56	0
9	checked	1	0	reset	183	26.961	0
9	checked	1	0	reset	184	26.6	0
9	checked	1	0	reset	185	26.891	0
9	checked	1	0	reset	186	26.58	0
9	checked	1	0	reset	187	26.941	0
9	checked	1	0	reset	188	26.62	0
9	checked	1	0	reset	189	26.971	0
9	checked	1	0	reset	190	26.571	0
9	checked	1	0	reset	191	26.921	0
9	checked	1	0	reset	192	26.45	0
9	checked	1	0	reset	193	26.89	0
9	checked	1	0	reset	194	26.641	0
9	checked	1	0	reset	195	26.891	0
9	checked	1	0	reset	196	28.163	0
9	checked	1	0	reset	197	26.961	0
9	checked	1	0	reset	198	26.49	0
9	checked	1	0	reset	199	26.901	0
9	checked	1	0	reset	200	26.951	0
9	unsafe	1	0	reset	1	0.201	0
9	unsafe	1	0	reset	2	0.08	0
9	unsafe	1	0	reset	3	0.08	0
9	unsafe	1	0	reset	4	0.08	0
9	unsafe	1	0	reset	5	0.07	0
9	unsafe	1	0	reset	6	0.07	0
9	unsafe	1	0	reset	7	0.08	0
9	unsafe	1	0	reset	8	0.08	0
9	unsafe	1	0	reset	9	0.08	0
9	unsafe	1	0	reset	10	0.07	0
9	unsafe	1	0	reset	11	0.07	0
9	unsafe	1	0	reset	12	0.07	0
9	unsafe	1	0	reset	13	0.08	0
9	unsafe	1	0	reset	14	0.07	0
9	unsafe	1	0	reset	15	0.09	0
9	unsafe	1	0	reset	16	0.08	0
9	unsafe	1	0	reset	17	0.07	0
9	unsafe	1	0	reset	18	0.07	0
9	unsafe	1	0	reset	19	0.091	0
9	unsafe	1	0	reset	20	0.07	0
9	unsafe	1	0	reset	21	0.08	0
9	unsafe	1	0	reset	22	0.08	0
9	unsafe	1	0	reset	23	0.08	0
9	unsafe	1	0	reset	24	0.09	0
9	unsafe	1	0	reset	25	0.07	0
9	unsafe	1	0	reset	26	0.07	0
9	unsafe	1	0	reset	27	0.08	0
9	unsafe	1	0	reset	28	0.09	0
9	unsafe	1	0	reset	29	0.07	0
9	unsafe	1	0	reset	30	0.08	0
9	unsafe	1	0	reset	31	0.08	0
9	unsafe	1	0	reset	32	0.08	0
9	unsafe	1	0	reset	33	0.07	0
9	unsafe	1	0	reset	34	0.07	0
9	unsafe	1	0	reset	35	0.07	0
9	unsafe	1	0	reset	36	0.07	0
9	unsafe	1	0	reset	37	0.07	0
9	unsafe	1	0	reset	38	0.08	0
9	unsafe	1	0	reset	39	0.07	0
9	unsafe	1	0	reset	40	0.08	0
9	unsafe	1	0	reset	41	0.08	0
9	unsafe	1	0	reset	42	0.07	0
9	unsafe	1	0	reset	43	0.08	0
9	unsafe	1	0	reset	44	0.07	0
9	unsafe	1	0	reset	45	0.07	0
9	unsafe	1	0	reset	46	0.08	0
9	unsafe	1	0	reset	47	0.08	0
9	unsafe	1	0	reset	48	0.07	0
9	unsafe	1	0	reset	49	0.06	0
9	unsafe	1	0	reset	50	0.07	0
9	unsafe	1	0	reset	51	0.07	0
9	unsafe	1	0	reset	52	0.08	0
9	unsafe	1	0	reset	53	0.06	0
9	unsafe	1	0	reset	54	0.07	0
9	unsafe	1	0	reset	55	0.07	0
9	unsafe	1	0	reset	56	0.08	0
9	unsafe	1	0	reset	57	0.07	0
9	unsafe	1	0	reset	58	0.07	0
9	unsafe	1	0	reset	59	0.07	0
9	unsafe	1	0	reset	60	0.071	0
9	unsafe	1	0	reset	61	0.07	0
9	unsafe	1	0	reset	62	0.06	0
9	unsafe	1	0	reset	63	0.07	0
9	unsafe	1	0	reset	64	0.07	0
9	unsafe	1	0	reset	65	0.07	0
9	unsafe	1	0	reset	66	0.07	0
9	unsafe	1	0	reset	67	0.06	0
9	unsafe	1	0	reset	68	0.07	0
9	unsafe	1	0	reset	69	0.07	0
9	unsafe	1	0	reset	70	0.08	0
9	unsafe	1	0	reset	71	0.07	0
9	unsafe	1	0	reset	72	0.07	0
9	unsafe	1	0	reset	73	0.08	0
9	unsafe	1	0	reset	74	0.07	0
9	unsafe	1	0	reset	75	0.08	0
9	unsafe	1	0	reset	76	0.06	0
9	unsafe	1	0	reset	77	0.07	0
9	unsafe	1	0	reset	78	0.07	0
9	unsafe	1	0	reset	79	0.07	0
9	unsafe	1	0	reset	80	0.08	0
9	unsafe	1	0	reset	81	0.06	0
9	unsafe	1	0	reset	82	0.08	0
9	unsafe	1	0	reset	83	0.07	0
9	unsafe	1	0	reset	84	0.08	0
9	unsafe	1	0	reset	85	0.08	0
9	unsafe	1	0	reset	86	0.08	0
9	unsafe	1	0	reset	87	0.07	0
9	unsafe	1	0	reset	88	0.09	0
9	unsafe	1	0	reset	89	0.08	0
9	unsafe	1	0	reset	90	0.07	0
9	unsafe	1	0	reset	91	0.071	0
9	unsafe	1	0	reset	92	0.07	0
9	unsafe	1	0	reset	93	0.07	0
9	unsafe	1	0	reset	94	0.071	0
9	unsafe	1	0	reset	95	0.06	0
9	unsafe	1	0	reset	96	0.08	0
9	unsafe	1	0	reset	97	0.08	0
9	unsafe	1	0	reset	98	0.07	0
9	unsafe	1	0	reset	99	0.06	0
9	unsafe	1	0	reset	100	0.07	0
9	unsafe	1	0	reset	101	0.07	0
9	unsafe	1	0	reset	102	0.07	0
9	unsafe	1	0	reset	103	0.071	0
9	unsafe	1	0	reset	104	0.07	0
9	unsafe	1	0	reset	105	0.07	0
9	unsafe	1	0	reset	106	0.071	0
9	unsafe	1	0	reset	107	0.07	0
9	unsafe	1	0	reset	108	0.09	0
9	unsafe	1	0	reset	109	0.06	0
9	unsafe	1	0	reset	110	0.07	0
9	unsafe	1	0	reset	111	0.08	0
9	unsafe	1	0	reset	112	0.07	0
9	unsafe	1	0	reset	113	0.07	0
9	unsafe	1	0	reset	114	0.071	0
9	unsafe	1	0	reset	115	0.07	0
9	unsafe	1	0	reset	116	0.08	0
9	unsafe	1	0	reset	117	0.08	0
9	unsafe	1	0	reset	118	0.07	0
9	unsafe	1	0	reset	119	0.06	0
9	unsafe	1	0	reset	120	0.07	0
9	unsafe	1	0	reset	121	0.07	0
9	unsafe	1	0	reset	122	0.08	0
9	unsafe	1	0	reset	123	0.07	0
9	unsafe	1	0	reset	124	0.08	0
9	unsafe	1	0	reset	125	0.07	0
9	unsafe	1	0	reset	126	0.08	0
9	unsafe	1	0	reset	127	0.08	0
9	unsafe	1	0	reset	128	0.08	0
9	unsafe	1	0	reset	129	0.08	0
9	unsafe	1	0	reset	130	0.07	0
9	unsafe	1	0	reset	131	0.07	0
9	unsafe	1	0	reset	132	0.07	0
9	unsafe	1	0	reset	133	0.06	0
9	unsafe	1	0	reset	134	0.07	0
9	unsafe	1	0	reset	135	0.06	0
9	unsafe	1	0	reset	136	0.07	0
9	unsafe	1	0	reset	137	0.06	0
9	unsafe	1	0	reset	138	0.07	0
9	unsafe	1	0	reset	139	0.07	0
9	unsafe	1	0	reset	140	0.07	0
9	unsafe	1	0	reset	141	0.07	0
9	unsafe	1	0	reset	142	0.07	0
9	unsafe	1	0	reset	143	0.07	0
9	unsafe	1	0	reset	144	0.07	0
9	unsafe	1	0	reset	145	0.07	0
9	unsafe	1	0	reset	146	0.07	0
9	unsafe	1	0	reset	147	0.061	0
9	unsafe	1	0	reset	148	0.07	0
9	unsafe	1	0	reset	149	0.07	0
9	unsafe	1	0	reset	150	0.07	0
9	unsafe	1	0	reset	151	0.071	0
9	unsafe	1	0	reset	152	0.07	0
9	unsafe	1	0	reset	153	0.08	0
9	unsafe	1	0	reset	154	0.07	0
9	unsafe	1	0	reset	155	0.061	0
9	unsafe	1	0	reset	156	0.07	0
9	unsafe	1	0	reset	157	0.07	0
9	unsafe	1	0	reset	158	0.06	0
9	unsafe	1	0	reset	159	0.07	0
9	unsafe	1	0	reset	160	0.06	0
9	unsafe	1	0	reset	161	0.07	0
9	unsafe	1	0	reset	162	0.08	0
9	unsafe	1	0	reset	163	0.08	0
9	unsafe	1	0	reset	164	0.08	0
9	unsafe	1	0	reset	165	0.06	0
9	unsafe	1	0	reset	166	0.07	0
9	unsafe	1	0	reset	167	0.07	0
9	unsafe	1	0	reset	168	0.08	0
9	unsafe	1	0	reset	169	0.07	0
9	unsafe	1	0	reset	170	0.08	0
9	unsafe	1	0	reset	171	0.06	0
9	unsafe	1	0	reset	172	0.08	0
9	unsafe	1	0	reset	173	0.07	0
9	unsafe	1	0	reset	174	0.061	0
9	unsafe	1	0	reset	175	0.08	0
9	unsafe	1	0	reset	176	0.07	0
9	unsafe	1	0	reset	177	0.07	0
9	unsafe	1	0	reset	178	0.1	0
9	unsafe	1	0	reset	179	0.06	0
9	unsafe	1	0	reset	180	0.08	0
9	unsafe	1	0	reset	181	0.071	0
9	unsafe	1	0	reset	182	0.09	0
9	unsafe	1	0	reset	183	0.07	0
9	unsafe	1	0	reset	184	0.08	0
9	unsafe	1	0	reset	185	0.07	0
9	unsafe	1	0	reset	186	0.08	0
9	unsafe	1	0	reset	187	0.08	0
9	unsafe	1	0	reset	188	0.06	0
9	unsafe	1	0	reset	189	0.08	0
9	unsafe	1	0	reset	190	0.07	0
9	unsafe	1	0	reset	191	0.091	0
9	unsafe	1	0	reset	192	0.07	0
9	unsafe	1	0	reset	193	0.07	0
9	unsafe	1	0	reset	194	0.08	0
9	unsafe	1	0	reset	195	0.08	0
9	unsafe	1	0	reset	196	0.08	0
9	unsafe	1	0	reset	197	0.06	0
9	unsafe	1	0	reset	198	0.08	0
9	unsafe	1	0	reset	199	0.08	0
9	unsafe	1	0	reset	200	0.091	0
9	checked	4	3	reset	1	73.9	0
9	checked	4	3	reset	2	58.851	0
9	checked	4	3	reset	3	49.543	0
9	checked	4	3	reset	4	45.606	0
9	checked	4	3	reset	5	40.917	0
9	checked	4	3	reset	6	39.004	0
9	checked	4	3	reset	7	38.552	0
9	checked	4	3	reset	8	140.444	0
9	checked	4	3	reset	9	87.325	0
9	checked	4	3	reset	10	314.574	0
9	checked	4	3	reset	11	41.408	0
9	checked	4	3	reset	12	38.152	0
9	checked	4	3	reset	13	38.393	0
9	checked	4	3	reset	14	56.647	0
9	checked	4	3	reset	15	81.674	0
9	checked	4	3	reset	16	43.162	0
9	checked	4	3	reset	17	40.336	0
9	checked	4	3	reset	18	50.476	0
9	checked	4	3	reset	19	43.392	0
9	checked	4	3	reset	20	41.468	0
9	checked	4	3	reset	21	40.366	0
9	checked	4	3	reset	22	40.417	0
9	checked	4	3	reset	23	40.978	0
9	checked	4	3	reset	24	39.744	0
9	checked	4	3	reset	25	41.489	0
9	checked	4	3	reset	26	39.775	0
9	checked	4	3	reset	27	39.975	0
9	checked	4	3	reset	28	38.913	0
9	checked	4	3	reset	29	39.324	0
9	checked	4	3	reset	30	39.304	0
9	checked	4	3	reset	31	39.384	0
9	checked	4	3	reset	32	40.336	0
9	checked	4	3	reset	33	1261.319	0
9	checked	4	3	reset	34	64.642	0
9	checked	4	3	reset	35	40.046	0
9	checked	4	3	reset	36	40.617	0
9	checked	4	3	reset	37	39.395	0
9	checked	4	3	reset	38	37.712	0
9	checked	4	3	reset	39	39.244	0
9	checked	4	3	reset	40	38.693	0
9	checked	4	3	reset	41	38.021	0
9	checked	4	3	reset	42	38.883	0
9	checked	4	3	reset	43	38.743	0
9	checked	4	3	reset	44	38.292	0
9	checked	4	3	reset	45	37.47	0
9	checked	4	3	reset	46	38.292	0
9	checked	4	3	reset	47	38.623	0
9	checked	4	3	reset	48	37.892	0
9	checked	4	3	reset	49	38.783	0
9	checked	4	3	reset	50	37.791	0
9	checked	4	3	reset	51	37.671	0
9	checked	4	3	reset	52	57.418	0
9	checked	4	3	reset	53	40.606	0
9	checked	4	3	reset	54	37.992	0
9	checked	4	3	reset	55	38.112	0
9	checked	4	3	reset	56	35.046	0
9	checked	4	3	reset	57	35.097	0
9	checked	4	3	reset	58	34.234	0
9	checked	4	3	reset	59	34.194	0
9	checked	4	3	reset	60	58.31	0
9	checked	4	3	reset	61	37.18	0
9	checked	4	3	reset	62	35.337	0
9	checked	4	3	reset	63	37.771	0
9	checked	4	3	reset	64	35.446	0
9	checked	4	3	reset	65	35.667	0
9	checked	4	3	reset	66	35.597	0
9	checked	4	3	reset	67	34.314	0
9	checked	4	3	reset	68	42.811	0
9	checked	4	3	reset	69	34.124	0
9	checked	4	3	reset	70	33.624	0
9	checked	4	3	reset	71	33.603	0
9	checked	4	3	reset	72	39.685	0
9	checked	4	3	reset	73	34.475	0
9	checked	4	3	reset	74	34.405	0
9	checked	4	3	reset	75	35.477	0
9	checked	4	3	reset	76	34.646	0
9	checked	4	3	reset	77	34.535	0
9	checked	4	3	reset	78	36.599	0
9	checked	4	3	reset	79	35.648	0
9	checked	4	3	reset	80	34.314	0
9	checked	4	3	reset	81	34.685	0
9	checked	4	3	reset	82	35.507	0
9	checked	4	3	reset	83	34.966	0
9	checked	4	3	reset	84	37.0	0
9	checked	4	3	reset	85	36.048	0
9	checked	4	3	reset	86	36.91	0
9	checked	4	3	reset	87	35.387	0
9	checked	4	3	reset	88	34.535	0
9	checked	4	3	reset	89	37.792	0
9	checked	4	3	reset	90	35.758	0
9	checked	4	3	reset	91	35.998	0
9	checked	4	3	reset	92	34.034	0
9	checked	4	3	reset	93	36.288	0
9	checked	4	3	reset	94	35.397	0
9	checked	4	3	reset	95	35.857	0
9	checked	4	3	reset	96	33.884	0
9	checked	4	3	reset	97	35.156	0
9	checked	4	3	reset	98	33.623	0
9	checked	4	3	reset	99	33.764	0
9	checked	4	3	reset	100	33.553	0
9	checked	4	3	reset	101	35.848	0
9	checked	4	3	reset	102	34.374	0
9	checked	4	3	reset	103	36.048	0
9	checked	4	3	reset	104	35.648	0
9	checked	4	3	reset	105	34.695	0
9	checked	4	3	reset	106	34.615	0
9	checked	4	3	reset	107	34.405	0
9	checked	4	3	reset	108	34.224	0
9	checked	4	3	reset	109	36.399	0
9	checked	4	3	reset	110	35.497	0
9	checked	4	3	reset	111	35.256	0
9	checked	4	3	reset	112	35.426	0
9	checked	4	3	reset	113	36.569	0
9	checked	4	3	reset	114	35.617	0
9	checked	4	3	reset	115	36.84	0
9	checked	4	3	reset	116	42.961	0
9	checked	4	3	reset	117	37.14	0
9	checked	4	3	reset	118	35.046	0
9	checked	4	3	reset	119	35.166	0
9	checked	4	3	reset	120	35.196	0
9	checked	4	3	reset	121	36.739	0
9	checked	4	3	reset	122	35.787	0
9	checked	4	3	reset	123	35.297	0
9	checked	4	3	reset	124	34.465	0
9	checked	4	3	reset	125	35.948	0
9	checked	4	3	reset	126	33.694	0
9	checked	4	3	reset	127	33.704	0
9	checked	4	3	reset	128	38.052	0
9	checked	4	3	reset	129	35.768	0
9	checked	4	3	reset	130	34.034	0
9	checked	4	3	reset	131	33.864	0
9	checked	4	3	reset	132	35.187	0
9	checked	4	3	reset	133	42.571	0
9	checked	4	3	reset	134	35.797	0
9	checked	4	3	reset	135	35.978	0
9	checked	4	3	reset	136	34.615	0
9	checked	4	3	reset	137	35.167	0
9	checked	4	3	reset	138	34.876	0
9	checked	4	3	reset	139	35.838	0
9	checked	4	3	reset	140	35.187	0
9	checked	4	3	reset	141	36.559	0
9	checked	4	3	reset	142	35.336	0
9	checked	4	3	reset	143	35.376	0
9	checked	4	3	reset	144	35.377	0
9	checked	4	3	reset	145	35.286	0
9	checked	4	3	reset	146	35.396	0
9	checked	4	3	reset	147	34.996	0
9	checked	4	3	reset	148	36.218	0
9	checked	4	3	reset	149	35.747	0
9	checked	4	3	reset	150	36.338	0
9	checked	4	3	reset	151	35.197	0
9	checked	4	3	reset	152	35.827	0
9	checked	4	3	reset	153	35.387	0
9	checked	4	3	reset	154	35.968	0
9	checked	4	3	reset	155	35.076	0
9	checked	4	3	reset	156	36.028	0
9	checked	4	3	reset	157	35.847	0
9	checked	4	3	reset	158	35.106	0
9	checked	4	3	reset	159	34.365	0
9	checked	4	3	reset	160	34.074	0
9	checked	4	3	reset	161	35.176	0
9	checked	4	3	reset	162	34.536	0
9	checked	4	3	reset	163	34.535	0
9	checked	4	3	reset	164	35.236	0
9	checked	4	3	reset	165	35.968	0
9	checked	4	3	reset	166	34.906	0
9	checked	4	3	reset	167	34.365	0
9	checked	4	3	reset	168	34.616	0
9	checked	4	3	reset	169	39.143	0
9	checked	4	3	reset	170	34.946	0
9	checked	4	3	reset	171	34.505	0
9	checked	4	3	reset	172	35.407	0
9	checked	4	3	reset	173	47.139	0
9	checked	4	3	reset	174	34.756	0
9	checked	4	3	reset	175	33.844	0
9	checked	4	3	reset	176	34.495	0
9	checked	4	3	reset	177	42.961	0
9	checked	4	3	reset	178	35.718	0
9	checked	4	3	reset	179	34.255	0
9	checked	4	3	reset	180	34.685	0
9	checked	4	3	reset	181	37.44	0
9	checked	4	3	reset	182	34.865	0
9	checked	4	3	reset	183	34.565	0
9	checked	4	3	reset	184	33.022	0
9	checked	4	3	reset	185	34.866	0
9	checked	4	3	reset	186	35.728	0
9	checked	4	3	reset	187	33.914	0
9	checked	4	3	reset	188	34.255	0
9	checked	4	3	reset	189	35.818	0
9	checked	4	3	reset	190	36.639	0
9	checked	4	3	reset	191	35.898	0
9	checked	4	3	reset	192	34.275	0
9	checked	4	3	reset	193	34.134	0
9	checked	4	3	reset	194	36.549	0
9	checked	4	3	reset	195	36.319	0
9	checked	4	3	reset	196	33.764	0
9	checked	4	3	reset	197	34.525	0
9	checked	4	3	reset	198	34.826	0
9	checked	4	3	reset	199	35.346	0
9	checked	4	3	reset	200	34.785	0
9	checked	4	3	stall	1	68.92	0
9	checked	4	3	stall	2	86.343	0
9	checked	4	3	stall	3	68.269	0
9	unsafe	4	3	reset	1	3.196	0
9	unsafe	4	3	reset	2	0.131	0
9	unsafe	4	3	reset	3	0.101	0
9	unsafe	4	3	reset	4	0.1	0
9	unsafe	4	3	reset	5	0.09	0
9	unsafe	4	3	reset	6	0.07	0
9	unsafe	4	3	reset	7	0.09	0
9	unsafe	4	3	reset	8	0.09	0
9	unsafe	4	3	reset	9	0.08	0
9	unsafe	4	3	reset	10	0.08	0
9	unsafe	4	3	reset	11	0.071	0
9	unsafe	4	3	reset	12	0.071	0
9	unsafe	4	3	reset	13	0.1	0
9	unsafe	4	3	reset	14	0.08	0
9	unsafe	4	3	reset	15	0.311	0
9	unsafe	4	3	reset	16	0.07	0
9	unsafe	4	3	reset	17	0.08	0
9	unsafe	4	3	reset	18	0.08	0
9	unsafe	4	3	reset	19	0.08	0
9	unsafe	4	3	reset	20	0.07	0
9	unsafe	4	3	reset	21	0.09	0
9	unsafe	4	3	reset	22	0.09	0
9	unsafe	4	3	reset	23	0.09	0
9	unsafe	4	3	reset	24	0.11	0
9	unsafe	4	3	reset	25	0.07	0
9	unsafe	4	3	reset	26	0.09	0
9	unsafe	4	3	reset	27	0.09	0
9	unsafe	4	3	reset	28	0.09	0
9	unsafe	4	3	reset	29	0.08	0
9	unsafe	4	3	reset	30	0.08	0
9	unsafe	4	3	reset	31	0.08	0
9	unsafe	4	3	reset	32	0.08	0
9	unsafe	4	3	reset	33	0.07	0
9	unsafe	4	3	reset	34	0.1	0
9	unsafe	4	3	reset	35	0.06	0
9	unsafe	4	3	reset	36	0.09	0
9	unsafe	4	3	reset	37	0.071	0
9	unsafe	4	3	reset	38	0.09	0
9	unsafe	4	3	reset	39	0.07	0
9	unsafe	4	3	reset	40	0.09	0
9	unsafe	4	3	reset	41	0.07	0
9	unsafe	4	3	reset	42	0.091	0
9	unsafe	4	3	reset	43	0.091	0
9	unsafe	4	3	reset	44	0.07	0
9	unsafe	4	3	reset	45	0.09	0
9	unsafe	4	3	reset	46	0.08	0
9	unsafe	4	3	reset	47	0.08	0
9	unsafe	4	3	reset	48	0.081	0
9	unsafe	4	3	reset	49	0.1	0
9	unsafe	4	3	reset	50	0.09	0
9	unsafe	4	3	reset	51	0.101	0
9	unsafe	4	3	reset	52	0.09	0
9	unsafe	4	3	reset	53	0.07	0
9	unsafe	4	3	reset	54	0.08	0
9	unsafe	4	3	reset	55	0.08	0
9	unsafe	4	3	reset	56	0.09	0
9	unsafe	4	3	reset	57	0.1	0
9	unsafe	4	3	reset	58	0.07	0
9	unsafe	4	3	reset	59	0.09	0
9	unsafe	4	3	reset	60	0.1	0
9	unsafe	4	3	reset	61	0.07	0
9	unsafe	4	3	reset	62	0.07	0
9	unsafe	4	3	reset	63	0.08	0
9	unsafe	4	3	reset	64	0.09	0
9	unsafe	4	3	reset	65	0.07	0
9	unsafe	4	3	reset	66	0.09	0
9	unsafe	4	3	reset	67	0.07	0
9	unsafe	4	3	reset	68	0.07	0
9	unsafe	4	3	reset	69	0.07	0
9	unsafe	4	3	reset	70	0.07	0
9	unsafe	4	3	reset	71	0.07	0
9	unsafe	4	3	reset	72	0.08	0
9	unsafe	4	3	reset	73	0.07	0
9	unsafe	4	3	reset	74	0.07	0
9	unsafe	4	3	reset	75	0.09	0
9	unsafe	4	3	reset	76	0.07	0
9	unsafe	4	3	reset	77	0.08	0
9	unsafe	4	3	reset	78	0.07	0
9	unsafe	4	3	reset	79	0.07	0
9	unsafe	4	3	reset	80	0.08	0
9	unsafe	4	3	reset	81	0.111	0
9	unsafe	4	3	reset	82	0.08	0
9	unsafe	4	3	reset	83	0.07	0
9	unsafe	4	3	reset	84	0.07	0
9	unsafe	4	3	reset	85	0.08	0
9	unsafe	4	3	reset	86	0.07	0
9	unsafe	4	3	reset	87	0.081	0
9	unsafe	4	3	reset	88	0.1	0
9	unsafe	4	3	reset	89	0.08	0
9	unsafe	4	3	reset	90	0.06	0
9	unsafe	4	3	reset	91	0.09	0
9	unsafe	4	3	reset	92	0.08	0
9	unsafe	4	3	reset	93	0.07	0
9	unsafe	4	3	reset	94	0.09	0
9	unsafe	4	3	reset	95	0.07	0
9	unsafe	4	3	reset	96	0.11	0
9	unsafe	4	3	reset	97	0.08	0
9	unsafe	4	3	reset	98	0.081	0
9	unsafe	4	3	reset	99	0.07	0
9	unsafe	4	3	reset	100	0.11	0
9	unsafe	4	3	reset	101	0.091	0
9	unsafe	4	3	reset	102	0.1	0
9	unsafe	4	3	reset	103	0.09	0
9	unsafe	4	3	reset	104	0.081	0
9	unsafe	4	3	reset	105	0.08	0
9	unsafe	4	3	reset	106	0.08	0
9	unsafe	4	3	reset	107	0.08	0
9	unsafe	4	3	reset	108	0.08	0
9	unsafe	4	3	reset	109	0.09	0
9	unsafe	4	3	reset	110	0.071	0
9	unsafe	4	3	reset	111	0.081	0
9	unsafe	4	3	reset	112	0.07	0
9	unsafe	4	3	reset	113	0.081	0
9	unsafe	4	3	reset	114	0.07	0
9	unsafe	4	3	reset	115	0.08	0
9	unsafe	4	3	reset	116	0.09	0
9	unsafe	4	3	reset	117	0.07	0
9	unsafe	4	3	reset	118	0.09	0
9	unsafe	4	3	reset	119	0.07	0
9	unsafe	4	3	reset	120	0.091	0
9	unsafe	4	3	reset	121	0.07	0
9	unsafe	4	3	reset	122	0.08	0
9	unsafe	4	3	reset	123	0.081	0
9	unsafe	4	3	reset	124	0.07	0
9	unsafe	4	3	reset	125	0.08	0
9	unsafe	4	3	reset	126	0.1	0
9	unsafe	4	3	reset	127	0.08	0
9	unsafe	4	3	reset	128	0.11	0
9	unsafe	4	3	reset	129	0.07	0
9	unsafe	4	3	reset	130	0.08	0
9	unsafe	4	3	reset	131	0.101	0
9	unsafe	4	3	reset	132	0.09	0
9	unsafe	4	3	reset	133	0.101	0
9	unsafe	4	3	reset	134	0.09	0
9	unsafe	4	3	reset	135	0.11	0
9	unsafe	4	3	reset	136	0.07	0
9	unsafe	4	3	reset	137	0.09	0
9	unsafe	4	3	reset	138	0.091	0
9	unsafe	4	3	reset	139	0.1	0
9	unsafe	4	3	reset	140	0.08	0
9	unsafe	4	3	reset	141	0.071	0
9	unsafe	4	3	reset	142	0.07	0
9	unsafe	4	3	reset	143	0.08	0
9	unsafe	4	3	reset	144	0.081	0
9	unsafe	4	3	reset	145	0.08	0
9	unsafe	4	3	reset	146	0.07	0
9	unsafe	4	3	reset	147	0.08	0
9	unsafe	4	3	reset	148	0.1	0
9	unsafe	4	3	reset	149	0.081	0
9	unsafe	4	3	reset	150	0.081	0
9	unsafe	4	3	reset	151	0.081	0
9	unsafe	4	3	reset	152	0.11	0
9	unsafe	4	3	reset	153	0.08	0
9	unsafe	4	3	reset	154	0.071	0
9	unsafe	4	3	reset	155	0.08	0
9	unsafe	4	3	reset	156	0.07	0
9	unsafe	4	3	reset	157	0.07	0
9	unsafe	4	3	reset	158	0.09	0
9	unsafe	4	3	reset	159	0.081	0
9	unsafe	4	3	reset	160	0.1	0
9	unsafe	4	3	reset	161	0.07	0
9	unsafe	4	3	reset	162	0.1	0
9	unsafe	4	3	reset	163	0.09	0
9	unsafe	4	3	reset	164	0.07	0
9	unsafe	4	3	reset	165	0.07	0
9	unsafe	4	3	reset	166	0.08	0
9	unsafe	4	3	reset	167	0.08	0
9	unsafe	4	3	reset	168	0.08	0
9	unsafe	4	3	reset	169	0.09	0
9	unsafe	4	3	reset	170	0.08	0
9	unsafe	4	3	reset	171	0.071	0
9	unsafe	4	3	reset	172	0.08	0
9	unsafe	4	3	reset	173	0.081	0
9	unsafe	4	3	reset	174	0.07	0
9	unsafe	4	3	reset	175	0.08	0
9	unsafe	4	3	reset	176	0.11	0
9	unsafe	4	3	reset	177	0.09	0
9	unsafe	4	3	reset	178	0.08	0
9	unsafe	4	3	reset	179	0.091	0
9	unsafe	4	3	reset	180	0.101	0
9	unsafe	4	3	reset	181	0.07	0
9	unsafe	4	3	reset	182	0.08	0
9	unsafe	4	3	reset	183	0.08	0
9	unsafe	4	3	reset	184	0.07	0
9	unsafe	4	3	reset	185	0.08	0
9	unsafe	4	3	reset	186	0.07	0
9	unsafe	4	3	reset	187	0.07	0
9	unsafe	4	3	reset	188	0.071	0
9	unsafe	4	3	reset	189	0.07	0
9	unsafe	4	3	reset	190	0.08	0
9	unsafe	4	3	reset	191	0.09	0
9	unsafe	4	3	reset	192	0.09	0
9	unsafe	4	3	reset	193	0.08	0
9	unsafe	4	3	reset	194	0.08	0
9	unsafe	4	3	reset	195	0.07	0
9	unsafe	4	3	reset	196	0.1	0
9	unsafe	4	3	reset	197	0.07	0
9	unsafe	4	3	reset	198	0.07	0
9	unsafe	4	3	reset	199	0.07	0
9	unsafe	4	3	reset	200	0.071	0
9	unsafe	4	3	stall	1	0.0	0
9	unsafe	4	3	stall	2	68.97	0
9	unsafe	4	3	stall	3	0.0	0
9	checked	8	7	reset	1	51.417	1
9	checked	8	7	reset	2	46.208	1
9	checked	8	7	reset	3	45.836	1
9	checked	8	7	reset	4	40.136	1
9	checked	8	7	reset	5	39.224	1
9	checked	8	7	reset	6	37.781	1
9	checked	8	7	reset	7	73.038	1
9	checked	8	7	reset	8	45.315	1
9	checked	8	7	reset	9	293.043	1
9	checked	8	7	reset	10	38.823	1
9	checked	8	7	reset	11	113.204	1
9	checked	8	7	reset	12	179.018	1
9	checked	8	7	reset	13	60.384	1
9	checked	8	7	reset	14	57.017	1
9	checked	8	7	reset	15	54.943	1
9	checked	8	7	reset	16	55.815	1
9	checked	8	7	reset	17	44.725	1
9	checked	8	7	reset	18	46.327	1
9	checked	8	7	reset	19	47.239	1
9	checked	8	7	reset	20	45.246	1
9	checked	8	7	reset	21	47.72	1
9	checked	8	7	reset	22	44.033	1
9	checked	8	7	reset	23	44.594	1
9	checked	8	7	reset	24	45.556	1
9	checked	8	7	reset	25	47.89	1
9	checked	8	7	reset	26	43.092	1
9	checked	8	7	reset	27	44.213	1
9	checked	8	7	reset	28	43.772	1
9	checked	8	7	reset	29	46.157	1
9	checked	8	7	reset	30	44.634	1
9	checked	8	7	reset	31	42.891	1
9	checked	8	7	reset	32	43.432	1
9	checked	8	7	reset	33	43.161	1
9	checked	8	7	reset	34	43.772	1
9	checked	8	7	reset	35	44.364	1
9	checked	8	7	reset	36	47.239	1
9	checked	8	7	reset	37	44.444	1
9	checked	8	7	reset	38	45.776	1
9	checked	8	7	reset	39	43.733	1
9	checked	8	7	reset	40	46.698	1
9	checked	8	7	reset	41	48.342	1
9	checked	8	7	reset	42	44.374	1
9	checked	8	7	reset	43	44.574	1
9	checked	8	7	reset	44	46.438	1
9	checked	8	7	reset	45	44.925	1
9	checked	8	7	reset	46	45.245	1
9	checked	8	7	reset	47	44.184	1
9	checked	8	7	reset	48	47.519	1
9	checked	8	7	reset	49	43.131	1
9	checked	8	7	reset	50	45.876	1
9	checked	8	7	reset	51	43.051	1
9	checked	8	7	reset	52	43.763	1
9	checked	8	7	reset	53	43.452	1
9	checked	8	7	reset	54	45.476	1
9	checked	8	7	reset	55	44.123	1
9	checked	8	7	reset	56	42.36	1
9	checked	8	7	reset	57	43.512	1
9	checked	8	7	reset	58	45.356	1
9	checked	8	7	reset	59	45.115	1
9	checked	8	7	reset	60	52.189	1
9	checked	8	7	reset	61	46.748	1
9	checked	8	7	reset	62	46.557	1
9	checked	8	7	reset	63	48.532	1
9	checked	8	7	reset	64	45.996	1
9	checked	8	7	reset	65	43.873	1
9	checked	8	7	reset	66	42.78	1
9	checked	8	7	reset	67	43.422	1
9	checked	8	7	reset	68	52.96	1
9	checked	8	7	reset	69	46.598	1
9	checked	8	7	reset	70	46.909	1
9	checked	8	7	reset	71	48.041	1
9	checked	8	7	reset	72	47.139	1
9	checked	8	7	reset	73	45.236	1
9	checked	8	7	reset	74	44.695	1
9	checked	8	7	reset	75	44.344	1
9	checked	8	7	reset	76	43.763	1
9	checked	8	7	reset	77	43.251	1
9	checked	8	7	reset	78	45.265	1
9	checked	8	7	reset	79	45.025	1
9	checked	8	7	reset	80	43.633	1
9	checked	8	7	reset	81	44.945	1
9	checked	8	7	reset	82	46.538	1
9	checked	8	7	reset	83	48.001	1
9	checked	8	7	reset	84	45.205	1
9	checked	8	7	reset	85	44.123	1
9	checked	8	7	reset	86	43.242	1
9	checked	8	7	reset	87	45.806	1
9	checked	8	7	reset	88	44.083	1
9	checked	8	7	reset	89	44.344	1
9	checked	8	7	reset	90	45.045	1
9	checked	8	7	reset	91	46.037	1
9	checked	8	7	reset	92	43.943	1
9	checked	8	7	reset	93	44.554	1
9	checked	8	7	reset	94	44.154	1
9	checked	8	7	reset	95	45.486	1
9	checked	8	7	reset	96	44.233	1
9	checked	8	7	reset	97	45.196	1
9	checked	8	7	reset	98	43.261	1
9	checked	8	7	reset	99	44.444	1
9	checked	8	7	reset	100	43.392	1
9	checked	8	7	reset	101	43.652	1
9	checked	8	7	reset	102	46.989	1
9	checked	8	7	reset	103	44.474	1
9	checked	8	7	reset	104	43.762	1
9	checked	8	7	reset	105	44.264	1
9	checked	8	7	reset	106	43.622	1
9	checked	8	7	reset	107	47.499	1
9	checked	8	7	reset	108	43.793	1
9	checked	8	7	reset	109	43.953	1
9	checked	8	7	reset	110	43.672	1
9	checked	8	7	reset	111	45.856	1
9	checked	8	7	reset	112	43.633	1
9	checked	8	7	reset	113	43.753	1
9	checked	8	7	reset	114	45.757	1
9	checked	8	7	reset	115	44.043	1
9	checked	8	7	reset	116	43.532	1
9	checked	8	7	reset	117	45.516	1
9	checked	8	7	reset	118	44.694	1
9	checked	8	7	reset	119	46.006	1
9	checked	8	7	reset	120	43.763	1
9	checked	8	7	reset	121	43.733	1
9	checked	8	7	reset	122	44.664	1
9	checked	8	7	reset	123	43.702	1
9	checked	8	7	reset	124	43.412	1
9	checked	8	7	reset	125	44.855	1
9	checked	8	7	reset	126	45.897	1
9	checked	8	7	reset	127	43.161	1
9	checked	8	7	reset	128	42.56	1
9	checked	8	7	reset	129	43.973	1
9	checked	8	7	reset	130	46.377	1
9	checked	8	7	reset	131	44.935	1
9	checked	8	7	reset	132	45.406	1
9	checked	8	7	reset	133	43.292	1
9	checked	8	7	reset	134	56.056	1
9	checked	8	7	reset	135	45.706	1
9	checked	8	7	reset	136	45.946	1
9	checked	8	7	reset	137	43.782	1
9	checked	8	7	reset	138	43.933	1
9	checked	8	7	reset	139	45.075	1
9	checked	8	7	reset	140	43.352	1
9	checked	8	7	reset	141	44.093	1
9	checked	8	7	reset	142	45.185	1
9	checked	8	7	reset	143	43.572	1
9	checked	8	7	reset	144	43.873	1
9	checked	8	7	reset	145	43.432	1
9	checked	8	7	reset	146	43.872	1
9	checked	8	7	reset	147	44.223	1
9	checked	8	7	reset	148	44.544	1
9	checked	8	7	reset	149	43.291	1
9	checked	8	7	reset	150	43.252	1
9	checked	8	7	reset	151	44.053	1
9	checked	8	7	reset	152	43.211	1
9	checked	8	7	reset	153	45.536	1
9	checked	8	7	reset	154	44.093	1
9	checked	8	7	reset	155	43.783	1
9	checked	8	7	reset	156	46.037	1
9	checked	8	7	reset	157	44.975	1
9	checked	8	7	reset	158	43.713	1
9	checked	8	7	reset	159	45.235	1
9	checked	8	7	reset	160	43.572	1
9	checked	8	7	reset	161	46.537	1
9	checked	8	7	reset	162	43.983	1
9	checked	8	7	reset	163	44.825	1
9	checked	8	7	reset	164	42.961	1
9	checked	8	7	reset	165	46.278	1
9	checked	8	7	reset	166	44.604	1
9	checked	8	7	reset	167	43.833	1
9	checked	8	7	reset	168	43.572	1
9	checked	8	7	reset	169	45.286	1
9	checked	8	7	reset	170	44.654	1
9	checked	8	7	reset	171	43.822	1
9	checked	8	7	reset	172	43.272	1
9	checked	8	7	reset	173	47.9	1
9	checked	8	7	reset	174	46.728	1
9	checked	8	7	reset	175	44.163	1
9	checked	8	7	reset	176	44.985	1
9	checked	8	7	reset	177	63.439	1
9	checked	8	7	reset	178	47.269	1
9	checked	8	7	reset	179	47.81	1
9	checked	8	7	reset	180	43.582	1
9	checked	8	7	reset	181	39.925	1
9	checked	8	7	reset	182	40.136	1
9	checked	8	7	reset	183	39.525	1
9	checked	8	7	reset	184	39.544	1
9	checked	8	7	reset	185	39.334	1
9	checked	8	7	reset	186	39.434	1
9	checked	8	7	reset	187	39.775	1
9	checked	8	7	reset	188	39.114	1
9	checked	8	7	reset	189	39.574	1
9	checked	8	7	reset	190	39.325	1
9	checked	8	7	reset	191	39.555	1
9	checked	8	7	reset	192	40.206	1
9	checked	8	7	reset	193	39.134	1
9	checked	8	7	reset	194	39.003	1
9	checked	8	7	reset	195	40.466	1
9	checked	8	7	reset	196	39.093	1
9	checked	8	7	reset	197	40.687	1
9	checked	8	7	reset	198	39.785	1
9	checked	8	7	reset	199	38.603	1
9	checked	8	7	reset	200	41.108	1
9	checked	8	7	stall	1	57.93	1
9	checked	8	7	stall	2	69.882	1
9	checked	8	7	stall	3	69.711	1
9	checked	8	7	stall	4	68.87	1
9	checked	8	7	stall	5	171.965	1
9	checked	8	7	stall	6	200.588	1
9	checked	8	7	stall	7	58.461	1
9	unsafe	8	7	reset	1	0.18	1
9	unsafe	8	7	reset	2	0.15	1
9	unsafe	8	7	reset	3	0.091	1
9	unsafe	8	7	reset	4	0.09	1
9	unsafe	8	7	reset	5	0.081	1
9	unsafe	8	7	reset	6	0.07	1
9	unsafe	8	7	reset	7	0.07	1
9	unsafe	8	7	reset	8	0.07	1
9	unsafe	8	7	reset	9	0.09	1
9	unsafe	8	7	reset	10	0.091	1
9	unsafe	8	7	reset	11	0.1	1
9	unsafe	8	7	reset	12	0.331	1
9	unsafe	8	7	reset	13	0.511	1
9	unsafe	8	7	reset	14	0.101	1
9	unsafe	8	7	reset	15	0.09	1
9	unsafe	8	7	reset	16	0.07	1
9	unsafe	8	7	reset	17	0.071	1
9	unsafe	8	7	reset	18	0.08	1
9	unsafe	8	7	reset	19	0.071	1
9	unsafe	8	7	reset	20	0.08	1
9	unsafe	8	7	reset	21	0.081	1
9	unsafe	8	7	reset	22	0.08	1
9	unsafe	8	7	reset	23	0.07	1
9	unsafe	8	7	reset	24	0.081	1
9	unsafe	8	7	reset	25	0.07	1
9	unsafe	8	7	reset	26	0.07	1
9	unsafe	8	7	reset	27	0.09	1
9	unsafe	8	7	reset	28	0.07	1
9	unsafe	8	7	reset	29	0.08	1
9	unsafe	8	7	reset	30	0.07	1
9	unsafe	8	7	reset	31	0.08	1
9	unsafe	8	7	reset	32	0.081	1
9	unsafe	8	7	reset	33	0.07	1
9	unsafe	8	7	reset	34	0.09	1
9	unsafe	8	7	reset	35	0.07	1
9	unsafe	8	7	reset	36	0.07	1
9	unsafe	8	7	reset	37	0.071	1
9	unsafe	8	7	reset	38	0.09	1
9	unsafe	8	7	reset	39	0.08	1
9	unsafe	8	7	reset	40	0.09	1
9	unsafe	8	7	reset	41	0.08	1
9	unsafe	8	7	reset	42	0.08	1
9	unsafe	8	7	reset	43	0.08	1
9	unsafe	8	7	reset	44	0.101	1
9	unsafe	8	7	reset	45	0.081	1
9	unsafe	8	7	reset	46	0.09	1
9	unsafe	8	7	reset	47	0.08	1
9	unsafe	8	7	reset	48	0.09	1
9	unsafe	8	7	reset	49	0.08	1
9	unsafe	8	7	reset	50	0.1	1
9	unsafe	8	7	reset	51	0.07	1
9	unsafe	8	7	reset	52	0.101	1
9	unsafe	8	7	reset	53	0.08	1
9	unsafe	8	7	reset	54	0.07	1
9	unsafe	8	7	reset	55	0.07	1
9	unsafe	8	7	reset	56	0.07	1
9	unsafe	8	7	reset	57	0.08	1
9	unsafe	8	7	reset	58	0.09	1
9	unsafe	8	7	reset	59	0.07	1
9	unsafe	8	7	reset	60	0.07	1
9	unsafe	8	7	reset	61	0.08	1
9	unsafe	8	7	reset	62	0.1	1
9	unsafe	8	7	reset	63	0.101	1
9	unsafe	8	7	reset	64	0.091	1
9	unsafe	8	7	reset	65	0.08	1
9	unsafe	8	7	reset	66	0.08	1
9	unsafe	8	7	reset	67	0.08	1
9	unsafe	8	7	reset	68	0.09	1
9	unsafe	8	7	reset	69	0.08	1
9	unsafe	8	7	reset	70	0.08	1
9	unsafe	8	7	reset	71	0.08	1
9	unsafe	8	7	reset	72	0.08	1
9	unsafe	8	7	reset	73	0.071	1
9	unsafe	8	7	reset	74	0.08	1
9	unsafe	8	7	reset	75	0.1	1
9	unsafe	8	7	reset	76	0.08	1
9	unsafe	8	7	reset	77	0.07	1
9	unsafe	8	7	reset	78	0.07	1
9	unsafe	8	7	reset	79	0.071	1
9	unsafe	8	7	reset	80	0.08	1
9	unsafe	8	7	reset	81	0.07	1
9	unsafe	8	7	reset	82	0.08	1
9	unsafe	8	7	reset	83	0.08	1
9	unsafe	8	7	reset	84	0.07	1
9	unsafe	8	7	reset	85	0.08	1
9	unsafe	8	7	reset	86	0.081	1
9	unsafe	8	7	reset	87	0.07	1
9	unsafe	8	7	reset	88	0.08	1
9	unsafe	8	7	reset	89	0.07	1
9	unsafe	8	7	reset	90	0.1	1
9	unsafe	8	7	reset	91	0.07	1
9	unsafe	8	7	reset	92	0.071	1
9	unsafe	8	7	reset	93	0.09	1
9	unsafe	8	7	reset	94	0.08	1
9	unsafe	8	7	reset	95	0.08	1
9	unsafe	8	7	reset	96	0.08	1
9	unsafe	8	7	reset	97	0.07	1
9	unsafe	8	7	reset	98	0.081	1
9	unsafe	8	7	reset	99	0.08	1
9	unsafe	8	7	reset	100	0.08	1
9	unsafe	8	7	reset	101	0.08	1
9	unsafe	8	7	reset	102	0.08	1
9	unsafe	8	7	reset	103	0.081	1
9	unsafe	8	7	reset	104	0.1	1
9	unsafe	8	7	reset	105	0.07	1
9	unsafe	8	7	reset	106	0.08	1
9	unsafe	8	7	reset	107	0.1	1
9	unsafe	8	7	reset	108	0.1	1
9	unsafe	8	7	reset	109	0.08	1
9	unsafe	8	7	reset	110	0.1	1
9	unsafe	8	7	reset	111	0.07	1
9	unsafe	8	7	reset	112	0.08	1
9	unsafe	8	7	reset	113	0.09	1
9	unsafe	8	7	reset	114	0.09	1
9	unsafe	8	7	reset	115	0.08	1
9	unsafe	8	7	reset	116	0.08	1
9	unsafe	8	7	reset	117	0.08	1
9	unsafe	8	7	reset	118	0.1	1
9	unsafe	8	7	reset	119	0.1	1
9	unsafe	8	7	reset	120	0.071	1
9	unsafe	8	7	reset	121	0.07	1
9	unsafe	8	7	reset	122	0.1	1
9	unsafe	8	7	reset	123	0.07	1
9	unsafe	8	7	reset	124	0.08	1
9	unsafe	8	7	reset	125	0.08	1
9	unsafe	8	7	reset	126	0.08	1
9	unsafe	8	7	reset	127	0.091	1
9	unsafe	8	7	reset	128	0.08	1
9	unsafe	8	7	reset	129	0.08	1
9	unsafe	8	7	reset	130	0.101	1
9	unsafe	8	7	reset	131	0.07	1
9	unsafe	8	7	reset	132	0.07	1
9	unsafe	8	7	reset	133	0.08	1
9	unsafe	8	7	reset	134	0.07	1
9	unsafe	8	7	reset	135	0.08	1
9	unsafe	8	7	reset	136	0.07	1
9	unsafe	8	7	reset	137	0.081	1
9	unsafe	8	7	reset	138	0.07	1
9	unsafe	8	7	reset	139	0.07	1
9	unsafe	8	7	reset	140	0.071	1
9	unsafe	8	7	reset	141	0.08	1
9	unsafe	8	7	reset	142	0.091	1
9	unsafe	8	7	reset	143	0.09	1
9	unsafe	8	7	reset	144	0.07	1
9	unsafe	8	7	reset	145	0.1	1
9	unsafe	8	7	reset	146	0.07	1
9	unsafe	8	7	reset	147	0.08	1
9	unsafe	8	7	reset	148	0.08	1
9	unsafe	8	7	reset	149	0.081	1
9	unsafe	8	7	reset	150	0.08	1
9	unsafe	8	7	reset	151	0.071	1
9	unsafe	8	7	reset	152	0.08	1
9	unsafe	8	7	reset	153	0.09	1
9	unsafe	8	7	reset	154	0.071	1
9	unsafe	8	7	reset	155	0.08	1
9	unsafe	8	7	reset	156	0.08	1
9	unsafe	8	7	reset	157	0.07	1
9	unsafe	8	7	reset	158	0.1	1
9	unsafe	8	7	reset	159	0.07	1
9	unsafe	8	7	reset	160	0.08	1
9	unsafe	8	7	reset	161	0.07	1
9	unsafe	8	7	reset	162	0.08	1
9	unsafe	8	7	reset	163	0.07	1
9	unsafe	8	7	reset	164	0.09	1
9	unsafe	8	7	reset	165	0.08	1
9	unsafe	8	7	reset	166	0.091	1
9	unsafe	8	7	reset	167	0.08	1
9	unsafe	8	7	reset	168	0.08	1
9	unsafe	8	7	reset	169	0.09	1
9	unsafe	8	7	reset	170	0.09	1
9	unsafe	8	7	reset	171	0.08	1
9	unsafe	8	7	reset	172	0.08	1
9	unsafe	8	7	reset	173	0.081	1
9	unsafe	8	7	reset	174	0.07	1
9	unsafe	8	7	reset	175	0.081	1
9	unsafe	8	7	reset	176	0.08	1
9	unsafe	8	7	reset	177	0.08	1
9	unsafe	8	7	reset	178	0.09	1
9	unsafe	8	7	reset	179	0.08	1
9	unsafe	8	7	reset	180	0.08	1
9	unsafe	8	7	reset	181	0.08	1
9	unsafe	8	7	reset	182	0.08	1
9	unsafe	8	7	reset	183	0.071	1
9	unsafe	8	7	reset	184	0.071	1
9	unsafe	8	7	reset	185	0.07	1
9	unsafe	8	7	reset	186	0.08	1
9	unsafe	8	7	reset	187	0.07	1
9	unsafe	8	7	reset	188	0.101	1
9	unsafe	8	7	reset	189	0.07	1
9	unsafe	8	7	reset	190	0.081	1
9	unsafe	8	7	reset	191	0.091	1
9	unsafe	8	7	reset	192	0.08	1
9	unsafe	8	7	reset	193	0.07	1
9	unsafe	8	7	reset	194	0.101	1
9	unsafe	8	7	reset	195	0.08	1
9	unsafe	8	7	reset	196	0.08	1
9	unsafe	8	7	reset	197	0.091	1
9	unsafe	8	7	reset	198	0.091	1
9	unsafe	8	7	reset	199	0.07	1
9	unsafe	8	7	reset	200	0.08	1
9	unsafe	8	7	stall	1	0.0	1
9	unsafe	8	7	stall	2	0.0	1
9	unsafe	8	7	stall	3	0.0	1
9	unsafe	8	7	stall	4	0.0	1
9	unsafe	8	7	stall	5	0.0	1
9	unsafe	8	7	stall	6	0.0	1
9	unsafe	8	7	stall	7	0.0	1
9	checked	16	15	reset	1	62.608	0
9	checked	16	15	reset	2	45.957	0
9	checked	16	15	reset	3	46.728	0
9	checked	16	15	reset	4	46.518	0
9	checked	16	15	reset	5	44.815	0
9	checked	16	15	reset	6	55.775	0
9	checked	16	15	reset	7	54.863	0
9	checked	16	15	reset	8	75.813	0
9	checked	16	15	reset	9	457.503	0
9	checked	16	15	reset	10	46.748	0
9	checked	16	15	reset	11	102.123	0
9	checked	16	15	reset	12	74.22	0
9	checked	16	15	reset	13	66.485	0
9	checked	16	15	reset	14	63.87	0
9	checked	16	15	reset	15	64.601	0
9	checked	16	15	reset	16	61.386	0
9	checked	16	15	reset	17	65.123	0
9	checked	16	15	reset	18	62.388	0
9	checked	16	15	reset	19	65.975	0
9	checked	16	15	reset	20	65.142	0
9	checked	16	15	reset	21	73.148	0
9	checked	16	15	reset	22	66.135	0
9	checked	16	15	reset	23	69.602	0
9	checked	16	15	reset	24	65.253	0
9	checked	16	15	reset	25	66.565	0
9	checked	16	15	reset	26	59.883	0
9	checked	16	15	reset	27	60.714	0
9	checked	16	15	reset	28	58.48	0
9	checked	16	15	reset	29	65.243	0
9	checked	16	15	reset	30	60.454	0
9	checked	16	15	reset	31	68.699	0
9	checked	16	15	reset	32	67.688	0
9	checked	16	15	reset	33	61.826	0
9	checked	16	15	reset	34	65.123	0
9	checked	16	15	reset	35	78.217	0
9	checked	16	15	reset	36	63.81	0
9	checked	16	15	reset	37	63.009	0
9	checked	16	15	reset	38	68.49	0
9	checked	16	15	reset	39	67.788	0
9	checked	16	15	reset	40	64.001	0
9	checked	16	15	reset	41	64.882	0
9	checked	16	15	reset	42	64.412	0
9	checked	16	15	reset	43	60.615	0
9	checked	16	15	reset	44	63.149	0
9	checked	16	15	reset	45	63.59	0
9	checked	16	15	reset	46	66.816	0
9	checked	16	15	reset	47	65.674	0
9	checked	16	15	reset	48	69.731	0
9	checked	16	15	reset	49	67.457	0
9	checked	16	15	reset	50	65.364	0
9	checked	16	15	reset	51	68.8	0
9	checked	16	15	reset	52	69.652	0
9	checked	16	15	reset	53	71.676	0
9	checked	16	15	reset	54	65.795	0
9	checked	16	15	reset	55	62.327	0
9	checked	16	15	reset	56	60.614	0
9	checked	16	15	reset	57	64.231	0
9	checked	16	15	reset	58	66.576	0
9	checked	16	15	reset	59	58.75	0
9	checked	16	15	reset	60	60.123	0
9	checked	16	15	reset	61	64.532	0
9	checked	16	15	reset	62	83.387	0
9	checked	16	15	reset	63	70.723	0
9	checked	16	15	reset	64	69.191	0
9	checked	16	15	reset	65	61.326	0
9	checked	16	15	reset	66	65.684	0
9	checked	16	15	reset	67	64.833	0
9	checked	16	15	reset	68	64.422	0
9	checked	16	15	reset	69	63.73	0
9	checked	16	15	reset	70	63.429	0
9	checked	16	15	reset	71	66.425	0
9	checked	16	15	reset	72	66.385	0
9	checked	16	15	reset	73	62.528	0
9	checked	16	15	reset	74	64.622	0
9	checked	16	15	reset	75	66.866	0
9	checked	16	15	reset	76	62.227	0
9	checked	16	15	reset	77	67.067	0
9	checked	16	15	reset	78	65.143	0
9	checked	16	15	reset	79	68.049	0
9	checked	16	15	reset	80	62.989	0
9	checked	16	15	reset	81	61.887	0
9	checked	16	15	reset	82	68.429	0
9	checked	16	15	reset	83	69.371	0
9	checked	16	15	reset	84	63.55	0
9	checked	16	15	reset	85	65.704	0
9	checked	16	15	reset	86	67.176	0
9	checked	16	15	reset	87	69.35	0
9	checked	16	15	reset	88	66.766	0
9	checked	16	15	reset	89	63.58	0
9	checked	16	15	reset	90	67.387	0
9	checked	16	15	reset	91	66.034	0
9	checked	16	15	reset	92	64.742	0
9	checked	16	15	reset	93	67.888	0
9	checked	16	15	reset	94	63.891	0
9	checked	16	15	reset	95	65.564	0
9	checked	16	15	reset	96	60.955	0
9	checked	16	15	reset	97	67.397	0
9	checked	16	15	reset	98	67.307	0
9	checked	16	15	reset	99	70.463	0
9	checked	16	15	reset	100	64.712	0
9	checked	16	15	reset	101	71.024	0
9	checked	16	15	reset	102	67.347	0
9	checked	16	15	reset	103	64.261	0
9	checked	16	15	reset	104	66.305	0
9	checked	16	15	reset	105	65.623	0
9	checked	16	15	reset	106	66.866	0
9	checked	16	15	reset	107	65.434	0
9	checked	16	15	reset	108	65.143	0
9	checked	16	15	reset	109	64.381	0
9	checked	16	15	reset	110	67.297	0
9	checked	16	15	reset	111	66.425	0
9	checked	16	15	reset	112	64.942	0
9	checked	16	15	reset	113	65.704	0
9	checked	16	15	reset	114	69.2	0
9	checked	16	15	reset	115	68.379	0
9	checked	16	15	reset	116	68.349	0
9	checked	16	15	reset	117	63.99	0
9	checked	16	15	reset	118	77.145	0
9	checked	16	15	reset	119	72.597	0
9	checked	16	15	reset	120	65.443	0
9	checked	16	15	reset	121	72.036	0
9	checked	16	15	reset	122	63.039	0
9	checked	16	15	reset	123	74.42	0
9	checked	16	15	reset	124	71.555	0
9	checked	16	15	reset	125	70.944	0
9	checked	16	15	reset	126	68.219	0
9	checked	16	15	reset	127	67.728	0
9	checked	16	15	reset	128	63.63	0
9	checked	16	15	reset	129	63.39	0
9	checked	16	15	reset	130	65.653	0
9	checked	16	15	reset	131	66.265	0
9	checked	16	15	reset	132	69.491	0
9	checked	16	15	reset	133	67.337	0
9	checked	16	15	reset	134	68.93	0
9	checked	16	15	reset	135	66.295	0
9	checked	16	15	reset	136	60.614	0
9	checked	16	15	reset	137	68.951	0
9	checked	16	15	reset	138	68.119	0
9	checked	16	15	reset	139	66.946	0
9	checked	16	15	reset	140	67.988	0
9	checked	16	15	reset	141	66.165	0
9	checked	16	15	reset	142	66.576	0
9	checked	16	15	reset	143	64.542	0
9	checked	16	15	reset	144	64.511	0
9	checked	16	15	reset	145	65.063	0
9	checked	16	15	reset	146	63.83	0
9	checked	16	15	reset	147	67.377	0
9	checked	16	15	reset	148	69.211	0
9	checked	16	15	reset	149	67.688	0
9	checked	16	15	reset	150	66.595	0
9	checked	16	15	reset	151	66.786	0
9	checked	16	15	reset	152	64.872	0
9	checked	16	15	reset	153	63.499	0
9	checked	16	15	reset	154	68.439	0
9	checked	16	15	reset	155	70.243	0
9	checked	16	15	reset	156	70.633	0
9	checked	16	15	reset	157	66.165	0
9	checked	16	15	reset	158	67.267	0
9	checked	16	15	reset	159	65.613	0
9	checked	16	15	reset	160	67.667	0
9	checked	16	15	reset	161	63.119	0
9	checked	16	15	reset	162	63.61	0
9	checked	16	15	reset	163	68.259	0
9	checked	16	15	reset	164	65.674	0
9	checked	16	15	reset	165	68.9	0
9	checked	16	15	reset	166	71.986	0
9	checked	16	15	reset	167	67.377	0
9	checked	16	15	reset	168	69.351	0
9	checked	16	15	reset	169	64.161	0
9	checked	16	15	reset	170	63.35	0
9	checked	16	15	reset	171	67.627	0
9	checked	16	15	reset	172	67.458	0
9	checked	16	15	reset	173	63.911	0
9	checked	16	15	reset	174	74.571	0
9	checked	16	15	reset	175	65.153	0
9	checked	16	15	reset	176	71.585	0
9	checked	16	15	reset	177	66.796	0
9	checked	16	15	reset	178	64.541	0
9	checked	16	15	reset	179	63.36	0
9	checked	16	15	reset	180	64.422	0
9	checked	16	15	reset	181	65.714	0
9	checked	16	15	reset	182	64.361	0
9	checked	16	15	reset	183	68.139	0
9	checked	16	15	reset	184	65.023	0
9	checked	16	15	reset	185	65.914	0
9	checked	16	15	reset	186	68.149	0
9	checked	16	15	reset	187	60.955	0
9	checked	16	15	reset	188	61.857	0
9	checked	16	15	reset	189	63.28	0
9	checked	16	15	reset	190	71.816	0
9	checked	16	15	reset	191	85.441	0
9	checked	16	15	reset	192	71.014	0
9	checked	16	15	reset	193	70.784	0
9	checked	16	15	reset	194	65.824	0
9	checked	16	15	reset	195	65.994	0
9	checked	16	15	reset	196	73.959	0
9	checked	16	15	reset	197	67.688	0
9	checked	16	15	reset	198	63.239	0
9	checked	16	15	reset	199	71.976	0
9	checked	16	15	reset	200	67.407	0
9	checked	16	15	stall	1	91.442	0
9	checked	16	15	stall	2	90.24	0
9	checked	16	15	stall	3	366.22	0
9	checked	16	15	stall	4	76.084	0
9	checked	16	15	stall	5	89.779	0
9	checked	16	15	stall	6	91.322	0
9	checked	16	15	stall	7	79.43	0
9	checked	16	15	stall	8	77.196	0
9	checked	16	15	stall	9	73.599	0
9	checked	16	15	stall	10	90.28	0
9	checked	16	15	stall	11	91.142	0
9	checked	16	15	stall	12	76.574	0
9	checked	16	15	stall	13	93.296	0
9	checked	16	15	stall	14	83.597	0
9	checked	16	15	stall	15	93.687	0
9	unsafe	16	15	reset	1	0.17	0
9	unsafe	16	15	reset	2	0.081	0
9	unsafe	16	15	reset	3	0.09	0
9	unsafe	16	15	reset	4	0.11	0
9	unsafe	16	15	reset	5	0.081	0
9	unsafe	16	15	reset	6	0.09	0
9	unsafe	16	15	reset	7	0.13	0
9	unsafe	16	15	reset	8	0.19	0
9	unsafe	16	15	reset	9	0.23	0
9	unsafe	16	15	reset	10	0.231	0
9	unsafe	16	15	reset	11	0.22	0
9	unsafe	16	15	reset	12	0.18	0
9	unsafe	16	15	reset	13	0.181	0
9	unsafe	16	15	reset	14	0.25	0
9	unsafe	16	15	reset	15	0.441	0
9	unsafe	16	15	reset	16	0.09	0
9	unsafe	16	15	reset	17	0.08	0
9	unsafe	16	15	reset	18	0.08	0
9	unsafe	16	15	reset	19	0.1	0
9	unsafe	16	15	reset	20	0.1	0
9	unsafe	16	15	reset	21	0.08	0
9	unsafe	16	15	reset	22	0.09	0
9	unsafe	16	15	reset	23	0.09	0
9	unsafe	16	15	reset	24	0.07	0
9	unsafe	16	15	reset	25	0.12	0
9	unsafe	16	15	reset	26	0.07	0
9	unsafe	16	15	reset	27	0.1	0
9	unsafe	16	15	reset	28	0.07	0
9	unsafe	16	15	reset	29	0.08	0
9	unsafe	16	15	reset	30	0.08	0
9	unsafe	16	15	reset	31	0.09	0
9	unsafe	16	15	reset	32	0.08	0
9	unsafe	16	15	reset	33	0.07	0
9	unsafe	16	15	reset	34	0.1	0
9	unsafe	16	15	reset	35	0.08	0
9	unsafe	16	15	reset	36	0.09	0
9	unsafe	16	15	reset	37	0.091	0
9	unsafe	16	15	reset	38	0.08	0
9	unsafe	16	15	reset	39	0.08	0
9	unsafe	16	15	reset	40	0.091	0
9	unsafe	16	15	reset	41	0.09	0
9	unsafe	16	15	reset	42	0.111	0
9	unsafe	16	15	reset	43	0.08	0
9	unsafe	16	15	reset	44	0.07	0
9	unsafe	16	15	reset	45	0.08	0
9	unsafe	16	15	reset	46	0.07	0
9	unsafe	16	15	reset	47	0.11	0
9	unsafe	16	15	reset	48	0.081	0
9	unsafe	16	15	reset	49	0.09	0
9	unsafe	16	15	reset	50	0.08	0
9	unsafe	16	15	reset	51	0.11	0
9	unsafe	16	15	reset	52	0.07	0
9	unsafe	16	15	reset	53	0.08	0
9	unsafe	16	15	reset	54	0.07	0
9	unsafe	16	15	reset	55	0.07	0
9	unsafe	16	15	reset	56	0.07	0
9	unsafe	16	15	reset	57	0.08	0
9	unsafe	16	15	reset	58	0.101	0
9	unsafe	16	15	reset	59	0.09	0
9	unsafe	16	15	reset	60	0.1	0
9	unsafe	16	15	reset	61	0.07	0
9	unsafe	16	15	reset	62	0.081	0
9	unsafe	16	15	reset	63	0.08	0
9	unsafe	16	15	reset	64	0.09	0
9	unsafe	16	15	reset	65	0.08	0
9	unsafe	16	15	reset	66	0.07	0
9	unsafe	16	15	reset	67	0.08	0
9	unsafe	16	15	reset	68	0.08	0
9	unsafe	16	15	reset	69	0.07	0
9	unsafe	16	15	reset	70	0.08	0
9	unsafe	16	15	reset	71	0.11	0
9	unsafe	16	15	reset	72	0.08	0
9	unsafe	16	15	reset	73	0.08	0
9	unsafe	16	15	reset	74	0.08	0
9	unsafe	16	15	reset	75	0.08	0
9	unsafe	16	15	reset	76	0.1	0
9	unsafe	16	15	reset	77	0.09	0
9	unsafe	16	15	reset	78	0.1	0
9	unsafe	16	15	reset	79	0.07	0
9	unsafe	16	15	reset	80	0.091	0
9	unsafe	16	15	reset	81	0.09	0
9	unsafe	16	15	reset	82	0.08	0
9	unsafe	16	15	reset	83	0.09	0
9	unsafe	16	15	reset	84	0.07	0
9	unsafe	16	15	reset	85	0.09	0
9	unsafe	16	15	reset	86	0.09	0
9	unsafe	16	15	reset	87	0.1	0
9	unsafe	16	15	reset	88	0.08	0
9	unsafe	16	15	reset	89	0.08	0
9	unsafe	16	15	reset	90	0.08	0
9	unsafe	16	15	reset	91	0.08	0
9	unsafe	16	15	reset	92	0.11	0
9	unsafe	16	15	reset	93	0.07	0
9	unsafe	16	15	reset	94	0.08	0
9	unsafe	16	15	reset	95	0.09	0
9	unsafe	16	15	reset	96	0.081	0
9	unsafe	16	15	reset	97	0.09	0
9	unsafe	16	15	reset	98	0.09	0
9	unsafe	16	15	reset	99	0.1	0
9	unsafe	16	15	reset	100	0.08	0
9	unsafe	16	15	reset	101	0.07	0
9	unsafe	16	15	reset	102	0.07	0
9	unsafe	16	15	reset	103	0.08	0
9	unsafe	16	15	reset	104	0.08	0
9	unsafe	16	15	reset	105	0.1	0
9	unsafe	16	15	reset	106	0.081	0
9	unsafe	16	15	reset	107	0.17	0
9	unsafe	16	15	reset	108	0.09	0
9	unsafe	16	15	reset	109	0.09	0
9	unsafe	16	15	reset	110	0.1	0
9	unsafe	16	15	reset	111	0.091	0
9	unsafe	16	15	reset	112	0.09	0
9	unsafe	16	15	reset	113	0.091	0
9	unsafe	16	15	reset	114	0.08	0
9	unsafe	16	15	reset	115	0.101	0
9	unsafe	16	15	reset	116	0.09	0
9	unsafe	16	15	reset	117	0.08	0
9	unsafe	16	15	reset	118	0.091	0
9	unsafe	16	15	reset	119	0.081	0
9	unsafe	16	15	reset	120	0.08	0
9	unsafe	16	15	reset	121	0.09	0
9	unsafe	16	15	reset	122	0.111	0
9	unsafe	16	15	reset	123	0.09	0
9	unsafe	16	15	reset	124	0.09	0
9	unsafe	16	15	reset	125	0.08	0
9	unsafe	16	15	reset	126	0.09	0
9	unsafe	16	15	reset	127	0.08	0
9	unsafe	16	15	reset	128	0.1	0
9	unsafe	16	15	reset	129	0.08	0
9	unsafe	16	15	reset	130	0.08	0
9	unsafe	16	15	reset	131	0.08	0
9	unsafe	16	15	reset	132	0.081	0
9	unsafe	16	15	reset	133	0.09	0
9	unsafe	16	15	reset	134	0.09	0
9	unsafe	16	15	reset	135	0.08	0
9	unsafe	16	15	reset	136	0.1	0
9	unsafe	16	15	reset	137	0.1	0
9	unsafe	16	15	reset	138	0.08	0
9	unsafe	16	15	reset	139	0.071	0
9	unsafe	16	15	reset	140	0.08	0
9	unsafe	16	15	reset	141	0.08	0
9	unsafe	16	15	reset	142	0.09	0
9	unsafe	16	15	reset	143	0.1	0
9	unsafe	16	15	reset	144	0.081	0
9	unsafe	16	15	reset	145	0.1	0
9	unsafe	16	15	reset	146	0.09	0
9	unsafe	16	15	reset	147	0.09	0
9	unsafe	16	15	reset	148	0.08	0
9	unsafe	16	15	reset	149	0.09	0
9	unsafe	16	15	reset	150	0.081	0
9	unsafe	16	15	reset	151	0.09	0
9	unsafe	16	15	reset	152	0.1	0
9	unsafe	16	15	reset	153	0.08	0
9	unsafe	16	15	reset	154	0.08	0
9	unsafe	16	15	reset	155	0.11	0
9	unsafe	16	15	reset	156	0.1	0
9	unsafe	16	15	reset	157	0.08	0
9	unsafe	16	15	reset	158	0.1	0
9	unsafe	16	15	reset	159	0.08	0
9	unsafe	16	15	reset	160	0.08	0
9	unsafe	16	15	reset	161	0.091	0
9	unsafe	16	15	reset	162	0.09	0
9	unsafe	16	15	reset	163	0.101	0
9	unsafe	16	15	reset	164	0.08	0
9	unsafe	16	15	reset	165	0.091	0
9	unsafe	16	15	reset	166	0.08	0
9	unsafe	16	15	reset	167	0.07	0
9	unsafe	16	15	reset	168	0.09	0
9	unsafe	16	15	reset	169	0.11	0
9	unsafe	16	15	reset	170	0.14	0
9	unsafe	16	15	reset	171	0.09	0
9	unsafe	16	15	reset	172	0.09	0
9	unsafe	16	15	reset	173	0.091	0
9	unsafe	16	15	reset	174	0.08	0
9	unsafe	16	15	reset	175	0.08	0
9	unsafe	16	15	reset	176	0.071	0
9	unsafe	16	15	reset	177	0.09	0
9	unsafe	16	15	reset	178	0.09	0
9	unsafe	16	15	reset	179	0.08	0
9	unsafe	16	15	reset	180	0.07	0
9	unsafe	16	15	reset	181	0.1	0
9	unsafe	16	15	reset	182	0.08	0
9	unsafe	16	15	reset	183	0.07	0
9	unsafe	16	15	reset	184	0.08	0
9	unsafe	16	15	reset	185	0.23	0
9	unsafe	16	15	reset	186	0.1	0
9	unsafe	16	15	reset	187	0.111	0
9	unsafe	16	15	reset	188	0.09	0
9	unsafe	16	15	reset	189	0.08	0
9	unsafe	16	15	reset	190	0.07	0
9	unsafe	16	15	reset	191	0.1	0
9	unsafe	16	15	reset	192	0.09	0
9	unsafe	16	15	reset	193	0.08	0
9	unsafe	16	15	reset	194	0.09	0
9	unsafe	16	15	reset	195	0.08	0
9	unsafe	16	15	reset	196	0.1	0
9	unsafe	16	15	reset	197	0.08	0
9	unsafe	16	15	reset	198	0.09	0
9	unsafe	16	15	reset	199	0.08	0
9	unsafe	16	15	reset	200	0.08	0
9	unsafe	16	15	stall	1	0.0	0
9	unsafe	16	15	stall	2	0.0	0
9	unsafe	16	15	stall	3	0.0	0
9	unsafe	16	15	stall	4	0.0	0
9	unsafe	16	15	stall	5	0.0	0
9	unsafe	16	15	stall	6	0.0	0
9	unsafe	16	15	stall	7	0.0	0
9	unsafe	16	15	stall	8	0.0	0
9	unsafe	16	15	stall	9	0.0	0
9	unsafe	16	15	stall	10	0.0	0
9	unsafe	16	15	stall	11	0.0	0
9	unsafe	16	15	stall	12	0.0	0
9	unsafe	16	15	stall	13	0.0	0
9	unsafe	16	15	stall	14	0.0	0
9	unsafe	16	15	stall	15	0.0	0
9	checked	30	29	reset	1	106.941	0
9	checked	30	29	reset	2	78.237	0
9	checked	30	29	reset	3	72.446	0
9	checked	30	29	reset	4	61.335	0
9	checked	30	29	reset	5	64.712	0
9	checked	30	29	reset	6	83.988	0
9	checked	30	29	reset	7	143.771	0
9	checked	30	29	reset	8	177.334	0
9	checked	30	29	reset	9	93.636	0
9	checked	30	29	reset	10	343.869	0
9	checked	30	29	reset	11	64.261	0
9	checked	30	29	reset	12	63.851	0
9	checked	30	29	reset	13	161.024	0
9	checked	30	29	reset	14	163.399	0
9	checked	30	29	reset	15	253.949	0
9	checked	30	29	reset	16	97.785	0
9	checked	30	29	reset	17	103.025	0
9	checked	30	29	reset	18	97.474	0
9	checked	30	29	reset	19	104.067	0
9	checked	30	29	reset	20	97.174	0
9	checked	30	29	reset	21	93.627	0
9	checked	30	29	reset	22	98.566	0
9	checked	30	29	reset	23	96.242	0
9	checked	30	29	reset	24	98.576	0
9	checked	30	29	reset	25	97.584	0
9	checked	30	29	reset	26	92.866	0
9	checked	30	29	reset	27	92.374	0
9	checked	30	29	reset	28	100.249	0
9	checked	30	29	reset	29	98.606	0
9	checked	30	29	reset	30	97.574	0
9	checked	30	29	reset	31	96.882	0
9	checked	30	29	reset	32	96.362	0
9	checked	30	29	reset	33	98.526	0
9	checked	30	29	reset	34	96.241	0
9	checked	30	29	reset	35	103.625	0
9	checked	30	29	reset	36	103.485	0
9	checked	30	29	reset	37	101.622	0
9	checked	30	29	reset	38	110.168	0
9	checked	30	29	reset	39	105.098	0
9	checked	30	29	reset	40	111.981	0
9	checked	30	29	reset	41	3651.468	0
9	checked	30	29	reset	42	118.273	0
9	checked	30	29	reset	43	102.784	0
9	checked	30	29	reset	44	280.229	0
9	checked	30	29	reset	45	98.977	0
9	checked	30	29	reset	46	86.222	0
9	checked	30	29	reset	47	101.06	0
9	checked	30	29	reset	48	97.714	0
9	checked	30	29	reset	49	99.197	0
9	checked	30	29	reset	50	97.544	0
9	checked	30	29	reset	51	99.217	0
9	checked	30	29	reset	52	98.987	0
9	checked	30	29	reset	53	91.292	0
9	checked	30	29	reset	54	97.204	0
9	checked	30	29	reset	55	97.384	0
9	checked	30	29	reset	56	102.563	0
9	checked	30	29	reset	57	103.515	0
9	checked	30	29	reset	58	98.586	0
9	checked	30	29	reset	59	100.861	0
9	checked	30	29	reset	60	100.269	0
9	checked	30	29	reset	61	97.314	0
9	checked	30	29	reset	62	106.431	0
9	checked	30	29	reset	63	96.062	0
9	checked	30	29	reset	64	101.411	0
9	checked	30	29	reset	65	95.37	0
9	checked	30	29	reset	66	95.951	0
9	checked	30	29	reset	67	88.628	0
9	checked	30	29	reset	68	93.346	0
9	checked	30	29	reset	69	96.172	0
9	checked	30	29	reset	70	96.612	0
9	checked	30	29	reset	71	126.388	0
9	checked	30	29	reset	72	193.886	0
9	checked	30	29	reset	73	104.006	0
9	checked	30	29	reset	74	120.438	0
9	checked	30	29	reset	75	122.291	0
9	checked	30	29	reset	76	103.806	0
9	checked	30	29	reset	77	118.634	0
9	checked	30	29	reset	78	101.862	0
9	checked	30	29	reset	79	98.927	0
9	checked	30	29	reset	80	95.681	0
9	checked	30	29	reset	81	104.417	0
9	checked	30	29	reset	82	94.739	0
9	checked	30	29	reset	83	100.079	0
9	checked	30	29	reset	84	101.702	0
9	checked	30	29	reset	85	101.342	0
9	checked	30	29	reset	86	99.227	0
9	checked	30	29	reset	87	97.795	0
9	checked	30	29	reset	88	176.123	0
9	checked	30	29	reset	89	98.917	0
9	checked	30	29	reset	90	90.28	0
9	checked	30	29	reset	91	99.658	0
9	checked	30	29	reset	92	96.221	0
9	checked	30	29	reset	93	96.201	0
9	checked	30	29	reset	94	92.655	0
9	checked	30	29	reset	95	97.494	0
9	checked	30	29	reset	96	94.018	0
9	checked	30	29	reset	97	97.534	0
9	checked	30	29	reset	98	95.4	0
9	checked	30	29	reset	99	103.716	0
9	checked	30	29	reset	100	187.424	0
9	checked	30	29	reset	101	125.517	0
9	checked	30	29	reset	102	102.914	0
9	checked	30	29	reset	103	109.196	0
9	checked	30	29	reset	104	94.128	0
9	checked	30	29	reset	105	101.381	0
9	checked	30	29	reset	106	3660.074	0
9	checked	30	29	reset	107	120.878	0
9	checked	30	29	reset	108	130.005	0
9	checked	30	29	reset	109	103.114	0
9	checked	30	29	reset	110	99.648	0
9	checked	30	29	reset	111	104.918	0
9	checked	30	29	reset	112	95.69	0
9	checked	30	29	reset	113	96.652	0
9	checked	30	29	reset	114	93.446	0
9	checked	30	29	reset	115	95.079	0
9	checked	30	29	reset	116	99.188	0
9	checked	30	29	reset	117	100.86	0
9	checked	30	29	reset	118	98.135	0
9	checked	30	29	reset	119	96.782	0
9	checked	30	29	reset	120	103.224	0
9	checked	30	29	reset	121	112.422	0
9	checked	30	29	reset	122	107.152	0
9	checked	30	29	reset	123	101.742	0
9	checked	30	29	reset	124	100.901	0
9	checked	30	29	reset	125	100.76	0
9	checked	30	29	reset	126	348.207	0
9	checked	30	29	reset	127	107.954	0
9	checked	30	29	reset	128	95.55	0
9	checked	30	29	reset	129	103.395	0
9	checked	30	29	reset	130	102.463	0
9	checked	30	29	reset	131	101.411	0
9	checked	30	29	reset	132	90.941	0
9	checked	30	29	reset	133	96.011	0
9	checked	30	29	reset	134	96.041	0
9	checked	30	29	reset	135	95.309	0
9	checked	30	29	reset	136	103.325	0
9	checked	30	29	reset	137	100.159	0
9	checked	30	29	reset	138	124.044	0
9	checked	30	29	reset	139	110.358	0
9	checked	30	29	reset	140	101.1	0
9	checked	30	29	reset	141	103.025	0
9	checked	30	29	reset	142	98.916	0
9	checked	30	29	reset	143	106.942	0
9	checked	30	29	reset	144	97.143	0
9	checked	30	29	reset	145	106.661	0
9	checked	30	29	reset	146	100.039	0
9	checked	30	29	reset	147	100.69	0
9	checked	30	29	reset	148	98.666	0
9	checked	30	29	reset	149	105.098	0
9	checked	30	29	reset	150	108.675	0
9	checked	30	29	reset	151	110.238	0
9	checked	30	29	reset	152	106.4	0
9	checked	30	29	reset	153	111.431	0
9	checked	30	29	reset	154	110.418	0
9	checked	30	29	reset	155	108.073	0
9	checked	30	29	reset	156	105.119	0
9	checked	30	29	reset	157	104.137	0
9	checked	30	29	reset	158	96.001	0
9	checked	30	29	reset	159	100.791	0
9	checked	30	29	reset	160	99.467	0
9	checked	30	29	reset	161	101.581	0
9	checked	30	29	reset	162	99.518	0
9	checked	30	29	reset	163	105.99	0
9	checked	30	29	reset	164	112.723	0
9	checked	30	29	reset	165	111.36	0
9	checked	30	29	reset	166	103.135	0
9	checked	30	29	reset	167	98.486	0
9	checked	30	29	reset	168	94.959	0
9	checked	30	29	reset	169	101.562	0
9	checked	30	29	reset	170	101.712	0
9	checked	30	29	reset	171	126.579	0
9	checked	30	29	reset	172	101.392	0
9	checked	30	29	reset	173	372.262	0
9	checked	30	29	reset	174	3290.487	0
9	checked	30	29	reset	175	131.958	0
9	checked	30	29	reset	176	116.289	0
9	checked	30	29	reset	177	141.066	0
9	checked	30	29	reset	178	137.089	0
9	checked	30	29	reset	179	118.904	0
9	checked	30	29	reset	180	118.744	0
9	checked	30	29	reset	181	131.017	0
9	checked	30	29	reset	182	106.06	0
9	checked	30	29	reset	183	109.426	0
9	checked	30	29	reset	184	103.395	0
9	checked	30	29	reset	185	101.842	0
9	checked	30	29	reset	186	138.301	0
9	checked	30	29	reset	187	105.429	0
9	checked	30	29	reset	188	100.67	0
9	checked	30	29	reset	189	95.059	0
9	checked	30	29	reset	190	102.814	0
9	checked	30	29	reset	191	105.018	0
9	checked	30	29	reset	192	94.338	0
9	checked	30	29	reset	193	102.063	0
9	checked	30	29	reset	194	3881.001	0
9	checked	30	29	reset	195	111.982	0
9	checked	30	29	reset	196	106.06	0
9	checked	30	29	reset	197	102.513	0
9	checked	30	29	reset	198	110.158	0
9	checked	30	29	reset	199	107.783	0
9	checked	30	29	reset	200	101.371	0
9	checked	30	29	stall	1	1001.749	0
9	checked	30	29	stall	2	3639.976	0
9	checked	30	29	stall	3	595.744	0
9	checked	30	29	stall	4	565.567	0
9	checked	30	29	stall	5	646.6	0
9	checked	30	29	stall	6	679.982	0
9	checked	30	29	stall	7	1031.756	0
9	checked	30	29	stall	8	1046.133	0
9	checked	30	29	stall	9	823.494	0
9	checked	30	29	stall	10	581.196	0
9	checked	30	29	stall	11	642.913	0
9	checked	30	29	stall	12	763.38	0
9	checked	30	29	stall	13	3649.835	0
9	checked	30	29	stall	14	619.498	0
9	checked	30	29	stall	15	580.074	0
9	checked	30	29	stall	16	586.236	0
9	checked	30	29	stall	17	599.892	0
9	checked	30	29	stall	18	1079.336	0
9	checked	30	29	stall	19	1080.258	0
9	checked	30	29	stall	20	663.572	0
9	checked	30	29	stall	21	849.853	0
9	checked	30	29	stall	22	602.847	0
9	checked	30	29	stall	23	837.53	0
9	checked	30	29	stall	24	1182.109	0
9	checked	30	29	stall	25	648.113	0
9	checked	30	29	stall	26	582.499	0
9	checked	30	29	stall	27	591.867	0
9	checked	30	29	stall	28	574.474	0
9	checked	30	29	stall	29	3821.118	0
9	unsafe	30	29	reset	1	0.09	0
9	unsafe	30	29	reset	2	0.141	0
9	unsafe	30	29	reset	3	0.05	0
9	unsafe	30	29	reset	4	0.071	0
9	unsafe	30	29	reset	5	0.05	0
9	unsafe	30	29	reset	6	0.07	0
9	unsafe	30	29	reset	7	0.06	0
9	unsafe	30	29	reset	8	0.06	0
9	unsafe	30	29	reset	9	0.07	0
9	unsafe	30	29	reset	10	0.06	0
9	unsafe	30	29	reset	11	0.07	0
9	unsafe	30	29	reset	12	0.051	0
9	unsafe	30	29	reset	13	0.321	0
9	unsafe	30	29	reset	14	0.271	0
9	unsafe	30	29	reset	15	0.09	0
9	unsafe	30	29	reset	16	0.07	0
9	unsafe	30	29	reset	17	0.09	0
9	unsafe	30	29	reset	18	0.07	0
9	unsafe	30	29	reset	19	0.09	0
9	unsafe	30	29	reset	20	0.101	0
9	unsafe	30	29	reset	21	0.09	0
9	unsafe	30	29	reset	22	0.091	0
9	unsafe	30	29	reset	23	0.201	0
9	unsafe	30	29	reset	24	0.08	0
9	unsafe	30	29	reset	25	0.121	0
9	unsafe	30	29	reset	26	0.09	0
9	unsafe	30	29	reset	27	0.101	0
9	unsafe	30	29	reset	28	0.1	0
9	unsafe	30	29	reset	29	0.081	0
9	unsafe	30	29	reset	30	0.101	0
9	unsafe	30	29	reset	31	0.1	0
9	unsafe	30	29	reset	32	0.08	0
9	unsafe	30	29	reset	33	0.09	0
9	unsafe	30	29	reset	34	0.1	0
9	unsafe	30	29	reset	35	0.07	0
9	unsafe	30	29	reset	36	0.12	0
9	unsafe	30	29	reset	37	0.08	0
9	unsafe	30	29	reset	38	0.09	0
9	unsafe	30	29	reset	39	0.1	0
9	unsafe	30	29	reset	40	0.08	0
9	unsafe	30	29	reset	41	0.09	0
9	unsafe	30	29	reset	42	0.1	0
9	unsafe	30	29	reset	43	0.09	0
9	unsafe	30	29	reset	44	0.1	0
9	unsafe	30	29	reset	45	0.08	0
9	unsafe	30	29	reset	46	0.09	0
9	unsafe	30	29	reset	47	0.161	0
9	unsafe	30	29	reset	48	0.09	0
9	unsafe	30	29	reset	49	0.091	0
9	unsafe	30	29	reset	50	0.11	0
9	unsafe	30	29	reset	51	0.08	0
9	unsafe	30	29	reset	52	0.11	0
9	unsafe	30	29	reset	53	0.1	0
9	unsafe	30	29	reset	54	0.101	0
9	unsafe	30	29	reset	55	0.1	0
9	unsafe	30	29	reset	56	0.091	0
9	unsafe	30	29	reset	57	0.09	0
9	unsafe	30	29	reset	58	0.1	0
9	unsafe	30	29	reset	59	0.09	0
9	unsafe	30	29	reset	60	0.11	0
9	unsafe	30	29	reset	61	0.09	0
9	unsafe	30	29	reset	62	0.09	0
9	unsafe	30	29	reset	63	0.12	0
9	unsafe	30	29	reset	64	0.09	0
9	unsafe	30	29	reset	65	0.091	0
9	unsafe	30	29	reset	66	0.12	0
9	unsafe	30	29	reset	67	0.08	0
9	unsafe	30	29	reset	68	0.1	0
9	unsafe	30	29	reset	69	0.09	0
9	unsafe	30	29	reset	70	0.09	0
9	unsafe	30	29	reset	71	0.1	0
9	unsafe	30	29	reset	72	0.09	0
9	unsafe	30	29	reset	73	0.101	0
9	unsafe	30	29	reset	74	0.121	0
9	unsafe	30	29	reset	75	0.081	0
9	unsafe	30	29	reset	76	0.11	0
9	unsafe	30	29	reset	77	0.07	0
9	unsafe	30	29	reset	78	0.09	0
9	unsafe	30	29	reset	79	0.1	0
9	unsafe	30	29	reset	80	0.081	0
9	unsafe	30	29	reset	81	0.09	0
9	unsafe	30	29	reset	82	0.111	0
9	unsafe	30	29	reset	83	0.091	0
9	unsafe	30	29	reset	84	0.09	0
9	unsafe	30	29	reset	85	0.1	0
9	unsafe	30	29	reset	86	0.08	0
9	unsafe	30	29	reset	87	0.1	0
9	unsafe	30	29	reset	88	0.09	0
9	unsafe	30	29	reset	89	0.09	0
9	unsafe	30	29	reset	90	0.11	0
9	unsafe	30	29	reset	91	0.08	0
9	unsafe	30	29	reset	92	0.1	0
9	unsafe	30	29	reset	93	0.11	0
9	unsafe	30	29	reset	94	0.09	0
9	unsafe	30	29	reset	95	0.111	0
9	unsafe	30	29	reset	96	0.08	0
9	unsafe	30	29	reset	97	0.09	0
9	unsafe	30	29	reset	98	0.11	0
9	unsafe	30	29	reset	99	0.11	0
9	unsafe	30	29	reset	100	0.1	0
9	unsafe	30	29	reset	101	0.11	0
9	unsafe	30	29	reset	102	0.09	0
9	unsafe	30	29	reset	103	0.1	0
9	unsafe	30	29	reset	104	0.1	0
9	unsafe	30	29	reset	105	0.091	0
9	unsafe	30	29	reset	106	0.11	0
9	unsafe	30	29	reset	107	0.08	0
9	unsafe	30	29	reset	108	0.09	0
9	unsafe	30	29	reset	109	0.11	0
9	unsafe	30	29	reset	110	0.07	0
9	unsafe	30	29	reset	111	0.11	0
9	unsafe	30	29	reset	112	0.08	0
9	unsafe	30	29	reset	113	0.11	0
9	unsafe	30	29	reset	114	0.11	0
9	unsafe	30	29	reset	115	0.08	0
9	unsafe	30	29	reset	116	0.111	0
9	unsafe	30	29	reset	117	0.101	0
9	unsafe	30	29	reset	118	0.091	0
9	unsafe	30	29	reset	119	0.111	0
9	unsafe	30	29	reset	120	0.08	0
9	unsafe	30	29	reset	121	0.09	0
9	unsafe	30	29	reset	122	0.131	0
9	unsafe	30	29	reset	123	0.09	0
9	unsafe	30	29	reset	124	0.091	0
9	unsafe	30	29	reset	125	0.1	0
9	unsafe	30	29	reset	126	0.08	0
9	unsafe	30	29	reset	127	0.12	0
9	unsafe	30	29	reset	128	0.09	0
9	unsafe	30	29	reset	129	0.091	0
9	unsafe	30	29	reset	130	0.11	0
9	unsafe	30	29	reset	131	0.08	0
9	unsafe	30	29	reset	132	0.101	0
9	unsafe	30	29	reset	133	0.12	0
9	unsafe	30	29	reset	134	0.1	0
9	unsafe	30	29	reset	135	0.15	0
9	unsafe	30	29	reset	136	0.08	0
9	unsafe	30	29	reset	137	0.101	0
9	unsafe	30	29	reset	138	0.09	0
9	unsafe	30	29	reset	139	0.1	0
9	unsafe	30	29	reset	140	0.091	0
9	unsafe	30	29	reset	141	0.12	0
9	unsafe	30	29	reset	142	0.09	0
9	unsafe	30	29	reset	143	0.09	0
9	unsafe	30	29	reset	144	0.11	0
9	unsafe	30	29	reset	145	0.1	0
9	unsafe	30	29	reset	146	0.111	0
9	unsafe	30	29	reset	147	0.09	0
9	unsafe	30	29	reset	148	0.09	0
9	unsafe	30	29	reset	149	0.15	0
9	unsafe	30	29	reset	150	0.09	0
9	unsafe	30	29	reset	151	0.1	0
9	unsafe	30	29	reset	152	0.11	0
9	unsafe	30	29	reset	153	0.08	0
9	unsafe	30	29	reset	154	0.111	0
9	unsafe	30	29	reset	155	0.09	0
9	unsafe	30	29	reset	156	0.091	0
9	unsafe	30	29	reset	157	0.101	0
9	unsafe	30	29	reset	158	0.09	0
9	unsafe	30	29	reset	159	0.101	0
9	unsafe	30	29	reset	160	0.11	0
9	unsafe	30	29	reset	161	0.08	0
9	unsafe	30	29	reset	162	0.1	0
9	unsafe	30	29	reset	163	0.1	0
9	unsafe	30	29	reset	164	0.101	0
9	unsafe	30	29	reset	165	0.11	0
9	unsafe	30	29	reset	166	0.09	0
9	unsafe	30	29	reset	167	0.1	0
9	unsafe	30	29	reset	168	0.11	0
9	unsafe	30	29	reset	169	0.08	0
9	unsafe	30	29	reset	170	0.101	0
9	unsafe	30	29	reset	171	0.09	0
9	unsafe	30	29	reset	172	0.09	0
9	unsafe	30	29	reset	173	0.12	0
9	unsafe	30	29	reset	174	0.08	0
9	unsafe	30	29	reset	175	0.1	0
9	unsafe	30	29	reset	176	0.14	0
9	unsafe	30	29	reset	177	0.09	0
9	unsafe	30	29	reset	178	0.11	0
9	unsafe	30	29	reset	179	0.11	0
9	unsafe	30	29	reset	180	0.091	0
9	unsafe	30	29	reset	181	0.11	0
9	unsafe	30	29	reset	182	0.08	0
9	unsafe	30	29	reset	183	0.09	0
9	unsafe	30	29	reset	184	0.161	0
9	unsafe	30	29	reset	185	0.09	0
9	unsafe	30	29	reset	186	0.131	0
9	unsafe	30	29	reset	187	0.08	0
9	unsafe	30	29	reset	188	0.1	0
9	unsafe	30	29	reset	189	0.11	0
9	unsafe	30	29	reset	190	0.08	0
9	unsafe	30	29	reset	191	0.1	0
9	unsafe	30	29	reset	192	0.1	0
9	unsafe	30	29	reset	193	0.091	0
9	unsafe	30	29	reset	194	0.12	0
9	unsafe	30	29	reset	195	0.08	0
9	unsafe	30	29	reset	196	0.09	0
9	unsafe	30	29	reset	197	0.12	0
9	unsafe	30	29	reset	198	0.091	0
9	unsafe	30	29	reset	199	0.08	0
9	unsafe	30	29	reset	200	0.111	0
9	unsafe	30	29	stall	1	370.249	0
9	unsafe	30	29	stall	2	0.0	0
9	unsafe	30	29	stall	3	472.532	0
9	unsafe	30	29	stall	4	412.628	0
9	unsafe	30	29	stall	5	0.0	0
9	unsafe	30	29	stall	6	0.0	0
9	unsafe	30	29	stall	7	4003.041	0
9	unsafe	30	29	stall	8	0.0	0
9	unsafe	30	29	stall	9	215.757	0
9	unsafe	30	29	stall	10	0.0	0
9	unsafe	30	29	stall	11	1303.629	0
9	unsafe	30	29	stall	12	5002.696	0
9	unsafe	30	29	stall	13	0.0	0
9	unsafe	30	29	stall	14	0.0	0
9	unsafe	30	29	stall	15	0.0	0
9	unsafe	30	29	stall	16	0.0	0
9	unsafe	30	29	stall	17	0.0	0
9	unsafe	30	29	stall	18	3003.536	0
9	unsafe	30	29	stall	19	716.772	0
9	unsafe	30	29	stall	20	0.0	0
9	unsafe	30	29	stall	21	777.356	0
9	unsafe	30	29	stall	22	0.0	0
9	unsafe	30	29	stall	23	0.0	0
9	unsafe	30	29	stall	24	0.0	0
9	unsafe	30	29	stall	25	3003.866	0
9	unsafe	30	29	stall	26	0.0	0
9	unsafe	30	29	stall	27	605.792	0
9	unsafe	30	29	stall	28	365.389	0
9	unsafe	30	29	stall	29	0.0	0
10	checked	1	0	reset	1	49.062	0
10	checked	1	0	reset	2	36.609	0
10	checked	1	0	reset	3	34.014	0
10	checked	1	0	reset	4	29.836	0
10	checked	1	0	reset	5	29.606	0
10	checked	1	0	reset	6	27.572	0
10	checked	1	0	reset	7	28.283	0
10	checked	1	0	reset	8	27.142	0
10	checked	1	0	reset	9	28.323	0
10	checked	1	0	reset	10	28.003	0
10	checked	1	0	reset	11	27.942	0
10	checked	1	0	reset	12	27.592	0
10	checked	1	0	reset	13	27.973	0
10	checked	1	0	reset	14	27.672	0
10	checked	1	0	reset	15	27.893	0
10	checked	1	0	reset	16	27.492	0
10	checked	1	0	reset	17	27.712	0
10	checked	1	0	reset	18	27.462	0
10	checked	1	0	reset	19	27.482	0
10	checked	1	0	reset	20	27.592	0
10	checked	1	0	reset	21	27.331	0
10	checked	1	0	reset	22	27.051	0
10	checked	1	0	reset	23	27.932	0
10	checked	1	0	reset	24	28.334	0
10	checked	1	0	reset	25	27.922	0
10	checked	1	0	reset	26	27.562	0
10	checked	1	0	reset	27	28.143	0
10	checked	1	0	reset	28	27.773	0
10	checked	1	0	reset	29	28.493	0
10	checked	1	0	reset	30	27.622	0
10	checked	1	0	reset	31	27.873	0
10	checked	1	0	reset	32	27.402	0
10	checked	1	0	reset	33	28.053	0
10	checked	1	0	reset	34	27.442	0
10	checked	1	0	reset	35	28.334	0
10	checked	1	0	reset	36	28.183	0
10	checked	1	0	reset	37	28.614	0
10	checked	1	0	reset	38	27.492	0
10	checked	1	0	reset	39	27.692	0
10	checked	1	0	reset	40	27.793	0
10	checked	1	0	reset	41	27.893	0
10	checked	1	0	reset	42	27.923	0
10	checked	1	0	reset	43	30.067	0
10	checked	1	0	reset	44	28.023	0
10	checked	1	0	reset	45	28.323	0
10	checked	1	0	reset	46	28.424	0
10	checked	1	0	reset	47	30.067	0
10	checked	1	0	reset	48	27.141	0
10	checked	1	0	reset	49	27.322	0
10	checked	1	0	reset	50	27.723	0
10	checked	1	0	reset	51	27.802	0
10	checked	1	0	reset	52	26.891	0
10	checked	1	0	reset	53	27.202	0
10	checked	1	0	reset	54	26.65	0
10	checked	1	0	reset	55	27.192	0
10	checked	1	0	reset	56	27.011	0
10	checked	1	0	reset	57	27.131	0
10	checked	1	0	reset	58	26.941	0
10	checked	1	0	reset	59	27.682	0
10	checked	1	0	reset	60	26.75	0
10	checked	1	0	reset	61	27.001	0
10	checked	1	0	reset	62	26.76	0
10	checked	1	0	reset	63	28.794	0
10	checked	1	0	reset	64	27.492	0
10	checked	1	0	reset	65	27.441	0
10	checked	1	0	reset	66	28.032	0
10	checked	1	0	reset	67	28.194	0
10	checked	1	0	reset	68	29.666	0
10	checked	1	0	reset	69	27.823	0
10	checked	1	0	reset	70	27.722	0
10	checked	1	0	reset	71	28.584	0
10	checked	1	0	reset	72	30.137	0
10	checked	1	0	reset	73	28.253	0
10	checked	1	0	reset	74	27.082	0
10	checked	1	0	reset	75	27.922	0
10	checked	1	0	reset	76	26.991	0
10	checked	1	0	reset	77	27.311	0
10	checked	1	0	reset	78	27.081	0
10	checked	1	0	reset	79	27.872	0
10	checked	1	0	reset	80	27.292	0
10	checked	1	0	reset	81	27.683	0
10	checked	1	0	reset	82	26.98	0
10	checked	1	0	reset	83	27.522	0
10	checked	1	0	reset	84	27.342	0
10	checked	1	0	reset	85	28.484	0
10	checked	1	0	reset	86	27.502	0
10	checked	1	0	reset	87	27.702	0
10	checked	1	0	reset	88	27.191	0
10	checked	1	0	reset	89	27.632	0
10	checked	1	0	reset	90	27.101	0
10	checked	1	0	reset	91	27.993	0
10	checked	1	0	reset	92	27.171	0
10	checked	1	0	reset	93	27.812	0
10	checked	1	0	reset	94	27.091	0
10	checked	1	0	reset	95	27.181	0
10	checked	1	0	reset	96	27.081	0
10	checked	1	0	reset	97	30.518	0
10	checked	1	0	reset	98	26.4	0
10	checked	1	0	reset	99	26.861	0
10	checked	1	0	reset	100	26.52	0
10	checked	1	0	reset	101	27.221	0
10	checked	1	0	reset	102	26.56	0
10	checked	1	0	reset	103	26.7	0
10	checked	1	0	reset	104	26.37	0
10	checked	1	0	reset	105	27.412	0
10	checked	1	0	reset	106	27.812	0
10	checked	1	0	reset	107	28.073	0
10	checked	1	0	reset	108	27.582	0
10	checked	1	0	reset	109	27.592	0
10	checked	1	0	reset	110	27.632	0
10	checked	1	0	reset	111	28.113	0
10	checked	1	0	reset	112	27.632	0
10	checked	1	0	reset	113	28.053	0
10	checked	1	0	reset	114	27.592	0
10	checked	1	0	reset	115	28.023	0
10	checked	1	0	reset	116	27.081	0
10	checked	1	0	reset	117	27.101	0
10	checked	1	0	reset	118	27.633	0
10	checked	1	0	reset	119	27.772	0
10	checked	1	0	reset	120	27.582	0
10	checked	1	0	reset	121	27.451	0
10	checked	1	0	reset	122	29.015	0
10	checked	1	0	reset	123	27.331	0
10	checked	1	0	reset	124	27.582	0
10	checked	1	0	reset	125	27.793	0
10	checked	1	0	reset	126	30.317	0
10	checked	1	0	reset	127	27.181	0
10	checked	1	0	reset	128	26.47	0
10	checked	1	0	reset	129	27.151	0
10	checked	1	0	reset	130	26.891	0
10	checked	1	0	reset	131	28.484	0
10	checked	1	0	reset	132	26.69	0
10	checked	1	0	reset	133	27.031	0
10	checked	1	0	reset	134	26.51	0
10	checked	1	0	reset	135	27.051	0
10	checked	1	0	reset	136	26.62	0
10	checked	1	0	reset	137	26.881	0
10	checked	1	0	reset	138	26.51	0
10	checked	1	0	reset	139	27.542	0
10	checked	1	0	reset	140	26.901	0
10	checked	1	0	reset	141	27.261	0
10	checked	1	0	reset	142	26.4	0
10	checked	1	0	reset	143	27.152	0
10	checked	1	0	reset	144	26.64	0
10	checked	1	0	reset	145	26.911	0
10	checked	1	0	reset	146	26.55	0
10	checked	1	0	reset	147	27.231	0
10	checked	1	0	reset	148	26.59	0
10	checked	1	0	reset	149	27.111	0
10	checked	1	0	reset	150	32.111	0
10	checked	1	0	reset	151	28.964	0
10	checked	1	0	reset	152	26.47	0
10	checked	1	0	reset	153	26.69	0
10	checked	1	0	reset	154	26.399	0
10	checked	1	0	reset	155	30.658	0
10	checked	1	0	reset	156	26.611	0
10	checked	1	0	reset	157	26.79	0
10	checked	1	0	reset	158	26.05	0
10	checked	1	0	reset	159	26.951	0
10	checked	1	0	reset	160	26.62	0
10	checked	1	0	reset	161	26.851	0
10	checked	1	0	reset	162	26.32	0
10	checked	1	0	reset	163	26.851	0
10	checked	1	0	reset	164	26.42	0
10	checked	1	0	reset	165	26.79	0
10	checked	1	0	reset	166	26.541	0
10	checked	1	0	reset	167	26.84	0
10	checked	1	0	reset	168	26.981	0
10	checked	1	0	reset	169	26.971	0
10	checked	1	0	reset	170	26.64	0
10	checked	1	0	reset	171	27.131	0
10	checked	1	0	reset	172	26.53	0
10	checked	1	0	reset	173	26.941	0
10	checked	1	0	reset	174	26.63	0
10	checked	1	0	reset	175	27.161	0
10	checked	1	0	reset	176	28.353	0
10	checked	1	0	reset	177	26.85	0
10	checked	1	0	reset	178	26.6	0
10	checked	1	0	reset	179	26.78	0
10	checked	1	0	reset	180	32.211	0
10	checked	1	0	reset	181	26.851	0
10	checked	1	0	reset	182	26.51	0
10	checked	1	0	reset	183	26.921	0
10	checked	1	0	reset	184	26.36	0
10	checked	1	0	reset	185	26.981	0
10	checked	1	0	reset	186	26.64	0
10	checked	1	0	reset	187	27.051	0
10	checked	1	0	reset	188	27.011	0
10	checked	1	0	reset	189	27.382	0
10	checked	1	0	reset	190	26.69	0
10	checked	1	0	reset	191	28.835	0
10	checked	1	0	reset	192	26.991	0
10	checked	1	0	reset	193	27.291	0
10	checked	1	0	reset	194	26.921	0
10	checked	1	0	reset	195	27.492	0
10	checked	1	0	reset	196	27.071	0
10	checked	1	0	reset	197	27.341	0
10	checked	1	0	reset	198	26.64	0
10	checked	1	0	reset	199	26.98	0
10	checked	1	0	reset	200	26.55	0
10	unsafe	1	0	reset	1	0.171	0
10	unsafe	1	0	reset	2	0.07	0
10	unsafe	1	0	reset	3	0.1	0
10	unsafe	1	0	reset	4	0.07	0
10	unsafe	1	0	reset	5	0.11	0
10	unsafe	1	0	reset	6	0.07	0
10	unsafe	1	0	reset	7	0.07	0
10	unsafe	1	0	reset	8	0.081	0
10	unsafe	1	0	reset	9	0.071	0
10	unsafe	1	0	reset	10	0.07	0
10	unsafe	1	0	reset	11	0.08	0
10	unsafe	1	0	reset	12	0.12	0
10	unsafe	1	0	reset	13	0.07	0
10	unsafe	1	0	reset	14	0.08	0
10	unsafe	1	0	reset	15	0.11	0
10	unsafe	1	0	reset	16	0.1	0
10	unsafe	1	0	reset	17	0.081	0
10	unsafe	1	0	reset	18	0.07	0
10	unsafe	1	0	reset	19	0.07	0
10	unsafe	1	0	reset	20	0.07	0
10	unsafe	1	0	reset	21	0.09	0
10	unsafe	1	0	reset	22	0.08	0
10	unsafe	1	0	reset	23	0.08	0
10	unsafe	1	0	reset	24	0.1	0
10	unsafe	1	0	reset	25	0.1	0
10	unsafe	1	0	reset	26	0.08	0
10	unsafe	1	0	reset	27	0.09	0
10	unsafe	1	0	reset	28	0.07	0
10	unsafe	1	0	reset	29	0.1	0
10	unsafe	1	0	reset	30	0.09	0
10	unsafe	1	0	reset	31	0.11	0
10	unsafe	1	0	reset	32	0.07	0
10	unsafe	1	0	reset	33	0.081	0
10	unsafe	1	0	reset	34	0.08	0
10	unsafe	1	0	reset	35	0.08	0
10	unsafe	1	0	reset	36	0.08	0
10	unsafe	1	0	reset	37	0.1	0
10	unsafe	1	0	reset	38	0.08	0
10	unsafe	1	0	reset	39	0.08	0
10	unsafe	1	0	reset	40	0.08	0
10	unsafe	1	0	reset	41	0.08	0
10	unsafe	1	0	reset	42	0.07	0
10	unsafe	1	0	reset	43	0.08	0
10	unsafe	1	0	reset	44	0.091	0
10	unsafe	1	0	reset	45	0.081	0
10	unsafe	1	0	reset	46	0.06	0
10	unsafe	1	0	reset	47	0.091	0
10	unsafe	1	0	reset	48	0.11	0
10	unsafe	1	0	reset	49	0.1	0
10	unsafe	1	0	reset	50	0.07	0
10	unsafe	1	0	reset	51	0.07	0
10	unsafe	1	0	reset	52	0.081	0
10	unsafe	1	0	reset	53	0.1	0
10	unsafe	1	0	reset	54	0.08	0
10	unsafe	1	0	reset	55	0.08	0
10	unsafe	1	0	reset	56	0.06	0
10	unsafe	1	0	reset	57	0.07	0
10	unsafe	1	0	reset	58	0.081	0
10	unsafe	1	0	reset	59	0.09	0
10	unsafe	1	0	reset	60	0.06	0
10	unsafe	1	0	reset	61	0.08	0
10	unsafe	1	0	reset	62	0.071	0
10	unsafe	1	0	reset	63	0.08	0
10	unsafe	1	0	reset	64	0.08	0
10	unsafe	1	0	reset	65	0.09	0
10	unsafe	1	0	reset	66	0.08	0
10	unsafe	1	0	reset	67	0.081	0
10	unsafe	1	0	reset	68	0.09	0
10	unsafe	1	0	reset	69	0.11	0
10	unsafe	1	0	reset	70	0.06	0
10	unsafe	1	0	reset	71	0.08	0
10	unsafe	1	0	reset	72	0.08	0
10	unsafe	1	0	reset	73	0.11	0
10	unsafe	1	0	reset	74	0.07	0
10	unsafe	1	0	reset	75	0.08	0
10	unsafe	1	0	reset	76	0.08	0
10	unsafe	1	0	reset	77	0.08	0
10	unsafe	1	0	reset	78	0.07	0
10	unsafe	1	0	reset	79	0.07	0
10	unsafe	1	0	reset	80	0.09	0
10	unsafe	1	0	reset	81	0.1	0
10	unsafe	1	0	reset	82	0.09	0
10	unsafe	1	0	reset	83	0.11	0
10	unsafe	1	0	reset	84	0.07	0
10	unsafe	1	0	reset	85	0.07	0
10	unsafe	1	0	reset	86	0.07	0
10	unsafe	1	0	reset	87	0.08	0
10	unsafe	1	0	reset	88	0.08	0
10	unsafe	1	0	reset	89	0.1	0
10	unsafe	1	0	reset	90	0.08	0
10	unsafe	1	0	reset	91	0.08	0
10	unsafe	1	0	reset	92	0.08	0
10	unsafe	1	0	reset	93	0.07	0
10	unsafe	1	0	reset	94	0.071	0
10	unsafe	1	0	reset	95	0.081	0
10	unsafe	1	0	reset	96	0.091	0
10	unsafe	1	0	reset	97	0.1	0
10	unsafe	1	0	reset	98	0.08	0
10	unsafe	1	0	reset	99	0.07	0
10	unsafe	1	0	reset	100	0.091	0
10	unsafe	1	0	reset	101	0.081	0
10	unsafe	1	0	reset	102	0.08	0
10	unsafe	1	0	reset	103	0.09	0
10	unsafe	1	0	reset	104	0.08	0
10	unsafe	1	0	reset	105	0.08	0
10	unsafe	1	0	reset	106	0.07	0
10	unsafe	1	0	reset	107	0.101	0
10	unsafe	1	0	reset	108	0.07	0
10	unsafe	1	0	reset	109	0.08	0
10	unsafe	1	0	reset	110	0.08	0
10	unsafe	1	0	reset	111	0.07	0
10	unsafe	1	0	reset	112	0.06	0
10	unsafe	1	0	reset	113	0.09	0
10	unsafe	1	0	reset	114	0.07	0
10	unsafe	1	0	reset	115	0.1	0
10	unsafe	1	0	reset	116	0.09	0
10	unsafe	1	0	reset	117	0.07	0
10	unsafe	1	0	reset	118	0.08	0
10	unsafe	1	0	reset	119	0.13	0
10	unsafe	1	0	reset	120	0.081	0
10	unsafe	1	0	reset	121	0.1	0
10	unsafe	1	0	reset	122	0.071	0
10	unsafe	1	0	reset	123	0.081	0
10	unsafe	1	0	reset	124	0.1	0
10	unsafe	1	0	reset	125	0.08	0
10	unsafe	1	0	reset	126	0.07	0
10	unsafe	1	0	reset	127	0.101	0
10	unsafe	1	0	reset	128	0.08	0
10	unsafe	1	0	reset	129	0.08	0
10	unsafe	1	0	reset	130	0.13	0
10	unsafe	1	0	reset	131	0.08	0
10	unsafe	1	0	reset	132	0.09	0
10	unsafe	1	0	reset	133	0.09	0
10	unsafe	1	0	reset	134	0.08	0
10	unsafe	1	0	reset	135	0.071	0
10	unsafe	1	0	reset	136	0.08	0
10	unsafe	1	0	reset	137	0.08	0
10	unsafe	1	0	reset	138	0.09	0
10	unsafe	1	0	reset	139	0.081	0
10	unsafe	1	0	reset	140	0.08	0
10	unsafe	1	0	reset	141	0.09	0
10	unsafe	1	0	reset	142	0.07	0
10	unsafe	1	0	reset	143	0.08	0
10	unsafe	1	0	reset	144	0.08	0
10	unsafe	1	0	reset	145	0.09	0
10	unsafe	1	0	reset	146	0.09	0
10	unsafe	1	0	reset	147	0.08	0
10	unsafe	1	0	reset	148	0.08	0
10	unsafe	1	0	reset	149	0.07	0
10	unsafe	1	0	reset	150	0.09	0
10	unsafe	1	0	reset	151	0.081	0
10	unsafe	1	0	reset	152	0.081	0
10	unsafe	1	0	reset	153	0.07	0
10	unsafe	1	0	reset	154	0.09	0
10	unsafe	1	0	reset	155	0.08	0
10	unsafe	1	0	reset	156	0.081	0
10	unsafe	1	0	reset	157	0.09	0
10	unsafe	1	0	reset	158	0.07	0
10	unsafe	1	0	reset	159	0.08	0
10	unsafe	1	0	reset	160	0.1	0
10	unsafe	1	0	reset	161	0.09	0
10	unsafe	1	0	reset	162	0.091	0
10	unsafe	1	0	reset	163	0.08	0
10	unsafe	1	0	reset	164	0.091	0
10	unsafe	1	0	reset	165	0.09	0
10	unsafe	1	0	reset	166	0.081	0
10	unsafe	1	0	reset	167	0.07	0
10	unsafe	1	0	reset	168	0.07	0
10	unsafe	1	0	reset	169	0.081	0
10	unsafe	1	0	reset	170	0.07	0
10	unsafe	1	0	reset	171	0.07	0
10	unsafe	1	0	reset	172	0.08	0
10	unsafe	1	0	reset	173	0.09	0
10	unsafe	1	0	reset	174	0.091	0
10	unsafe	1	0	reset	175	0.08	0
10	unsafe	1	0	reset	176	0.07	0
10	unsafe	1	0	reset	177	0.08	0
10	unsafe	1	0	reset	178	0.08	0
10	unsafe	1	0	reset	179	0.08	0
10	unsafe	1	0	reset	180	0.07	0
10	unsafe	1	0	reset	181	0.07	0
10	unsafe	1	0	reset	182	0.101	0
10	unsafe	1	0	reset	183	0.08	0
10	unsafe	1	0	reset	184	0.09	0
10	unsafe	1	0	reset	185	0.08	0
10	unsafe	1	0	reset	186	0.071	0
10	unsafe	1	0	reset	187	0.08	0
10	unsafe	1	0	reset	188	0.09	0
10	unsafe	1	0	reset	189	0.08	0
10	unsafe	1	0	reset	190	0.07	0
10	unsafe	1	0	reset	191	0.08	0
10	unsafe	1	0	reset	192	0.09	0
10	unsafe	1	0	reset	193	0.08	0
10	unsafe	1	0	reset	194	0.07	0
10	unsafe	1	0	reset	195	0.08	0
10	unsafe	1	0	reset	196	0.08	0
10	unsafe	1	0	reset	197	0.09	0
10	unsafe	1	0	reset	198	0.06	0
10	unsafe	1	0	reset	199	0.09	0
10	unsafe	1	0	reset	200	0.09	0
10	checked	4	3	reset	1	76.805	0
10	checked	4	3	reset	2	47.41	0
10	checked	4	3	reset	3	39.445	0
10	checked	4	3	reset	4	78.569	0
10	checked	4	3	reset	5	107.012	0
10	checked	4	3	reset	6	257.826	0
10	checked	4	3	reset	7	41.739	0
10	checked	4	3	reset	8	43.212	0
10	checked	4	3	reset	9	37.24	0
10	checked	4	3	reset	10	86.843	0
10	checked	4	3	reset	11	34.946	0
10	checked	4	3	reset	12	39.876	0
10	checked	4	3	reset	13	34.465	0
10	checked	4	3	reset	14	35.928	0
10	checked	4	3	reset	15	35.046	0
10	checked	4	3	reset	16	38.212	0
10	checked	4	3	reset	17	34.705	0
10	checked	4	3	reset	18	34.384	0
10	checked	4	3	reset	19	34.655	0
10	checked	4	3	reset	20	38.001	0
10	checked	4	3	reset	21	35.226	0
10	checked	4	3	reset	22	35.237	0
10	checked	4	3	reset	23	34.705	0
10	checked	4	3	reset	24	34.736	0
10	checked	4	3	reset	25	38.723	0
10	checked	4	3	reset	26	35.737	0
10	checked	4	3	reset	27	35.387	0
10	checked	4	3	reset	28	37.611	0
10	checked	4	3	reset	29	36.368	0
10	checked	4	3	reset	30	34.435	0
10	checked	4	3	reset	31	34.886	0
10	checked	4	3	reset	32	35.487	0
10	checked	4	3	reset	33	37.14	0
10	checked	4	3	reset	34	36.028	0
10	checked	4	3	reset	35	34.956	0
10	checked	4	3	reset	36	36.699	0
10	checked	4	3	reset	37	34.866	0
10	checked	4	3	reset	38	37.37	0
10	checked	4	3	reset	39	36.298	0
10	checked	4	3	reset	40	35.026	0
10	checked	4	3	reset	41	33.984	0
10	checked	4	3	reset	42	35.657	0
10	checked	4	3	reset	43	34.445	0
10	checked	4	3	reset	44	35.707	0
10	checked	4	3	reset	45	43.812	0
10	checked	4	3	reset	46	36.498	0
10	checked	4	3	reset	47	36.74	0
10	checked	4	3	reset	48	36.298	0
10	checked	4	3	reset	49	34.465	0
10	checked	4	3	reset	50	35.517	0
10	checked	4	3	reset	51	35.166	0
10	checked	4	3	reset	52	35.958	0
10	checked	4	3	reset	53	35.617	0
10	checked	4	3	reset	54	36.248	0
10	checked	4	3	reset	55	35.297	0
10	checked	4	3	reset	56	35.196	0
10	checked	4	3	reset	57	35.347	0
10	checked	4	3	reset	58	35.367	0
10	checked	4	3	reset	59	35.837	0
10	checked	4	3	reset	60	34.886	0
10	checked	4	3	reset	61	34.875	0
10	checked	4	3	reset	62	36.519	0
10	checked	4	3	reset	63	36.298	0
10	checked	4	3	reset	64	35.848	0
10	checked	4	3	reset	65	34.245	0
10	checked	4	3	reset	66	36.7	0
10	checked	4	3	reset	67	37.491	0
10	checked	4	3	reset	68	35.687	0
10	checked	4	3	reset	69	36.349	0
10	checked	4	3	reset	70	35.868	0
10	checked	4	3	reset	71	35.317	0
10	checked	4	3	reset	72	35.417	0
10	checked	4	3	reset	73	36.739	0
10	checked	4	3	reset	74	35.577	0
10	checked	4	3	reset	75	34.555	0
10	checked	4	3	reset	76	35.046	0
10	checked	4	3	reset	77	36.278	0
10	checked	4	3	reset	78	37.511	0
10	checked	4	3	reset	79	35.337	0
10	checked	4	3	reset	80	35.527	0
10	checked	4	3	reset	81	37.13	0
10	checked	4	3	reset	82	36.729	0
10	checked	4	3	reset	83	35.838	0
10	checked	4	3	reset	84	35.817	0
10	checked	4	3	reset	85	36.429	0
10	checked	4	3	reset	86	36.098	0
10	checked	4	3	reset	87	35.216	0
10	checked	4	3	reset	88	36.018	0
10	checked	4	3	reset	89	37.21	0
10	checked	4	3	reset	90	35.707	0
10	checked	4	3	reset	91	35.807	0
10	checked	4	3	reset	92	35.977	0
10	checked	4	3	reset	93	36.108	0
10	checked	4	3	reset	94	34.675	0
10	checked	4	3	reset	95	35.257	0
10	checked	4	3	reset	96	35.066	0
10	checked	4	3	reset	97	35.237	0
10	checked	4	3	reset	98	34.675	0
10	checked	4	3	reset	99	35.677	0
10	checked	4	3	reset	100	34.986	0
10	checked	4	3	reset	101	34.134	0
10	checked	4	3	reset	102	36.899	0
10	checked	4	3	reset	103	35.998	0
10	checked	4	3	reset	104	34.826	0
10	checked	4	3	reset	105	36.789	0
10	checked	4	3	reset	106	37.141	0
10	checked	4	3	reset	107	34.815	0
10	checked	4	3	reset	108	36.348	0
10	checked	4	3	reset	109	36.689	0
10	checked	4	3	reset	110	37.54	0
10	checked	4	3	reset	111	37.089	0
10	checked	4	3	reset	112	37.982	0
10	checked	4	3	reset	113	35.988	0
10	checked	4	3	reset	114	36.038	0
10	checked	4	3	reset	115	36.248	0
10	checked	4	3	reset	116	36.609	0
10	checked	4	3	reset	117	44.915	0
10	checked	4	3	reset	118	37.37	0
10	checked	4	3	reset	119	35.817	0
10	checked	4	3	reset	120	35.817	0
10	checked	4	3	reset	121	36.9	0
10	checked	4	3	reset	122	44.825	0
10	checked	4	3	reset	123	37.941	0
10	checked	4	3	reset	124	37.761	0
10	checked	4	3	reset	125	37.922	0
10	checked	4	3	reset	126	35.166	0
10	checked	4	3	reset	127	34.906	0
10	checked	4	3	reset	128	35.177	0
10	checked	4	3	reset	129	35.316	0
10	checked	4	3	reset	130	35.598	0
10	checked	4	3	reset	131	34.755	0
10	checked	4	3	reset	132	34.936	0
10	checked	4	3	reset	133	35.547	0
10	checked	4	3	reset	134	35.366	0
10	checked	4	3	reset	135	34.765	0
10	checked	4	3	reset	136	35.657	0
10	checked	4	3	reset	137	35.126	0
10	checked	4	3	reset	138	36.058	0
10	checked	4	3	reset	139	34.906	0
10	checked	4	3	reset	140	34.395	0
10	checked	4	3	reset	141	34.174	0
10	checked	4	3	reset	142	35.858	0
10	checked	4	3	reset	143	35.858	0
10	checked	4	3	reset	144	35.567	0
10	checked	4	3	reset	145	35.477	0
10	checked	4	3	reset	146	35.157	0
10	checked	4	3	reset	147	35.326	0
10	checked	4	3	reset	148	35.687	0
10	checked	4	3	reset	149	34.635	0
10	checked	4	3	reset	150	34.956	0
10	checked	4	3	reset	151	35.287	0
10	checked	4	3	reset	152	34.875	0
10	checked	4	3	reset	153	35.217	0
10	checked	4	3	reset	154	35.557	0
10	checked	4	3	reset	155	34.495	0
10	checked	4	3	reset	156	35.637	0
10	checked	4	3	reset	157	34.906	0
10	checked	4	3	reset	158	35.307	0
10	checked	4	3	reset	159	34.826	0
10	checked	4	3	reset	160	35.567	0
10	checked	4	3	reset	161	34.986	0
10	checked	4	3	reset	162	35.227	0
10	checked	4	3	reset	163	34.926	0
10	checked	4	3	reset	164	34.756	0
10	checked	4	3	reset	165	44.845	0
10	checked	4	3	reset	166	36.058	0
10	checked	4	3	reset	167	36.438	0
10	checked	4	3	reset	168	35.837	0
10	checked	4	3	reset	169	34.755	0
10	checked	4	3	reset	170	34.375	0
10	checked	4	3	reset	171	36.458	0
10	checked	4	3	reset	172	35.166	0
10	checked	4	3	reset	173	35.887	0
10	checked	4	3	reset	174	35.247	0
10	checked	4	3	reset	175	35.447	0
10	checked	4	3	reset	176	35.557	0
10	checked	4	3	reset	177	34.615	0
10	checked	4	3	reset	178	35.236	0
10	checked	4	3	reset	179	35.777	0
10	checked	4	3	reset	180	36.038	0
10	checked	4	3	reset	181	35.657	0
10	checked	4	3	reset	182	34.946	0
10	checked	4	3	reset	183	35.507	0
10	checked	4	3	reset	184	35.507	0
10	checked	4	3	reset	185	34.976	0
10	checked	4	3	reset	186	35.667	0
10	checked	4	3	reset	187	36.008	0
10	checked	4	3	reset	188	37.882	0
10	checked	4	3	reset	189	34.746	0
10	checked	4	3	reset	190	35.457	0
10	checked	4	3	reset	191	35.978	0
10	checked	4	3	reset	192	34.866	0
10	checked	4	3	reset	193	34.926	0
10	checked	4	3	reset	194	35.226	0
10	checked	4	3	reset	195	34.946	0
10	checked	4	3	reset	196	35.417	0
10	checked	4	3	reset	197	35.146	0
10	checked	4	3	reset	198	33.773	0
10	checked	4	3	reset	199	34.505	0
10	checked	4	3	reset	200	36.068	0
10	checked	4	3	stall	1	59.583	0
10	checked	4	3	stall	2	83.898	0
10	checked	4	3	stall	3	58.39	0
10	unsafe	4	3	reset	1	0.09	0
10	unsafe	4	3	reset	2	0.09	0
10	unsafe	4	3	reset	3	0.05	0
10	unsafe	4	3	reset	4	0.08	0
10	unsafe	4	3	reset	5	0.07	0
10	unsafe	4	3	reset	6	0.1	0
10	unsafe	4	3	reset	7	0.08	0
10	unsafe	4	3	reset	8	0.121	0
10	unsafe	4	3	reset	9	0.07	0
10	unsafe	4	3	reset	10	0.071	0
10	unsafe	4	3	reset	11	0.161	0
10	unsafe	4	3	reset	12	0.18	0
10	unsafe	4	3	reset	13	0.05	0
10	unsafe	4	3	reset	14	0.051	0
10	unsafe	4	3	reset	15	0.06	0
10	unsafe	4	3	reset	16	0.08	0
10	unsafe	4	3	reset	17	0.06	0
10	unsafe	4	3	reset	18	0.05	0
10	unsafe	4	3	reset	19	0.05	0
10	unsafe	4	3	reset	20	0.071	0
10	unsafe	4	3	reset	21	0.05	0
10	unsafe	4	3	reset	22	0.08	0
10	unsafe	4	3	reset	23	0.05	0
10	unsafe	4	3	reset	24	0.06	0
10	unsafe	4	3	reset	25	0.05	0
10	unsafe	4	3	reset	26	0.061	0
10	unsafe	4	3	reset	27	0.07	0
10	unsafe	4	3	reset	28	0.06	0
10	unsafe	4	3	reset	29	0.06	0
10	unsafe	4	3	reset	30	0.06	0
10	unsafe	4	3	reset	31	0.07	0
10	unsafe	4	3	reset	32	0.05	0
10	unsafe	4	3	reset	33	0.06	0
10	unsafe	4	3	reset	34	0.06	0
10	unsafe	4	3	reset	35	0.061	0
10	unsafe	4	3	reset	36	0.08	0
10	unsafe	4	3	reset	37	0.05	0
10	unsafe	4	3	reset	38	0.05	0
10	unsafe	4	3	reset	39	0.06	0
10	unsafe	4	3	reset	40	0.051	0
10	unsafe	4	3	reset	41	0.081	0
10	unsafe	4	3	reset	42	0.051	0
10	unsafe	4	3	reset	43	0.06	0
10	unsafe	4	3	reset	44	0.05	0
10	unsafe	4	3	reset	45	0.09	0
10	unsafe	4	3	reset	46	0.06	0
10	unsafe	4	3	reset	47	0.05	0
10	unsafe	4	3	reset	48	0.06	0
10	unsafe	4	3	reset	49	0.05	0
10	unsafe	4	3	reset	50	0.08	0
10	unsafe	4	3	reset	51	0.051	0
10	unsafe	4	3	reset	52	0.05	0
10	unsafe	4	3	reset	53	0.06	0
10	unsafe	4	3	reset	54	0.05	0
10	unsafe	4	3	reset	55	0.07	0
10	unsafe	4	3	reset	56	0.05	0
10	unsafe	4	3	reset	57	0.05	0
10	unsafe	4	3	reset	58	0.05	0
10	unsafe	4	3	reset	59	0.09	0
10	unsafe	4	3	reset	60	0.05	0
10	unsafe	4	3	reset	61	0.06	0
10	unsafe	4	3	reset	62	0.05	0
10	unsafe	4	3	reset	63	0.05	0
10	unsafe	4	3	reset	64	0.11	0
10	unsafe	4	3	reset	65	0.05	0
10	unsafe	4	3	reset	66	0.05	0
10	unsafe	4	3	reset	67	0.06	0
10	unsafe	4	3	reset	68	0.05	0
10	unsafe	4	3	reset	69	0.08	0
10	unsafe	4	3	reset	70	0.05	0
10	unsafe	4	3	reset	71	0.05	0
10	unsafe	4	3	reset	72	0.051	0
10	unsafe	4	3	reset	73	0.08	0
10	unsafe	4	3	reset	74	0.05	0
10	unsafe	4	3	reset	75	0.05	0
10	unsafe	4	3	reset	76	0.071	0
10	unsafe	4	3	reset	77	0.06	0
10	unsafe	4	3	reset	78	0.09	0
10	unsafe	4	3	reset	79	0.07	0
10	unsafe	4	3	reset	80	0.06	0
10	unsafe	4	3	reset	81	0.07	0
10	unsafe	4	3	reset	82	0.06	0
10	unsafe	4	3	reset	83	0.07	0
10	unsafe	4	3	reset	84	0.051	0
10	unsafe	4	3	reset	85	0.06	0
10	unsafe	4	3	reset	86	0.06	0
10	unsafe	4	3	reset	87	0.11	0
10	unsafe	4	3	reset	88	0.071	0
10	unsafe	4	3	reset	89	0.05	0
10	unsafe	4	3	reset	90	0.051	0
10	unsafe	4	3	reset	91	0.06	0
10	unsafe	4	3	reset	92	0.071	0
10	unsafe	4	3	reset	93	0.06	0
10	unsafe	4	3	reset	94	0.06	0
10	unsafe	4	3	reset	95	0.061	0
10	unsafe	4	3	reset	96	0.05	0
10	unsafe	4	3	reset	97	0.09	0
10	unsafe	4	3	reset	98	0.06	0
10	unsafe	4	3	reset	99	0.051	0
10	unsafe	4	3	reset	100	0.06	0
10	unsafe	4	3	reset	101	0.08	0
10	unsafe	4	3	reset	102	0.08	0
10	unsafe	4	3	reset	103	0.06	0
10	unsafe	4	3	reset	104	0.06	0
10	unsafe	4	3	reset	105	0.06	0
10	unsafe	4	3	reset	106	0.07	0
10	unsafe	4	3	reset	107	0.05	0
10	unsafe	4	3	reset	108	0.06	0
10	unsafe	4	3	reset	109	0.05	0
10	unsafe	4	3	reset	110	0.061	0
10	unsafe	4	3	reset	111	0.08	0
10	unsafe	4	3	reset	112	0.05	0
10	unsafe	4	3	reset	113	0.05	0
10	unsafe	4	3	reset	114	0.06	0
10	unsafe	4	3	reset	115	0.06	0
10	unsafe	4	3	reset	116	0.07	0
10	unsafe	4	3	reset	117	0.05	0
10	unsafe	4	3	reset	118	0.061	0
10	unsafe	4	3	reset	119	0.06	0
10	unsafe	4	3	reset	120	0.07	0
10	unsafe	4	3	reset	121	0.05	0
10	unsafe	4	3	reset	122	0.05	0
10	unsafe	4	3	reset	123	0.06	0
10	unsafe	4	3	reset	124	0.06	0
10	unsafe	4	3	reset	125	0.071	0
10	unsafe	4	3	reset	126	0.05	0
10	unsafe	4	3	reset	127	0.05	0
10	unsafe	4	3	reset	128	0.06	0
10	unsafe	4	3	reset	129	0.061	0
10	unsafe	4	3	reset	130	0.07	0
10	unsafe	4	3	reset	131	0.05	0
10	unsafe	4	3	reset	132	0.06	0
10	unsafe	4	3	reset	133	0.05	0
10	unsafe	4	3	reset	134	0.11	0
10	unsafe	4	3	reset	135	0.06	0
10	unsafe	4	3	reset	136	0.051	0
10	unsafe	4	3	reset	137	0.06	0
10	unsafe	4	3	reset	138	0.061	0
10	unsafe	4	3	reset	139	0.07	0
10	unsafe	4	3	reset	140	0.05	0
10	unsafe	4	3	reset	141	0.06	0
10	unsafe	4	3	reset	142	0.06	0
10	unsafe	4	3	reset	143	0.05	0
10	unsafe	4	3	reset	144	0.07	0
10	unsafe	4	3	reset	145	0.07	0
10	unsafe	4	3	reset	146	0.05	0
10	unsafe	4	3	reset	147	0.05	0
10	unsafe	4	3	reset	148	0.06	0
10	unsafe	4	3	reset	149	0.08	0
10	unsafe	4	3	reset	150	0.06	0
10	unsafe	4	3	reset	151	0.05	0
10	unsafe	4	3	reset	152	0.06	0
10	unsafe	4	3	reset	153	0.07	0
10	unsafe	4	3	reset	154	0.05	0
10	unsafe	4	3	reset	155	0.06	0
10	unsafe	4	3	reset	156	0.06	0
10	unsafe	4	3	reset	157	0.06	0
10	unsafe	4	3	reset	158	0.08	0
10	unsafe	4	3	reset	159	0.06	0
10	unsafe	4	3	reset	160	0.091	0
10	unsafe	4	3	reset	161	0.05	0
10	unsafe	4	3	reset	162	0.06	0
10	unsafe	4	3	reset	163	0.07	0
10	unsafe	4	3	reset	164	0.07	0
10	unsafe	4	3	reset	165	0.06	0
10	unsafe	4	3	reset	166	0.06	0
10	unsafe	4	3	reset	167	0.07	0
10	unsafe	4	3	reset	168	0.06	0
10	unsafe	4	3	reset	169	0.06	0
10	unsafe	4	3	reset	170	0.07	0
10	unsafe	4	3	reset	171	0.05	0
10	unsafe	4	3	reset	172	0.08	0
10	unsafe	4	3	reset	173	0.05	0
10	unsafe	4	3	reset	174	0.071	0
10	unsafe	4	3	reset	175	0.08	0
10	unsafe	4	3	reset	176	0.1	0
10	unsafe	4	3	reset	177	0.08	0
10	unsafe	4	3	reset	178	0.06	0
10	unsafe	4	3	reset	179	0.061	0
10	unsafe	4	3	reset	180	0.05	0
10	unsafe	4	3	reset	181	0.08	0
10	unsafe	4	3	reset	182	0.05	0
10	unsafe	4	3	reset	183	0.05	0
10	unsafe	4	3	reset	184	0.05	0
10	unsafe	4	3	reset	185	0.07	0
10	unsafe	4	3	reset	186	0.08	0
10	unsafe	4	3	reset	187	0.05	0
10	unsafe	4	3	reset	188	0.08	0
10	unsafe	4	3	reset	189	0.05	0
10	unsafe	4	3	reset	190	0.07	0
10	unsafe	4	3	reset	191	0.06	0
10	unsafe	4	3	reset	192	0.05	0
10	unsafe	4	3	reset	193	0.05	0
10	unsafe	4	3	reset	194	0.06	0
10	unsafe	4	3	reset	195	0.07	0
10	unsafe	4	3	reset	196	0.06	0
10	unsafe	4	3	reset	197	0.06	0
10	unsafe	4	3	reset	198	0.06	0
10	unsafe	4	3	reset	199	0.06	0
10	unsafe	4	3	reset	200	0.081	0
10	unsafe	4	3	stall	1	0.0	0
10	unsafe	4	3	stall	2	0.0	0
10	unsafe	4	3	stall	3	0.0	0
10	checked	8	7	reset	1	72.006	1
10	checked	8	7	reset	2	57.899	1
10	checked	8	7	reset	3	42.42	1
10	checked	8	7	reset	4	38.373	1
10	checked	8	7	reset	5	39.174	1
10	checked	8	7	reset	6	236.346	1
10	checked	8	7	reset	7	374.997	1
10	checked	8	7	reset	8	71.655	1
10	checked	8	7	reset	9	66.555	1
10	checked	8	7	reset	10	68.169	1
10	checked	8	7	reset	11	103.716	1
10	checked	8	7	reset	12	40.056	1
10	checked	8	7	reset	13	143.801	1
10	checked	8	7	reset	14	63.289	1
10	checked	8	7	reset	15	58.079	1
10	checked	8	7	reset	16	52.88	1
10	checked	8	7	reset	17	51.237	1
10	checked	8	7	reset	18	51.377	1
10	checked	8	7	reset	19	46.568	1
10	checked	8	7	reset	20	45.515	1
10	checked	8	7	reset	21	49.704	1
10	checked	8	7	reset	22	46.007	1
10	checked	8	7	reset	23	48.682	1
10	checked	8	7	reset	24	50.685	1
10	checked	8	7	reset	25	47.831	1
10	checked	8	7	reset	26	49.263	1
10	checked	8	7	reset	27	46.417	1
10	checked	8	7	reset	28	51.246	1
10	checked	8	7	reset	29	47.259	1
10	checked	8	7	reset	30	46.728	1
10	checked	8	7	reset	31	45.275	1
10	checked	8	7	reset	32	50.536	1
10	checked	8	7	reset	33	46.408	1
10	checked	8	7	reset	34	45.616	1
10	checked	8	7	reset	35	47.389	1
10	checked	8	7	reset	36	49.072	1
10	checked	8	7	reset	37	44.444	1
10	checked	8	7	reset	38	48.702	1
10	checked	8	7	reset	39	48.141	1
10	checked	8	7	reset	40	47.67	1
10	checked	8	7	reset	41	46.137	1
10	checked	8	7	reset	42	52.098	1
10	checked	8	7	reset	43	45.205	1
10	checked	8	7	reset	44	49.674	1
10	checked	8	7	reset	45	56.025	1
10	checked	8	7	reset	46	52.96	1
10	checked	8	7	reset	47	59.242	1
10	checked	8	7	reset	48	48.091	1
10	checked	8	7	reset	49	56.256	1
10	checked	8	7	reset	50	48.301	1
10	checked	8	7	reset	51	48.05	1
10	checked	8	7	reset	52	45.846	1
10	checked	8	7	reset	53	48.08	1
10	checked	8	7	reset	54	46.678	1
10	checked	8	7	reset	55	46.688	1
10	checked	8	7	reset	56	51.317	1
10	checked	8	7	reset	57	46.378	1
10	checked	8	7	reset	58	46.378	1
10	checked	8	7	reset	59	47.56	1
10	checked	8	7	reset	60	46.177	1
10	checked	8	7	reset	61	43.743	1
10	checked	8	7	reset	62	44.514	1
10	checked	8	7	reset	63	52.059	1
10	checked	8	7	reset	64	45.616	1
10	checked	8	7	reset	65	51.006	1
10	checked	8	7	reset	66	49.604	1
10	checked	8	7	reset	67	47.73	1
10	checked	8	7	reset	68	45.726	1
10	checked	8	7	reset	69	48.561	1
10	checked	8	7	reset	70	52.739	1
10	checked	8	7	reset	71	47.77	1
10	checked	8	7	reset	72	48.863	1
10	checked	8	7	reset	73	46.628	1
10	checked	8	7	reset	74	48.111	1
10	checked	8	7	reset	75	47.249	1
10	checked	8	7	reset	76	47.78	1
10	checked	8	7	reset	77	49.995	1
10	checked	8	7	reset	78	46.267	1
10	checked	8	7	reset	79	44.344	1
10	checked	8	7	reset	80	45.375	1
10	checked	8	7	reset	81	49.043	1
10	checked	8	7	reset	82	51.798	1
10	checked	8	7	reset	83	47.019	1
10	checked	8	7	reset	84	46.417	1
10	checked	8	7	reset	85	45.456	1
10	checked	8	7	reset	86	50.435	1
10	checked	8	7	reset	87	46.648	1
10	checked	8	7	reset	88	44.925	1
10	checked	8	7	reset	89	48.912	1
10	checked	8	7	reset	90	56.567	1
10	checked	8	7	reset	91	45.997	1
10	checked	8	7	reset	92	48.511	1
10	checked	8	7	reset	93	46.688	1
10	checked	8	7	reset	94	47.119	1
10	checked	8	7	reset	95	45.836	1
10	checked	8	7	reset	96	44.083	1
10	checked	8	7	reset	97	50.305	1
10	checked	8	7	reset	98	47.96	1
10	checked	8	7	reset	99	47.951	1
10	checked	8	7	reset	100	45.976	1
10	checked	8	7	reset	101	50.145	1
10	checked	8	7	reset	102	46.407	1
10	checked	8	7	reset	103	46.488	1
10	checked	8	7	reset	104	44.584	1
10	checked	8	7	reset	105	50.716	1
10	checked	8	7	reset	106	47.76	1
10	checked	8	7	reset	107	44.614	1
10	checked	8	7	reset	108	46.708	1
10	checked	8	7	reset	109	55.775	1
10	checked	8	7	reset	110	46.167	1
10	checked	8	7	reset	111	50.124	1
10	checked	8	7	reset	112	45.155	1
10	checked	8	7	reset	113	51.076	1
10	checked	8	7	reset	114	48.893	1
10	checked	8	7	reset	115	47.569	1
10	checked	8	7	reset	116	48.632	1
10	checked	8	7	reset	117	51.337	1
10	checked	8	7	reset	118	44.995	1
10	checked	8	7	reset	119	45.957	1
10	checked	8	7	reset	120	45.776	1
10	checked	8	7	reset	121	45.365	1
10	checked	8	7	reset	122	47.219	1
10	checked	8	7	reset	123	46.427	1
10	checked	8	7	reset	124	44.524	1
10	checked	8	7	reset	125	44.484	1
10	checked	8	7	reset	126	47.7	1
10	checked	8	7	reset	127	46.408	1
10	checked	8	7	reset	128	50.536	1
10	checked	8	7	reset	129	44.715	1
10	checked	8	7	reset	130	45.566	1
10	checked	8	7	reset	131	45.716	1
10	checked	8	7	reset	132	47.279	1
10	checked	8	7	reset	133	47.419	1
10	checked	8	7	reset	134	47.349	1
10	checked	8	7	reset	135	51.537	1
10	checked	8	7	reset	136	44.223	1
10	checked	8	7	reset	137	47.249	1
10	checked	8	7	reset	138	47.84	1
10	checked	8	7	reset	139	45.275	1
10	checked	8	7	reset	140	48.312	1
10	checked	8	7	reset	141	46.107	1
10	checked	8	7	reset	142	44.053	1
10	checked	8	7	reset	143	48.823	1
10	checked	8	7	reset	144	53.13	1
10	checked	8	7	reset	145	52.429	1
10	checked	8	7	reset	146	44.063	1
10	checked	8	7	reset	147	50.545	1
10	checked	8	7	reset	148	47.329	1
10	checked	8	7	reset	149	49.614	1
10	checked	8	7	reset	150	44.554	1
10	checked	8	7	reset	151	49.223	1
10	checked	8	7	reset	152	46.528	1
10	checked	8	7	reset	153	46.749	1
10	checked	8	7	reset	154	45.886	1
10	checked	8	7	reset	155	48.531	1
10	checked	8	7	reset	156	45.336	1
10	checked	8	7	reset	157	47.68	1
10	checked	8	7	reset	158	45.856	1
10	checked	8	7	reset	159	48.161	1
10	checked	8	7	reset	160	47.55	1
10	checked	8	7	reset	161	46.769	1
10	checked	8	7	reset	162	47.64	1
10	checked	8	7	reset	163	52.329	1
10	checked	8	7	reset	164	49.754	1
10	checked	8	7	reset	165	45.516	1
10	checked	8	7	reset	166	45.446	1
10	checked	8	7	reset	167	48.02	1
10	checked	8	7	reset	168	46.788	1
10	checked	8	7	reset	169	44.934	1
10	checked	8	7	reset	170	50.134	1
10	checked	8	7	reset	171	50.295	1
10	checked	8	7	reset	172	46.277	1
10	checked	8	7	reset	173	45.676	1
10	checked	8	7	reset	174	48.441	1
10	checked	8	7	reset	175	58.16	1
10	checked	8	7	reset	176	50.194	1
10	checked	8	7	reset	177	45.947	1
10	checked	8	7	reset	178	48.141	1
10	checked	8	7	reset	179	47.41	1
10	checked	8	7	reset	180	44.705	1
10	checked	8	7	reset	181	44.534	1
10	checked	8	7	reset	182	44.484	1
10	checked	8	7	reset	183	44.885	1
10	checked	8	7	reset	184	44.504	1
10	checked	8	7	reset	185	44.184	1
10	checked	8	7	reset	186	45.676	1
10	checked	8	7	reset	187	43.802	1
10	checked	8	7	reset	188	45.847	1
10	checked	8	7	reset	189	43.883	1
10	checked	8	7	reset	190	47.871	1
10	checked	8	7	reset	191	44.303	1
10	checked	8	7	reset	192	44.895	1
10	checked	8	7	reset	193	45.606	1
10	checked	8	7	reset	194	49.173	1
10	checked	8	7	reset	195	45.476	1
10	checked	8	7	reset	196	44.704	1
10	checked	8	7	reset	197	45.867	1
10	checked	8	7	reset	198	45.947	1
10	checked	8	7	reset	199	45.586	1
10	checked	8	7	reset	200	45.696	1
10	checked	8	7	stall	1	136.898	1
10	checked	8	7	stall	2	75.552	1
10	checked	8	7	stall	3	136.568	1
10	checked	8	7	stall	4	73.99	1
10	checked	8	7	stall	5	72.998	1
10	checked	8	7	stall	6	136.377	1
10	checked	8	7	stall	7	136.758	1
10	unsafe	8	7	reset	1	0.09	0
10	unsafe	8	7	reset	2	0.05	0
10	unsafe	8	7	reset	3	0.07	0
10	unsafe	8	7	reset	4	0.07	0
10	unsafe	8	7	reset	5	0.08	0
10	unsafe	8	7	reset	6	0.071	0
10	unsafe	8	7	reset	7	0.14	0
10	unsafe	8	7	reset	8	0.06	0
10	unsafe	8	7	reset	9	0.07	0
10	unsafe	8	7	reset	10	0.05	0
10	unsafe	8	7	reset	11	0.08	0
10	unsafe	8	7	reset	12	0.541	0
10	unsafe	8	7	reset	13	0.311	0
10	unsafe	8	7	reset	14	0.07	0
10	unsafe	8	7	reset	15	0.06	0
10	unsafe	8	7	reset	16	0.06	0
10	unsafe	8	7	reset	17	0.06	0
10	unsafe	8	7	reset	18	0.071	0
10	unsafe	8	7	reset	19	0.06	0
10	unsafe	8	7	reset	20	0.06	0
10	unsafe	8	7	reset	21	0.051	0
10	unsafe	8	7	reset	22	0.071	0
10	unsafe	8	7	reset	23	0.06	0
10	unsafe	8	7	reset	24	0.071	0
10	unsafe	8	7	reset	25	0.061	0
10	unsafe	8	7	reset	26	0.08	0
10	unsafe	8	7	reset	27	0.05	0
10	unsafe	8	7	reset	28	0.07	0
10	unsafe	8	7	reset	29	0.06	0
10	unsafe	8	7	reset	30	0.06	0
10	unsafe	8	7	reset	31	0.05	0
10	unsafe	8	7	reset	32	0.07	0
10	unsafe	8	7	reset	33	0.06	0
10	unsafe	8	7	reset	34	0.06	0
10	unsafe	8	7	reset	35	0.051	0
10	unsafe	8	7	reset	36	0.07	0
10	unsafe	8	7	reset	37	0.06	0
10	unsafe	8	7	reset	38	0.07	0
10	unsafe	8	7	reset	39	0.05	0
10	unsafe	8	7	reset	40	0.07	0
10	unsafe	8	7	reset	41	0.06	0
10	unsafe	8	7	reset	42	0.08	0
10	unsafe	8	7	reset	43	0.05	0
10	unsafe	8	7	reset	44	0.07	0
10	unsafe	8	7	reset	45	0.06	0
10	unsafe	8	7	reset	46	0.06	0
10	unsafe	8	7	reset	47	0.07	0
10	unsafe	8	7	reset	48	0.05	0
10	unsafe	8	7	reset	49	0.06	0
10	unsafe	8	7	reset	50	0.06	0
10	unsafe	8	7	reset	51	0.071	0
10	unsafe	8	7	reset	52	0.08	0
10	unsafe	8	7	reset	53	0.06	0
10	unsafe	8	7	reset	54	0.05	0
10	unsafe	8	7	reset	55	0.07	0
10	unsafe	8	7	reset	56	0.07	0
10	unsafe	8	7	reset	57	0.05	0
10	unsafe	8	7	reset	58	0.07	0
10	unsafe	8	7	reset	59	0.06	0
10	unsafe	8	7	reset	60	0.071	0
10	unsafe	8	7	reset	61	0.081	0
10	unsafe	8	7	reset	62	0.06	0
10	unsafe	8	7	reset	63	0.07	0
10	unsafe	8	7	reset	64	0.07	0
10	unsafe	8	7	reset	65	0.08	0
10	unsafe	8	7	reset	66	0.09	0
10	unsafe	8	7	reset	67	0.06	0
10	unsafe	8	7	reset	68	0.06	0
10	unsafe	8	7	reset	69	0.06	0
10	unsafe	8	7	reset	70	0.07	0
10	unsafe	8	7	reset	71	0.061	0
10	unsafe	8	7	reset	72	0.06	0
10	unsafe	8	7	reset	73	0.06	0
10	unsafe	8	7	reset	74	0.07	0
10	unsafe	8	7	reset	75	0.08	0
10	unsafe	8	7	reset	76	0.07	0
10	unsafe	8	7	reset	77	0.06	0
10	unsafe	8	7	reset	78	0.071	0
10	unsafe	8	7	reset	79	0.06	0
10	unsafe	8	7	reset	80	0.07	0
10	unsafe	8	7	reset	81	0.07	0
10	unsafe	8	7	reset	82	0.07	0
10	unsafe	8	7	reset	83	0.06	0
10	unsafe	8	7	reset	84	0.081	0
10	unsafe	8	7	reset	85	0.08	0
10	unsafe	8	7	reset	86	0.05	0
10	unsafe	8	7	reset	87	0.06	0
10	unsafe	8	7	reset	88	0.07	0
10	unsafe	8	7	reset	89	0.08	0
10	unsafe	8	7	reset	90	0.06	0
10	unsafe	8	7	reset	91	0.05	0
10	unsafe	8	7	reset	92	0.061	0
10	unsafe	8	7	reset	93	0.06	0
10	unsafe	8	7	reset	94	0.081	0
10	unsafe	8	7	reset	95	0.07	0
10	unsafe	8	7	reset	96	0.06	0
10	unsafe	8	7	reset	97	0.07	0
10	unsafe	8	7	reset	98	0.07	0
10	unsafe	8	7	reset	99	0.07	0
10	unsafe	8	7	reset	100	0.061	0
10	unsafe	8	7	reset	101	0.06	0
10	unsafe	8	7	reset	102	0.07	0
10	unsafe	8	7	reset	103	0.07	0
10	unsafe	8	7	reset	104	0.06	0
10	unsafe	8	7	reset	105	0.06	0
10	unsafe	8	7	reset	106	0.06	0
10	unsafe	8	7	reset	107	0.061	0
10	unsafe	8	7	reset	108	0.08	0
10	unsafe	8	7	reset	109	0.07	0
10	unsafe	8	7	reset	110	0.06	0
10	unsafe	8	7	reset	111	0.06	0
10	unsafe	8	7	reset	112	0.061	0
10	unsafe	8	7	reset	113	0.07	0
10	unsafe	8	7	reset	114	0.06	0
10	unsafe	8	7	reset	115	0.061	0
10	unsafe	8	7	reset	116	0.06	0
10	unsafe	8	7	reset	117	0.08	0
10	unsafe	8	7	reset	118	0.05	0
10	unsafe	8	7	reset	119	0.06	0
10	unsafe	8	7	reset	120	0.091	0
10	unsafe	8	7	reset	121	0.05	0
10	unsafe	8	7	reset	122	0.08	0
10	unsafe	8	7	reset	123	0.06	0
10	unsafe	8	7	reset	124	0.06	0
10	unsafe	8	7	reset	125	0.06	0
10	unsafe	8	7	reset	126	0.07	0
10	unsafe	8	7	reset	127	0.06	0
10	unsafe	8	7	reset	128	0.06	0
10	unsafe	8	7	reset	129	0.06	0
10	unsafe	8	7	reset	130	0.07	0
10	unsafe	8	7	reset	131	0.06	0
10	unsafe	8	7	reset	132	0.07	0
10	unsafe	8	7	reset	133	0.05	0
10	unsafe	8	7	reset	134	0.07	0
10	unsafe	8	7	reset	135	0.05	0
10	unsafe	8	7	reset	136	0.08	0
10	unsafe	8	7	reset	137	0.06	0
10	unsafe	8	7	reset	138	0.061	0
10	unsafe	8	7	reset	139	0.07	0
10	unsafe	8	7	reset	140	0.06	0
10	unsafe	8	7	reset	141	0.08	0
10	unsafe	8	7	reset	142	0.071	0
10	unsafe	8	7	reset	143	0.06	0
10	unsafe	8	7	reset	144	0.06	0
10	unsafe	8	7	reset	145	0.07	0
10	unsafe	8	7	reset	146	0.06	0
10	unsafe	8	7	reset	147	0.07	0
10	unsafe	8	7	reset	148	0.05	0
10	unsafe	8	7	reset	149	0.06	0
10	unsafe	8	7	reset	150	0.061	0
10	unsafe	8	7	reset	151	0.07	0
10	unsafe	8	7	reset	152	0.05	0
10	unsafe	8	7	reset	153	0.07	0
10	unsafe	8	7	reset	154	0.06	0
10	unsafe	8	7	reset	155	0.09	0
10	unsafe	8	7	reset	156	0.06	0
10	unsafe	8	7	reset	157	0.06	0
10	unsafe	8	7	reset	158	0.07	0
10	unsafe	8	7	reset	159	0.05	0
10	unsafe	8	7	reset	160	0.07	0
10	unsafe	8	7	reset	161	0.05	0
10	unsafe	8	7	reset	162	0.06	0
10	unsafe	8	7	reset	163	0.061	0
10	unsafe	8	7	reset	164	0.07	0
10	unsafe	8	7	reset	165	0.07	0
10	unsafe	8	7	reset	166	0.06	0
10	unsafe	8	7	reset	167	0.07	0
10	unsafe	8	7	reset	168	0.06	0
10	unsafe	8	7	reset	169	0.101	0
10	unsafe	8	7	reset	170	0.07	0
10	unsafe	8	7	reset	171	0.07	0
10	unsafe	8	7	reset	172	0.06	0
10	unsafe	8	7	reset	173	0.06	0
10	unsafe	8	7	reset	174	0.07	0
10	unsafe	8	7	reset	175	0.06	0
10	unsafe	8	7	reset	176	0.07	0
10	unsafe	8	7	reset	177	0.05	0
10	unsafe	8	7	reset	178	0.07	0
10	unsafe	8	7	reset	179	0.07	0
10	unsafe	8	7	reset	180	0.05	0
10	unsafe	8	7	reset	181	0.071	0
10	unsafe	8	7	reset	182	0.07	0
10	unsafe	8	7	reset	183	0.07	0
10	unsafe	8	7	reset	184	0.07	0
10	unsafe	8	7	reset	185	0.06	0
10	unsafe	8	7	reset	186	0.07	0
10	unsafe	8	7	reset	187	0.06	0
10	unsafe	8	7	reset	188	0.09	0
10	unsafe	8	7	reset	189	0.07	0
10	unsafe	8	7	reset	190	0.06	0
10	unsafe	8	7	reset	191	0.06	0
10	unsafe	8	7	reset	192	0.06	0
10	unsafe	8	7	reset	193	0.071	0
10	unsafe	8	7	reset	194	0.06	0
10	unsafe	8	7	reset	195	0.07	0
10	unsafe	8	7	reset	196	0.07	0
10	unsafe	8	7	reset	197	0.06	0
10	unsafe	8	7	reset	198	0.07	0
10	unsafe	8	7	reset	199	0.05	0
10	unsafe	8	7	reset	200	0.06	0
10	unsafe	8	7	stall	1	0.0	0
10	unsafe	8	7	stall	2	0.0	0
10	unsafe	8	7	stall	3	0.0	0
10	unsafe	8	7	stall	4	0.0	0
10	unsafe	8	7	stall	5	0.0	0
10	unsafe	8	7	stall	6	0.0	0
10	unsafe	8	7	stall	7	0.0	0
10	checked	16	15	reset	1	84.779	0
10	checked	16	15	reset	2	63.63	0
10	checked	16	15	reset	3	46.318	0
10	checked	16	15	reset	4	47.499	0
10	checked	16	15	reset	5	46.658	0
10	checked	16	15	reset	6	76.885	0
10	checked	16	15	reset	7	464.266	0
10	checked	16	15	reset	8	63.56	0
10	checked	16	15	reset	9	81.844	0
10	checked	16	15	reset	10	80.312	0
10	checked	16	15	reset	11	66.014	0
10	checked	16	15	reset	12	61.666	0
10	checked	16	15	reset	13	57.509	0
10	checked	16	15	reset	14	59.231	0
10	checked	16	15	reset	15	58.621	0
10	checked	16	15	reset	16	63.159	0
10	checked	16	15	reset	17	62.548	0
10	checked	16	15	reset	18	56.947	0
10	checked	16	15	reset	19	55.184	0
10	checked	16	15	reset	20	60.654	0
10	checked	16	15	reset	21	53.772	0
10	checked	16	15	reset	22	54.814	0
10	checked	16	15	reset	23	60.353	0
10	checked	16	15	reset	24	59.011	0
10	checked	16	15	reset	25	58.991	0
10	checked	16	15	reset	26	58.811	0
10	checked	16	15	reset	27	62.849	0
10	checked	16	15	reset	28	59.652	0
10	checked	16	15	reset	29	57.128	0
10	checked	16	15	reset	30	55.806	0
10	checked	16	15	reset	31	58.11	0
10	checked	16	15	reset	32	61.225	0
10	checked	16	15	reset	33	60.635	0
10	checked	16	15	reset	34	56.777	0
10	checked	16	15	reset	35	59.632	0
10	checked	16	15	reset	36	58.681	0
10	checked	16	15	reset	37	57.849	0
10	checked	16	15	reset	38	62.397	0
10	checked	16	15	reset	39	60.745	0
10	checked	16	15	reset	40	72.927	0
10	checked	16	15	reset	41	55.925	0
10	checked	16	15	reset	42	64.973	0
10	checked	16	15	reset	43	62.427	0
10	checked	16	15	reset	44	67.257	0
10	checked	16	15	reset	45	65.093	0
10	checked	16	15	reset	46	66.536	0
10	checked	16	15	reset	47	61.897	0
10	checked	16	15	reset	48	59.442	0
10	checked	16	15	reset	49	57.518	0
10	checked	16	15	reset	50	61.756	0
10	checked	16	15	reset	51	62.167	0
10	checked	16	15	reset	52	65.493	0
10	checked	16	15	reset	53	63.83	0
10	checked	16	15	reset	54	61.736	0
10	checked	16	15	reset	55	60.855	0
10	checked	16	15	reset	56	59.402	0
10	checked	16	15	reset	57	62.798	0
10	checked	16	15	reset	58	60.925	0
10	checked	16	15	reset	59	59.002	0
10	checked	16	15	reset	60	64.191	0
10	checked	16	15	reset	61	62.197	0
10	checked	16	15	reset	62	58.781	0
10	checked	16	15	reset	63	57.579	0
10	checked	16	15	reset	64	62.508	0
10	checked	16	15	reset	65	61.556	0
10	checked	16	15	reset	66	61.286	0
10	checked	16	15	reset	67	60.474	0
10	checked	16	15	reset	68	61.336	0
10	checked	16	15	reset	69	60.434	0
10	checked	16	15	reset	70	63.63	0
10	checked	16	15	reset	71	80.061	0
10	checked	16	15	reset	72	65.303	0
10	checked	16	15	reset	73	81.854	0
10	checked	16	15	reset	74	69.691	0
10	checked	16	15	reset	75	65.092	0
10	checked	16	15	reset	76	61.365	0
10	checked	16	15	reset	77	65.554	0
10	checked	16	15	reset	78	62.899	0
10	checked	16	15	reset	79	63.16	0
10	checked	16	15	reset	80	61.597	0
10	checked	16	15	reset	81	63.369	0
10	checked	16	15	reset	82	60.555	0
10	checked	16	15	reset	83	61.075	0
10	checked	16	15	reset	84	66.125	0
10	checked	16	15	reset	85	67.117	0
10	checked	16	15	reset	86	68.108	0
10	checked	16	15	reset	87	62.909	0
10	checked	16	15	reset	88	62.829	0
10	checked	16	15	reset	89	63.37	0
10	checked	16	15	reset	90	62.789	0
10	checked	16	15	reset	91	63.66	0
10	checked	16	15	reset	92	62.097	0
10	checked	16	15	reset	93	62.217	0
10	checked	16	15	reset	94	64.221	0
10	checked	16	15	reset	95	66.275	0
10	checked	16	15	reset	96	63.47	0
10	checked	16	15	reset	97	63.43	0
10	checked	16	15	reset	98	65.885	0
10	checked	16	15	reset	99	63.019	0
10	checked	16	15	reset	100	67.267	0
10	checked	16	15	reset	101	68.019	0
10	checked	16	15	reset	102	65.343	0
10	checked	16	15	reset	103	63.309	0
10	checked	16	15	reset	104	66.706	0
10	checked	16	15	reset	105	65.253	0
10	checked	16	15	reset	106	64.451	0
10	checked	16	15	reset	107	68.399	0
10	checked	16	15	reset	108	63.48	0
10	checked	16	15	reset	109	63.821	0
10	checked	16	15	reset	110	63.44	0
10	checked	16	15	reset	111	65.424	0
10	checked	16	15	reset	112	66.445	0
10	checked	16	15	reset	113	65.624	0
10	checked	16	15	reset	114	62.999	0
10	checked	16	15	reset	115	65.263	0
10	checked	16	15	reset	116	64.722	0
10	checked	16	15	reset	117	61.737	0
10	checked	16	15	reset	118	68.179	0
10	checked	16	15	reset	119	62.598	0
10	checked	16	15	reset	120	63.069	0
10	checked	16	15	reset	121	65.974	0
10	checked	16	15	reset	122	65.243	0
10	checked	16	15	reset	123	60.635	0
10	checked	16	15	reset	124	64.161	0
10	checked	16	15	reset	125	61.035	0
10	checked	16	15	reset	126	62.448	0
10	checked	16	15	reset	127	63.55	0
10	checked	16	15	reset	128	64.872	0
10	checked	16	15	reset	129	63.109	0
10	checked	16	15	reset	130	66.215	0
10	checked	16	15	reset	131	64.241	0
10	checked	16	15	reset	132	62.007	0
10	checked	16	15	reset	133	64.642	0
10	checked	16	15	reset	134	60.223	0
10	checked	16	15	reset	135	64.953	0
10	checked	16	15	reset	136	63.329	0
10	checked	16	15	reset	137	82.766	0
10	checked	16	15	reset	138	68.71	0
10	checked	16	15	reset	139	68.85	0
10	checked	16	15	reset	140	68.028	0
10	checked	16	15	reset	141	70.743	0
10	checked	16	15	reset	142	66.756	0
10	checked	16	15	reset	143	67.648	0
10	checked	16	15	reset	144	62.388	0
10	checked	16	15	reset	145	63.73	0
10	checked	16	15	reset	146	68.379	0
10	checked	16	15	reset	147	65.854	0
10	checked	16	15	reset	148	64.251	0
10	checked	16	15	reset	149	65.985	0
10	checked	16	15	reset	150	69.281	0
10	checked	16	15	reset	151	64.171	0
10	checked	16	15	reset	152	63.56	0
10	checked	16	15	reset	153	68.039	0
10	checked	16	15	reset	154	61.175	0
10	checked	16	15	reset	155	64.431	0
10	checked	16	15	reset	156	64.081	0
10	checked	16	15	reset	157	63.079	0
10	checked	16	15	reset	158	69.752	0
10	checked	16	15	reset	159	66.145	0
10	checked	16	15	reset	160	65.784	0
10	checked	16	15	reset	161	65.714	0
10	checked	16	15	reset	162	64.973	0
10	checked	16	15	reset	163	64.762	0
10	checked	16	15	reset	164	68.048	0
10	checked	16	15	reset	165	67.497	0
10	checked	16	15	reset	166	61.676	0
10	checked	16	15	reset	167	66.636	0
10	checked	16	15	reset	168	61.846	0
10	checked	16	15	reset	169	68.129	0
10	checked	16	15	reset	170	59.913	0
10	checked	16	15	reset	171	66.766	0
10	checked	16	15	reset	172	65.333	0
10	checked	16	15	reset	173	63.129	0
10	checked	16	15	reset	174	61.425	0
10	checked	16	15	reset	175	66.987	0
10	checked	16	15	reset	176	65.253	0
10	checked	16	15	reset	177	69.621	0
10	checked	16	15	reset	178	66.636	0
10	checked	16	15	reset	179	64.01	0
10	checked	16	15	reset	180	64.842	0
10	checked	16	15	reset	181	62.698	0
10	checked	16	15	reset	182	65.063	0
10	checked	16	15	reset	183	64.822	0
10	checked	16	15	reset	184	65.253	0
10	checked	16	15	reset	185	62.006	0
10	checked	16	15	reset	186	61.315	0
10	checked	16	15	reset	187	67.387	0
10	checked	16	15	reset	188	61.536	0
10	checked	16	15	reset	189	65.875	0
10	checked	16	15	reset	190	63.529	0
10	checked	16	15	reset	191	65.584	0
10	checked	16	15	reset	192	61.105	0
10	checked	16	15	reset	193	64.191	0
10	checked	16	15	reset	194	63.941	0
10	checked	16	15	reset	195	70.133	0
10	checked	16	15	reset	196	67.317	0
10	checked	16	15	reset	197	72.728	0
10	checked	16	15	reset	198	65.254	0
10	checked	16	15	reset	199	64.091	0
10	checked	16	15	reset	200	64.481	0
10	checked	16	15	stall	1	95.931	0
10	checked	16	15	stall	2	109.887	0
10	checked	16	15	stall	3	75.913	0
10	checked	16	15	stall	4	92.755	0
10	checked	16	15	stall	5	72.296	0
10	checked	16	15	stall	6	75.723	0
10	checked	16	15	stall	7	74.4	0
10	checked	16	15	stall	8	77.756	0
10	checked	16	15	stall	9	73.118	0
10	checked	16	15	stall	10	75.492	0
10	checked	16	15	stall	11	73.99	0
10	checked	16	15	stall	12	71.896	0
10	checked	16	15	stall	13	86.433	0
10	checked	16	15	stall	14	74.951	0
10	checked	16	15	stall	15	76.905	0
10	unsafe	16	15	reset	1	0.18	0
10	unsafe	16	15	reset	2	0.08	0
10	unsafe	16	15	reset	3	0.07	0
10	unsafe	16	15	reset	4	0.1	0
10	unsafe	16	15	reset	5	0.09	0
10	unsafe	16	15	reset	6	0.071	0
10	unsafe	16	15	reset	7	0.101	0
10	unsafe	16	15	reset	8	0.08	0
10	unsafe	16	15	reset	9	0.081	0
10	unsafe	16	15	reset	10	0.07	0
10	unsafe	16	15	reset	11	0.191	0
10	unsafe	16	15	reset	12	0.11	0
10	unsafe	16	15	reset	13	0.24	0
10	unsafe	16	15	reset	14	0.12	0
10	unsafe	16	15	reset	15	0.13	0
10	unsafe	16	15	reset	16	0.13	0
10	unsafe	16	15	reset	17	0.13	0
10	unsafe	16	15	reset	18	0.13	0
10	unsafe	16	15	reset	19	0.13	0
10	unsafe	16	15	reset	20	0.13	0
10	unsafe	16	15	reset	21	0.13	0
10	unsafe	16	15	reset	22	0.141	0
10	unsafe	16	15	reset	23	0.13	0
10	unsafe	16	15	reset	24	0.12	0
10	unsafe	16	15	reset	25	0.131	0
10	unsafe	16	15	reset	26	0.14	0
10	unsafe	16	15	reset	27	0.131	0
10	unsafe	16	15	reset	28	0.13	0
10	unsafe	16	15	reset	29	0.14	0
10	unsafe	16	15	reset	30	0.15	0
10	unsafe	16	15	reset	31	0.13	0
10	unsafe	16	15	reset	32	0.14	0
10	unsafe	16	15	reset	33	0.12	0
10	unsafe	16	15	reset	34	0.14	0
10	unsafe	16	15	reset	35	0.13	0
10	unsafe	16	15	reset	36	0.13	0
10	unsafe	16	15	reset	37	0.13	0
10	unsafe	16	15	reset	38	0.13	0
10	unsafe	16	15	reset	39	0.14	0
10	unsafe	16	15	reset	40	0.131	0
10	unsafe	16	15	reset	41	0.13	0
10	unsafe	16	15	reset	42	0.13	0
10	unsafe	16	15	reset	43	0.13	0
10	unsafe	16	15	reset	44	0.13	0
10	unsafe	16	15	reset	45	0.12	0
10	unsafe	16	15	reset	46	0.13	0
10	unsafe	16	15	reset	47	0.14	0
10	unsafe	16	15	reset	48	0.13	0
10	unsafe	16	15	reset	49	0.13	0
10	unsafe	16	15	reset	50	0.18	0
10	unsafe	16	15	reset	51	0.13	0
10	unsafe	16	15	reset	52	0.12	0
10	unsafe	16	15	reset	53	0.13	0
10	unsafe	16	15	reset	54	0.141	0
10	unsafe	16	15	reset	55	0.13	0
10	unsafe	16	15	reset	56	0.131	0
10	unsafe	16	15	reset	57	0.14	0
10	unsafe	16	15	reset	58	0.131	0
10	unsafe	16	15	reset	59	0.131	0
10	unsafe	16	15	reset	60	0.13	0
10	unsafe	16	15	reset	61	0.13	0
10	unsafe	16	15	reset	62	0.131	0
10	unsafe	16	15	reset	63	0.12	0
10	unsafe	16	15	reset	64	0.13	0
10	unsafe	16	15	reset	65	0.14	0
10	unsafe	16	15	reset	66	0.13	0
10	unsafe	16	15	reset	67	0.13	0
10	unsafe	16	15	reset	68	0.13	0
10	unsafe	16	15	reset	69	0.13	0
10	unsafe	16	15	reset	70	0.14	0
10	unsafe	16	15	reset	71	0.13	0
10	unsafe	16	15	reset	72	0.13	0
10	unsafe	16	15	reset	73	0.13	0
10	unsafe	16	15	reset	74	0.12	0
10	unsafe	16	15	reset	75	0.14	0
10	unsafe	16	15	reset	76	0.13	0
10	unsafe	16	15	reset	77	0.13	0
10	unsafe	16	15	reset	78	0.13	0
10	unsafe	16	15	reset	79	0.131	0
10	unsafe	16	15	reset	80	0.14	0
10	unsafe	16	15	reset	81	0.14	0
10	unsafe	16	15	reset	82	0.13	0
10	unsafe	16	15	reset	83	0.13	0
10	unsafe	16	15	reset	84	0.12	0
10	unsafe	16	15	reset	85	0.14	0
10	unsafe	16	15	reset	86	0.141	0
10	unsafe	16	15	reset	87	0.13	0
10	unsafe	16	15	reset	88	0.13	0
10	unsafe	16	15	reset	89	0.13	0
10	unsafe	16	15	reset	90	0.131	0
10	unsafe	16	15	reset	91	0.13	0
10	unsafe	16	15	reset	92	0.14	0
10	unsafe	16	15	reset	93	0.12	0
10	unsafe	16	15	reset	94	0.13	0
10	unsafe	16	15	reset	95	0.13	0
10	unsafe	16	15	reset	96	0.14	0
10	unsafe	16	15	reset	97	0.14	0
10	unsafe	16	15	reset	98	0.13	0
10	unsafe	16	15	reset	99	0.13	0
10	unsafe	16	15	reset	100	0.12	0
10	unsafe	16	15	reset	101	0.13	0
10	unsafe	16	15	reset	102	0.15	0
10	unsafe	16	15	reset	103	0.14	0
10	unsafe	16	15	reset	104	0.131	0
10	unsafe	16	15	reset	105	0.14	0
10	unsafe	16	15	reset	106	0.13	0
10	unsafe	16	15	reset	107	0.13	0
10	unsafe	16	15	reset	108	0.13	0
10	unsafe	16	15	reset	109	0.13	0
10	unsafe	16	15	reset	110	0.121	0
10	unsafe	16	15	reset	111	0.13	0
10	unsafe	16	15	reset	112	0.13	0
10	unsafe	16	15	reset	113	0.12	0
10	unsafe	16	15	reset	114	0.14	0
10	unsafe	16	15	reset	115	0.12	0
10	unsafe	16	15	reset	116	0.13	0
10	unsafe	16	15	reset	117	0.13	0
10	unsafe	16	15	reset	118	0.121	0
10	unsafe	16	15	reset	119	0.131	0
10	unsafe	16	15	reset	120	0.13	0
10	unsafe	16	15	reset	121	0.16	0
10	unsafe	16	15	reset	122	0.13	0
10	unsafe	16	15	reset	123	0.14	0
10	unsafe	16	15	reset	124	0.13	0
10	unsafe	16	15	reset	125	0.14	0
10	unsafe	16	15	reset	126	0.14	0
10	unsafe	16	15	reset	127	0.131	0
10	unsafe	16	15	reset	128	0.13	0
10	unsafe	16	15	reset	129	0.13	0
10	unsafe	16	15	reset	130	0.18	0
10	unsafe	16	15	reset	131	0.13	0
10	unsafe	16	15	reset	132	0.14	0
10	unsafe	16	15	reset	133	0.13	0
10	unsafe	16	15	reset	134	0.13	0
10	unsafe	16	15	reset	135	0.14	0
10	unsafe	16	15	reset	136	0.121	0
10	unsafe	16	15	reset	137	0.13	0
10	unsafe	16	15	reset	138	0.13	0
10	unsafe	16	15	reset	139	0.13	0
10	unsafe	16	15	reset	140	0.121	0
10	unsafe	16	15	reset	141	0.14	0
10	unsafe	16	15	reset	142	0.13	0
10	unsafe	16	15	reset	143	0.141	0
10	unsafe	16	15	reset	144	0.13	0
10	unsafe	16	15	reset	145	0.13	0
10	unsafe	16	15	reset	146	0.14	0
10	unsafe	16	15	reset	147	0.14	0
10	unsafe	16	15	reset	148	0.141	0
10	unsafe	16	15	reset	149	0.13	0
10	unsafe	16	15	reset	150	0.13	0
10	unsafe	16	15	reset	151	0.13	0
10	unsafe	16	15	reset	152	0.13	0
10	unsafe	16	15	reset	153	0.131	0
10	unsafe	16	15	reset	154	0.131	0
10	unsafe	16	15	reset	155	0.151	0
10	unsafe	16	15	reset	156	0.13	0
10	unsafe	16	15	reset	157	0.13	0
10	unsafe	16	15	reset	158	0.13	0
10	unsafe	16	15	reset	159	0.13	0
10	unsafe	16	15	reset	160	0.13	0
10	unsafe	16	15	reset	161	0.13	0
10	unsafe	16	15	reset	162	0.14	0
10	unsafe	16	15	reset	163	0.13	0
10	unsafe	16	15	reset	164	0.14	0
10	unsafe	16	15	reset	165	0.13	0
10	unsafe	16	15	reset	166	0.131	0
10	unsafe	16	15	reset	167	0.13	0
10	unsafe	16	15	reset	168	0.131	0
10	unsafe	16	15	reset	169	0.13	0
10	unsafe	16	15	reset	170	0.13	0
10	unsafe	16	15	reset	171	0.13	0
10	unsafe	16	15	reset	172	0.13	0
10	unsafe	16	15	reset	173	0.13	0
10	unsafe	16	15	reset	174	0.12	0
10	unsafe	16	15	reset	175	0.13	0
10	unsafe	16	15	reset	176	0.13	0
10	unsafe	16	15	reset	177	0.13	0
10	unsafe	16	15	reset	178	0.13	0
10	unsafe	16	15	reset	179	0.13	0
10	unsafe	16	15	reset	180	0.13	0
10	unsafe	16	15	reset	181	0.13	0
10	unsafe	16	15	reset	182	0.12	0
10	unsafe	16	15	reset	183	0.131	0
10	unsafe	16	15	reset	184	0.16	0
10	unsafe	16	15	reset	185	0.13	0
10	unsafe	16	15	reset	186	0.13	0
10	unsafe	16	15	reset	187	0.13	0
10	unsafe	16	15	reset	188	0.12	0
10	unsafe	16	15	reset	189	0.13	0
10	unsafe	16	15	reset	190	0.131	0
10	unsafe	16	15	reset	191	0.171	0
10	unsafe	16	15	reset	192	0.13	0
10	unsafe	16	15	reset	193	0.13	0
10	unsafe	16	15	reset	194	0.131	0
10	unsafe	16	15	reset	195	0.13	0
10	unsafe	16	15	reset	196	0.13	0
10	unsafe	16	15	reset	197	0.13	0
10	unsafe	16	15	reset	198	0.12	0
10	unsafe	16	15	reset	199	0.13	0
10	unsafe	16	15	reset	200	0.13	0
10	unsafe	16	15	stall	1	0.0	0
10	unsafe	16	15	stall	2	0.0	0
10	unsafe	16	15	stall	3	0.0	0
10	unsafe	16	15	stall	4	0.0	0
10	unsafe	16	15	stall	5	0.0	0
10	unsafe	16	15	stall	6	0.0	0
10	unsafe	16	15	stall	7	0.0	0
10	unsafe	16	15	stall	8	0.0	0
10	unsafe	16	15	stall	9	0.0	0
10	unsafe	16	15	stall	10	0.0	0
10	unsafe	16	15	stall	11	0.0	0
10	unsafe	16	15	stall	12	0.0	0
10	unsafe	16	15	stall	13	0.0	0
10	unsafe	16	15	stall	14	0.0	0
10	unsafe	16	15	stall	15	0.0	0
10	checked	30	29	reset	1	141.577	0
10	checked	30	29	reset	2	85.371	0
10	checked	30	29	reset	3	255.432	0
10	checked	30	29	reset	4	90.681	0
10	checked	30	29	reset	5	461.24	0
10	checked	30	29	reset	6	62.288	0
10	checked	30	29	reset	7	71.094	0
10	checked	30	29	reset	8	57.889	0
10	checked	30	29	reset	9	62.177	0
10	checked	30	29	reset	10	58.881	0
10	checked	30	29	reset	11	100.269	0
10	checked	30	29	reset	12	130.466	0
10	checked	30	29	reset	13	102.474	0
10	checked	30	29	reset	14	94.609	0
10	checked	30	29	reset	15	119.926	0
10	checked	30	29	reset	16	110.188	0
10	checked	30	29	reset	17	101.261	0
10	checked	30	29	reset	18	104.036	0
10	checked	30	29	reset	19	98.295	0
10	checked	30	29	reset	20	105.298	0
10	checked	30	29	reset	21	108.816	0
10	checked	30	29	reset	22	107.302	0
10	checked	30	29	reset	23	107.072	0
10	checked	30	29	reset	24	100.96	0
10	checked	30	29	reset	25	106.471	0
10	checked	30	29	reset	26	117.532	0
10	checked	30	29	reset	27	104.336	0
10	checked	30	29	reset	28	109.566	0
10	checked	30	29	reset	29	99.808	0
10	checked	30	29	reset	30	107.783	0
10	checked	30	29	reset	31	105.529	0
10	checked	30	29	reset	32	107.904	0
10	checked	30	29	reset	33	105.008	0
10	checked	30	29	reset	34	101.852	0
10	checked	30	29	reset	35	109.146	0
10	checked	30	29	reset	36	104.717	0
10	checked	30	29	reset	37	107.944	0
10	checked	30	29	reset	38	108.514	0
10	checked	30	29	reset	39	295.056	0
10	checked	30	29	reset	40	100.009	0
10	checked	30	29	reset	41	100.009	0
10	checked	30	29	reset	42	96.752	0
10	checked	30	29	reset	43	107.072	0
10	checked	30	29	reset	44	100.44	0
10	checked	30	29	reset	45	99.578	0
10	checked	30	29	reset	46	115.298	0
10	checked	30	29	reset	47	99.768	0
10	checked	30	29	reset	48	97.934	0
10	checked	30	29	reset	49	97.744	0
10	checked	30	29	reset	50	117.532	0
10	checked	30	29	reset	51	97.544	0
10	checked	30	29	reset	52	280.048	0
10	checked	30	29	reset	53	95.821	0
10	checked	30	29	reset	54	97.795	0
10	checked	30	29	reset	55	98.125	0
10	checked	30	29	reset	56	1005.457	0
10	checked	30	29	reset	57	108.836	0
10	checked	30	29	reset	58	121.109	0
10	checked	30	29	reset	59	99.037	0
10	checked	30	29	reset	60	101.341	0
10	checked	30	29	reset	61	99.808	0
10	checked	30	29	reset	62	174.619	0
10	checked	30	29	reset	63	111.57	0
10	checked	30	29	reset	64	117.051	0
10	checked	30	29	reset	65	96.502	0
10	checked	30	29	reset	66	106.591	0
10	checked	30	29	reset	67	101.161	0
10	checked	30	29	reset	68	95.83	0
10	checked	30	29	reset	69	108.835	0
10	checked	30	29	reset	70	109.427	0
10	checked	30	29	reset	71	112.693	0
10	checked	30	29	reset	72	100.85	0
10	checked	30	29	reset	73	103.736	0
10	checked	30	29	reset	74	105.719	0
10	checked	30	29	reset	75	103.315	0
10	checked	30	29	reset	76	107.533	0
10	checked	30	29	reset	77	121.289	0
10	checked	30	29	reset	78	105.268	0
10	checked	30	29	reset	79	113.274	0
10	checked	30	29	reset	80	99.037	0
10	checked	30	29	reset	81	3792.143	0
10	checked	30	29	reset	82	109.987	0
10	checked	30	29	reset	83	100.82	0
10	checked	30	29	reset	84	97.364	0
10	checked	30	29	reset	85	98.596	0
10	checked	30	29	reset	86	100.79	0
10	checked	30	29	reset	87	101.371	0
10	checked	30	29	reset	88	96.863	0
10	checked	30	29	reset	89	3297.359	0
10	checked	30	29	reset	90	3624.577	0
10	checked	30	29	reset	91	134.193	0
10	checked	30	29	reset	92	143.991	0
10	checked	30	29	reset	93	102.684	0
10	checked	30	29	reset	94	93.677	0
10	checked	30	29	reset	95	103.104	0
10	checked	30	29	reset	96	104.747	0
10	checked	30	29	reset	97	270.441	0
10	checked	30	29	reset	98	129.394	0
10	checked	30	29	reset	99	107.502	0
10	checked	30	29	reset	100	96.522	0
10	checked	30	29	reset	101	102.493	0
10	checked	30	29	reset	102	101.311	0
10	checked	30	29	reset	103	102.673	0
10	checked	30	29	reset	104	104.096	0
10	checked	30	29	reset	105	105.839	0
10	checked	30	29	reset	106	113.394	0
10	checked	30	29	reset	107	100.87	0
10	checked	30	29	reset	108	102.824	0
10	checked	30	29	reset	109	3251.624	0
10	checked	30	29	reset	110	181.763	0
10	checked	30	29	reset	111	130.486	0
10	checked	30	29	reset	112	107.914	0
10	checked	30	29	reset	113	3035.887	0
10	checked	30	29	reset	114	117.753	0
10	checked	30	29	reset	115	107.041	0
10	checked	30	29	reset	116	109.557	0
10	checked	30	29	reset	117	99.407	0
10	checked	30	29	reset	118	106.361	0
10	checked	30	29	reset	119	98.766	0
10	checked	30	29	reset	120	103.886	0
10	checked	30	29	reset	121	98.677	0
10	checked	30	29	reset	122	110.689	0
10	checked	30	29	reset	123	117.201	0
10	checked	30	29	reset	124	104.297	0
10	checked	30	29	reset	125	103.936	0
10	checked	30	29	reset	126	110.909	0
10	checked	30	29	reset	127	96.612	0
10	checked	30	29	reset	128	101.993	0
10	checked	30	29	reset	129	97.483	0
10	checked	30	29	reset	130	101.672	0
10	checked	30	29	reset	131	97.594	0
10	checked	30	29	reset	132	99.668	0
10	checked	30	29	reset	133	99.227	0
10	checked	30	29	reset	134	102.363	0
10	checked	30	29	reset	135	105.899	0
10	checked	30	29	reset	136	92.504	0
10	checked	30	29	reset	137	97.804	0
10	checked	30	29	reset	138	101.241	0
10	checked	30	29	reset	139	103.705	0
10	checked	30	29	reset	140	99.007	0
10	checked	30	29	reset	141	99.818	0
10	checked	30	29	reset	142	100.42	0
10	checked	30	29	reset	143	99.117	0
10	checked	30	29	reset	144	110.84	0
10	checked	30	29	reset	145	110.058	0
10	checked	30	29	reset	146	107.072	0
10	checked	30	29	reset	147	96.502	0
10	checked	30	29	reset	148	104.678	0
10	checked	30	29	reset	149	96.592	0
10	checked	30	29	reset	150	100.149	0
10	checked	30	29	reset	151	103.836	0
10	checked	30	29	reset	152	96.663	0
10	checked	30	29	reset	153	104.928	0
10	checked	30	29	reset	154	100.5	0
10	checked	30	29	reset	155	102.463	0
10	checked	30	29	reset	156	95.14	0
10	checked	30	29	reset	157	101.001	0
10	checked	30	29	reset	158	92.525	0
10	checked	30	29	reset	159	98.205	0
10	checked	30	29	reset	160	95.881	0
10	checked	30	29	reset	161	103.465	0
10	checked	30	29	reset	162	106.752	0
10	checked	30	29	reset	163	95.91	0
10	checked	30	29	reset	164	95.51	0
10	checked	30	29	reset	165	106.901	0
10	checked	30	29	reset	166	105.028	0
10	checked	30	29	reset	167	98.636	0
10	checked	30	29	reset	168	96.222	0
10	checked	30	29	reset	169	99.358	0
10	checked	30	29	reset	170	98.646	0
10	checked	30	29	reset	171	97.453	0
10	checked	30	29	reset	172	100.239	0
10	checked	30	29	reset	173	96.713	0
10	checked	30	29	reset	174	98.255	0
10	checked	30	29	reset	175	97.945	0
10	checked	30	29	reset	176	96.051	0
10	checked	30	29	reset	177	100.129	0
10	checked	30	29	reset	178	95.761	0
10	checked	30	29	reset	179	103.405	0
10	checked	30	29	reset	180	98.927	0
10	checked	30	29	reset	181	97.374	0
10	checked	30	29	reset	182	99.046	0
10	checked	30	29	reset	183	104.557	0
10	checked	30	29	reset	184	101.311	0
10	checked	30	29	reset	185	101.581	0
10	checked	30	29	reset	186	105.088	0
10	checked	30	29	reset	187	96.632	0
10	checked	30	29	reset	188	91.884	0
10	checked	30	29	reset	189	98.846	0
10	checked	30	29	reset	190	103.926	0
10	checked	30	29	reset	191	103.795	0
10	checked	30	29	reset	192	104.497	0
10	checked	30	29	reset	193	99.148	0
10	checked	30	29	reset	194	104.477	0
10	checked	30	29	reset	195	97.423	0
10	checked	30	29	reset	196	98.646	0
10	checked	30	29	reset	197	103.795	0
10	checked	30	29	reset	198	113.003	0
10	checked	30	29	reset	199	103.064	0
10	checked	30	29	reset	200	95.25	0
10	checked	30	29	stall	1	988.114	0
10	checked	30	29	stall	2	1116.426	0
10	checked	30	29	stall	3	993.003	0
10	checked	30	29	stall	4	3072.626	0
10	checked	30	29	stall	5	987.943	0
10	checked	30	29	stall	6	1092.451	0
10	checked	30	29	stall	7	987.573	0
10	checked	30	29	stall	8	1002.762	0
10	checked	30	29	stall	9	1022.128	0
10	checked	30	29	stall	10	2255.524	0
10	checked	30	29	stall	11	991.551	0
10	checked	30	29	stall	12	1031.476	0
10	checked	30	29	stall	13	987.443	0
10	checked	30	29	stall	14	1066.532	0
10	checked	30	29	stall	15	1023.972	0
10	checked	30	29	stall	16	986.471	0
10	checked	30	29	stall	17	1062.905	0
10	checked	30	29	stall	18	3783.547	0
10	checked	30	29	stall	19	3781.544	0
10	checked	30	29	stall	20	989.456	0
10	checked	30	29	stall	21	1065.26	0
10	checked	30	29	stall	22	985.188	0
10	checked	30	29	stall	23	991.2	0
10	checked	30	29	stall	24	992.883	0
10	checked	30	29	stall	25	994.115	0
10	checked	30	29	stall	26	1485.392	0
10	checked	30	29	stall	27	1061.953	0
10	checked	30	29	stall	28	994.646	0
10	checked	30	29	stall	29	1532.691	0
10	unsafe	30	29	reset	1	0.401	0
10	unsafe	30	29	reset	2	0.321	0
10	unsafe	30	29	reset	3	0.31	0
10	unsafe	30	29	reset	4	0.32	0
10	unsafe	30	29	reset	5	0.371	0
10	unsafe	30	29	reset	6	0.602	0
10	unsafe	30	29	reset	7	0.17	0
10	unsafe	30	29	reset	8	0.19	0
10	unsafe	30	29	reset	9	0.361	0
10	unsafe	30	29	reset	10	0.13	0
10	unsafe	30	29	reset	11	0.13	0
10	unsafe	30	29	reset	12	0.14	0
10	unsafe	30	29	reset	13	0.141	0
10	unsafe	30	29	reset	14	0.13	0
10	unsafe	30	29	reset	15	0.14	0
10	unsafe	30	29	reset	16	0.131	0
10	unsafe	30	29	reset	17	0.14	0
10	unsafe	30	29	reset	18	0.121	0
10	unsafe	30	29	reset	19	0.13	0
10	unsafe	30	29	reset	20	0.13	0
10	unsafe	30	29	reset	21	0.13	0
10	unsafe	30	29	reset	22	0.131	0
10	unsafe	30	29	reset	23	0.16	0
10	unsafe	30	29	reset	24	0.12	0
10	unsafe	30	29	reset	25	0.13	0
10	unsafe	30	29	reset	26	0.14	0
10	unsafe	30	29	reset	27	0.14	0
10	unsafe	30	29	reset	28	0.13	0
10	unsafe	30	29	reset	29	0.14	0
10	unsafe	30	29	reset	30	0.14	0
10	unsafe	30	29	reset	31	0.13	0
10	unsafe	30	29	reset	32	0.13	0
10	unsafe	30	29	reset	33	0.13	0
10	unsafe	30	29	reset	34	0.13	0
10	unsafe	30	29	reset	35	0.191	0
10	unsafe	30	29	reset	36	0.13	0
10	unsafe	30	29	reset	37	0.13	0
10	unsafe	30	29	reset	38	0.14	0
10	unsafe	30	29	reset	39	0.14	0
10	unsafe	30	29	reset	40	0.13	0
10	unsafe	30	29	reset	41	0.13	0
10	unsafe	30	29	reset	42	0.13	0
10	unsafe	30	29	reset	43	0.13	0
10	unsafe	30	29	reset	44	0.141	0
10	unsafe	30	29	reset	45	0.14	0
10	unsafe	30	29	reset	46	0.13	0
10	unsafe	30	29	reset	47	0.161	0
10	unsafe	30	29	reset	48	0.13	0
10	unsafe	30	29	reset	49	0.14	0
10	unsafe	30	29	reset	50	0.14	0
10	unsafe	30	29	reset	51	0.13	0
10	unsafe	30	29	reset	52	0.14	0
10	unsafe	30	29	reset	53	0.14	0
10	unsafe	30	29	reset	54	0.131	0
10	unsafe	30	29	reset	55	0.13	0
10	unsafe	30	29	reset	56	0.13	0
10	unsafe	30	29	reset	57	0.171	0
10	unsafe	30	29	reset	58	0.14	0
10	unsafe	30	29	reset	59	0.14	0
10	unsafe	30	29	reset	60	0.131	0
10	unsafe	30	29	reset	61	0.13	0
10	unsafe	30	29	reset	62	0.14	0
10	unsafe	30	29	reset	63	0.13	0
10	unsafe	30	29	reset	64	0.14	0
10	unsafe	30	29	reset	65	0.15	0
10	unsafe	30	29	reset	66	0.14	0
10	unsafe	30	29	reset	67	0.131	0
10	unsafe	30	29	reset	68	0.14	0
10	unsafe	30	29	reset	69	0.13	0
10	unsafe	30	29	reset	70	0.13	0
10	unsafe	30	29	reset	71	0.131	0
10	unsafe	30	29	reset	72	0.14	0
10	unsafe	30	29	reset	73	0.14	0
10	unsafe	30	29	reset	74	0.14	0
10	unsafe	30	29	reset	75	0.14	0
10	unsafe	30	29	reset	76	0.131	0
10	unsafe	30	29	reset	77	0.14	0
10	unsafe	30	29	reset	78	0.14	0
10	unsafe	30	29	reset	79	0.141	0
10	unsafe	30	29	reset	80	0.13	0
10	unsafe	30	29	reset	81	0.15	0
10	unsafe	30	29	reset	82	0.13	0
10	unsafe	30	29	reset	83	0.14	0
10	unsafe	30	29	reset	84	0.13	0
10	unsafe	30	29	reset	85	0.14	0
10	unsafe	30	29	reset	86	0.13	0
10	unsafe	30	29	reset	87	0.141	0
10	unsafe	30	29	reset	88	0.13	0
10	unsafe	30	29	reset	89	0.14	0
10	unsafe	30	29	reset	90	0.13	0
10	unsafe	30	29	reset	91	0.13	0
10	unsafe	30	29	reset	92	0.161	0
10	unsafe	30	29	reset	93	0.14	0
10	unsafe	30	29	reset	94	0.14	0
10	unsafe	30	29	reset	95	0.14	0
10	unsafe	30	29	reset	96	0.13	0
10	unsafe	30	29	reset	97	0.131	0
10	unsafe	30	29	reset	98	0.13	0
10	unsafe	30	29	reset	99	0.13	0
10	unsafe	30	29	reset	100	0.131	0
10	unsafe	30	29	reset	101	0.17	0
10	unsafe	30	29	reset	102	0.14	0
10	unsafe	30	29	reset	103	0.131	0
10	unsafe	30	29	reset	104	0.13	0
10	unsafe	30	29	reset	105	0.141	0
10	unsafe	30	29	reset	106	0.13	0
10	unsafe	30	29	reset	107	0.13	0
10	unsafe	30	29	reset	108	0.13	0
10	unsafe	30	29	reset	109	0.131	0
10	unsafe	30	29	reset	110	0.13	0
10	unsafe	30	29	reset	111	0.13	0
10	unsafe	30	29	reset	112	0.14	0
10	unsafe	30	29	reset	113	0.14	0
10	unsafe	30	29	reset	114	0.131	0
10	unsafe	30	29	reset	115	0.13	0
10	unsafe	30	29	reset	116	0.13	0
10	unsafe	30	29	reset	117	0.161	0
10	unsafe	30	29	reset	118	0.14	0
10	unsafe	30	29	reset	119	0.13	0
10	unsafe	30	29	reset	120	0.14	0
10	unsafe	30	29	reset	121	0.151	0
10	unsafe	30	29	reset	122	0.131	0
10	unsafe	30	29	reset	123	0.13	0
10	unsafe	30	29	reset	124	0.14	0
10	unsafe	30	29	reset	125	0.12	0
10	unsafe	30	29	reset	126	0.131	0
10	unsafe	30	29	reset	127	0.14	0
10	unsafe	30	29	reset	128	0.14	0
10	unsafe	30	29	reset	129	0.13	0
10	unsafe	30	29	reset	130	0.13	0
10	unsafe	30	29	reset	131	0.131	0
10	unsafe	30	29	reset	132	0.13	0
10	unsafe	30	29	reset	133	0.141	0
10	unsafe	30	29	reset	134	0.14	0
10	unsafe	30	29	reset	135	0.14	0
10	unsafe	30	29	reset	136	0.14	0
10	unsafe	30	29	reset	137	0.141	0
10	unsafe	30	29	reset	138	0.14	0
10	unsafe	30	29	reset	139	0.14	0
10	unsafe	30	29	reset	140	0.14	0
10	unsafe	30	29	reset	141	0.13	0
10	unsafe	30	29	reset	142	0.13	0
10	unsafe	30	29	reset	143	0.141	0
10	unsafe	30	29	reset	144	0.15	0
10	unsafe	30	29	reset	145	0.14	0
10	unsafe	30	29	reset	146	0.13	0
10	unsafe	30	29	reset	147	0.13	0
10	unsafe	30	29	reset	148	0.14	0
10	unsafe	30	29	reset	149	0.131	0
10	unsafe	30	29	reset	150	0.13	0
10	unsafe	30	29	reset	151	0.141	0
10	unsafe	30	29	reset	152	0.13	0
10	unsafe	30	29	reset	153	0.14	0
10	unsafe	30	29	reset	154	0.141	0
10	unsafe	30	29	reset	155	0.141	0
10	unsafe	30	29	reset	156	0.13	0
10	unsafe	30	29	reset	157	0.17	0
10	unsafe	30	29	reset	158	0.14	0
10	unsafe	30	29	reset	159	0.13	0
10	unsafe	30	29	reset	160	0.14	0
10	unsafe	30	29	reset	161	0.131	0
10	unsafe	30	29	reset	162	0.14	0
10	unsafe	30	29	reset	163	0.14	0
10	unsafe	30	29	reset	164	0.13	0
10	unsafe	30	29	reset	165	0.13	0
10	unsafe	30	29	reset	166	0.13	0
10	unsafe	30	29	reset	167	0.141	0
10	unsafe	30	29	reset	168	0.13	0
10	unsafe	30	29	reset	169	0.141	0
10	unsafe	30	29	reset	170	0.14	0
10	unsafe	30	29	reset	171	0.14	0
10	unsafe	30	29	reset	172	0.13	0
10	unsafe	30	29	reset	173	0.131	0
10	unsafe	30	29	reset	174	0.14	0
10	unsafe	30	29	reset	175	0.15	0
10	unsafe	30	29	reset	176	0.14	0
10	unsafe	30	29	reset	177	0.14	0
10	unsafe	30	29	reset	178	0.14	0
10	unsafe	30	29	reset	179	0.13	0
10	unsafe	30	29	reset	180	0.14	0
10	unsafe	30	29	reset	181	0.151	0
10	unsafe	30	29	reset	182	0.13	0
10	unsafe	30	29	reset	183	0.141	0
10	unsafe	30	29	reset	184	0.131	0
10	unsafe	30	29	reset	185	0.14	0
10	unsafe	30	29	reset	186	0.141	0
10	unsafe	30	29	reset	187	0.141	0
10	unsafe	30	29	reset	188	0.141	0
10	unsafe	30	29	reset	189	0.141	0
10	unsafe	30	29	reset	190	0.14	0
10	unsafe	30	29	reset	191	0.14	0
10	unsafe	30	29	reset	192	0.14	0
10	unsafe	30	29	reset	193	0.14	0
10	unsafe	30	29	reset	194	0.131	0
10	unsafe	30	29	reset	195	0.14	0
10	unsafe	30	29	reset	196	0.13	0
10	unsafe	30	29	reset	197	0.141	0
10	unsafe	30	29	reset	198	0.14	0
10	unsafe	30	29	reset	199	0.131	0
10	unsafe	30	29	reset	200	0.141	0
10	unsafe	30	29	stall	1	0.0	0
10	unsafe	30	29	stall	2	0.0	0
10	unsafe	30	29	stall	3	0.0	0
10	unsafe	30	29	stall	4	0.0	0
10	unsafe	30	29	stall	5	4003.482	0
10	unsafe	30	29	stall	6	0.0	0
10	unsafe	30	29	stall	7	0.0	0
10	unsafe	30	29	stall	8	0.0	0
10	unsafe	30	29	stall	9	0.0	0
10	unsafe	30	29	stall	10	428.358	0
10	unsafe	30	29	stall	11	0.0	0
10	unsafe	30	29	stall	12	0.0	0
10	unsafe	30	29	stall	13	0.0	0
10	unsafe	30	29	stall	14	3012.933	0
10	unsafe	30	29	stall	15	0.0	0
10	unsafe	30	29	stall	16	0.0	0
10	unsafe	30	29	stall	17	0.0	0
10	unsafe	30	29	stall	18	0.0	0
10	unsafe	30	29	stall	19	0.0	0
10	unsafe	30	29	stall	20	0.0	0
10	unsafe	30	29	stall	21	3104.336	0
10	unsafe	30	29	stall	22	4002.821	0
10	unsafe	30	29	stall	23	0.0	0
10	unsafe	30	29	stall	24	0.0	0
10	unsafe	30	29	stall	25	0.0	0
10	unsafe	30	29	stall	26	0.0	0
10	unsafe	30	29	stall	27	0.0	0
10	unsafe	30	29	stall	28	0.0	0
10	unsafe	30	29	stall	29	0.0	0
