# round	mode	threads	workers	kind	index	value_us	collections
1	checked	1	0	reset	1	29.045	0
1	checked	1	0	reset	2	28.224	0
1	checked	1	0	reset	3	27.812	0
1	checked	1	0	reset	4	27.401	0
1	checked	1	0	reset	5	28.003	0
1	checked	1	0	reset	6	29.365	0
1	checked	1	0	reset	7	27.382	0
1	checked	1	0	reset	8	27.222	0
1	checked	1	0	reset	9	27.572	0
1	checked	1	0	reset	10	27.382	0
1	checked	1	0	reset	11	27.281	0
1	checked	1	0	reset	12	28.644	0
1	checked	1	0	reset	13	27.893	0
1	checked	1	0	reset	14	28.173	0
1	checked	1	0	reset	15	28.514	0
1	checked	1	0	reset	16	27.993	0
1	checked	1	0	reset	17	30.378	0
1	checked	1	0	reset	18	28.043	0
1	checked	1	0	reset	19	27.973	0
1	checked	1	0	reset	20	27.462	0
1	checked	1	0	reset	21	27.743	0
1	checked	1	0	reset	22	28.073	0
1	checked	1	0	reset	23	28.294	0
1	checked	1	0	reset	24	27.903	0
1	checked	1	0	reset	25	27.853	0
1	checked	1	0	reset	26	32.922	0
1	checked	1	0	reset	27	27.752	0
1	checked	1	0	reset	28	27.522	0
1	checked	1	0	reset	29	27.962	0
1	checked	1	0	reset	30	27.542	0
1	checked	1	0	reset	31	27.662	0
1	checked	1	0	reset	32	27.612	0
1	checked	1	0	reset	33	27.642	0
1	checked	1	0	reset	34	27.461	0
1	checked	1	0	reset	35	30.267	0
1	checked	1	0	reset	36	27.672	0
1	checked	1	0	reset	37	27.873	0
1	checked	1	0	reset	38	27.732	0
1	checked	1	0	reset	39	28.143	0
1	checked	1	0	reset	40	27.572	0
1	checked	1	0	reset	41	27.733	0
1	checked	1	0	reset	42	27.582	0
1	checked	1	0	reset	43	27.863	0
1	checked	1	0	reset	44	28.474	0
1	checked	1	0	reset	45	27.732	0
1	checked	1	0	reset	46	27.863	0
1	checked	1	0	reset	47	27.943	0
1	checked	1	0	reset	48	28.093	0
1	checked	1	0	reset	49	27.682	0
1	checked	1	0	reset	50	27.692	0
1	checked	1	0	reset	51	28.594	0
1	checked	1	0	reset	52	28.784	0
1	checked	1	0	reset	53	28.845	0
1	checked	1	0	reset	54	28.404	0
1	checked	1	0	reset	55	27.572	0
1	checked	1	0	reset	56	27.291	0
1	checked	1	0	reset	57	27.522	0
1	checked	1	0	reset	58	27.292	0
1	checked	1	0	reset	59	27.411	0
1	checked	1	0	reset	60	27.331	0
1	checked	1	0	reset	61	27.512	0
1	checked	1	0	reset	62	27.411	0
1	checked	1	0	reset	63	27.422	0
1	checked	1	0	reset	64	27.351	0
1	checked	1	0	reset	65	27.692	0
1	checked	1	0	reset	66	27.371	0
1	checked	1	0	reset	67	27.663	0
1	checked	1	0	reset	68	27.311	0
1	checked	1	0	reset	69	27.572	0
1	checked	1	0	reset	70	27.723	0
1	checked	1	0	reset	71	27.542	0
1	checked	1	0	reset	72	27.321	0
1	checked	1	0	reset	73	27.652	0
1	checked	1	0	reset	74	27.472	0
1	checked	1	0	reset	75	27.522	0
1	checked	1	0	reset	76	27.622	0
1	checked	1	0	reset	77	27.562	0
1	checked	1	0	reset	78	27.702	0
1	checked	1	0	reset	79	27.693	0
1	checked	1	0	reset	80	27.441	0
1	checked	1	0	reset	81	27.762	0
1	checked	1	0	reset	82	27.432	0
1	checked	1	0	reset	83	27.722	0
1	checked	1	0	reset	84	27.431	0
1	checked	1	0	reset	85	27.532	0
1	checked	1	0	reset	86	27.753	0
1	checked	1	0	reset	87	27.942	0
1	checked	1	0	reset	88	27.462	0
1	checked	1	0	reset	89	27.582	0
1	checked	1	0	reset	90	27.592	0
1	checked	1	0	reset	91	27.623	0
1	checked	1	0	reset	92	27.733	0
1	checked	1	0	reset	93	27.983	0
1	checked	1	0	reset	94	27.421	0
1	checked	1	0	reset	95	27.662	0
1	checked	1	0	reset	96	28.153	0
1	checked	1	0	reset	97	27.842	0
1	checked	1	0	reset	98	27.773	0
1	checked	1	0	reset	99	27.743	0
1	checked	1	0	reset	100	27.482	0
1	checked	1	0	reset	101	28.304	0
1	checked	1	0	reset	102	27.341	0
1	checked	1	0	reset	103	27.532	0
1	checked	1	0	reset	104	27.602	0
1	checked	1	0	reset	105	29.155	0
1	checked	1	0	reset	106	27.873	0
1	checked	1	0	reset	107	28.103	0
1	checked	1	0	reset	108	27.592	0
1	checked	1	0	reset	109	27.702	0
1	checked	1	0	reset	110	27.883	0
1	checked	1	0	reset	111	27.572	0
1	checked	1	0	reset	112	27.562	0
1	checked	1	0	reset	113	27.812	0
1	checked	1	0	reset	114	28.053	0
1	checked	1	0	reset	115	27.883	0
1	checked	1	0	reset	116	27.802	0
1	checked	1	0	reset	117	28.434	0
1	checked	1	0	reset	118	27.872	0
1	checked	1	0	reset	119	27.532	0
1	checked	1	0	reset	120	27.261	0
1	checked	1	0	reset	121	27.442	0
1	checked	1	0	reset	122	27.381	0
1	checked	1	0	reset	123	29.746	0
1	checked	1	0	reset	124	27.492	0
1	checked	1	0	reset	125	27.922	0
1	checked	1	0	reset	126	27.763	0
1	checked	1	0	reset	127	31.54	0
1	checked	1	0	reset	128	27.813	0
1	checked	1	0	reset	129	28.173	0
1	checked	1	0	reset	130	28.654	0
1	checked	1	0	reset	131	28.253	0
1	checked	1	0	reset	132	30.708	0
1	checked	1	0	reset	133	28.013	0
1	checked	1	0	reset	134	28.093	0
1	checked	1	0	reset	135	27.853	0
1	checked	1	0	reset	136	27.632	0
1	checked	1	0	reset	137	27.702	0
1	checked	1	0	reset	138	28.504	0
1	checked	1	0	reset	139	28.083	0
1	checked	1	0	reset	140	27.281	0
1	checked	1	0	reset	141	29.887	0
1	checked	1	0	reset	142	27.312	0
1	checked	1	0	reset	143	27.361	0
1	checked	1	0	reset	144	27.231	0
1	checked	1	0	reset	145	27.512	0
1	checked	1	0	reset	146	27.222	0
1	checked	1	0	reset	147	27.432	0
1	checked	1	0	reset	148	26.981	0
1	checked	1	0	reset	149	27.431	0
1	checked	1	0	reset	150	29.976	0
1	checked	1	0	reset	151	27.472	0
1	checked	1	0	reset	152	27.231	0
1	checked	1	0	reset	153	27.371	0
1	checked	1	0	reset	154	27.252	0
1	checked	1	0	reset	155	27.331	0
1	checked	1	0	reset	156	27.252	0
1	checked	1	0	reset	157	27.431	0
1	checked	1	0	reset	158	27.352	0
1	checked	1	0	reset	159	27.873	0
1	checked	1	0	reset	160	27.241	0
1	checked	1	0	reset	161	28.003	0
1	checked	1	0	reset	162	27.652	0
1	checked	1	0	reset	163	28.073	0
1	checked	1	0	reset	164	27.431	0
1	checked	1	0	reset	165	27.673	0
1	checked	1	0	reset	166	27.451	0
1	checked	1	0	reset	167	27.643	0
1	checked	1	0	reset	168	27.442	0
1	checked	1	0	reset	169	27.973	0
1	checked	1	0	reset	170	27.462	0
1	checked	1	0	reset	171	27.522	0
1	checked	1	0	reset	172	27.592	0
1	checked	1	0	reset	173	28.023	0
1	checked	1	0	reset	174	27.632	0
1	checked	1	0	reset	175	27.692	0
1	checked	1	0	reset	176	27.642	0
1	checked	1	0	reset	177	28.003	0
1	checked	1	0	reset	178	34.706	0
1	checked	1	0	reset	179	27.943	0
1	checked	1	0	reset	180	29.355	0
1	checked	1	0	reset	181	27.663	0
1	checked	1	0	reset	182	27.592	0
1	checked	1	0	reset	183	27.532	0
1	checked	1	0	reset	184	27.221	0
1	checked	1	0	reset	185	27.382	0
1	checked	1	0	reset	186	27.232	0
1	checked	1	0	reset	187	27.362	0
1	checked	1	0	reset	188	27.342	0
1	checked	1	0	reset	189	27.361	0
1	checked	1	0	reset	190	27.311	0
1	checked	1	0	reset	191	27.412	0
1	checked	1	0	reset	192	27.331	0
1	checked	1	0	reset	193	29.826	0
1	checked	1	0	reset	194	27.982	0
1	checked	1	0	reset	195	27.632	0
1	checked	1	0	reset	196	27.532	0
1	checked	1	0	reset	197	27.753	0
1	checked	1	0	reset	198	27.332	0
1	checked	1	0	reset	199	27.732	0
1	checked	1	0	reset	200	27.552	0
1	unsafe	1	0	reset	1	0.15	0
1	unsafe	1	0	reset	2	0.14	0
1	unsafe	1	0	reset	3	0.07	0
1	unsafe	1	0	reset	4	0.08	0
1	unsafe	1	0	reset	5	0.101	0
1	unsafe	1	0	reset	6	0.06	0
1	unsafe	1	0	reset	7	0.12	0
1	unsafe	1	0	reset	8	0.08	0
1	unsafe	1	0	reset	9	0.1	0
1	unsafe	1	0	reset	10	0.091	0
1	unsafe	1	0	reset	11	0.07	0
1	unsafe	1	0	reset	12	0.07	0
1	unsafe	1	0	reset	13	0.07	0
1	unsafe	1	0	reset	14	0.08	0
1	unsafe	1	0	reset	15	0.07	0
1	unsafe	1	0	reset	16	0.09	0
1	unsafe	1	0	reset	17	0.08	0
1	unsafe	1	0	reset	18	0.1	0
1	unsafe	1	0	reset	19	0.081	0
1	unsafe	1	0	reset	20	0.07	0
1	unsafe	1	0	reset	21	0.081	0
1	unsafe	1	0	reset	22	0.091	0
1	unsafe	1	0	reset	23	0.14	0
1	unsafe	1	0	reset	24	0.08	0
1	unsafe	1	0	reset	25	0.09	0
1	unsafe	1	0	reset	26	0.101	0
1	unsafe	1	0	reset	27	0.1	0
1	unsafe	1	0	reset	28	0.09	0
1	unsafe	1	0	reset	29	0.08	0
1	unsafe	1	0	reset	30	0.09	0
1	unsafe	1	0	reset	31	0.081	0
1	unsafe	1	0	reset	32	0.08	0
1	unsafe	1	0	reset	33	0.081	0
1	unsafe	1	0	reset	34	0.08	0
1	unsafe	1	0	reset	35	0.07	0
1	unsafe	1	0	reset	36	0.08	0
1	unsafe	1	0	reset	37	0.1	0
1	unsafe	1	0	reset	38	0.08	0
1	unsafe	1	0	reset	39	0.07	0
1	unsafe	1	0	reset	40	0.09	0
1	unsafe	1	0	reset	41	0.08	0
1	unsafe	1	0	reset	42	0.08	0
1	unsafe	1	0	reset	43	0.07	0
1	unsafe	1	0	reset	44	0.091	0
1	unsafe	1	0	reset	45	0.09	0
1	unsafe	1	0	reset	46	0.08	0
1	unsafe	1	0	reset	47	0.1	0
1	unsafe	1	0	reset	48	0.08	0
1	unsafe	1	0	reset	49	0.1	0
1	unsafe	1	0	reset	50	0.08	0
1	unsafe	1	0	reset	51	0.121	0
1	unsafe	1	0	reset	52	0.07	0
1	unsafe	1	0	reset	53	0.081	0
1	unsafe	1	0	reset	54	0.09	0
1	unsafe	1	0	reset	55	0.09	0
1	unsafe	1	0	reset	56	0.07	0
1	unsafe	1	0	reset	57	0.141	0
1	unsafe	1	0	reset	58	0.09	0
1	unsafe	1	0	reset	59	0.07	0
1	unsafe	1	0	reset	60	0.08	0
1	unsafe	1	0	reset	61	0.11	0
1	unsafe	1	0	reset	62	0.08	0
1	unsafe	1	0	reset	63	0.09	0
1	unsafe	1	0	reset	64	0.08	0
1	unsafe	1	0	reset	65	0.1	0
1	unsafe	1	0	reset	66	0.08	0
1	unsafe	1	0	reset	67	0.071	0
1	unsafe	1	0	reset	68	0.08	0
1	unsafe	1	0	reset	69	0.07	0
1	unsafe	1	0	reset	70	0.08	0
1	unsafe	1	0	reset	71	0.09	0
1	unsafe	1	0	reset	72	0.071	0
1	unsafe	1	0	reset	73	0.07	0
1	unsafe	1	0	reset	74	0.1	0
1	unsafe	1	0	reset	75	0.11	0
1	unsafe	1	0	reset	76	0.08	0
1	unsafe	1	0	reset	77	0.07	0
1	unsafe	1	0	reset	78	0.101	0
1	unsafe	1	0	reset	79	0.08	0
1	unsafe	1	0	reset	80	0.081	0
1	unsafe	1	0	reset	81	0.09	0
1	unsafe	1	0	reset	82	0.07	0
1	unsafe	1	0	reset	83	0.07	0
1	unsafe	1	0	reset	84	0.09	0
1	unsafe	1	0	reset	85	0.1	0
1	unsafe	1	0	reset	86	0.09	0
1	unsafe	1	0	reset	87	0.08	0
1	unsafe	1	0	reset	88	0.09	0
1	unsafe	1	0	reset	89	0.09	0
1	unsafe	1	0	reset	90	0.081	0
1	unsafe	1	0	reset	91	0.08	0
1	unsafe	1	0	reset	92	0.111	0
1	unsafe	1	0	reset	93	0.09	0
1	unsafe	1	0	reset	94	0.08	0
1	unsafe	1	0	reset	95	0.08	0
1	unsafe	1	0	reset	96	0.07	0
1	unsafe	1	0	reset	97	0.08	0
1	unsafe	1	0	reset	98	0.07	0
1	unsafe	1	0	reset	99	0.07	0
1	unsafe	1	0	reset	100	0.1	0
1	unsafe	1	0	reset	101	0.07	0
1	unsafe	1	0	reset	102	0.08	0
1	unsafe	1	0	reset	103	0.08	0
1	unsafe	1	0	reset	104	0.08	0
1	unsafe	1	0	reset	105	0.09	0
1	unsafe	1	0	reset	106	0.07	0
1	unsafe	1	0	reset	107	0.07	0
1	unsafe	1	0	reset	108	0.09	0
1	unsafe	1	0	reset	109	0.08	0
1	unsafe	1	0	reset	110	0.1	0
1	unsafe	1	0	reset	111	0.091	0
1	unsafe	1	0	reset	112	0.08	0
1	unsafe	1	0	reset	113	0.08	0
1	unsafe	1	0	reset	114	0.08	0
1	unsafe	1	0	reset	115	0.1	0
1	unsafe	1	0	reset	116	0.08	0
1	unsafe	1	0	reset	117	0.08	0
1	unsafe	1	0	reset	118	0.07	0
1	unsafe	1	0	reset	119	0.09	0
1	unsafe	1	0	reset	120	0.06	0
1	unsafe	1	0	reset	121	0.081	0
1	unsafe	1	0	reset	122	0.091	0
1	unsafe	1	0	reset	123	0.071	0
1	unsafe	1	0	reset	124	0.08	0
1	unsafe	1	0	reset	125	0.07	0
1	unsafe	1	0	reset	126	0.07	0
1	unsafe	1	0	reset	127	0.09	0
1	unsafe	1	0	reset	128	0.09	0
1	unsafe	1	0	reset	129	0.081	0
1	unsafe	1	0	reset	130	0.16	0
1	unsafe	1	0	reset	131	0.11	0
1	unsafe	1	0	reset	132	0.07	0
1	unsafe	1	0	reset	133	0.1	0
1	unsafe	1	0	reset	134	0.08	0
1	unsafe	1	0	reset	135	0.081	0
1	unsafe	1	0	reset	136	0.07	0
1	unsafe	1	0	reset	137	0.071	0
1	unsafe	1	0	reset	138	0.08	0
1	unsafe	1	0	reset	139	0.1	0
1	unsafe	1	0	reset	140	0.071	0
1	unsafe	1	0	reset	141	0.09	0
1	unsafe	1	0	reset	142	0.07	0
1	unsafe	1	0	reset	143	0.081	0
1	unsafe	1	0	reset	144	0.07	0
1	unsafe	1	0	reset	145	0.09	0
1	unsafe	1	0	reset	146	0.081	0
1	unsafe	1	0	reset	147	0.07	0
1	unsafe	1	0	reset	148	0.07	0
1	unsafe	1	0	reset	149	0.07	0
1	unsafe	1	0	reset	150	0.08	0
1	unsafe	1	0	reset	151	0.08	0
1	unsafe	1	0	reset	152	0.11	0
1	unsafe	1	0	reset	153	0.08	0
1	unsafe	1	0	reset	154	0.071	0
1	unsafe	1	0	reset	155	0.08	0
1	unsafe	1	0	reset	156	0.07	0
1	unsafe	1	0	reset	157	0.08	0
1	unsafe	1	0	reset	158	0.08	0
1	unsafe	1	0	reset	159	0.09	0
1	unsafe	1	0	reset	160	0.08	0
1	unsafe	1	0	reset	161	0.08	0
1	unsafe	1	0	reset	162	0.09	0
1	unsafe	1	0	reset	163	0.08	0
1	unsafe	1	0	reset	164	0.13	0
1	unsafe	1	0	reset	165	0.2	0
1	unsafe	1	0	reset	166	0.081	0
1	unsafe	1	0	reset	167	0.09	0
1	unsafe	1	0	reset	168	0.09	0
1	unsafe	1	0	reset	169	0.08	0
1	unsafe	1	0	reset	170	0.07	0
1	unsafe	1	0	reset	171	0.07	0
1	unsafe	1	0	reset	172	0.09	0
1	unsafe	1	0	reset	173	0.09	0
1	unsafe	1	0	reset	174	0.09	0
1	unsafe	1	0	reset	175	0.08	0
1	unsafe	1	0	reset	176	0.08	0
1	unsafe	1	0	reset	177	0.1	0
1	unsafe	1	0	reset	178	0.07	0
1	unsafe	1	0	reset	179	0.07	0
1	unsafe	1	0	reset	180	0.09	0
1	unsafe	1	0	reset	181	0.1	0
1	unsafe	1	0	reset	182	0.07	0
1	unsafe	1	0	reset	183	0.08	0
1	unsafe	1	0	reset	184	0.08	0
1	unsafe	1	0	reset	185	0.08	0
1	unsafe	1	0	reset	186	0.09	0
1	unsafe	1	0	reset	187	0.09	0
1	unsafe	1	0	reset	188	0.08	0
1	unsafe	1	0	reset	189	0.08	0
1	unsafe	1	0	reset	190	0.14	0
1	unsafe	1	0	reset	191	0.07	0
1	unsafe	1	0	reset	192	0.1	0
1	unsafe	1	0	reset	193	0.09	0
1	unsafe	1	0	reset	194	0.091	0
1	unsafe	1	0	reset	195	0.09	0
1	unsafe	1	0	reset	196	0.09	0
1	unsafe	1	0	reset	197	0.09	0
1	unsafe	1	0	reset	198	0.07	0
1	unsafe	1	0	reset	199	0.09	0
1	unsafe	1	0	reset	200	0.07	0
1	checked	4	3	reset	1	44.865	0
1	checked	4	3	reset	2	41.098	0
1	checked	4	3	reset	3	189.958	0
1	checked	4	3	reset	4	14036.888	0
1	checked	4	3	reset	5	81.083	0
1	checked	4	3	reset	6	48.421	0
1	checked	4	3	reset	7	50.696	0
1	checked	4	3	reset	8	46.888	0
1	checked	4	3	reset	9	70.844	0
1	checked	4	3	reset	10	42.029	0
1	checked	4	3	reset	11	54.603	0
1	checked	4	3	reset	12	54.693	0
1	checked	4	3	reset	13	43.883	0
1	checked	4	3	reset	14	49.884	0
1	checked	4	3	reset	15	38.794	0
1	checked	4	3	reset	16	57.127	0
1	checked	4	3	reset	17	41.238	0
1	checked	4	3	reset	18	41.007	0
1	checked	4	3	reset	19	39.846	0
1	checked	4	3	reset	20	39.795	0
1	checked	4	3	reset	21	40.536	0
1	checked	4	3	reset	22	41.989	0
1	checked	4	3	reset	23	41.027	0
1	checked	4	3	reset	24	40.707	0
1	checked	4	3	reset	25	38.854	0
1	checked	4	3	reset	26	39.224	0
1	checked	4	3	reset	27	41.288	0
1	checked	4	3	reset	28	38.072	0
1	checked	4	3	reset	29	40.486	0
1	checked	4	3	reset	30	39.865	0
1	checked	4	3	reset	31	41.548	0
1	checked	4	3	reset	32	38.623	0
1	checked	4	3	reset	33	40.647	0
1	checked	4	3	reset	34	39.976	0
1	checked	4	3	reset	35	41.177	0
1	checked	4	3	reset	36	40.867	0
1	checked	4	3	reset	37	39.725	0
1	checked	4	3	reset	38	41.608	0
1	checked	4	3	reset	39	39.485	0
1	checked	4	3	reset	40	38.884	0
1	checked	4	3	reset	41	39.655	0
1	checked	4	3	reset	42	38.833	0
1	checked	4	3	reset	43	35.587	0
1	checked	4	3	reset	44	41.739	0
1	checked	4	3	reset	45	34.104	0
1	checked	4	3	reset	46	34.204	0
1	checked	4	3	reset	47	34.235	0
1	checked	4	3	reset	48	34.154	0
1	checked	4	3	reset	49	34.025	0
1	checked	4	3	reset	50	33.664	0
1	checked	4	3	reset	51	34.816	0
1	checked	4	3	reset	52	34.555	0
1	checked	4	3	reset	53	34.445	0
1	checked	4	3	reset	54	33.554	0
1	checked	4	3	reset	55	35.006	0
1	checked	4	3	reset	56	36.829	0
1	checked	4	3	reset	57	34.685	0
1	checked	4	3	reset	58	35.216	0
1	checked	4	3	reset	59	34.906	0
1	checked	4	3	reset	60	36.349	0
1	checked	4	3	reset	61	33.964	0
1	checked	4	3	reset	62	34.966	0
1	checked	4	3	reset	63	36.008	0
1	checked	4	3	reset	64	35.907	0
1	checked	4	3	reset	65	35.086	0
1	checked	4	3	reset	66	35.256	0
1	checked	4	3	reset	67	35.057	0
1	checked	4	3	reset	68	35.036	0
1	checked	4	3	reset	69	36.128	0
1	checked	4	3	reset	70	34.966	0
1	checked	4	3	reset	71	36.97	0
1	checked	4	3	reset	72	34.936	0
1	checked	4	3	reset	73	35.316	0
1	checked	4	3	reset	74	35.377	0
1	checked	4	3	reset	75	37.601	0
1	checked	4	3	reset	76	34.776	0
1	checked	4	3	reset	77	34.505	0
1	checked	4	3	reset	78	34.395	0
1	checked	4	3	reset	79	35.447	0
1	checked	4	3	reset	80	39.434	0
1	checked	4	3	reset	81	35.357	0
1	checked	4	3	reset	82	35.046	0
1	checked	4	3	reset	83	35.427	0
1	checked	4	3	reset	84	34.656	0
1	checked	4	3	reset	85	34.836	0
1	checked	4	3	reset	86	37.551	0
1	checked	4	3	reset	87	35.036	0
1	checked	4	3	reset	88	34.876	0
1	checked	4	3	reset	89	34.425	0
1	checked	4	3	reset	90	34.204	0
1	checked	4	3	reset	91	34.786	0
1	checked	4	3	reset	92	34.535	0
1	checked	4	3	reset	93	34.585	0
1	checked	4	3	reset	94	34.515	0
1	checked	4	3	reset	95	36.799	0
1	checked	4	3	reset	96	34.495	0
1	checked	4	3	reset	97	34.845	0
1	checked	4	3	reset	98	34.575	0
1	checked	4	3	reset	99	35.337	0
1	checked	4	3	reset	100	34.465	0
1	checked	4	3	reset	101	34.375	0
1	checked	4	3	reset	102	34.475	0
1	checked	4	3	reset	103	34.195	0
1	checked	4	3	reset	104	34.676	0
1	checked	4	3	reset	105	34.806	0
1	checked	4	3	reset	106	37.741	0
1	checked	4	3	reset	107	34.726	0
1	checked	4	3	reset	108	34.135	0
1	checked	4	3	reset	109	35.146	0
1	checked	4	3	reset	110	34.686	0
1	checked	4	3	reset	111	35.677	0
1	checked	4	3	reset	112	34.235	0
1	checked	4	3	reset	113	34.876	0
1	checked	4	3	reset	114	33.383	0
1	checked	4	3	reset	115	34.195	0
1	checked	4	3	reset	116	34.385	0
1	checked	4	3	reset	117	37.141	0
1	checked	4	3	reset	118	622.584	0
1	checked	4	3	reset	119	65.223	0
1	checked	4	3	reset	120	52.95	0
1	checked	4	3	reset	121	36.669	0
1	checked	4	3	reset	122	35.247	0
1	checked	4	3	reset	123	35.067	0
1	checked	4	3	reset	124	36.418	0
1	checked	4	3	reset	125	35.406	0
1	checked	4	3	reset	126	36.338	0
1	checked	4	3	reset	127	35.186	0
1	checked	4	3	reset	128	36.328	0
1	checked	4	3	reset	129	37.27	0
1	checked	4	3	reset	130	35.718	0
1	checked	4	3	reset	131	35.307	0
1	checked	4	3	reset	132	35.427	0
1	checked	4	3	reset	133	35.437	0
1	checked	4	3	reset	134	37.37	0
1	checked	4	3	reset	135	35.146	0
1	checked	4	3	reset	136	49.623	0
1	checked	4	3	reset	137	37.23	0
1	checked	4	3	reset	138	37.12	0
1	checked	4	3	reset	139	35.307	0
1	checked	4	3	reset	140	34.996	0
1	checked	4	3	reset	141	34.144	0
1	checked	4	3	reset	142	35.697	0
1	checked	4	3	reset	143	34.606	0
1	checked	4	3	reset	144	35.687	0
1	checked	4	3	reset	145	34.926	0
1	checked	4	3	reset	146	35.617	0
1	checked	4	3	reset	147	35.166	0
1	checked	4	3	reset	148	36.148	0
1	checked	4	3	reset	149	36.619	0
1	checked	4	3	reset	150	35.196	0
1	checked	4	3	reset	151	38.012	0
1	checked	4	3	reset	152	35.998	0
1	checked	4	3	reset	153	34.224	0
1	checked	4	3	reset	154	36.859	0
1	checked	4	3	reset	155	35.176	0
1	checked	4	3	reset	156	36.519	0
1	checked	4	3	reset	157	35.527	0
1	checked	4	3	reset	158	35.327	0
1	checked	4	3	reset	159	35.237	0
1	checked	4	3	reset	160	35.588	0
1	checked	4	3	reset	161	35.397	0
1	checked	4	3	reset	162	35.356	0
1	checked	4	3	reset	163	35.688	0
1	checked	4	3	reset	164	35.437	0
1	checked	4	3	reset	165	35.307	0
1	checked	4	3	reset	166	35.777	0
1	checked	4	3	reset	167	35.227	0
1	checked	4	3	reset	168	34.155	0
1	checked	4	3	reset	169	35.958	0
1	checked	4	3	reset	170	37.04	0
1	checked	4	3	reset	171	35.376	0
1	checked	4	3	reset	172	35.387	0
1	checked	4	3	reset	173	36.418	0
1	checked	4	3	reset	174	34.936	0
1	checked	4	3	reset	175	47.43	0
1	checked	4	3	reset	176	35.317	0
1	checked	4	3	reset	177	36.308	0
1	checked	4	3	reset	178	36.519	0
1	checked	4	3	reset	179	34.695	0
1	checked	4	3	reset	180	38.703	0
1	checked	4	3	reset	181	35.367	0
1	checked	4	3	reset	182	34.685	0
1	checked	4	3	reset	183	35.216	0
1	checked	4	3	reset	184	41.048	0
1	checked	4	3	reset	185	37.972	0
1	checked	4	3	reset	186	38.853	0
1	checked	4	3	reset	187	35.978	0
1	checked	4	3	reset	188	44.725	0
1	checked	4	3	reset	189	36.909	0
1	checked	4	3	reset	190	35.176	0
1	checked	4	3	reset	191	34.956	0
1	checked	4	3	reset	192	34.485	0
1	checked	4	3	reset	193	35.107	0
1	checked	4	3	reset	194	35.968	0
1	checked	4	3	reset	195	35.807	0
1	checked	4	3	reset	196	35.988	0
1	checked	4	3	reset	197	35.427	0
1	checked	4	3	reset	198	38.383	0
1	checked	4	3	reset	199	34.556	0
1	checked	4	3	reset	200	35.186	0
1	checked	4	3	stall	1	621.252	0
1	checked	4	3	stall	2	621.062	0
1	checked	4	3	stall	3	630.008	0
1	unsafe	4	3	reset	1	0.16	0
1	unsafe	4	3	reset	2	0.091	0
1	unsafe	4	3	reset	3	0.09	0
1	unsafe	4	3	reset	4	0.1	0
1	unsafe	4	3	reset	5	0.06	0
1	unsafe	4	3	reset	6	0.07	0
1	unsafe	4	3	reset	7	0.171	0
1	unsafe	4	3	reset	8	0.08	0
1	unsafe	4	3	reset	9	0.08	0
1	unsafe	4	3	reset	10	0.07	0
1	unsafe	4	3	reset	11	0.07	0
1	unsafe	4	3	reset	12	0.07	0
1	unsafe	4	3	reset	13	0.071	0
1	unsafe	4	3	reset	14	0.08	0
1	unsafe	4	3	reset	15	0.07	0
1	unsafe	4	3	reset	16	0.07	0
1	unsafe	4	3	reset	17	0.081	0
1	unsafe	4	3	reset	18	0.08	0
1	unsafe	4	3	reset	19	0.08	0
1	unsafe	4	3	reset	20	0.08	0
1	unsafe	4	3	reset	21	0.08	0
1	unsafe	4	3	reset	22	0.091	0
1	unsafe	4	3	reset	23	0.07	0
1	unsafe	4	3	reset	24	0.071	0
1	unsafe	4	3	reset	25	0.08	0
1	unsafe	4	3	reset	26	0.08	0
1	unsafe	4	3	reset	27	0.08	0
1	unsafe	4	3	reset	28	0.08	0
1	unsafe	4	3	reset	29	0.08	0
1	unsafe	4	3	reset	30	0.08	0
1	unsafe	4	3	reset	31	0.08	0
1	unsafe	4	3	reset	32	0.08	0
1	unsafe	4	3	reset	33	0.081	0
1	unsafe	4	3	reset	34	0.08	0
1	unsafe	4	3	reset	35	0.08	0
1	unsafe	4	3	reset	36	0.08	0
1	unsafe	4	3	reset	37	0.07	0
1	unsafe	4	3	reset	38	0.101	0
1	unsafe	4	3	reset	39	0.07	0
1	unsafe	4	3	reset	40	0.08	0
1	unsafe	4	3	reset	41	0.08	0
1	unsafe	4	3	reset	42	0.09	0
1	unsafe	4	3	reset	43	0.08	0
1	unsafe	4	3	reset	44	0.07	0
1	unsafe	4	3	reset	45	0.1	0
1	unsafe	4	3	reset	46	0.07	0
1	unsafe	4	3	reset	47	0.09	0
1	unsafe	4	3	reset	48	0.08	0
1	unsafe	4	3	reset	49	0.07	0
1	unsafe	4	3	reset	50	0.07	0
1	unsafe	4	3	reset	51	0.08	0
1	unsafe	4	3	reset	52	0.08	0
1	unsafe	4	3	reset	53	0.08	0
1	unsafe	4	3	reset	54	0.08	0
1	unsafe	4	3	reset	55	0.1	0
1	unsafe	4	3	reset	56	0.07	0
1	unsafe	4	3	reset	57	0.081	0
1	unsafe	4	3	reset	58	0.07	0
1	unsafe	4	3	reset	59	0.081	0
1	unsafe	4	3	reset	60	0.07	0
1	unsafe	4	3	reset	61	0.07	0
1	unsafe	4	3	reset	62	0.09	0
1	unsafe	4	3	reset	63	0.08	0
1	unsafe	4	3	reset	64	0.08	0
1	unsafe	4	3	reset	65	0.08	0
1	unsafe	4	3	reset	66	0.11	0
1	unsafe	4	3	reset	67	0.07	0
1	unsafe	4	3	reset	68	0.081	0
1	unsafe	4	3	reset	69	0.08	0
1	unsafe	4	3	reset	70	0.08	0
1	unsafe	4	3	reset	71	0.07	0
1	unsafe	4	3	reset	72	0.07	0
1	unsafe	4	3	reset	73	0.08	0
1	unsafe	4	3	reset	74	0.081	0
1	unsafe	4	3	reset	75	0.07	0
1	unsafe	4	3	reset	76	0.07	0
1	unsafe	4	3	reset	77	0.07	0
1	unsafe	4	3	reset	78	0.09	0
1	unsafe	4	3	reset	79	0.08	0
1	unsafe	4	3	reset	80	0.07	0
1	unsafe	4	3	reset	81	0.08	0
1	unsafe	4	3	reset	82	0.08	0
1	unsafe	4	3	reset	83	0.08	0
1	unsafe	4	3	reset	84	0.07	0
1	unsafe	4	3	reset	85	0.08	0
1	unsafe	4	3	reset	86	0.07	0
1	unsafe	4	3	reset	87	0.08	0
1	unsafe	4	3	reset	88	0.08	0
1	unsafe	4	3	reset	89	0.07	0
1	unsafe	4	3	reset	90	0.08	0
1	unsafe	4	3	reset	91	0.08	0
1	unsafe	4	3	reset	92	0.16	0
1	unsafe	4	3	reset	93	0.08	0
1	unsafe	4	3	reset	94	0.07	0
1	unsafe	4	3	reset	95	0.081	0
1	unsafe	4	3	reset	96	0.08	0
1	unsafe	4	3	reset	97	0.08	0
1	unsafe	4	3	reset	98	0.07	0
1	unsafe	4	3	reset	99	0.111	0
1	unsafe	4	3	reset	100	0.07	0
1	unsafe	4	3	reset	101	0.08	0
1	unsafe	4	3	reset	102	0.091	0
1	unsafe	4	3	reset	103	0.08	0
1	unsafe	4	3	reset	104	0.071	0
1	unsafe	4	3	reset	105	0.071	0
1	unsafe	4	3	reset	106	0.081	0
1	unsafe	4	3	reset	107	0.08	0
1	unsafe	4	3	reset	108	0.08	0
1	unsafe	4	3	reset	109	0.07	0
1	unsafe	4	3	reset	110	0.06	0
1	unsafe	4	3	reset	111	0.12	0
1	unsafe	4	3	reset	112	0.09	0
1	unsafe	4	3	reset	113	0.11	0
1	unsafe	4	3	reset	114	0.07	0
1	unsafe	4	3	reset	115	0.12	0
1	unsafe	4	3	reset	116	0.07	0
1	unsafe	4	3	reset	117	0.07	0
1	unsafe	4	3	reset	118	0.07	0
1	unsafe	4	3	reset	119	0.08	0
1	unsafe	4	3	reset	120	0.08	0
1	unsafe	4	3	reset	121	0.07	0
1	unsafe	4	3	reset	122	0.07	0
1	unsafe	4	3	reset	123	0.08	0
1	unsafe	4	3	reset	124	0.08	0
1	unsafe	4	3	reset	125	0.1	0
1	unsafe	4	3	reset	126	0.07	0
1	unsafe	4	3	reset	127	0.081	0
1	unsafe	4	3	reset	128	0.07	0
1	unsafe	4	3	reset	129	0.07	0
1	unsafe	4	3	reset	130	0.08	0
1	unsafe	4	3	reset	131	0.08	0
1	unsafe	4	3	reset	132	0.07	0
1	unsafe	4	3	reset	133	0.08	0
1	unsafe	4	3	reset	134	0.07	0
1	unsafe	4	3	reset	135	0.08	0
1	unsafe	4	3	reset	136	0.09	0
1	unsafe	4	3	reset	137	0.08	0
1	unsafe	4	3	reset	138	0.09	0
1	unsafe	4	3	reset	139	0.07	0
1	unsafe	4	3	reset	140	0.08	0
1	unsafe	4	3	reset	141	0.07	0
1	unsafe	4	3	reset	142	0.07	0
1	unsafe	4	3	reset	143	0.08	0
1	unsafe	4	3	reset	144	0.101	0
1	unsafe	4	3	reset	145	0.08	0
1	unsafe	4	3	reset	146	0.07	0
1	unsafe	4	3	reset	147	0.071	0
1	unsafe	4	3	reset	148	0.07	0
1	unsafe	4	3	reset	149	0.08	0
1	unsafe	4	3	reset	150	0.09	0
1	unsafe	4	3	reset	151	0.09	0
1	unsafe	4	3	reset	152	0.08	0
1	unsafe	4	3	reset	153	0.07	0
1	unsafe	4	3	reset	154	0.08	0
1	unsafe	4	3	reset	155	0.07	0
1	unsafe	4	3	reset	156	0.081	0
1	unsafe	4	3	reset	157	0.08	0
1	unsafe	4	3	reset	158	0.07	0
1	unsafe	4	3	reset	159	0.07	0
1	unsafe	4	3	reset	160	0.07	0
1	unsafe	4	3	reset	161	0.081	0
1	unsafe	4	3	reset	162	0.07	0
1	unsafe	4	3	reset	163	0.08	0
1	unsafe	4	3	reset	164	0.08	0
1	unsafe	4	3	reset	165	0.081	0
1	unsafe	4	3	reset	166	0.1	0
1	unsafe	4	3	reset	167	0.08	0
1	unsafe	4	3	reset	168	0.07	0
1	unsafe	4	3	reset	169	0.11	0
1	unsafe	4	3	reset	170	0.081	0
1	unsafe	4	3	reset	171	0.08	0
1	unsafe	4	3	reset	172	0.08	0
1	unsafe	4	3	reset	173	0.08	0
1	unsafe	4	3	reset	174	0.07	0
1	unsafe	4	3	reset	175	0.08	0
1	unsafe	4	3	reset	176	0.08	0
1	unsafe	4	3	reset	177	0.07	0
1	unsafe	4	3	reset	178	0.08	0
1	unsafe	4	3	reset	179	0.08	0
1	unsafe	4	3	reset	180	0.07	0
1	unsafe	4	3	reset	181	0.08	0
1	unsafe	4	3	reset	182	0.08	0
1	unsafe	4	3	reset	183	0.09	0
1	unsafe	4	3	reset	184	0.081	0
1	unsafe	4	3	reset	185	0.08	0
1	unsafe	4	3	reset	186	0.07	0
1	unsafe	4	3	reset	187	0.081	0
1	unsafe	4	3	reset	188	0.07	0
1	unsafe	4	3	reset	189	0.08	0
1	unsafe	4	3	reset	190	0.08	0
1	unsafe	4	3	reset	191	0.08	0
1	unsafe	4	3	reset	192	0.071	0
1	unsafe	4	3	reset	193	0.07	0
1	unsafe	4	3	reset	194	0.08	0
1	unsafe	4	3	reset	195	0.11	0
1	unsafe	4	3	reset	196	0.07	0
1	unsafe	4	3	reset	197	0.07	0
1	unsafe	4	3	reset	198	0.07	0
1	unsafe	4	3	reset	199	0.08	0
1	unsafe	4	3	reset	200	0.08	0
1	unsafe	4	3	stall	1	0.0	0
1	unsafe	4	3	stall	2	0.0	0
1	unsafe	4	3	stall	3	0.0	0
1	checked	8	7	reset	1	61.546	1
1	checked	8	7	reset	2	48.06	1
1	checked	8	7	reset	3	65.454	1
1	checked	8	7	reset	4	122.842	1
1	checked	8	7	reset	5	52.599	1
1	checked	8	7	reset	6	50.805	1
1	checked	8	7	reset	7	93.837	1
1	checked	8	7	reset	8	99.217	1
1	checked	8	7	reset	9	62.979	1
1	checked	8	7	reset	10	53.892	1
1	checked	8	7	reset	11	69.26	1
1	checked	8	7	reset	12	62.248	1
1	checked	8	7	reset	13	44.404	1
1	checked	8	7	reset	14	45.576	1
1	checked	8	7	reset	15	44.153	1
1	checked	8	7	reset	16	44.574	1
1	checked	8	7	reset	17	43.642	1
1	checked	8	7	reset	18	47.429	1
1	checked	8	7	reset	19	44.785	1
1	checked	8	7	reset	20	48.481	1
1	checked	8	7	reset	21	47.99	1
1	checked	8	7	reset	22	45.636	1
1	checked	8	7	reset	23	44.313	1
1	checked	8	7	reset	24	48.1	1
1	checked	8	7	reset	25	45.887	1
1	checked	8	7	reset	26	45.677	1
1	checked	8	7	reset	27	43.913	1
1	checked	8	7	reset	28	44.133	1
1	checked	8	7	reset	29	45.115	1
1	checked	8	7	reset	30	44.174	1
1	checked	8	7	reset	31	42.26	1
1	checked	8	7	reset	32	44.214	1
1	checked	8	7	reset	33	46.507	1
1	checked	8	7	reset	34	44.013	1
1	checked	8	7	reset	35	44.524	1
1	checked	8	7	reset	36	43.823	1
1	checked	8	7	reset	37	43.442	1
1	checked	8	7	reset	38	43.412	1
1	checked	8	7	reset	39	45.436	1
1	checked	8	7	reset	40	42.83	1
1	checked	8	7	reset	41	43.963	1
1	checked	8	7	reset	42	55.494	1
1	checked	8	7	reset	43	47.76	1
1	checked	8	7	reset	44	46.006	1
1	checked	8	7	reset	45	43.953	1
1	checked	8	7	reset	46	43.032	1
1	checked	8	7	reset	47	42.44	1
1	checked	8	7	reset	48	43.031	1
1	checked	8	7	reset	49	44.504	1
1	checked	8	7	reset	50	44.373	1
1	checked	8	7	reset	51	42.911	1
1	checked	8	7	reset	52	45.306	1
1	checked	8	7	reset	53	45.165	1
1	checked	8	7	reset	54	44.254	1
1	checked	8	7	reset	55	45.526	1
1	checked	8	7	reset	56	44.063	1
1	checked	8	7	reset	57	43.892	1
1	checked	8	7	reset	58	44.113	1
1	checked	8	7	reset	59	43.302	1
1	checked	8	7	reset	60	42.901	1
1	checked	8	7	reset	61	43.862	1
1	checked	8	7	reset	62	45.455	1
1	checked	8	7	reset	63	44.103	1
1	checked	8	7	reset	64	43.522	1
1	checked	8	7	reset	65	43.332	1
1	checked	8	7	reset	66	43.773	1
1	checked	8	7	reset	67	44.084	1
1	checked	8	7	reset	68	49.232	1
1	checked	8	7	reset	69	46.969	1
1	checked	8	7	reset	70	44.334	1
1	checked	8	7	reset	71	45.425	1
1	checked	8	7	reset	72	45.326	1
1	checked	8	7	reset	73	42.871	1
1	checked	8	7	reset	74	42.3	1
1	checked	8	7	reset	75	42.8	1
1	checked	8	7	reset	76	47.599	1
1	checked	8	7	reset	77	45.155	1
1	checked	8	7	reset	78	45.215	1
1	checked	8	7	reset	79	53.11	1
1	checked	8	7	reset	80	49.323	1
1	checked	8	7	reset	81	48.141	1
1	checked	8	7	reset	82	44.484	1
1	checked	8	7	reset	83	45.305	1
1	checked	8	7	reset	84	56.307	1
1	checked	8	7	reset	85	42.56	1
1	checked	8	7	reset	86	44.134	1
1	checked	8	7	reset	87	42.731	1
1	checked	8	7	reset	88	42.72	1
1	checked	8	7	reset	89	45.856	1
1	checked	8	7	reset	90	43.883	1
1	checked	8	7	reset	91	42.13	1
1	checked	8	7	reset	92	44.213	1
1	checked	8	7	reset	93	41.819	1
1	checked	8	7	reset	94	44.073	1
1	checked	8	7	reset	95	43.181	1
1	checked	8	7	reset	96	45.055	1
1	checked	8	7	reset	97	54.563	1
1	checked	8	7	reset	98	43.111	1
1	checked	8	7	reset	99	42.51	1
1	checked	8	7	reset	100	44.123	1
1	checked	8	7	reset	101	45.707	1
1	checked	8	7	reset	102	47.49	1
1	checked	8	7	reset	103	45.145	1
1	checked	8	7	reset	104	42.099	1
1	checked	8	7	reset	105	44.775	1
1	checked	8	7	reset	106	42.811	1
1	checked	8	7	reset	107	45.356	1
1	checked	8	7	reset	108	43.623	1
1	checked	8	7	reset	109	42.581	1
1	checked	8	7	reset	110	42.991	1
1	checked	8	7	reset	111	42.229	1
1	checked	8	7	reset	112	45.025	1
1	checked	8	7	reset	113	44.023	1
1	checked	8	7	reset	114	43.092	1
1	checked	8	7	reset	115	43.442	1
1	checked	8	7	reset	116	43.442	1
1	checked	8	7	reset	117	45.546	1
1	checked	8	7	reset	118	42.781	1
1	checked	8	7	reset	119	43.322	1
1	checked	8	7	reset	120	46.057	1
1	checked	8	7	reset	121	43.793	1
1	checked	8	7	reset	122	43.422	1
1	checked	8	7	reset	123	44.133	1
1	checked	8	7	reset	124	45.496	1
1	checked	8	7	reset	125	42.831	1
1	checked	8	7	reset	126	44.064	1
1	checked	8	7	reset	127	44.544	1
1	checked	8	7	reset	128	44.664	1
1	checked	8	7	reset	129	43.151	1
1	checked	8	7	reset	130	42.15	1
1	checked	8	7	reset	131	43.602	1
1	checked	8	7	reset	132	43.362	1
1	checked	8	7	reset	133	46.618	1
1	checked	8	7	reset	134	43.873	1
1	checked	8	7	reset	135	43.442	1
1	checked	8	7	reset	136	43.923	1
1	checked	8	7	reset	137	43.772	1
1	checked	8	7	reset	138	44.083	1
1	checked	8	7	reset	139	43.502	1
1	checked	8	7	reset	140	58.26	1
1	checked	8	7	reset	141	45.496	1
1	checked	8	7	reset	142	44.434	1
1	checked	8	7	reset	143	43.381	1
1	checked	8	7	reset	144	45.616	1
1	checked	8	7	reset	145	43.071	1
1	checked	8	7	reset	146	42.49	1
1	checked	8	7	reset	147	43.252	1
1	checked	8	7	reset	148	43.903	1
1	checked	8	7	reset	149	44.494	1
1	checked	8	7	reset	150	43.853	1
1	checked	8	7	reset	151	42.249	1
1	checked	8	7	reset	152	44.273	1
1	checked	8	7	reset	153	43.662	1
1	checked	8	7	reset	154	43.722	1
1	checked	8	7	reset	155	44.434	1
1	checked	8	7	reset	156	44.504	1
1	checked	8	7	reset	157	43.071	1
1	checked	8	7	reset	158	43.222	1
1	checked	8	7	reset	159	57.598	1
1	checked	8	7	reset	160	41.989	1
1	checked	8	7	reset	161	43.573	1
1	checked	8	7	reset	162	43.743	1
1	checked	8	7	reset	163	42.82	1
1	checked	8	7	reset	164	46.278	1
1	checked	8	7	reset	165	42.159	1
1	checked	8	7	reset	166	43.702	1
1	checked	8	7	reset	167	43.913	1
1	checked	8	7	reset	168	43.803	1
1	checked	8	7	reset	169	41.318	1
1	checked	8	7	reset	170	40.586	1
1	checked	8	7	reset	171	40.437	1
1	checked	8	7	reset	172	40.396	1
1	checked	8	7	reset	173	39.535	1
1	checked	8	7	reset	174	40.016	1
1	checked	8	7	reset	175	40.156	1
1	checked	8	7	reset	176	40.757	1
1	checked	8	7	reset	177	39.876	1
1	checked	8	7	reset	178	40.497	1
1	checked	8	7	reset	179	40.306	1
1	checked	8	7	reset	180	42.049	1
1	checked	8	7	reset	181	41.578	1
1	checked	8	7	reset	182	40.627	1
1	checked	8	7	reset	183	39.685	1
1	checked	8	7	reset	184	39.474	1
1	checked	8	7	reset	185	39.704	1
1	checked	8	7	reset	186	39.024	1
1	checked	8	7	reset	187	40.006	1
1	checked	8	7	reset	188	40.456	1
1	checked	8	7	reset	189	39.675	1
1	checked	8	7	reset	190	40.567	1
1	checked	8	7	reset	191	39.093	1
1	checked	8	7	reset	192	39.355	1
1	checked	8	7	reset	193	39.144	1
1	checked	8	7	reset	194	40.156	1
1	checked	8	7	reset	195	39.374	1
1	checked	8	7	reset	196	40.696	1
1	checked	8	7	reset	197	38.823	1
1	checked	8	7	reset	198	39.735	1
1	checked	8	7	reset	199	46.357	1
1	checked	8	7	reset	200	42.47	1
1	checked	8	7	stall	1	92.945	1
1	checked	8	7	stall	2	106.812	1
1	checked	8	7	stall	3	101.281	1
1	checked	8	7	stall	4	92.064	1
1	checked	8	7	stall	5	98.997	1
1	checked	8	7	stall	6	93.807	1
1	checked	8	7	stall	7	107.412	1
1	unsafe	8	7	reset	1	0.18	1
1	unsafe	8	7	reset	2	0.1	1
1	unsafe	8	7	reset	3	0.091	1
1	unsafe	8	7	reset	4	0.08	1
1	unsafe	8	7	reset	5	0.11	1
1	unsafe	8	7	reset	6	0.351	1
1	unsafe	8	7	reset	7	0.07	1
1	unsafe	8	7	reset	8	0.071	1
1	unsafe	8	7	reset	9	0.07	1
1	unsafe	8	7	reset	10	0.08	1
1	unsafe	8	7	reset	11	0.071	1
1	unsafe	8	7	reset	12	0.071	1
1	unsafe	8	7	reset	13	0.07	1
1	unsafe	8	7	reset	14	0.061	1
1	unsafe	8	7	reset	15	0.07	1
1	unsafe	8	7	reset	16	0.09	1
1	unsafe	8	7	reset	17	0.061	1
1	unsafe	8	7	reset	18	0.07	1
1	unsafe	8	7	reset	19	0.1	1
1	unsafe	8	7	reset	20	0.071	1
1	unsafe	8	7	reset	21	0.071	1
1	unsafe	8	7	reset	22	0.061	1
1	unsafe	8	7	reset	23	0.07	1
1	unsafe	8	7	reset	24	0.07	1
1	unsafe	8	7	reset	25	0.07	1
1	unsafe	8	7	reset	26	0.06	1
1	unsafe	8	7	reset	27	0.091	1
1	unsafe	8	7	reset	28	0.08	1
1	unsafe	8	7	reset	29	0.06	1
1	unsafe	8	7	reset	30	0.06	1
1	unsafe	8	7	reset	31	0.07	1
1	unsafe	8	7	reset	32	0.06	1
1	unsafe	8	7	reset	33	0.061	1
1	unsafe	8	7	reset	34	0.06	1
1	unsafe	8	7	reset	35	0.07	1
1	unsafe	8	7	reset	36	0.07	1
1	unsafe	8	7	reset	37	0.07	1
1	unsafe	8	7	reset	38	0.07	1
1	unsafe	8	7	reset	39	0.06	1
1	unsafe	8	7	reset	40	0.08	1
1	unsafe	8	7	reset	41	0.07	1
1	unsafe	8	7	reset	42	0.071	1
1	unsafe	8	7	reset	43	0.07	1
1	unsafe	8	7	reset	44	0.071	1
1	unsafe	8	7	reset	45	0.1	1
1	unsafe	8	7	reset	46	0.06	1
1	unsafe	8	7	reset	47	0.07	1
1	unsafe	8	7	reset	48	0.07	1
1	unsafe	8	7	reset	49	0.1	1
1	unsafe	8	7	reset	50	0.07	1
1	unsafe	8	7	reset	51	0.07	1
1	unsafe	8	7	reset	52	0.07	1
1	unsafe	8	7	reset	53	0.071	1
1	unsafe	8	7	reset	54	0.07	1
1	unsafe	8	7	reset	55	0.07	1
1	unsafe	8	7	reset	56	0.07	1
1	unsafe	8	7	reset	57	0.07	1
1	unsafe	8	7	reset	58	0.07	1
1	unsafe	8	7	reset	59	0.071	1
1	unsafe	8	7	reset	60	0.07	1
1	unsafe	8	7	reset	61	0.06	1
1	unsafe	8	7	reset	62	0.07	1
1	unsafe	8	7	reset	63	0.07	1
1	unsafe	8	7	reset	64	0.061	1
1	unsafe	8	7	reset	65	0.07	1
1	unsafe	8	7	reset	66	0.09	1
1	unsafe	8	7	reset	67	0.11	1
1	unsafe	8	7	reset	68	0.07	1
1	unsafe	8	7	reset	69	0.07	1
1	unsafe	8	7	reset	70	0.07	1
1	unsafe	8	7	reset	71	0.12	1
1	unsafe	8	7	reset	72	0.06	1
1	unsafe	8	7	reset	73	0.06	1
1	unsafe	8	7	reset	74	0.09	1
1	unsafe	8	7	reset	75	0.1	1
1	unsafe	8	7	reset	76	0.07	1
1	unsafe	8	7	reset	77	0.07	1
1	unsafe	8	7	reset	78	0.07	1
1	unsafe	8	7	reset	79	0.101	1
1	unsafe	8	7	reset	80	0.081	1
1	unsafe	8	7	reset	81	0.071	1
1	unsafe	8	7	reset	82	0.07	1
1	unsafe	8	7	reset	83	0.07	1
1	unsafe	8	7	reset	84	0.11	1
1	unsafe	8	7	reset	85	0.06	1
1	unsafe	8	7	reset	86	0.07	1
1	unsafe	8	7	reset	87	0.06	1
1	unsafe	8	7	reset	88	0.06	1
1	unsafe	8	7	reset	89	0.07	1
1	unsafe	8	7	reset	90	0.12	1
1	unsafe	8	7	reset	91	0.06	1
1	unsafe	8	7	reset	92	0.08	1
1	unsafe	8	7	reset	93	0.081	1
1	unsafe	8	7	reset	94	0.07	1
1	unsafe	8	7	reset	95	0.07	1
1	unsafe	8	7	reset	96	0.061	1
1	unsafe	8	7	reset	97	0.07	1
1	unsafe	8	7	reset	98	0.09	1
1	unsafe	8	7	reset	99	0.1	1
1	unsafe	8	7	reset	100	0.06	1
1	unsafe	8	7	reset	101	0.07	1
1	unsafe	8	7	reset	102	0.07	1
1	unsafe	8	7	reset	103	0.07	1
1	unsafe	8	7	reset	104	0.08	1
1	unsafe	8	7	reset	105	0.061	1
1	unsafe	8	7	reset	106	0.09	1
1	unsafe	8	7	reset	107	0.09	1
1	unsafe	8	7	reset	108	0.07	1
1	unsafe	8	7	reset	109	0.07	1
1	unsafe	8	7	reset	110	0.061	1
1	unsafe	8	7	reset	111	0.071	1
1	unsafe	8	7	reset	112	0.07	1
1	unsafe	8	7	reset	113	0.061	1
1	unsafe	8	7	reset	114	0.081	1
1	unsafe	8	7	reset	115	0.07	1
1	unsafe	8	7	reset	116	0.071	1
1	unsafe	8	7	reset	117	0.071	1
1	unsafe	8	7	reset	118	0.09	1
1	unsafe	8	7	reset	119	0.07	1
1	unsafe	8	7	reset	120	0.06	1
1	unsafe	8	7	reset	121	0.07	1
1	unsafe	8	7	reset	122	0.07	1
1	unsafe	8	7	reset	123	0.07	1
1	unsafe	8	7	reset	124	0.07	1
1	unsafe	8	7	reset	125	0.08	1
1	unsafe	8	7	reset	126	0.07	1
1	unsafe	8	7	reset	127	0.06	1
1	unsafe	8	7	reset	128	0.06	1
1	unsafe	8	7	reset	129	0.12	1
1	unsafe	8	7	reset	130	0.06	1
1	unsafe	8	7	reset	131	0.07	1
1	unsafe	8	7	reset	132	0.07	1
1	unsafe	8	7	reset	133	0.07	1
1	unsafe	8	7	reset	134	0.071	1
1	unsafe	8	7	reset	135	0.07	1
1	unsafe	8	7	reset	136	0.07	1
1	unsafe	8	7	reset	137	0.07	1
1	unsafe	8	7	reset	138	0.06	1
1	unsafe	8	7	reset	139	0.08	1
1	unsafe	8	7	reset	140	0.071	1
1	unsafe	8	7	reset	141	0.08	1
1	unsafe	8	7	reset	142	0.07	1
1	unsafe	8	7	reset	143	0.07	1
1	unsafe	8	7	reset	144	0.07	1
1	unsafe	8	7	reset	145	0.07	1
1	unsafe	8	7	reset	146	0.06	1
1	unsafe	8	7	reset	147	0.08	1
1	unsafe	8	7	reset	148	0.06	1
1	unsafe	8	7	reset	149	0.07	1
1	unsafe	8	7	reset	150	0.071	1
1	unsafe	8	7	reset	151	0.06	1
1	unsafe	8	7	reset	152	0.06	1
1	unsafe	8	7	reset	153	0.07	1
1	unsafe	8	7	reset	154	0.07	1
1	unsafe	8	7	reset	155	0.07	1
1	unsafe	8	7	reset	156	0.08	1
1	unsafe	8	7	reset	157	0.071	1
1	unsafe	8	7	reset	158	0.07	1
1	unsafe	8	7	reset	159	0.07	1
1	unsafe	8	7	reset	160	0.07	1
1	unsafe	8	7	reset	161	0.07	1
1	unsafe	8	7	reset	162	0.06	1
1	unsafe	8	7	reset	163	0.07	1
1	unsafe	8	7	reset	164	0.091	1
1	unsafe	8	7	reset	165	0.07	1
1	unsafe	8	7	reset	166	0.08	1
1	unsafe	8	7	reset	167	0.07	1
1	unsafe	8	7	reset	168	0.07	1
1	unsafe	8	7	reset	169	0.07	1
1	unsafe	8	7	reset	170	0.06	1
1	unsafe	8	7	reset	171	0.09	1
1	unsafe	8	7	reset	172	0.071	1
1	unsafe	8	7	reset	173	0.07	1
1	unsafe	8	7	reset	174	0.07	1
1	unsafe	8	7	reset	175	0.07	1
1	unsafe	8	7	reset	176	0.101	1
1	unsafe	8	7	reset	177	0.07	1
1	unsafe	8	7	reset	178	0.07	1
1	unsafe	8	7	reset	179	0.09	1
1	unsafe	8	7	reset	180	0.1	1
1	unsafe	8	7	reset	181	0.08	1
1	unsafe	8	7	reset	182	0.06	1
1	unsafe	8	7	reset	183	0.08	1
1	unsafe	8	7	reset	184	0.07	1
1	unsafe	8	7	reset	185	0.08	1
1	unsafe	8	7	reset	186	0.09	1
1	unsafe	8	7	reset	187	0.06	1
1	unsafe	8	7	reset	188	0.081	1
1	unsafe	8	7	reset	189	0.09	1
1	unsafe	8	7	reset	190	0.06	1
1	unsafe	8	7	reset	191	0.081	1
1	unsafe	8	7	reset	192	0.07	1
1	unsafe	8	7	reset	193	0.07	1
1	unsafe	8	7	reset	194	0.07	1
1	unsafe	8	7	reset	195	0.07	1
1	unsafe	8	7	reset	196	0.08	1
1	unsafe	8	7	reset	197	0.07	1
1	unsafe	8	7	reset	198	0.07	1
1	unsafe	8	7	reset	199	0.07	1
1	unsafe	8	7	reset	200	0.08	1
1	unsafe	8	7	stall	1	0.0	1
1	unsafe	8	7	stall	2	22.883	1
1	unsafe	8	7	stall	3	0.0	1
1	unsafe	8	7	stall	4	0.0	1
1	unsafe	8	7	stall	5	0.0	1
1	unsafe	8	7	stall	6	0.0	1
1	unsafe	8	7	stall	7	0.0	1
1	checked	16	15	reset	1	85.672	0
1	checked	16	15	reset	2	49.984	0
1	checked	16	15	reset	3	119.105	0
1	checked	16	15	reset	4	404.653	0
1	checked	16	15	reset	5	65.153	0
1	checked	16	15	reset	6	103.545	0
1	checked	16	15	reset	7	78.638	0
1	checked	16	15	reset	8	67.317	0
1	checked	16	15	reset	9	68.82	0
1	checked	16	15	reset	10	69.311	0
1	checked	16	15	reset	11	68.008	0
1	checked	16	15	reset	12	71.775	0
1	checked	16	15	reset	13	63.77	0
1	checked	16	15	reset	14	63.67	0
1	checked	16	15	reset	15	70.893	0
1	checked	16	15	reset	16	63.008	0
1	checked	16	15	reset	17	68.54	0
1	checked	16	15	reset	18	64.021	0
1	checked	16	15	reset	19	69.09	0
1	checked	16	15	reset	20	72.537	0
1	checked	16	15	reset	21	69.311	0
1	checked	16	15	reset	22	72.577	0
1	checked	16	15	reset	23	72.086	0
1	checked	16	15	reset	24	71.625	0
1	checked	16	15	reset	25	70.172	0
1	checked	16	15	reset	26	65.092	0
1	checked	16	15	reset	27	72.377	0
1	checked	16	15	reset	28	66.987	0
1	checked	16	15	reset	29	81.744	0
1	checked	16	15	reset	30	77.957	0
1	checked	16	15	reset	31	63.42	0
1	checked	16	15	reset	32	62.037	0
1	checked	16	15	reset	33	61.576	0
1	checked	16	15	reset	34	64.823	0
1	checked	16	15	reset	35	62.087	0
1	checked	16	15	reset	36	75.653	0
1	checked	16	15	reset	37	69.23	0
1	checked	16	15	reset	38	72.547	0
1	checked	16	15	reset	39	65.744	0
1	checked	16	15	reset	40	68.138	0
1	checked	16	15	reset	41	63.81	0
1	checked	16	15	reset	42	62.217	0
1	checked	16	15	reset	43	69.04	0
1	checked	16	15	reset	44	61.185	0
1	checked	16	15	reset	45	59.462	0
1	checked	16	15	reset	46	70.924	0
1	checked	16	15	reset	47	64.232	0
1	checked	16	15	reset	48	64.491	0
1	checked	16	15	reset	49	62.838	0
1	checked	16	15	reset	50	61.756	0
1	checked	16	15	reset	51	63.209	0
1	checked	16	15	reset	52	59.151	0
1	checked	16	15	reset	53	63.951	0
1	checked	16	15	reset	54	62.137	0
1	checked	16	15	reset	55	62.708	0
1	checked	16	15	reset	56	59.212	0
1	checked	16	15	reset	57	71.075	0
1	checked	16	15	reset	58	61.416	0
1	checked	16	15	reset	59	66.736	0
1	checked	16	15	reset	60	84.629	0
1	checked	16	15	reset	61	74.271	0
1	checked	16	15	reset	62	73.458	0
1	checked	16	15	reset	63	69.732	0
1	checked	16	15	reset	64	70.353	0
1	checked	16	15	reset	65	64.031	0
1	checked	16	15	reset	66	64.441	0
1	checked	16	15	reset	67	65.073	0
1	checked	16	15	reset	68	61.436	0
1	checked	16	15	reset	69	66.395	0
1	checked	16	15	reset	70	63.109	0
1	checked	16	15	reset	71	63.489	0
1	checked	16	15	reset	72	64.562	0
1	checked	16	15	reset	73	64.612	0
1	checked	16	15	reset	74	67.468	0
1	checked	16	15	reset	75	64.772	0
1	checked	16	15	reset	76	65.193	0
1	checked	16	15	reset	77	234.863	0
1	checked	16	15	reset	78	88.547	0
1	checked	16	15	reset	79	67.467	0
1	checked	16	15	reset	80	91.292	0
1	checked	16	15	reset	81	86.233	0
1	checked	16	15	reset	82	73.859	0
1	checked	16	15	reset	83	79.029	0
1	checked	16	15	reset	84	76.054	0
1	checked	16	15	reset	85	73.929	0
1	checked	16	15	reset	86	66.025	0
1	checked	16	15	reset	87	69.07	0
1	checked	16	15	reset	88	70.142	0
1	checked	16	15	reset	89	71.464	0
1	checked	16	15	reset	90	67.908	0
1	checked	16	15	reset	91	67.417	0
1	checked	16	15	reset	92	69.511	0
1	checked	16	15	reset	93	71.164	0
1	checked	16	15	reset	94	68.268	0
1	checked	16	15	reset	95	68.9	0
1	checked	16	15	reset	96	67.327	0
1	checked	16	15	reset	97	69.341	0
1	checked	16	15	reset	98	69.04	0
1	checked	16	15	reset	99	64.352	0
1	checked	16	15	reset	100	68.89	0
1	checked	16	15	reset	101	69.602	0
1	checked	16	15	reset	102	73.078	0
1	checked	16	15	reset	103	72.166	0
1	checked	16	15	reset	104	66.376	0
1	checked	16	15	reset	105	73.508	0
1	checked	16	15	reset	106	69.792	0
1	checked	16	15	reset	107	151.205	0
1	checked	16	15	reset	108	69.511	0
1	checked	16	15	reset	109	62.789	0
1	checked	16	15	reset	110	58.971	0
1	checked	16	15	reset	111	61.456	0
1	checked	16	15	reset	112	59.101	0
1	checked	16	15	reset	113	74.541	0
1	checked	16	15	reset	114	61.366	0
1	checked	16	15	reset	115	60.764	0
1	checked	16	15	reset	116	62.869	0
1	checked	16	15	reset	117	62.177	0
1	checked	16	15	reset	118	58.24	0
1	checked	16	15	reset	119	62.678	0
1	checked	16	15	reset	120	60.384	0
1	checked	16	15	reset	121	61.276	0
1	checked	16	15	reset	122	59.412	0
1	checked	16	15	reset	123	63.359	0
1	checked	16	15	reset	124	59.202	0
1	checked	16	15	reset	125	59.783	0
1	checked	16	15	reset	126	59.382	0
1	checked	16	15	reset	127	59.722	0
1	checked	16	15	reset	128	59.583	0
1	checked	16	15	reset	129	74.491	0
1	checked	16	15	reset	130	63.75	0
1	checked	16	15	reset	131	65.664	0
1	checked	16	15	reset	132	59.993	0
1	checked	16	15	reset	133	63.37	0
1	checked	16	15	reset	134	63.419	0
1	checked	16	15	reset	135	62.027	0
1	checked	16	15	reset	136	65.935	0
1	checked	16	15	reset	137	63.981	0
1	checked	16	15	reset	138	58.771	0
1	checked	16	15	reset	139	58.932	0
1	checked	16	15	reset	140	57.588	0
1	checked	16	15	reset	141	59.482	0
1	checked	16	15	reset	142	63.479	0
1	checked	16	15	reset	143	65.754	0
1	checked	16	15	reset	144	63.159	0
1	checked	16	15	reset	145	63.059	0
1	checked	16	15	reset	146	62.267	0
1	checked	16	15	reset	147	64.462	0
1	checked	16	15	reset	148	60.614	0
1	checked	16	15	reset	149	60.565	0
1	checked	16	15	reset	150	60.264	0
1	checked	16	15	reset	151	58.28	0
1	checked	16	15	reset	152	58.269	0
1	checked	16	15	reset	153	60.143	0
1	checked	16	15	reset	154	63.881	0
1	checked	16	15	reset	155	59.202	0
1	checked	16	15	reset	156	58.791	0
1	checked	16	15	reset	157	61.136	0
1	checked	16	15	reset	158	61.135	0
1	checked	16	15	reset	159	60.785	0
1	checked	16	15	reset	160	61.516	0
1	checked	16	15	reset	161	59.042	0
1	checked	16	15	reset	162	65.443	0
1	checked	16	15	reset	163	59.242	0
1	checked	16	15	reset	164	60.133	0
1	checked	16	15	reset	165	61.687	0
1	checked	16	15	reset	166	66.676	0
1	checked	16	15	reset	167	60.545	0
1	checked	16	15	reset	168	89.879	0
1	checked	16	15	reset	169	73.629	0
1	checked	16	15	reset	170	69.0	0
1	checked	16	15	reset	171	66.125	0
1	checked	16	15	reset	172	64.171	0
1	checked	16	15	reset	173	64.542	0
1	checked	16	15	reset	174	64.912	0
1	checked	16	15	reset	175	63.079	0
1	checked	16	15	reset	176	62.307	0
1	checked	16	15	reset	177	64.562	0
1	checked	16	15	reset	178	64.391	0
1	checked	16	15	reset	179	67.427	0
1	checked	16	15	reset	180	65.653	0
1	checked	16	15	reset	181	62.097	0
1	checked	16	15	reset	182	60.584	0
1	checked	16	15	reset	183	73.629	0
1	checked	16	15	reset	184	64.792	0
1	checked	16	15	reset	185	66.746	0
1	checked	16	15	reset	186	67.738	0
1	checked	16	15	reset	187	63.991	0
1	checked	16	15	reset	188	65.264	0
1	checked	16	15	reset	189	66.605	0
1	checked	16	15	reset	190	67.398	0
1	checked	16	15	reset	191	63.459	0
1	checked	16	15	reset	192	66.025	0
1	checked	16	15	reset	193	62.959	0
1	checked	16	15	reset	194	68.479	0
1	checked	16	15	reset	195	64.261	0
1	checked	16	15	reset	196	65.504	0
1	checked	16	15	reset	197	69.28	0
1	checked	16	15	reset	198	63.41	0
1	checked	16	15	reset	199	74.17	0
1	checked	16	15	reset	200	60.975	0
1	checked	16	15	stall	1	200.418	0
1	checked	16	15	stall	2	196.931	0
1	checked	16	15	stall	3	193.706	0
1	checked	16	15	stall	4	198.886	0
1	checked	16	15	stall	5	612.275	0
1	checked	16	15	stall	6	200.438	0
1	checked	16	15	stall	7	194.246	0
1	checked	16	15	stall	8	193.906	0
1	checked	16	15	stall	9	198.785	0
1	checked	16	15	stall	10	196.16	0
1	checked	16	15	stall	11	200.107	0
1	checked	16	15	stall	12	214.194	0
1	checked	16	15	stall	13	196.631	0
1	checked	16	15	stall	14	193.945	0
1	checked	16	15	stall	15	194.277	0
1	unsafe	16	15	reset	1	0.16	0
1	unsafe	16	15	reset	2	0.07	0
1	unsafe	16	15	reset	3	0.07	0
1	unsafe	16	15	reset	4	0.07	0
1	unsafe	16	15	reset	5	0.1	0
1	unsafe	16	15	reset	6	0.25	0
1	unsafe	16	15	reset	7	0.13	0
1	unsafe	16	15	reset	8	0.12	0
1	unsafe	16	15	reset	9	0.171	0
1	unsafe	16	15	reset	10	0.12	0
1	unsafe	16	15	reset	11	0.13	0
1	unsafe	16	15	reset	12	0.12	0
1	unsafe	16	15	reset	13	0.13	0
1	unsafe	16	15	reset	14	0.121	0
1	unsafe	16	15	reset	15	0.131	0
1	unsafe	16	15	reset	16	0.13	0
1	unsafe	16	15	reset	17	0.121	0
1	unsafe	16	15	reset	18	0.13	0
1	unsafe	16	15	reset	19	0.13	0
1	unsafe	16	15	reset	20	0.12	0
1	unsafe	16	15	reset	21	0.14	0
1	unsafe	16	15	reset	22	0.13	0
1	unsafe	16	15	reset	23	0.13	0
1	unsafe	16	15	reset	24	0.12	0
1	unsafe	16	15	reset	25	0.13	0
1	unsafe	16	15	reset	26	0.14	0
1	unsafe	16	15	reset	27	0.13	0
1	unsafe	16	15	reset	28	0.12	0
1	unsafe	16	15	reset	29	0.13	0
1	unsafe	16	15	reset	30	0.13	0
1	unsafe	16	15	reset	31	0.13	0
1	unsafe	16	15	reset	32	0.15	0
1	unsafe	16	15	reset	33	0.14	0
1	unsafe	16	15	reset	34	0.141	0
1	unsafe	16	15	reset	35	0.12	0
1	unsafe	16	15	reset	36	0.131	0
1	unsafe	16	15	reset	37	0.12	0
1	unsafe	16	15	reset	38	0.14	0
1	unsafe	16	15	reset	39	0.13	0
1	unsafe	16	15	reset	40	0.12	0
1	unsafe	16	15	reset	41	0.12	0
1	unsafe	16	15	reset	42	0.131	0
1	unsafe	16	15	reset	43	0.13	0
1	unsafe	16	15	reset	44	0.13	0
1	unsafe	16	15	reset	45	0.121	0
1	unsafe	16	15	reset	46	0.12	0
1	unsafe	16	15	reset	47	0.151	0
1	unsafe	16	15	reset	48	0.13	0
1	unsafe	16	15	reset	49	0.131	0
1	unsafe	16	15	reset	50	0.151	0
1	unsafe	16	15	reset	51	0.12	0
1	unsafe	16	15	reset	52	0.12	0
1	unsafe	16	15	reset	53	0.13	0
1	unsafe	16	15	reset	54	0.12	0
1	unsafe	16	15	reset	55	0.13	0
1	unsafe	16	15	reset	56	0.13	0
1	unsafe	16	15	reset	57	0.121	0
1	unsafe	16	15	reset	58	0.131	0
1	unsafe	16	15	reset	59	1.873	0
1	unsafe	16	15	reset	60	0.111	0
1	unsafe	16	15	reset	61	0.1	0
1	unsafe	16	15	reset	62	0.08	0
1	unsafe	16	15	reset	63	0.08	0
1	unsafe	16	15	reset	64	0.071	0
1	unsafe	16	15	reset	65	0.08	0
1	unsafe	16	15	reset	66	0.09	0
1	unsafe	16	15	reset	67	0.11	0
1	unsafe	16	15	reset	68	0.08	0
1	unsafe	16	15	reset	69	0.091	0
1	unsafe	16	15	reset	70	0.07	0
1	unsafe	16	15	reset	71	0.08	0
1	unsafe	16	15	reset	72	0.08	0
1	unsafe	16	15	reset	73	0.081	0
1	unsafe	16	15	reset	74	0.08	0
1	unsafe	16	15	reset	75	0.08	0
1	unsafe	16	15	reset	76	0.081	0
1	unsafe	16	15	reset	77	0.08	0
1	unsafe	16	15	reset	78	0.07	0
1	unsafe	16	15	reset	79	0.08	0
1	unsafe	16	15	reset	80	0.09	0
1	unsafe	16	15	reset	81	0.07	0
1	unsafe	16	15	reset	82	0.07	0
1	unsafe	16	15	reset	83	0.08	0
1	unsafe	16	15	reset	84	0.091	0
1	unsafe	16	15	reset	85	0.08	0
1	unsafe	16	15	reset	86	0.081	0
1	unsafe	16	15	reset	87	0.08	0
1	unsafe	16	15	reset	88	0.07	0
1	unsafe	16	15	reset	89	0.08	0
1	unsafe	16	15	reset	90	0.08	0
1	unsafe	16	15	reset	91	0.08	0
1	unsafe	16	15	reset	92	0.091	0
1	unsafe	16	15	reset	93	0.09	0
1	unsafe	16	15	reset	94	0.091	0
1	unsafe	16	15	reset	95	0.08	0
1	unsafe	16	15	reset	96	0.09	0
1	unsafe	16	15	reset	97	0.09	0
1	unsafe	16	15	reset	98	0.08	0
1	unsafe	16	15	reset	99	0.09	0
1	unsafe	16	15	reset	100	0.07	0
1	unsafe	16	15	reset	101	0.09	0
1	unsafe	16	15	reset	102	0.07	0
1	unsafe	16	15	reset	103	0.08	0
1	unsafe	16	15	reset	104	0.08	0
1	unsafe	16	15	reset	105	0.07	0
1	unsafe	16	15	reset	106	0.08	0
1	unsafe	16	15	reset	107	0.08	0
1	unsafe	16	15	reset	108	0.08	0
1	unsafe	16	15	reset	109	0.081	0
1	unsafe	16	15	reset	110	0.09	0
1	unsafe	16	15	reset	111	0.081	0
1	unsafe	16	15	reset	112	0.08	0
1	unsafe	16	15	reset	113	0.08	0
1	unsafe	16	15	reset	114	0.081	0
1	unsafe	16	15	reset	115	0.832	0
1	unsafe	16	15	reset	116	0.18	0
1	unsafe	16	15	reset	117	0.08	0
1	unsafe	16	15	reset	118	0.1	0
1	unsafe	16	15	reset	119	0.09	0
1	unsafe	16	15	reset	120	0.1	0
1	unsafe	16	15	reset	121	0.111	0
1	unsafe	16	15	reset	122	0.08	0
1	unsafe	16	15	reset	123	0.09	0
1	unsafe	16	15	reset	124	0.09	0
1	unsafe	16	15	reset	125	0.09	0
1	unsafe	16	15	reset	126	0.081	0
1	unsafe	16	15	reset	127	0.08	0
1	unsafe	16	15	reset	128	0.08	0
1	unsafe	16	15	reset	129	0.09	0
1	unsafe	16	15	reset	130	0.09	0
1	unsafe	16	15	reset	131	0.08	0
1	unsafe	16	15	reset	132	0.111	0
1	unsafe	16	15	reset	133	0.09	0
1	unsafe	16	15	reset	134	0.08	0
1	unsafe	16	15	reset	135	0.1	0
1	unsafe	16	15	reset	136	0.08	0
1	unsafe	16	15	reset	137	0.13	0
1	unsafe	16	15	reset	138	0.09	0
1	unsafe	16	15	reset	139	0.1	0
1	unsafe	16	15	reset	140	0.09	0
1	unsafe	16	15	reset	141	0.09	0
1	unsafe	16	15	reset	142	0.08	0
1	unsafe	16	15	reset	143	0.11	0
1	unsafe	16	15	reset	144	0.1	0
1	unsafe	16	15	reset	145	0.1	0
1	unsafe	16	15	reset	146	0.09	0
1	unsafe	16	15	reset	147	0.08	0
1	unsafe	16	15	reset	148	0.081	0
1	unsafe	16	15	reset	149	0.09	0
1	unsafe	16	15	reset	150	0.08	0
1	unsafe	16	15	reset	151	0.1	0
1	unsafe	16	15	reset	152	0.09	0
1	unsafe	16	15	reset	153	0.101	0
1	unsafe	16	15	reset	154	0.08	0
1	unsafe	16	15	reset	155	0.09	0
1	unsafe	16	15	reset	156	0.091	0
1	unsafe	16	15	reset	157	0.08	0
1	unsafe	16	15	reset	158	0.1	0
1	unsafe	16	15	reset	159	0.101	0
1	unsafe	16	15	reset	160	0.09	0
1	unsafe	16	15	reset	161	0.1	0
1	unsafe	16	15	reset	162	0.09	0
1	unsafe	16	15	reset	163	0.09	0
1	unsafe	16	15	reset	164	0.1	0
1	unsafe	16	15	reset	165	0.09	0
1	unsafe	16	15	reset	166	0.1	0
1	unsafe	16	15	reset	167	0.09	0
1	unsafe	16	15	reset	168	0.09	0
1	unsafe	16	15	reset	169	0.08	0
1	unsafe	16	15	reset	170	0.09	0
1	unsafe	16	15	reset	171	0.1	0
1	unsafe	16	15	reset	172	0.1	0
1	unsafe	16	15	reset	173	0.1	0
1	unsafe	16	15	reset	174	0.081	0
1	unsafe	16	15	reset	175	0.081	0
1	unsafe	16	15	reset	176	0.08	0
1	unsafe	16	15	reset	177	0.091	0
1	unsafe	16	15	reset	178	0.09	0
1	unsafe	16	15	reset	179	0.09	0
1	unsafe	16	15	reset	180	0.08	0
1	unsafe	16	15	reset	181	0.09	0
1	unsafe	16	15	reset	182	0.08	0
1	unsafe	16	15	reset	183	0.09	0
1	unsafe	16	15	reset	184	0.1	0
1	unsafe	16	15	reset	185	0.081	0
1	unsafe	16	15	reset	186	0.1	0
1	unsafe	16	15	reset	187	0.1	0
1	unsafe	16	15	reset	188	0.1	0
1	unsafe	16	15	reset	189	0.08	0
1	unsafe	16	15	reset	190	0.1	0
1	unsafe	16	15	reset	191	0.09	0
1	unsafe	16	15	reset	192	0.1	0
1	unsafe	16	15	reset	193	0.09	0
1	unsafe	16	15	reset	194	0.09	0
1	unsafe	16	15	reset	195	0.1	0
1	unsafe	16	15	reset	196	0.09	0
1	unsafe	16	15	reset	197	0.08	0
1	unsafe	16	15	reset	198	0.091	0
1	unsafe	16	15	reset	199	0.08	0
1	unsafe	16	15	reset	200	0.08	0
1	unsafe	16	15	stall	1	0.0	0
1	unsafe	16	15	stall	2	0.0	0
1	unsafe	16	15	stall	3	0.0	0
1	unsafe	16	15	stall	4	0.0	0
1	unsafe	16	15	stall	5	0.0	0
1	unsafe	16	15	stall	6	0.0	0
1	unsafe	16	15	stall	7	0.0	0
1	unsafe	16	15	stall	8	0.0	0
1	unsafe	16	15	stall	9	0.0	0
1	unsafe	16	15	stall	10	0.0	0
1	unsafe	16	15	stall	11	0.0	0
1	unsafe	16	15	stall	12	0.0	0
1	unsafe	16	15	stall	13	0.0	0
1	unsafe	16	15	stall	14	0.0	0
1	unsafe	16	15	stall	15	0.0	0
1	checked	30	29	reset	1	102.433	0
1	checked	30	29	reset	2	77.997	0
1	checked	30	29	reset	3	189.067	0
1	checked	30	29	reset	4	510.894	0
1	checked	30	29	reset	5	77.736	0
1	checked	30	29	reset	6	71.194	0
1	checked	30	29	reset	7	102.293	0
1	checked	30	29	reset	8	141.136	0
1	checked	30	29	reset	9	104.947	0
1	checked	30	29	reset	10	106.49	0
1	checked	30	29	reset	11	110.278	0
1	checked	30	29	reset	12	104.927	0
1	checked	30	29	reset	13	107.192	0
1	checked	30	29	reset	14	108.766	0
1	checked	30	29	reset	15	112.352	0
1	checked	30	29	reset	16	109.927	0
1	checked	30	29	reset	17	107.363	0
1	checked	30	29	reset	18	108.184	0
1	checked	30	29	reset	19	105.469	0
1	checked	30	29	reset	20	100.039	0
1	checked	30	29	reset	21	107.623	0
1	checked	30	29	reset	22	113.314	0
1	checked	30	29	reset	23	113.734	0
1	checked	30	29	reset	24	108.936	0
1	checked	30	29	reset	25	111.049	0
1	checked	30	29	reset	26	99.859	0
1	checked	30	29	reset	27	107.743	0
1	checked	30	29	reset	28	103.114	0
1	checked	30	29	reset	29	104.738	0
1	checked	30	29	reset	30	109.677	0
1	checked	30	29	reset	31	114.055	0
1	checked	30	29	reset	32	109.707	0
1	checked	30	29	reset	33	101.602	0
1	checked	30	29	reset	34	125.217	0
1	checked	30	29	reset	35	102.884	0
1	checked	30	29	reset	36	107.092	0
1	checked	30	29	reset	37	99.147	0
1	checked	30	29	reset	38	106.802	0
1	checked	30	29	reset	39	100.379	0
1	checked	30	29	reset	40	102.554	0
1	checked	30	29	reset	41	104.256	0
1	checked	30	29	reset	42	105.68	0
1	checked	30	29	reset	43	103.314	0
1	checked	30	29	reset	44	107.573	0
1	checked	30	29	reset	45	103.234	0
1	checked	30	29	reset	46	108.214	0
1	checked	30	29	reset	47	104.988	0
1	checked	30	29	reset	48	103.285	0
1	checked	30	29	reset	49	106.13	0
1	checked	30	29	reset	50	103.455	0
1	checked	30	29	reset	51	111.56	0
1	checked	30	29	reset	52	104.768	0
1	checked	30	29	reset	53	107.442	0
1	checked	30	29	reset	54	105.159	0
1	checked	30	29	reset	55	101.812	0
1	checked	30	29	reset	56	102.333	0
1	checked	30	29	reset	57	100.83	0
1	checked	30	29	reset	58	105.86	0
1	checked	30	29	reset	59	106.651	0
1	checked	30	29	reset	60	208.964	0
1	checked	30	29	reset	61	95.149	0
1	checked	30	29	reset	62	104.197	0
1	checked	30	29	reset	63	102.083	0
1	checked	30	29	reset	64	102.593	0
1	checked	30	29	reset	65	98.896	0
1	checked	30	29	reset	66	100.389	0
1	checked	30	29	reset	67	106.0	0
1	checked	30	29	reset	68	99.789	0
1	checked	30	29	reset	69	3830.726	0
1	checked	30	29	reset	70	115.929	0
1	checked	30	29	reset	71	117.782	0
1	checked	30	29	reset	72	100.539	0
1	checked	30	29	reset	73	105.97	0
1	checked	30	29	reset	74	101.662	0
1	checked	30	29	reset	75	104.166	0
1	checked	30	29	reset	76	93.677	0
1	checked	30	29	reset	77	97.514	0
1	checked	30	29	reset	78	101.742	0
1	checked	30	29	reset	79	99.308	0
1	checked	30	29	reset	80	103.054	0
1	checked	30	29	reset	81	104.116	0
1	checked	30	29	reset	82	106.36	0
1	checked	30	29	reset	83	104.728	0
1	checked	30	29	reset	84	105.469	0
1	checked	30	29	reset	85	98.286	0
1	checked	30	29	reset	86	96.542	0
1	checked	30	29	reset	87	103.254	0
1	checked	30	29	reset	88	104.547	0
1	checked	30	29	reset	89	95.86	0
1	checked	30	29	reset	90	100.389	0
1	checked	30	29	reset	91	97.304	0
1	checked	30	29	reset	92	102.794	0
1	checked	30	29	reset	93	94.248	0
1	checked	30	29	reset	94	99.698	0
1	checked	30	29	reset	95	107.693	0
1	checked	30	29	reset	96	101.942	0
1	checked	30	29	reset	97	103.385	0
1	checked	30	29	reset	98	97.383	0
1	checked	30	29	reset	99	105.629	0
1	checked	30	29	reset	100	233.6	0
1	checked	30	29	reset	101	109.717	0
1	checked	30	29	reset	102	98.777	0
1	checked	30	29	reset	103	100.84	0
1	checked	30	29	reset	104	102.083	0
1	checked	30	29	reset	105	103.795	0
1	checked	30	29	reset	106	101.872	0
1	checked	30	29	reset	107	103.846	0
1	checked	30	29	reset	108	97.594	0
1	checked	30	29	reset	109	101.1	0
1	checked	30	29	reset	110	96.592	0
1	checked	30	29	reset	111	105.579	0
1	checked	30	29	reset	112	100.159	0
1	checked	30	29	reset	113	104.116	0
1	checked	30	29	reset	114	102.313	0
1	checked	30	29	reset	115	100.971	0
1	checked	30	29	reset	116	103.044	0
1	checked	30	29	reset	117	99.858	0
1	checked	30	29	reset	118	92.324	0
1	checked	30	29	reset	119	97.824	0
1	checked	30	29	reset	120	106.742	0
1	checked	30	29	reset	121	99.407	0
1	checked	30	29	reset	122	102.333	0
1	checked	30	29	reset	123	104.487	0
1	checked	30	29	reset	124	100.861	0
1	checked	30	29	reset	125	101.651	0
1	checked	30	29	reset	126	101.983	0
1	checked	30	29	reset	127	106.611	0
1	checked	30	29	reset	128	99.087	0
1	checked	30	29	reset	129	97.304	0
1	checked	30	29	reset	130	104.277	0
1	checked	30	29	reset	131	97.765	0
1	checked	30	29	reset	132	104.377	0
1	checked	30	29	reset	133	99.097	0
1	checked	30	29	reset	134	100.039	0
1	checked	30	29	reset	135	100.359	0
1	checked	30	29	reset	136	102.894	0
1	checked	30	29	reset	137	97.945	0
1	checked	30	29	reset	138	188.345	0
1	checked	30	29	reset	139	103.655	0
1	checked	30	29	reset	140	109.457	0
1	checked	30	29	reset	141	97.434	0
1	checked	30	29	reset	142	98.896	0
1	checked	30	29	reset	143	101.812	0
1	checked	30	29	reset	144	287.463	0
1	checked	30	29	reset	145	102.273	0
1	checked	30	29	reset	146	103.335	0
1	checked	30	29	reset	147	104.478	0
1	checked	30	29	reset	148	99.006	0
1	checked	30	29	reset	149	101.251	0
1	checked	30	29	reset	150	100.209	0
1	checked	30	29	reset	151	100.47	0
1	checked	30	29	reset	152	121.56	0
1	checked	30	29	reset	153	110.529	0
1	checked	30	29	reset	154	185.971	0
1	checked	30	29	reset	155	95.39	0
1	checked	30	29	reset	156	102.904	0
1	checked	30	29	reset	157	101.932	0
1	checked	30	29	reset	158	100.75	0
1	checked	30	29	reset	159	108.545	0
1	checked	30	29	reset	160	94.498	0
1	checked	30	29	reset	161	100.249	0
1	checked	30	29	reset	162	103.796	0
1	checked	30	29	reset	163	96.863	0
1	checked	30	29	reset	164	105.038	0
1	checked	30	29	reset	165	103.766	0
1	checked	30	29	reset	166	102.463	0
1	checked	30	29	reset	167	98.296	0
1	checked	30	29	reset	168	105.288	0
1	checked	30	29	reset	169	98.666	0
1	checked	30	29	reset	170	93.637	0
1	checked	30	29	reset	171	100.6	0
1	checked	30	29	reset	172	3819.255	0
1	checked	30	29	reset	173	107.172	0
1	checked	30	29	reset	174	105.339	0
1	checked	30	29	reset	175	104.507	0
1	checked	30	29	reset	176	96.071	0
1	checked	30	29	reset	177	103.916	0
1	checked	30	29	reset	178	101.311	0
1	checked	30	29	reset	179	3072.766	0
1	checked	30	29	reset	180	104.738	0
1	checked	30	29	reset	181	94.117	0
1	checked	30	29	reset	182	99.007	0
1	checked	30	29	reset	183	99.909	0
1	checked	30	29	reset	184	102.103	0
1	checked	30	29	reset	185	97.073	0
1	checked	30	29	reset	186	106.491	0
1	checked	30	29	reset	187	99.969	0
1	checked	30	29	reset	188	98.866	0
1	checked	30	29	reset	189	100.89	0
1	checked	30	29	reset	190	107.893	0
1	checked	30	29	reset	191	3731.9	0
1	checked	30	29	reset	192	119.506	0
1	checked	30	29	reset	193	3366.5	0
1	checked	30	29	reset	194	115.227	0
1	checked	30	29	reset	195	111.66	0
1	checked	30	29	reset	196	97.143	0
1	checked	30	29	reset	197	102.584	0
1	checked	30	29	reset	198	102.182	0
1	checked	30	29	reset	199	106.03	0
1	checked	30	29	reset	200	100.73	0
1	checked	30	29	stall	1	1843.868	0
1	checked	30	29	stall	2	343.447	0
1	checked	30	29	stall	3	1729.933	0
1	checked	30	29	stall	4	2667.492	0
1	checked	30	29	stall	5	272.545	0
1	checked	30	29	stall	6	275.049	0
1	checked	30	29	stall	7	272.123	0
1	checked	30	29	stall	8	1840.341	0
1	checked	30	29	stall	9	798.486	0
1	checked	30	29	stall	10	951.024	0
1	checked	30	29	stall	11	1829.32	0
1	checked	30	29	stall	12	267.324	0
1	checked	30	29	stall	13	1377.038	0
1	checked	30	29	stall	14	1531.178	0
1	checked	30	29	stall	15	1030.023	0
1	checked	30	29	stall	16	769.822	0
1	checked	30	29	stall	17	272.764	0
1	checked	30	29	stall	18	724.126	0
1	checked	30	29	stall	19	273.405	0
1	checked	30	29	stall	20	963.928	0
1	checked	30	29	stall	21	982.413	0
1	checked	30	29	stall	22	968.137	0
1	checked	30	29	stall	23	3721.871	0
1	checked	30	29	stall	24	2694.072	0
1	checked	30	29	stall	25	988.244	0
1	checked	30	29	stall	26	3721.59	0
1	checked	30	29	stall	27	271.342	0
1	checked	30	29	stall	28	988.855	0
1	checked	30	29	stall	29	981.862	0
1	unsafe	30	29	reset	1	0.25	0
1	unsafe	30	29	reset	2	0.07	0
1	unsafe	30	29	reset	3	0.14	0
1	unsafe	30	29	reset	4	0.181	0
1	unsafe	30	29	reset	5	0.07	0
1	unsafe	30	29	reset	6	0.06	0
1	unsafe	30	29	reset	7	1.763	0
1	unsafe	30	29	reset	8	0.271	0
1	unsafe	30	29	reset	9	0.14	0
1	unsafe	30	29	reset	10	0.14	0
1	unsafe	30	29	reset	11	0.15	0
1	unsafe	30	29	reset	12	0.13	0
1	unsafe	30	29	reset	13	0.13	0
1	unsafe	30	29	reset	14	0.14	0
1	unsafe	30	29	reset	15	0.13	0
1	unsafe	30	29	reset	16	0.14	0
1	unsafe	30	29	reset	17	0.14	0
1	unsafe	30	29	reset	18	0.14	0
1	unsafe	30	29	reset	19	0.13	0
1	unsafe	30	29	reset	20	0.14	0
1	unsafe	30	29	reset	21	0.18	0
1	unsafe	30	29	reset	22	0.14	0
1	unsafe	30	29	reset	23	0.141	0
1	unsafe	30	29	reset	24	0.14	0
1	unsafe	30	29	reset	25	0.14	0
1	unsafe	30	29	reset	26	0.14	0
1	unsafe	30	29	reset	27	0.141	0
1	unsafe	30	29	reset	28	0.14	0
1	unsafe	30	29	reset	29	0.13	0
1	unsafe	30	29	reset	30	0.141	0
1	unsafe	30	29	reset	31	0.141	0
1	unsafe	30	29	reset	32	0.14	0
1	unsafe	30	29	reset	33	0.14	0
1	unsafe	30	29	reset	34	0.14	0
1	unsafe	30	29	reset	35	0.141	0
1	unsafe	30	29	reset	36	0.14	0
1	unsafe	30	29	reset	37	0.14	0
1	unsafe	30	29	reset	38	0.131	0
1	unsafe	30	29	reset	39	0.13	0
1	unsafe	30	29	reset	40	0.17	0
1	unsafe	30	29	reset	41	0.14	0
1	unsafe	30	29	reset	42	0.14	0
1	unsafe	30	29	reset	43	0.14	0
1	unsafe	30	29	reset	44	0.131	0
1	unsafe	30	29	reset	45	0.13	0
1	unsafe	30	29	reset	46	0.14	0
1	unsafe	30	29	reset	47	0.13	0
1	unsafe	30	29	reset	48	0.13	0
1	unsafe	30	29	reset	49	0.141	0
1	unsafe	30	29	reset	50	0.141	0
1	unsafe	30	29	reset	51	0.16	0
1	unsafe	30	29	reset	52	0.13	0
1	unsafe	30	29	reset	53	0.131	0
1	unsafe	30	29	reset	54	0.13	0
1	unsafe	30	29	reset	55	0.141	0
1	unsafe	30	29	reset	56	0.131	0
1	unsafe	30	29	reset	57	0.14	0
1	unsafe	30	29	reset	58	0.14	0
1	unsafe	30	29	reset	59	0.16	0
1	unsafe	30	29	reset	60	0.14	0
1	unsafe	30	29	reset	61	0.13	0
1	unsafe	30	29	reset	62	0.13	0
1	unsafe	30	29	reset	63	0.14	0
1	unsafe	30	29	reset	64	0.14	0
1	unsafe	30	29	reset	65	0.14	0
1	unsafe	30	29	reset	66	0.14	0
1	unsafe	30	29	reset	67	0.13	0
1	unsafe	30	29	reset	68	0.13	0
1	unsafe	30	29	reset	69	0.14	0
1	unsafe	30	29	reset	70	0.14	0
1	unsafe	30	29	reset	71	0.141	0
1	unsafe	30	29	reset	72	0.14	0
1	unsafe	30	29	reset	73	0.14	0
1	unsafe	30	29	reset	74	0.14	0
1	unsafe	30	29	reset	75	0.14	0
1	unsafe	30	29	reset	76	0.131	0
1	unsafe	30	29	reset	77	0.14	0
1	unsafe	30	29	reset	78	0.13	0
1	unsafe	30	29	reset	79	0.13	0
1	unsafe	30	29	reset	80	0.14	0
1	unsafe	30	29	reset	81	0.14	0
1	unsafe	30	29	reset	82	0.141	0
1	unsafe	30	29	reset	83	0.14	0
1	unsafe	30	29	reset	84	0.13	0
1	unsafe	30	29	reset	85	0.21	0
1	unsafe	30	29	reset	86	0.14	0
1	unsafe	30	29	reset	87	0.14	0
1	unsafe	30	29	reset	88	0.14	0
1	unsafe	30	29	reset	89	0.141	0
1	unsafe	30	29	reset	90	0.14	0
1	unsafe	30	29	reset	91	0.171	0
1	unsafe	30	29	reset	92	0.13	0
1	unsafe	30	29	reset	93	0.14	0
1	unsafe	30	29	reset	94	0.14	0
1	unsafe	30	29	reset	95	0.14	0
1	unsafe	30	29	reset	96	0.14	0
1	unsafe	30	29	reset	97	0.13	0
1	unsafe	30	29	reset	98	0.141	0
1	unsafe	30	29	reset	99	0.14	0
1	unsafe	30	29	reset	100	0.14	0
1	unsafe	30	29	reset	101	0.141	0
1	unsafe	30	29	reset	102	0.14	0
1	unsafe	30	29	reset	103	0.13	0
1	unsafe	30	29	reset	104	0.141	0
1	unsafe	30	29	reset	105	0.13	0
1	unsafe	30	29	reset	106	0.13	0
1	unsafe	30	29	reset	107	0.14	0
1	unsafe	30	29	reset	108	0.14	0
1	unsafe	30	29	reset	109	0.14	0
1	unsafe	30	29	reset	110	0.14	0
1	unsafe	30	29	reset	111	0.13	0
1	unsafe	30	29	reset	112	0.14	0
1	unsafe	30	29	reset	113	0.13	0
1	unsafe	30	29	reset	114	0.13	0
1	unsafe	30	29	reset	115	0.14	0
1	unsafe	30	29	reset	116	0.13	0
1	unsafe	30	29	reset	117	0.131	0
1	unsafe	30	29	reset	118	0.13	0
1	unsafe	30	29	reset	119	0.17	0
1	unsafe	30	29	reset	120	0.14	0
1	unsafe	30	29	reset	121	0.14	0
1	unsafe	30	29	reset	122	0.141	0
1	unsafe	30	29	reset	123	0.14	0
1	unsafe	30	29	reset	124	0.14	0
1	unsafe	30	29	reset	125	0.131	0
1	unsafe	30	29	reset	126	0.14	0
1	unsafe	30	29	reset	127	0.13	0
1	unsafe	30	29	reset	128	0.14	0
1	unsafe	30	29	reset	129	0.13	0
1	unsafe	30	29	reset	130	0.14	0
1	unsafe	30	29	reset	131	0.131	0
1	unsafe	30	29	reset	132	0.14	0
1	unsafe	30	29	reset	133	0.141	0
1	unsafe	30	29	reset	134	0.14	0
1	unsafe	30	29	reset	135	0.14	0
1	unsafe	30	29	reset	136	0.14	0
1	unsafe	30	29	reset	137	0.14	0
1	unsafe	30	29	reset	138	0.14	0
1	unsafe	30	29	reset	139	0.141	0
1	unsafe	30	29	reset	140	0.15	0
1	unsafe	30	29	reset	141	0.13	0
1	unsafe	30	29	reset	142	0.14	0
1	unsafe	30	29	reset	143	0.141	0
1	unsafe	30	29	reset	144	0.14	0
1	unsafe	30	29	reset	145	0.14	0
1	unsafe	30	29	reset	146	0.14	0
1	unsafe	30	29	reset	147	0.14	0
1	unsafe	30	29	reset	148	0.131	0
1	unsafe	30	29	reset	149	0.13	0
1	unsafe	30	29	reset	150	0.14	0
1	unsafe	30	29	reset	151	0.14	0
1	unsafe	30	29	reset	152	0.131	0
1	unsafe	30	29	reset	153	0.15	0
1	unsafe	30	29	reset	154	0.13	0
1	unsafe	30	29	reset	155	0.18	0
1	unsafe	30	29	reset	156	0.141	0
1	unsafe	30	29	reset	157	0.131	0
1	unsafe	30	29	reset	158	0.13	0
1	unsafe	30	29	reset	159	0.141	0
1	unsafe	30	29	reset	160	0.14	0
1	unsafe	30	29	reset	161	0.13	0
1	unsafe	30	29	reset	162	0.14	0
1	unsafe	30	29	reset	163	0.131	0
1	unsafe	30	29	reset	164	0.141	0
1	unsafe	30	29	reset	165	0.14	0
1	unsafe	30	29	reset	166	0.14	0
1	unsafe	30	29	reset	167	0.131	0
1	unsafe	30	29	reset	168	0.141	0
1	unsafe	30	29	reset	169	0.13	0
1	unsafe	30	29	reset	170	0.14	0
1	unsafe	30	29	reset	171	0.131	0
1	unsafe	30	29	reset	172	0.141	0
1	unsafe	30	29	reset	173	0.13	0
1	unsafe	30	29	reset	174	0.14	0
1	unsafe	30	29	reset	175	0.141	0
1	unsafe	30	29	reset	176	0.14	0
1	unsafe	30	29	reset	177	0.14	0
1	unsafe	30	29	reset	178	0.13	0
1	unsafe	30	29	reset	179	0.131	0
1	unsafe	30	29	reset	180	0.14	0
1	unsafe	30	29	reset	181	0.13	0
1	unsafe	30	29	reset	182	0.151	0
1	unsafe	30	29	reset	183	0.131	0
1	unsafe	30	29	reset	184	0.14	0
1	unsafe	30	29	reset	185	0.14	0
1	unsafe	30	29	reset	186	0.141	0
1	unsafe	30	29	reset	187	0.13	0
1	unsafe	30	29	reset	188	0.141	0
1	unsafe	30	29	reset	189	0.14	0
1	unsafe	30	29	reset	190	0.13	0
1	unsafe	30	29	reset	191	0.141	0
1	unsafe	30	29	reset	192	0.131	0
1	unsafe	30	29	reset	193	0.14	0
1	unsafe	30	29	reset	194	0.14	0
1	unsafe	30	29	reset	195	0.13	0
1	unsafe	30	29	reset	196	0.14	0
1	unsafe	30	29	reset	197	0.13	0
1	unsafe	30	29	reset	198	0.14	0
1	unsafe	30	29	reset	199	0.13	0
1	unsafe	30	29	reset	200	0.141	0
1	unsafe	30	29	stall	1	0.0	0
1	unsafe	30	29	stall	2	0.0	0
1	unsafe	30	29	stall	3	0.0	0
1	unsafe	30	29	stall	4	0.0	0
1	unsafe	30	29	stall	5	0.0	0
1	unsafe	30	29	stall	6	0.0	0
1	unsafe	30	29	stall	7	0.0	0
1	unsafe	30	29	stall	8	0.0	0
1	unsafe	30	29	stall	9	0.0	0
1	unsafe	30	29	stall	10	0.0	0
1	unsafe	30	29	stall	11	0.0	0
1	unsafe	30	29	stall	12	0.0	0
1	unsafe	30	29	stall	13	0.0	0
1	unsafe	30	29	stall	14	58.431	0
1	unsafe	30	29	stall	15	0.0	0
1	unsafe	30	29	stall	16	0.0	0
1	unsafe	30	29	stall	17	0.0	0
1	unsafe	30	29	stall	18	0.0	0
1	unsafe	30	29	stall	19	3003.525	0
1	unsafe	30	29	stall	20	302.511	0
1	unsafe	30	29	stall	21	0.0	0
1	unsafe	30	29	stall	22	0.0	0
1	unsafe	30	29	stall	23	4002.981	0
1	unsafe	30	29	stall	24	0.0	0
1	unsafe	30	29	stall	25	0.0	0
1	unsafe	30	29	stall	26	0.0	0
1	unsafe	30	29	stall	27	238.49	0
1	unsafe	30	29	stall	28	218.062	0
1	unsafe	30	29	stall	29	0.0	0
2	checked	1	0	reset	1	39.324	0
2	checked	1	0	reset	2	29.486	0
2	checked	1	0	reset	3	28.233	0
2	checked	1	0	reset	4	27.222	0
2	checked	1	0	reset	5	27.352	0
2	checked	1	0	reset	6	27.041	0
2	checked	1	0	reset	7	27.762	0
2	checked	1	0	reset	8	27.021	0
2	checked	1	0	reset	9	28.413	0
2	checked	1	0	reset	10	28.043	0
2	checked	1	0	reset	11	27.812	0
2	checked	1	0	reset	12	27.992	0
2	checked	1	0	reset	13	27.822	0
2	checked	1	0	reset	14	30.558	0
2	checked	1	0	reset	15	27.733	0
2	checked	1	0	reset	16	27.482	0
2	checked	1	0	reset	17	27.943	0
2	checked	1	0	reset	18	27.432	0
2	checked	1	0	reset	19	27.602	0
2	checked	1	0	reset	20	28.103	0
2	checked	1	0	reset	21	28.834	0
2	checked	1	0	reset	22	28.343	0
2	checked	1	0	reset	23	28.023	0
2	checked	1	0	reset	24	27.913	0
2	checked	1	0	reset	25	28.403	0
2	checked	1	0	reset	26	28.574	0
2	checked	1	0	reset	27	28.864	0
2	checked	1	0	reset	28	28.464	0
2	checked	1	0	reset	29	28.414	0
2	checked	1	0	reset	30	28.384	0
2	checked	1	0	reset	31	27.853	0
2	checked	1	0	reset	32	27.282	0
2	checked	1	0	reset	33	27.632	0
2	checked	1	0	reset	34	27.372	0
2	checked	1	0	reset	35	27.562	0
2	checked	1	0	reset	36	27.232	0
2	checked	1	0	reset	37	27.783	0
2	checked	1	0	reset	38	27.172	0
2	checked	1	0	reset	39	27.582	0
2	checked	1	0	reset	40	28.193	0
2	checked	1	0	reset	41	28.364	0
2	checked	1	0	reset	42	28.274	0
2	checked	1	0	reset	43	29.155	0
2	checked	1	0	reset	44	28.564	0
2	checked	1	0	reset	45	28.624	0
2	checked	1	0	reset	46	28.624	0
2	checked	1	0	reset	47	28.253	0
2	checked	1	0	reset	48	28.925	0
2	checked	1	0	reset	49	28.343	0
2	checked	1	0	reset	50	28.193	0
2	checked	1	0	reset	51	28.774	0
2	checked	1	0	reset	52	27.582	0
2	checked	1	0	reset	53	33.453	0
2	checked	1	0	reset	54	27.412	0
2	checked	1	0	reset	55	27.391	0
2	checked	1	0	reset	56	27.021	0
2	checked	1	0	reset	57	27.642	0
2	checked	1	0	reset	58	27.402	0
2	checked	1	0	reset	59	27.562	0
2	checked	1	0	reset	60	28.975	0
2	checked	1	0	reset	61	27.402	0
2	checked	1	0	reset	62	27.282	0
2	checked	1	0	reset	63	27.632	0
2	checked	1	0	reset	64	27.311	0
2	checked	1	0	reset	65	27.552	0
2	checked	1	0	reset	66	27.131	0
2	checked	1	0	reset	67	27.642	0
2	checked	1	0	reset	68	27.201	0
2	checked	1	0	reset	69	29.926	0
2	checked	1	0	reset	70	27.211	0
2	checked	1	0	reset	71	27.371	0
2	checked	1	0	reset	72	27.232	0
2	checked	1	0	reset	73	27.682	0
2	checked	1	0	reset	74	27.392	0
2	checked	1	0	reset	75	27.362	0
2	checked	1	0	reset	76	27.391	0
2	checked	1	0	reset	77	27.582	0
2	checked	1	0	reset	78	29.666	0
2	checked	1	0	reset	79	27.682	0
2	checked	1	0	reset	80	27.321	0
2	checked	1	0	reset	81	27.482	0
2	checked	1	0	reset	82	27.131	0
2	checked	1	0	reset	83	27.392	0
2	checked	1	0	reset	84	27.181	0
2	checked	1	0	reset	85	27.471	0
2	checked	1	0	reset	86	27.271	0
2	checked	1	0	reset	87	30.458	0
2	checked	1	0	reset	88	27.182	0
2	checked	1	0	reset	89	27.612	0
2	checked	1	0	reset	90	27.241	0
2	checked	1	0	reset	91	27.992	0
2	checked	1	0	reset	92	27.702	0
2	checked	1	0	reset	93	27.773	0
2	checked	1	0	reset	94	27.302	0
2	checked	1	0	reset	95	27.502	0
2	checked	1	0	reset	96	32.021	0
2	checked	1	0	reset	97	27.472	0
2	checked	1	0	reset	98	27.251	0
2	checked	1	0	reset	99	27.872	0
2	checked	1	0	reset	100	27.392	0
2	checked	1	0	reset	101	27.612	0
2	checked	1	0	reset	102	27.091	0
2	checked	1	0	reset	103	27.602	0
2	checked	1	0	reset	104	27.121	0
2	checked	1	0	reset	105	31.79	0
2	checked	1	0	reset	106	27.132	0
2	checked	1	0	reset	107	27.391	0
2	checked	1	0	reset	108	27.111	0
2	checked	1	0	reset	109	27.322	0
2	checked	1	0	reset	110	27.231	0
2	checked	1	0	reset	111	27.552	0
2	checked	1	0	reset	112	27.532	0
2	checked	1	0	reset	113	27.672	0
2	checked	1	0	reset	114	28.373	0
2	checked	1	0	reset	115	27.622	0
2	checked	1	0	reset	116	27.262	0
2	checked	1	0	reset	117	27.472	0
2	checked	1	0	reset	118	27.442	0
2	checked	1	0	reset	119	27.481	0
2	checked	1	0	reset	120	27.302	0
2	checked	1	0	reset	121	27.652	0
2	checked	1	0	reset	122	26.981	0
2	checked	1	0	reset	123	27.522	0
2	checked	1	0	reset	124	27.111	0
2	checked	1	0	reset	125	27.361	0
2	checked	1	0	reset	126	27.542	0
2	checked	1	0	reset	127	27.612	0
2	checked	1	0	reset	128	27.252	0
2	checked	1	0	reset	129	27.332	0
2	checked	1	0	reset	130	28.804	0
2	checked	1	0	reset	131	27.372	0
2	checked	1	0	reset	132	27.241	0
2	checked	1	0	reset	133	27.432	0
2	checked	1	0	reset	134	27.212	0
2	checked	1	0	reset	135	27.572	0
2	checked	1	0	reset	136	27.041	0
2	checked	1	0	reset	137	27.532	0
2	checked	1	0	reset	138	27.161	0
2	checked	1	0	reset	139	29.145	0
2	checked	1	0	reset	140	27.221	0
2	checked	1	0	reset	141	27.442	0
2	checked	1	0	reset	142	27.282	0
2	checked	1	0	reset	143	27.501	0
2	checked	1	0	reset	144	27.222	0
2	checked	1	0	reset	145	27.412	0
2	checked	1	0	reset	146	27.171	0
2	checked	1	0	reset	147	27.391	0
2	checked	1	0	reset	148	29.515	0
2	checked	1	0	reset	149	27.412	0
2	checked	1	0	reset	150	27.111	0
2	checked	1	0	reset	151	27.652	0
2	checked	1	0	reset	152	27.131	0
2	checked	1	0	reset	153	27.652	0
2	checked	1	0	reset	154	27.161	0
2	checked	1	0	reset	155	27.643	0
2	checked	1	0	reset	156	27.061	0
2	checked	1	0	reset	157	28.915	0
2	checked	1	0	reset	158	27.371	0
2	checked	1	0	reset	159	27.411	0
2	checked	1	0	reset	160	27.542	0
2	checked	1	0	reset	161	27.382	0
2	checked	1	0	reset	162	27.272	0
2	checked	1	0	reset	163	27.392	0
2	checked	1	0	reset	164	27.372	0
2	checked	1	0	reset	165	27.412	0
2	checked	1	0	reset	166	29.515	0
2	checked	1	0	reset	167	27.452	0
2	checked	1	0	reset	168	27.151	0
2	checked	1	0	reset	169	27.532	0
2	checked	1	0	reset	170	27.191	0
2	checked	1	0	reset	171	27.462	0
2	checked	1	0	reset	172	27.301	0
2	checked	1	0	reset	173	27.502	0
2	checked	1	0	reset	174	27.272	0
2	checked	1	0	reset	175	27.652	0
2	checked	1	0	reset	176	27.462	0
2	checked	1	0	reset	177	27.632	0
2	checked	1	0	reset	178	27.321	0
2	checked	1	0	reset	179	27.441	0
2	checked	1	0	reset	180	27.372	0
2	checked	1	0	reset	181	27.542	0
2	checked	1	0	reset	182	27.272	0
2	checked	1	0	reset	183	27.492	0
2	checked	1	0	reset	184	26.99	0
2	checked	1	0	reset	185	27.643	0
2	checked	1	0	reset	186	27.161	0
2	checked	1	0	reset	187	27.582	0
2	checked	1	0	reset	188	27.041	0
2	checked	1	0	reset	189	27.422	0
2	checked	1	0	reset	190	27.151	0
2	checked	1	0	reset	191	27.562	0
2	checked	1	0	reset	192	27.221	0
2	checked	1	0	reset	193	29.446	0
2	checked	1	0	reset	194	27.202	0
2	checked	1	0	reset	195	27.402	0
2	checked	1	0	reset	196	27.863	0
2	checked	1	0	reset	197	27.181	0
2	checked	1	0	reset	198	27.101	0
2	checked	1	0	reset	199	27.272	0
2	checked	1	0	reset	200	29.236	0
2	unsafe	1	0	reset	1	0.12	0
2	unsafe	1	0	reset	2	0.05	0
2	unsafe	1	0	reset	3	0.05	0
2	unsafe	1	0	reset	4	0.09	0
2	unsafe	1	0	reset	5	0.05	0
2	unsafe	1	0	reset	6	0.061	0
2	unsafe	1	0	reset	7	0.07	0
2	unsafe	1	0	reset	8	0.06	0
2	unsafe	1	0	reset	9	0.06	0
2	unsafe	1	0	reset	10	0.05	0
2	unsafe	1	0	reset	11	0.06	0
2	unsafe	1	0	reset	12	0.05	0
2	unsafe	1	0	reset	13	0.06	0
2	unsafe	1	0	reset	14	0.05	0
2	unsafe	1	0	reset	15	0.06	0
2	unsafe	1	0	reset	16	0.06	0
2	unsafe	1	0	reset	17	0.06	0
2	unsafe	1	0	reset	18	0.06	0
2	unsafe	1	0	reset	19	0.06	0
2	unsafe	1	0	reset	20	0.06	0
2	unsafe	1	0	reset	21	0.05	0
2	unsafe	1	0	reset	22	0.06	0
2	unsafe	1	0	reset	23	0.07	0
2	unsafe	1	0	reset	24	0.06	0
2	unsafe	1	0	reset	25	0.07	0
2	unsafe	1	0	reset	26	0.05	0
2	unsafe	1	0	reset	27	0.06	0
2	unsafe	1	0	reset	28	0.07	0
2	unsafe	1	0	reset	29	0.06	0
2	unsafe	1	0	reset	30	0.071	0
2	unsafe	1	0	reset	31	0.07	0
2	unsafe	1	0	reset	32	0.06	0
2	unsafe	1	0	reset	33	0.06	0
2	unsafe	1	0	reset	34	0.06	0
2	unsafe	1	0	reset	35	0.06	0
2	unsafe	1	0	reset	36	0.06	0
2	unsafe	1	0	reset	37	0.08	0
2	unsafe	1	0	reset	38	0.05	0
2	unsafe	1	0	reset	39	0.07	0
2	unsafe	1	0	reset	40	0.06	0
2	unsafe	1	0	reset	41	0.07	0
2	unsafe	1	0	reset	42	0.06	0
2	unsafe	1	0	reset	43	0.06	0
2	unsafe	1	0	reset	44	0.071	0
2	unsafe	1	0	reset	45	0.06	0
2	unsafe	1	0	reset	46	0.06	0
2	unsafe	1	0	reset	47	0.06	0
2	unsafe	1	0	reset	48	0.06	0
2	unsafe	1	0	reset	49	0.06	0
2	unsafe	1	0	reset	50	0.07	0
2	unsafe	1	0	reset	51	0.06	0
2	unsafe	1	0	reset	52	0.06	0
2	unsafe	1	0	reset	53	0.06	0
2	unsafe	1	0	reset	54	0.06	0
2	unsafe	1	0	reset	55	0.06	0
2	unsafe	1	0	reset	56	0.07	0
2	unsafe	1	0	reset	57	0.06	0
2	unsafe	1	0	reset	58	0.06	0
2	unsafe	1	0	reset	59	0.07	0
2	unsafe	1	0	reset	60	0.06	0
2	unsafe	1	0	reset	61	0.07	0
2	unsafe	1	0	reset	62	0.05	0
2	unsafe	1	0	reset	63	0.07	0
2	unsafe	1	0	reset	64	0.06	0
2	unsafe	1	0	reset	65	0.06	0
2	unsafe	1	0	reset	66	0.06	0
2	unsafe	1	0	reset	67	0.07	0
2	unsafe	1	0	reset	68	0.06	0
2	unsafe	1	0	reset	69	0.06	0
2	unsafe	1	0	reset	70	0.07	0
2	unsafe	1	0	reset	71	0.06	0
2	unsafe	1	0	reset	72	0.06	0
2	unsafe	1	0	reset	73	0.06	0
2	unsafe	1	0	reset	74	0.06	0
2	unsafe	1	0	reset	75	0.07	0
2	unsafe	1	0	reset	76	0.061	0
2	unsafe	1	0	reset	77	0.07	0
2	unsafe	1	0	reset	78	0.07	0
2	unsafe	1	0	reset	79	0.05	0
2	unsafe	1	0	reset	80	0.06	0
2	unsafe	1	0	reset	81	0.06	0
2	unsafe	1	0	reset	82	0.06	0
2	unsafe	1	0	reset	83	0.05	0
2	unsafe	1	0	reset	84	0.07	0
2	unsafe	1	0	reset	85	0.07	0
2	unsafe	1	0	reset	86	0.05	0
2	unsafe	1	0	reset	87	0.06	0
2	unsafe	1	0	reset	88	0.061	0
2	unsafe	1	0	reset	89	0.07	0
2	unsafe	1	0	reset	90	0.06	0
2	unsafe	1	0	reset	91	0.07	0
2	unsafe	1	0	reset	92	0.06	0
2	unsafe	1	0	reset	93	0.06	0
2	unsafe	1	0	reset	94	0.06	0
2	unsafe	1	0	reset	95	0.07	0
2	unsafe	1	0	reset	96	0.07	0
2	unsafe	1	0	reset	97	0.06	0
2	unsafe	1	0	reset	98	0.06	0
2	unsafe	1	0	reset	99	0.08	0
2	unsafe	1	0	reset	100	0.06	0
2	unsafe	1	0	reset	101	0.07	0
2	unsafe	1	0	reset	102	0.051	0
2	unsafe	1	0	reset	103	0.05	0
2	unsafe	1	0	reset	104	0.06	0
2	unsafe	1	0	reset	105	0.06	0
2	unsafe	1	0	reset	106	0.06	0
2	unsafe	1	0	reset	107	0.061	0
2	unsafe	1	0	reset	108	0.071	0
2	unsafe	1	0	reset	109	0.06	0
2	unsafe	1	0	reset	110	0.07	0
2	unsafe	1	0	reset	111	0.07	0
2	unsafe	1	0	reset	112	0.06	0
2	unsafe	1	0	reset	113	0.06	0
2	unsafe	1	0	reset	114	0.061	0
2	unsafe	1	0	reset	115	0.06	0
2	unsafe	1	0	reset	116	0.06	0
2	unsafe	1	0	reset	117	0.05	0
2	unsafe	1	0	reset	118	0.06	0
2	unsafe	1	0	reset	119	0.06	0
2	unsafe	1	0	reset	120	0.07	0
2	unsafe	1	0	reset	121	0.06	0
2	unsafe	1	0	reset	122	0.06	0
2	unsafe	1	0	reset	123	0.06	0
2	unsafe	1	0	reset	124	0.06	0
2	unsafe	1	0	reset	125	0.07	0
2	unsafe	1	0	reset	126	0.07	0
2	unsafe	1	0	reset	127	0.07	0
2	unsafe	1	0	reset	128	0.06	0
2	unsafe	1	0	reset	129	0.061	0
2	unsafe	1	0	reset	130	0.07	0
2	unsafe	1	0	reset	131	0.06	0
2	unsafe	1	0	reset	132	0.08	0
2	unsafe	1	0	reset	133	0.06	0
2	unsafe	1	0	reset	134	0.07	0
2	unsafe	1	0	reset	135	0.06	0
2	unsafe	1	0	reset	136	0.07	0
2	unsafe	1	0	reset	137	0.07	0
2	unsafe	1	0	reset	138	0.06	0
2	unsafe	1	0	reset	139	0.07	0
2	unsafe	1	0	reset	140	0.06	0
2	unsafe	1	0	reset	141	0.07	0
2	unsafe	1	0	reset	142	0.07	0
2	unsafe	1	0	reset	143	0.07	0
2	unsafe	1	0	reset	144	0.07	0
2	unsafe	1	0	reset	145	0.06	0
2	unsafe	1	0	reset	146	0.061	0
2	unsafe	1	0	reset	147	0.06	0
2	unsafe	1	0	reset	148	0.06	0
2	unsafe	1	0	reset	149	0.06	0
2	unsafe	1	0	reset	150	0.071	0
2	unsafe	1	0	reset	151	0.06	0
2	unsafe	1	0	reset	152	0.06	0
2	unsafe	1	0	reset	153	0.06	0
2	unsafe	1	0	reset	154	0.07	0
2	unsafe	1	0	reset	155	0.06	0
2	unsafe	1	0	reset	156	0.05	0
2	unsafe	1	0	reset	157	0.06	0
2	unsafe	1	0	reset	158	0.06	0
2	unsafe	1	0	reset	159	0.05	0
2	unsafe	1	0	reset	160	0.07	0
2	unsafe	1	0	reset	161	0.06	0
2	unsafe	1	0	reset	162	0.081	0
2	unsafe	1	0	reset	163	0.06	0
2	unsafe	1	0	reset	164	0.07	0
2	unsafe	1	0	reset	165	0.07	0
2	unsafe	1	0	reset	166	0.06	0
2	unsafe	1	0	reset	167	0.071	0
2	unsafe	1	0	reset	168	0.06	0
2	unsafe	1	0	reset	169	0.07	0
2	unsafe	1	0	reset	170	0.06	0
2	unsafe	1	0	reset	171	0.07	0
2	unsafe	1	0	reset	172	0.061	0
2	unsafe	1	0	reset	173	0.07	0
2	unsafe	1	0	reset	174	0.07	0
2	unsafe	1	0	reset	175	0.07	0
2	unsafe	1	0	reset	176	0.07	0
2	unsafe	1	0	reset	177	0.06	0
2	unsafe	1	0	reset	178	0.07	0
2	unsafe	1	0	reset	179	0.081	0
2	unsafe	1	0	reset	180	0.07	0
2	unsafe	1	0	reset	181	0.06	0
2	unsafe	1	0	reset	182	0.05	0
2	unsafe	1	0	reset	183	0.07	0
2	unsafe	1	0	reset	184	0.06	0
2	unsafe	1	0	reset	185	0.07	0
2	unsafe	1	0	reset	186	0.061	0
2	unsafe	1	0	reset	187	0.061	0
2	unsafe	1	0	reset	188	0.06	0
2	unsafe	1	0	reset	189	0.05	0
2	unsafe	1	0	reset	190	0.06	0
2	unsafe	1	0	reset	191	0.061	0
2	unsafe	1	0	reset	192	0.06	0
2	unsafe	1	0	reset	193	0.06	0
2	unsafe	1	0	reset	194	0.06	0
2	unsafe	1	0	reset	195	0.06	0
2	unsafe	1	0	reset	196	0.06	0
2	unsafe	1	0	reset	197	0.06	0
2	unsafe	1	0	reset	198	0.06	0
2	unsafe	1	0	reset	199	0.06	0
2	unsafe	1	0	reset	200	0.06	0
2	checked	4	3	reset	1	73.669	0
2	checked	4	3	reset	2	46.398	0
2	checked	4	3	reset	3	53.13	0
2	checked	4	3	reset	4	41.267	0
2	checked	4	3	reset	5	128.182	0
2	checked	4	3	reset	6	89.859	0
2	checked	4	3	reset	7	37.361	0
2	checked	4	3	reset	8	76.644	0
2	checked	4	3	reset	9	41.679	0
2	checked	4	3	reset	10	42.16	0
2	checked	4	3	reset	11	38.753	0
2	checked	4	3	reset	12	38.913	0
2	checked	4	3	reset	13	39.725	0
2	checked	4	3	reset	14	38.803	0
2	checked	4	3	reset	15	47.078	0
2	checked	4	3	reset	16	43.161	0
2	checked	4	3	reset	17	41.648	0
2	checked	4	3	reset	18	40.045	0
2	checked	4	3	reset	19	41.949	0
2	checked	4	3	reset	20	40.086	0
2	checked	4	3	reset	21	40.507	0
2	checked	4	3	reset	22	40.376	0
2	checked	4	3	reset	23	40.496	0
2	checked	4	3	reset	24	40.306	0
2	checked	4	3	reset	25	39.815	0
2	checked	4	3	reset	26	41.418	0
2	checked	4	3	reset	27	40.075	0
2	checked	4	3	reset	28	40.045	0
2	checked	4	3	reset	29	40.337	0
2	checked	4	3	reset	30	42.911	0
2	checked	4	3	reset	31	39.404	0
2	checked	4	3	reset	32	40.697	0
2	checked	4	3	reset	33	38.913	0
2	checked	4	3	reset	34	42.039	0
2	checked	4	3	reset	35	41.017	0
2	checked	4	3	reset	36	39.755	0
2	checked	4	3	reset	37	41.548	0
2	checked	4	3	reset	38	42.771	0
2	checked	4	3	reset	39	39.976	0
2	checked	4	3	reset	40	41.498	0
2	checked	4	3	reset	41	71.645	0
2	checked	4	3	reset	42	43.372	0
2	checked	4	3	reset	43	41.448	0
2	checked	4	3	reset	44	37.671	0
2	checked	4	3	reset	45	36.319	0
2	checked	4	3	reset	46	34.676	0
2	checked	4	3	reset	47	34.455	0
2	checked	4	3	reset	48	35.798	0
2	checked	4	3	reset	49	35.187	0
2	checked	4	3	reset	50	33.884	0
2	checked	4	3	reset	51	34.976	0
2	checked	4	3	reset	52	34.525	0
2	checked	4	3	reset	53	34.485	0
2	checked	4	3	reset	54	33.934	0
2	checked	4	3	reset	55	34.545	0
2	checked	4	3	reset	56	35.818	0
2	checked	4	3	reset	57	36.138	0
2	checked	4	3	reset	58	36.128	0
2	checked	4	3	reset	59	36.068	0
2	checked	4	3	reset	60	35.788	0
2	checked	4	3	reset	61	34.415	0
2	checked	4	3	reset	62	34.905	0
2	checked	4	3	reset	63	35.527	0
2	checked	4	3	reset	64	37.15	0
2	checked	4	3	reset	65	35.136	0
2	checked	4	3	reset	66	35.066	0
2	checked	4	3	reset	67	35.316	0
2	checked	4	3	reset	68	35.327	0
2	checked	4	3	reset	69	34.946	0
2	checked	4	3	reset	70	34.585	0
2	checked	4	3	reset	71	35.887	0
2	checked	4	3	reset	72	33.924	0
2	checked	4	3	reset	73	36.88	0
2	checked	4	3	reset	74	36.308	0
2	checked	4	3	reset	75	36.719	0
2	checked	4	3	reset	76	33.924	0
2	checked	4	3	reset	77	34.495	0
2	checked	4	3	reset	78	34.976	0
2	checked	4	3	reset	79	36.649	0
2	checked	4	3	reset	80	34.966	0
2	checked	4	3	reset	81	35.748	0
2	checked	4	3	reset	82	34.825	0
2	checked	4	3	reset	83	34.745	0
2	checked	4	3	reset	84	34.415	0
2	checked	4	3	reset	85	37.51	0
2	checked	4	3	reset	86	34.445	0
2	checked	4	3	reset	87	35.427	0
2	checked	4	3	reset	88	36.449	0
2	checked	4	3	reset	89	35.818	0
2	checked	4	3	reset	90	34.665	0
2	checked	4	3	reset	91	34.395	0
2	checked	4	3	reset	92	34.615	0
2	checked	4	3	reset	93	34.916	0
2	checked	4	3	reset	94	34.545	0
2	checked	4	3	reset	95	35.527	0
2	checked	4	3	reset	96	35.046	0
2	checked	4	3	reset	97	35.167	0
2	checked	4	3	reset	98	33.824	0
2	checked	4	3	reset	99	34.756	0
2	checked	4	3	reset	100	34.485	0
2	checked	4	3	reset	101	34.646	0
2	checked	4	3	reset	102	34.045	0
2	checked	4	3	reset	103	35.627	0
2	checked	4	3	reset	104	34.274	0
2	checked	4	3	reset	105	35.277	0
2	checked	4	3	reset	106	34.104	0
2	checked	4	3	reset	107	33.964	0
2	checked	4	3	reset	108	34.816	0
2	checked	4	3	reset	109	33.914	0
2	checked	4	3	reset	110	34.876	0
2	checked	4	3	reset	111	35.076	0
2	checked	4	3	reset	112	36.289	0
2	checked	4	3	reset	113	35.166	0
2	checked	4	3	reset	114	34.475	0
2	checked	4	3	reset	115	36.249	0
2	checked	4	3	reset	116	38.853	0
2	checked	4	3	reset	117	34.866	0
2	checked	4	3	reset	118	34.976	0
2	checked	4	3	reset	119	33.944	0
2	checked	4	3	reset	120	33.473	0
2	checked	4	3	reset	121	35.086	0
2	checked	4	3	reset	122	33.583	0
2	checked	4	3	reset	123	33.473	0
2	checked	4	3	reset	124	33.965	0
2	checked	4	3	reset	125	34.094	0
2	checked	4	3	reset	126	33.463	0
2	checked	4	3	reset	127	35.437	0
2	checked	4	3	reset	128	34.806	0
2	checked	4	3	reset	129	33.894	0
2	checked	4	3	reset	130	33.734	0
2	checked	4	3	reset	131	34.505	0
2	checked	4	3	reset	132	34.906	0
2	checked	4	3	reset	133	33.864	0
2	checked	4	3	reset	134	34.084	0
2	checked	4	3	reset	135	34.916	0
2	checked	4	3	reset	136	34.525	0
2	checked	4	3	reset	137	34.115	0
2	checked	4	3	reset	138	35.087	0
2	checked	4	3	reset	139	34.235	0
2	checked	4	3	reset	140	35.087	0
2	checked	4	3	reset	141	34.135	0
2	checked	4	3	reset	142	35.627	0
2	checked	4	3	reset	143	35.286	0
2	checked	4	3	reset	144	34.686	0
2	checked	4	3	reset	145	35.187	0
2	checked	4	3	reset	146	35.527	0
2	checked	4	3	reset	147	37.32	0
2	checked	4	3	reset	148	33.794	0
2	checked	4	3	reset	149	34.115	0
2	checked	4	3	reset	150	34.245	0
2	checked	4	3	reset	151	34.896	0
2	checked	4	3	reset	152	34.575	0
2	checked	4	3	reset	153	34.425	0
2	checked	4	3	reset	154	34.815	0
2	checked	4	3	reset	155	34.075	0
2	checked	4	3	reset	156	34.275	0
2	checked	4	3	reset	157	34.155	0
2	checked	4	3	reset	158	33.874	0
2	checked	4	3	reset	159	36.458	0
2	checked	4	3	reset	160	34.144	0
2	checked	4	3	reset	161	35.286	0
2	checked	4	3	reset	162	35.948	0
2	checked	4	3	reset	163	34.415	0
2	checked	4	3	reset	164	34.334	0
2	checked	4	3	reset	165	34.254	0
2	checked	4	3	reset	166	34.786	0
2	checked	4	3	reset	167	35.446	0
2	checked	4	3	reset	168	35.197	0
2	checked	4	3	reset	169	34.295	0
2	checked	4	3	reset	170	35.898	0
2	checked	4	3	reset	171	51.387	0
2	checked	4	3	reset	172	37.39	0
2	checked	4	3	reset	173	37.341	0
2	checked	4	3	reset	174	35.577	0
2	checked	4	3	reset	175	35.457	0
2	checked	4	3	reset	176	34.595	0
2	checked	4	3	reset	177	35.056	0
2	checked	4	3	reset	178	34.164	0
2	checked	4	3	reset	179	34.986	0
2	checked	4	3	reset	180	34.315	0
2	checked	4	3	reset	181	34.625	0
2	checked	4	3	reset	182	35.046	0
2	checked	4	3	reset	183	35.848	0
2	checked	4	3	reset	184	34.766	0
2	checked	4	3	reset	185	34.756	0
2	checked	4	3	reset	186	34.245	0
2	checked	4	3	reset	187	34.385	0
2	checked	4	3	reset	188	33.984	0
2	checked	4	3	reset	189	36.549	0
2	checked	4	3	reset	190	35.177	0
2	checked	4	3	reset	191	35.046	0
2	checked	4	3	reset	192	34.054	0
2	checked	4	3	reset	193	35.397	0
2	checked	4	3	reset	194	34.495	0
2	checked	4	3	reset	195	33.874	0
2	checked	4	3	reset	196	34.585	0
2	checked	4	3	reset	197	34.505	0
2	checked	4	3	reset	198	34.986	0
2	checked	4	3	reset	199	33.724	0
2	checked	4	3	reset	200	36.409	0
2	checked	4	3	stall	1	119.546	0
2	checked	4	3	stall	2	74.27	0
2	checked	4	3	stall	3	79.951	0
2	unsafe	4	3	reset	1	0.11	0
2	unsafe	4	3	reset	2	0.04	0
2	unsafe	4	3	reset	3	0.07	0
2	unsafe	4	3	reset	4	0.06	0
2	unsafe	4	3	reset	5	0.05	0
2	unsafe	4	3	reset	6	0.11	0
2	unsafe	4	3	reset	7	0.07	0
2	unsafe	4	3	reset	8	0.06	0
2	unsafe	4	3	reset	9	0.17	0
2	unsafe	4	3	reset	10	0.07	0
2	unsafe	4	3	reset	11	0.05	0
2	unsafe	4	3	reset	12	0.06	0
2	unsafe	4	3	reset	13	0.05	0
2	unsafe	4	3	reset	14	0.05	0
2	unsafe	4	3	reset	15	0.111	0
2	unsafe	4	3	reset	16	0.06	0
2	unsafe	4	3	reset	17	0.11	0
2	unsafe	4	3	reset	18	0.081	0
2	unsafe	4	3	reset	19	0.06	0
2	unsafe	4	3	reset	20	0.05	0
2	unsafe	4	3	reset	21	0.05	0
2	unsafe	4	3	reset	22	0.06	0
2	unsafe	4	3	reset	23	0.1	0
2	unsafe	4	3	reset	24	0.07	0
2	unsafe	4	3	reset	25	0.05	0
2	unsafe	4	3	reset	26	0.11	0
2	unsafe	4	3	reset	27	0.051	0
2	unsafe	4	3	reset	28	0.08	0
2	unsafe	4	3	reset	29	0.05	0
2	unsafe	4	3	reset	30	0.06	0
2	unsafe	4	3	reset	31	0.06	0
2	unsafe	4	3	reset	32	0.19	0
2	unsafe	4	3	reset	33	0.06	0
2	unsafe	4	3	reset	34	0.08	0
2	unsafe	4	3	reset	35	0.06	0
2	unsafe	4	3	reset	36	0.051	0
2	unsafe	4	3	reset	37	0.07	0
2	unsafe	4	3	reset	38	0.05	0
2	unsafe	4	3	reset	39	0.07	0
2	unsafe	4	3	reset	40	0.07	0
2	unsafe	4	3	reset	41	0.09	0
2	unsafe	4	3	reset	42	0.07	0
2	unsafe	4	3	reset	43	0.061	0
2	unsafe	4	3	reset	44	0.061	0
2	unsafe	4	3	reset	45	0.05	0
2	unsafe	4	3	reset	46	0.091	0
2	unsafe	4	3	reset	47	0.05	0
2	unsafe	4	3	reset	48	0.06	0
2	unsafe	4	3	reset	49	0.05	0
2	unsafe	4	3	reset	50	0.05	0
2	unsafe	4	3	reset	51	0.06	0
2	unsafe	4	3	reset	52	0.05	0
2	unsafe	4	3	reset	53	0.07	0
2	unsafe	4	3	reset	54	0.06	0
2	unsafe	4	3	reset	55	0.07	0
2	unsafe	4	3	reset	56	0.06	0
2	unsafe	4	3	reset	57	0.06	0
2	unsafe	4	3	reset	58	0.07	0
2	unsafe	4	3	reset	59	0.06	0
2	unsafe	4	3	reset	60	0.06	0
2	unsafe	4	3	reset	61	0.05	0
2	unsafe	4	3	reset	62	0.08	0
2	unsafe	4	3	reset	63	0.07	0
2	unsafe	4	3	reset	64	0.06	0
2	unsafe	4	3	reset	65	0.091	0
2	unsafe	4	3	reset	66	0.05	0
2	unsafe	4	3	reset	67	0.07	0
2	unsafe	4	3	reset	68	0.05	0
2	unsafe	4	3	reset	69	0.06	0
2	unsafe	4	3	reset	70	0.071	0
2	unsafe	4	3	reset	71	0.061	0
2	unsafe	4	3	reset	72	0.08	0
2	unsafe	4	3	reset	73	0.05	0
2	unsafe	4	3	reset	74	0.08	0
2	unsafe	4	3	reset	75	0.06	0
2	unsafe	4	3	reset	76	0.06	0
2	unsafe	4	3	reset	77	0.06	0
2	unsafe	4	3	reset	78	0.07	0
2	unsafe	4	3	reset	79	0.06	0
2	unsafe	4	3	reset	80	0.07	0
2	unsafe	4	3	reset	81	0.06	0
2	unsafe	4	3	reset	82	0.06	0
2	unsafe	4	3	reset	83	0.07	0
2	unsafe	4	3	reset	84	0.07	0
2	unsafe	4	3	reset	85	0.07	0
2	unsafe	4	3	reset	86	0.06	0
2	unsafe	4	3	reset	87	0.071	0
2	unsafe	4	3	reset	88	0.08	0
2	unsafe	4	3	reset	89	0.06	0
2	unsafe	4	3	reset	90	0.05	0
2	unsafe	4	3	reset	91	0.061	0
2	unsafe	4	3	reset	92	0.05	0
2	unsafe	4	3	reset	93	0.08	0
2	unsafe	4	3	reset	94	0.06	0
2	unsafe	4	3	reset	95	0.06	0
2	unsafe	4	3	reset	96	0.05	0
2	unsafe	4	3	reset	97	0.05	0
2	unsafe	4	3	reset	98	0.08	0
2	unsafe	4	3	reset	99	0.06	0
2	unsafe	4	3	reset	100	0.08	0
2	unsafe	4	3	reset	101	0.05	0
2	unsafe	4	3	reset	102	0.07	0
2	unsafe	4	3	reset	103	0.05	0
2	unsafe	4	3	reset	104	0.07	0
2	unsafe	4	3	reset	105	0.05	0
2	unsafe	4	3	reset	106	0.07	0
2	unsafe	4	3	reset	107	0.07	0
2	unsafe	4	3	reset	108	0.061	0
2	unsafe	4	3	reset	109	0.071	0
2	unsafe	4	3	reset	110	0.06	0
2	unsafe	4	3	reset	111	0.07	0
2	unsafe	4	3	reset	112	0.07	0
2	unsafe	4	3	reset	113	0.06	0
2	unsafe	4	3	reset	114	0.06	0
2	unsafe	4	3	reset	115	0.07	0
2	unsafe	4	3	reset	116	0.06	0
2	unsafe	4	3	reset	117	0.081	0
2	unsafe	4	3	reset	118	0.06	0
2	unsafe	4	3	reset	119	0.05	0
2	unsafe	4	3	reset	120	0.06	0
2	unsafe	4	3	reset	121	0.06	0
2	unsafe	4	3	reset	122	0.07	0
2	unsafe	4	3	reset	123	0.05	0
2	unsafe	4	3	reset	124	0.06	0
2	unsafe	4	3	reset	125	0.06	0
2	unsafe	4	3	reset	126	0.07	0
2	unsafe	4	3	reset	127	0.071	0
2	unsafe	4	3	reset	128	0.06	0
2	unsafe	4	3	reset	129	0.07	0
2	unsafe	4	3	reset	130	0.05	0
2	unsafe	4	3	reset	131	0.07	0
2	unsafe	4	3	reset	132	0.07	0
2	unsafe	4	3	reset	133	0.06	0
2	unsafe	4	3	reset	134	0.07	0
2	unsafe	4	3	reset	135	0.05	0
2	unsafe	4	3	reset	136	0.06	0
2	unsafe	4	3	reset	137	0.05	0
2	unsafe	4	3	reset	138	0.09	0
2	unsafe	4	3	reset	139	0.05	0
2	unsafe	4	3	reset	140	0.06	0
2	unsafe	4	3	reset	141	0.06	0
2	unsafe	4	3	reset	142	0.06	0
2	unsafe	4	3	reset	143	0.06	0
2	unsafe	4	3	reset	144	0.05	0
2	unsafe	4	3	reset	145	0.06	0
2	unsafe	4	3	reset	146	0.05	0
2	unsafe	4	3	reset	147	0.06	0
2	unsafe	4	3	reset	148	0.07	0
2	unsafe	4	3	reset	149	0.07	0
2	unsafe	4	3	reset	150	0.06	0
2	unsafe	4	3	reset	151	0.061	0
2	unsafe	4	3	reset	152	0.06	0
2	unsafe	4	3	reset	153	0.05	0
2	unsafe	4	3	reset	154	0.07	0
2	unsafe	4	3	reset	155	0.12	0
2	unsafe	4	3	reset	156	0.07	0
2	unsafe	4	3	reset	157	0.06	0
2	unsafe	4	3	reset	158	0.06	0
2	unsafe	4	3	reset	159	0.06	0
2	unsafe	4	3	reset	160	0.061	0
2	unsafe	4	3	reset	161	0.08	0
2	unsafe	4	3	reset	162	0.07	0
2	unsafe	4	3	reset	163	0.07	0
2	unsafe	4	3	reset	164	0.06	0
2	unsafe	4	3	reset	165	0.05	0
2	unsafe	4	3	reset	166	0.06	0
2	unsafe	4	3	reset	167	0.06	0
2	unsafe	4	3	reset	168	0.06	0
2	unsafe	4	3	reset	169	0.05	0
2	unsafe	4	3	reset	170	0.07	0
2	unsafe	4	3	reset	171	0.061	0
2	unsafe	4	3	reset	172	0.061	0
2	unsafe	4	3	reset	173	0.06	0
2	unsafe	4	3	reset	174	0.08	0
2	unsafe	4	3	reset	175	0.05	0
2	unsafe	4	3	reset	176	0.071	0
2	unsafe	4	3	reset	177	0.07	0
2	unsafe	4	3	reset	178	0.05	0
2	unsafe	4	3	reset	179	0.07	0
2	unsafe	4	3	reset	180	0.05	0
2	unsafe	4	3	reset	181	0.071	0
2	unsafe	4	3	reset	182	0.06	0
2	unsafe	4	3	reset	183	0.07	0
2	unsafe	4	3	reset	184	0.06	0
2	unsafe	4	3	reset	185	0.05	0
2	unsafe	4	3	reset	186	0.07	0
2	unsafe	4	3	reset	187	0.1	0
2	unsafe	4	3	reset	188	0.06	0
2	unsafe	4	3	reset	189	0.06	0
2	unsafe	4	3	reset	190	0.08	0
2	unsafe	4	3	reset	191	0.06	0
2	unsafe	4	3	reset	192	0.06	0
2	unsafe	4	3	reset	193	0.07	0
2	unsafe	4	3	reset	194	0.06	0
2	unsafe	4	3	reset	195	0.06	0
2	unsafe	4	3	reset	196	0.05	0
2	unsafe	4	3	reset	197	0.06	0
2	unsafe	4	3	reset	198	0.05	0
2	unsafe	4	3	reset	199	0.07	0
2	unsafe	4	3	reset	200	0.051	0
2	unsafe	4	3	stall	1	0.0	0
2	unsafe	4	3	stall	2	0.0	0
2	unsafe	4	3	stall	3	0.0	0
2	checked	8	7	reset	1	67.307	1
2	checked	8	7	reset	2	47.4	1
2	checked	8	7	reset	3	63.55	1
2	checked	8	7	reset	4	66.556	1
2	checked	8	7	reset	5	60.154	1
2	checked	8	7	reset	6	46.388	1
2	checked	8	7	reset	7	97.955	1
2	checked	8	7	reset	8	77.697	1
2	checked	8	7	reset	9	64.091	1
2	checked	8	7	reset	10	52.008	1
2	checked	8	7	reset	11	57.93	1
2	checked	8	7	reset	12	47.279	1
2	checked	8	7	reset	13	47.689	1
2	checked	8	7	reset	14	57.719	1
2	checked	8	7	reset	15	47.44	1
2	checked	8	7	reset	16	46.327	1
2	checked	8	7	reset	17	49.733	1
2	checked	8	7	reset	18	50.214	1
2	checked	8	7	reset	19	46.207	1
2	checked	8	7	reset	20	48.903	1
2	checked	8	7	reset	21	48.562	1
2	checked	8	7	reset	22	48.381	1
2	checked	8	7	reset	23	46.538	1
2	checked	8	7	reset	24	46.508	1
2	checked	8	7	reset	25	56.677	1
2	checked	8	7	reset	26	49.503	1
2	checked	8	7	reset	27	48.702	1
2	checked	8	7	reset	28	49.694	1
2	checked	8	7	reset	29	52.049	1
2	checked	8	7	reset	30	54.943	1
2	checked	8	7	reset	31	46.257	1
2	checked	8	7	reset	32	56.125	1
2	checked	8	7	reset	33	45.286	1
2	checked	8	7	reset	34	45.246	1
2	checked	8	7	reset	35	45.676	1
2	checked	8	7	reset	36	45.957	1
2	checked	8	7	reset	37	43.573	1
2	checked	8	7	reset	38	39.785	1
2	checked	8	7	reset	39	41.298	1
2	checked	8	7	reset	40	39.856	1
2	checked	8	7	reset	41	47.069	1
2	checked	8	7	reset	42	40.477	1
2	checked	8	7	reset	43	40.947	1
2	checked	8	7	reset	44	51.397	1
2	checked	8	7	reset	45	44.184	1
2	checked	8	7	reset	46	42.23	1
2	checked	8	7	reset	47	43.051	1
2	checked	8	7	reset	48	41.479	1
2	checked	8	7	reset	49	41.739	1
2	checked	8	7	reset	50	41.408	1
2	checked	8	7	reset	51	39.865	1
2	checked	8	7	reset	52	44.584	1
2	checked	8	7	reset	53	54.182	1
2	checked	8	7	reset	54	42.089	1
2	checked	8	7	reset	55	53.762	1
2	checked	8	7	reset	56	41.979	1
2	checked	8	7	reset	57	40.436	1
2	checked	8	7	reset	58	41.93	1
2	checked	8	7	reset	59	40.597	1
2	checked	8	7	reset	60	41.809	1
2	checked	8	7	reset	61	40.767	1
2	checked	8	7	reset	62	45.055	1
2	checked	8	7	reset	63	41.688	1
2	checked	8	7	reset	64	40.507	1
2	checked	8	7	reset	65	40.756	1
2	checked	8	7	reset	66	58.26	1
2	checked	8	7	reset	67	55.805	1
2	checked	8	7	reset	68	46.558	1
2	checked	8	7	reset	69	45.375	1
2	checked	8	7	reset	70	45.957	1
2	checked	8	7	reset	71	45.386	1
2	checked	8	7	reset	72	45.356	1
2	checked	8	7	reset	73	43.833	1
2	checked	8	7	reset	74	44.424	1
2	checked	8	7	reset	75	47.009	1
2	checked	8	7	reset	76	44.945	1
2	checked	8	7	reset	77	62.818	1
2	checked	8	7	reset	78	60.905	1
2	checked	8	7	reset	79	43.302	1
2	checked	8	7	reset	80	44.393	1
2	checked	8	7	reset	81	42.871	1
2	checked	8	7	reset	82	41.508	1
2	checked	8	7	reset	83	42.991	1
2	checked	8	7	reset	84	42.119	1
2	checked	8	7	reset	85	48.902	1
2	checked	8	7	reset	86	48.051	1
2	checked	8	7	reset	87	42.761	1
2	checked	8	7	reset	88	41.619	1
2	checked	8	7	reset	89	40.336	1
2	checked	8	7	reset	90	41.578	1
2	checked	8	7	reset	91	40.537	1
2	checked	8	7	reset	92	39.695	1
2	checked	8	7	reset	93	42.29	1
2	checked	8	7	reset	94	39.425	1
2	checked	8	7	reset	95	41.097	1
2	checked	8	7	reset	96	41.459	1
2	checked	8	7	reset	97	41.028	1
2	checked	8	7	reset	98	39.845	1
2	checked	8	7	reset	99	41.248	1
2	checked	8	7	reset	100	40.677	1
2	checked	8	7	reset	101	39.605	1
2	checked	8	7	reset	102	43.973	1
2	checked	8	7	reset	103	40.416	1
2	checked	8	7	reset	104	41.849	1
2	checked	8	7	reset	105	41.869	1
2	checked	8	7	reset	106	40.426	1
2	checked	8	7	reset	107	41.218	1
2	checked	8	7	reset	108	40.346	1
2	checked	8	7	reset	109	39.955	1
2	checked	8	7	reset	110	41.428	1
2	checked	8	7	reset	111	42.33	1
2	checked	8	7	reset	112	52.199	1
2	checked	8	7	reset	113	41.047	1
2	checked	8	7	reset	114	53.0	1
2	checked	8	7	reset	115	42.039	1
2	checked	8	7	reset	116	40.797	1
2	checked	8	7	reset	117	41.188	1
2	checked	8	7	reset	118	40.686	1
2	checked	8	7	reset	119	42.51	1
2	checked	8	7	reset	120	40.606	1
2	checked	8	7	reset	121	40.947	1
2	checked	8	7	reset	122	40.025	1
2	checked	8	7	reset	123	41.067	1
2	checked	8	7	reset	124	41.017	1
2	checked	8	7	reset	125	40.216	1
2	checked	8	7	reset	126	40.115	1
2	checked	8	7	reset	127	39.294	1
2	checked	8	7	reset	128	40.647	1
2	checked	8	7	reset	129	41.208	1
2	checked	8	7	reset	130	40.466	1
2	checked	8	7	reset	131	40.897	1
2	checked	8	7	reset	132	42.75	1
2	checked	8	7	reset	133	40.977	1
2	checked	8	7	reset	134	42.641	1
2	checked	8	7	reset	135	53.391	1
2	checked	8	7	reset	136	40.286	1
2	checked	8	7	reset	137	40.225	1
2	checked	8	7	reset	138	40.737	1
2	checked	8	7	reset	139	40.036	1
2	checked	8	7	reset	140	43.121	1
2	checked	8	7	reset	141	49.253	1
2	checked	8	7	reset	142	40.506	1
2	checked	8	7	reset	143	66.746	1
2	checked	8	7	reset	144	44.734	1
2	checked	8	7	reset	145	43.052	1
2	checked	8	7	reset	146	44.333	1
2	checked	8	7	reset	147	42.92	1
2	checked	8	7	reset	148	39.835	1
2	checked	8	7	reset	149	39.074	1
2	checked	8	7	reset	150	40.347	1
2	checked	8	7	reset	151	40.417	1
2	checked	8	7	reset	152	39.144	1
2	checked	8	7	reset	153	40.025	1
2	checked	8	7	reset	154	40.186	1
2	checked	8	7	reset	155	39.755	1
2	checked	8	7	reset	156	52.429	1
2	checked	8	7	reset	157	44.183	1
2	checked	8	7	reset	158	41.137	1
2	checked	8	7	reset	159	40.176	1
2	checked	8	7	reset	160	40.276	1
2	checked	8	7	reset	161	43.291	1
2	checked	8	7	reset	162	41.198	1
2	checked	8	7	reset	163	40.837	1
2	checked	8	7	reset	164	40.787	1
2	checked	8	7	reset	165	42.27	1
2	checked	8	7	reset	166	40.686	1
2	checked	8	7	reset	167	40.817	1
2	checked	8	7	reset	168	40.917	1
2	checked	8	7	reset	169	40.837	1
2	checked	8	7	reset	170	45.506	1
2	checked	8	7	reset	171	42.16	1
2	checked	8	7	reset	172	40.787	1
2	checked	8	7	reset	173	40.055	1
2	checked	8	7	reset	174	51.347	1
2	checked	8	7	reset	175	39.916	1
2	checked	8	7	reset	176	40.717	1
2	checked	8	7	reset	177	40.486	1
2	checked	8	7	reset	178	41.819	1
2	checked	8	7	reset	179	39.966	1
2	checked	8	7	reset	180	39.825	1
2	checked	8	7	reset	181	53.49	1
2	checked	8	7	reset	182	40.576	1
2	checked	8	7	reset	183	40.637	1
2	checked	8	7	reset	184	39.985	1
2	checked	8	7	reset	185	41.077	1
2	checked	8	7	reset	186	40.336	1
2	checked	8	7	reset	187	39.454	1
2	checked	8	7	reset	188	39.885	1
2	checked	8	7	reset	189	40.927	1
2	checked	8	7	reset	190	40.015	1
2	checked	8	7	reset	191	40.867	1
2	checked	8	7	reset	192	40.176	1
2	checked	8	7	reset	193	40.597	1
2	checked	8	7	reset	194	41.198	1
2	checked	8	7	reset	195	39.855	1
2	checked	8	7	reset	196	41.439	1
2	checked	8	7	reset	197	41.398	1
2	checked	8	7	reset	198	40.817	1
2	checked	8	7	reset	199	39.795	1
2	checked	8	7	reset	200	41.358	1
2	checked	8	7	stall	1	85.812	1
2	checked	8	7	stall	2	73.128	1
2	checked	8	7	stall	3	96.132	1
2	checked	8	7	stall	4	79.46	1
2	checked	8	7	stall	5	72.647	1
2	checked	8	7	stall	6	72.767	1
2	checked	8	7	stall	7	79.65	1
2	unsafe	8	7	reset	1	0.11	0
2	unsafe	8	7	reset	2	0.051	0
2	unsafe	8	7	reset	3	0.07	0
2	unsafe	8	7	reset	4	0.05	0
2	unsafe	8	7	reset	5	0.09	0
2	unsafe	8	7	reset	6	0.09	0
2	unsafe	8	7	reset	7	0.07	0
2	unsafe	8	7	reset	8	0.07	0
2	unsafe	8	7	reset	9	0.32	0
2	unsafe	8	7	reset	10	0.05	0
2	unsafe	8	7	reset	11	0.06	0
2	unsafe	8	7	reset	12	0.07	0
2	unsafe	8	7	reset	13	0.06	0
2	unsafe	8	7	reset	14	0.07	0
2	unsafe	8	7	reset	15	0.06	0
2	unsafe	8	7	reset	16	0.07	0
2	unsafe	8	7	reset	17	0.05	0
2	unsafe	8	7	reset	18	0.05	0
2	unsafe	8	7	reset	19	0.06	0
2	unsafe	8	7	reset	20	0.05	0
2	unsafe	8	7	reset	21	0.06	0
2	unsafe	8	7	reset	22	0.05	0
2	unsafe	8	7	reset	23	0.05	0
2	unsafe	8	7	reset	24	0.06	0
2	unsafe	8	7	reset	25	0.06	0
2	unsafe	8	7	reset	26	0.06	0
2	unsafe	8	7	reset	27	0.05	0
2	unsafe	8	7	reset	28	0.06	0
2	unsafe	8	7	reset	29	0.05	0
2	unsafe	8	7	reset	30	0.061	0
2	unsafe	8	7	reset	31	0.06	0
2	unsafe	8	7	reset	32	0.05	0
2	unsafe	8	7	reset	33	0.06	0
2	unsafe	8	7	reset	34	0.05	0
2	unsafe	8	7	reset	35	0.071	0
2	unsafe	8	7	reset	36	0.05	0
2	unsafe	8	7	reset	37	0.06	0
2	unsafe	8	7	reset	38	0.07	0
2	unsafe	8	7	reset	39	0.06	0
2	unsafe	8	7	reset	40	0.06	0
2	unsafe	8	7	reset	41	0.05	0
2	unsafe	8	7	reset	42	0.071	0
2	unsafe	8	7	reset	43	0.07	0
2	unsafe	8	7	reset	44	0.06	0
2	unsafe	8	7	reset	45	0.07	0
2	unsafe	8	7	reset	46	0.051	0
2	unsafe	8	7	reset	47	0.06	0
2	unsafe	8	7	reset	48	0.06	0
2	unsafe	8	7	reset	49	0.06	0
2	unsafe	8	7	reset	50	0.06	0
2	unsafe	8	7	reset	51	0.06	0
2	unsafe	8	7	reset	52	0.06	0
2	unsafe	8	7	reset	53	0.06	0
2	unsafe	8	7	reset	54	0.061	0
2	unsafe	8	7	reset	55	0.06	0
2	unsafe	8	7	reset	56	0.06	0
2	unsafe	8	7	reset	57	0.06	0
2	unsafe	8	7	reset	58	0.061	0
2	unsafe	8	7	reset	59	0.06	0
2	unsafe	8	7	reset	60	0.07	0
2	unsafe	8	7	reset	61	0.061	0
2	unsafe	8	7	reset	62	0.06	0
2	unsafe	8	7	reset	63	0.06	0
2	unsafe	8	7	reset	64	0.07	0
2	unsafe	8	7	reset	65	0.05	0
2	unsafe	8	7	reset	66	0.06	0
2	unsafe	8	7	reset	67	0.06	0
2	unsafe	8	7	reset	68	0.06	0
2	unsafe	8	7	reset	69	0.061	0
2	unsafe	8	7	reset	70	0.06	0
2	unsafe	8	7	reset	71	0.06	0
2	unsafe	8	7	reset	72	0.06	0
2	unsafe	8	7	reset	73	0.07	0
2	unsafe	8	7	reset	74	0.06	0
2	unsafe	8	7	reset	75	0.06	0
2	unsafe	8	7	reset	76	0.06	0
2	unsafe	8	7	reset	77	0.06	0
2	unsafe	8	7	reset	78	0.071	0
2	unsafe	8	7	reset	79	0.05	0
2	unsafe	8	7	reset	80	0.061	0
2	unsafe	8	7	reset	81	0.05	0
2	unsafe	8	7	reset	82	0.06	0
2	unsafe	8	7	reset	83	0.06	0
2	unsafe	8	7	reset	84	0.05	0
2	unsafe	8	7	reset	85	0.06	0
2	unsafe	8	7	reset	86	0.06	0
2	unsafe	8	7	reset	87	0.07	0
2	unsafe	8	7	reset	88	0.06	0
2	unsafe	8	7	reset	89	0.06	0
2	unsafe	8	7	reset	90	0.07	0
2	unsafe	8	7	reset	91	0.05	0
2	unsafe	8	7	reset	92	0.1	0
2	unsafe	8	7	reset	93	0.05	0
2	unsafe	8	7	reset	94	0.07	0
2	unsafe	8	7	reset	95	0.06	0
2	unsafe	8	7	reset	96	0.06	0
2	unsafe	8	7	reset	97	0.07	0
2	unsafe	8	7	reset	98	0.07	0
2	unsafe	8	7	reset	99	0.06	0
2	unsafe	8	7	reset	100	0.06	0
2	unsafe	8	7	reset	101	0.07	0
2	unsafe	8	7	reset	102	0.06	0
2	unsafe	8	7	reset	103	0.06	0
2	unsafe	8	7	reset	104	0.07	0
2	unsafe	8	7	reset	105	0.06	0
2	unsafe	8	7	reset	106	0.09	0
2	unsafe	8	7	reset	107	0.07	0
2	unsafe	8	7	reset	108	0.061	0
2	unsafe	8	7	reset	109	0.06	0
2	unsafe	8	7	reset	110	0.06	0
2	unsafe	8	7	reset	111	0.06	0
2	unsafe	8	7	reset	112	0.05	0
2	unsafe	8	7	reset	113	0.06	0
2	unsafe	8	7	reset	114	0.08	0
2	unsafe	8	7	reset	115	0.06	0
2	unsafe	8	7	reset	116	0.06	0
2	unsafe	8	7	reset	117	0.06	0
2	unsafe	8	7	reset	118	0.07	0
2	unsafe	8	7	reset	119	0.06	0
2	unsafe	8	7	reset	120	0.05	0
2	unsafe	8	7	reset	121	0.08	0
2	unsafe	8	7	reset	122	0.07	0
2	unsafe	8	7	reset	123	0.06	0
2	unsafe	8	7	reset	124	0.08	0
2	unsafe	8	7	reset	125	0.06	0
2	unsafe	8	7	reset	126	0.07	0
2	unsafe	8	7	reset	127	0.06	0
2	unsafe	8	7	reset	128	0.06	0
2	unsafe	8	7	reset	129	0.06	0
2	unsafe	8	7	reset	130	0.05	0
2	unsafe	8	7	reset	131	0.06	0
2	unsafe	8	7	reset	132	0.07	0
2	unsafe	8	7	reset	133	0.06	0
2	unsafe	8	7	reset	134	0.061	0
2	unsafe	8	7	reset	135	0.06	0
2	unsafe	8	7	reset	136	0.07	0
2	unsafe	8	7	reset	137	0.06	0
2	unsafe	8	7	reset	138	0.07	0
2	unsafe	8	7	reset	139	0.05	0
2	unsafe	8	7	reset	140	0.07	0
2	unsafe	8	7	reset	141	0.06	0
2	unsafe	8	7	reset	142	0.07	0
2	unsafe	8	7	reset	143	0.07	0
2	unsafe	8	7	reset	144	0.07	0
2	unsafe	8	7	reset	145	0.06	0
2	unsafe	8	7	reset	146	0.06	0
2	unsafe	8	7	reset	147	0.05	0
2	unsafe	8	7	reset	148	0.07	0
2	unsafe	8	7	reset	149	0.05	0
2	unsafe	8	7	reset	150	0.071	0
2	unsafe	8	7	reset	151	0.051	0
2	unsafe	8	7	reset	152	0.07	0
2	unsafe	8	7	reset	153	0.05	0
2	unsafe	8	7	reset	154	0.06	0
2	unsafe	8	7	reset	155	0.07	0
2	unsafe	8	7	reset	156	0.06	0
2	unsafe	8	7	reset	157	0.07	0
2	unsafe	8	7	reset	158	0.06	0
2	unsafe	8	7	reset	159	0.06	0
2	unsafe	8	7	reset	160	0.05	0
2	unsafe	8	7	reset	161	0.06	0
2	unsafe	8	7	reset	162	0.07	0
2	unsafe	8	7	reset	163	0.05	0
2	unsafe	8	7	reset	164	0.071	0
2	unsafe	8	7	reset	165	0.06	0
2	unsafe	8	7	reset	166	0.07	0
2	unsafe	8	7	reset	167	0.06	0
2	unsafe	8	7	reset	168	0.06	0
2	unsafe	8	7	reset	169	0.06	0
2	unsafe	8	7	reset	170	0.05	0
2	unsafe	8	7	reset	171	0.061	0
2	unsafe	8	7	reset	172	0.06	0
2	unsafe	8	7	reset	173	0.05	0
2	unsafe	8	7	reset	174	0.07	0
2	unsafe	8	7	reset	175	0.06	0
2	unsafe	8	7	reset	176	0.06	0
2	unsafe	8	7	reset	177	0.05	0
2	unsafe	8	7	reset	178	0.071	0
2	unsafe	8	7	reset	179	0.07	0
2	unsafe	8	7	reset	180	0.06	0
2	unsafe	8	7	reset	181	0.091	0
2	unsafe	8	7	reset	182	0.05	0
2	unsafe	8	7	reset	183	0.06	0
2	unsafe	8	7	reset	184	0.05	0
2	unsafe	8	7	reset	185	0.06	0
2	unsafe	8	7	reset	186	0.06	0
2	unsafe	8	7	reset	187	0.051	0
2	unsafe	8	7	reset	188	0.07	0
2	unsafe	8	7	reset	189	0.05	0
2	unsafe	8	7	reset	190	0.05	0
2	unsafe	8	7	reset	191	0.05	0
2	unsafe	8	7	reset	192	0.05	0
2	unsafe	8	7	reset	193	0.07	0
2	unsafe	8	7	reset	194	0.05	0
2	unsafe	8	7	reset	195	0.061	0
2	unsafe	8	7	reset	196	0.06	0
2	unsafe	8	7	reset	197	0.07	0
2	unsafe	8	7	reset	198	0.06	0
2	unsafe	8	7	reset	199	0.06	0
2	unsafe	8	7	reset	200	0.07	0
2	unsafe	8	7	stall	1	0.0	0
2	unsafe	8	7	stall	2	0.0	0
2	unsafe	8	7	stall	3	0.0	0
2	unsafe	8	7	stall	4	977.874	0
2	unsafe	8	7	stall	5	0.0	0
2	unsafe	8	7	stall	6	0.0	0
2	unsafe	8	7	stall	7	0.0	0
2	checked	16	15	reset	1	76.995	0
2	checked	16	15	reset	2	61.125	0
2	checked	16	15	reset	3	190.649	0
2	checked	16	15	reset	4	458.615	0
2	checked	16	15	reset	5	49.954	0
2	checked	16	15	reset	6	92.505	0
2	checked	16	15	reset	7	87.926	0
2	checked	16	15	reset	8	68.63	0
2	checked	16	15	reset	9	67.157	0
2	checked	16	15	reset	10	72.967	0
2	checked	16	15	reset	11	81.664	0
2	checked	16	15	reset	12	76.524	0
2	checked	16	15	reset	13	73.629	0
2	checked	16	15	reset	14	72.607	0
2	checked	16	15	reset	15	68.239	0
2	checked	16	15	reset	16	68.138	0
2	checked	16	15	reset	17	61.636	0
2	checked	16	15	reset	18	69.15	0
2	checked	16	15	reset	19	69.191	0
2	checked	16	15	reset	20	70.734	0
2	checked	16	15	reset	21	67.287	0
2	checked	16	15	reset	22	66.666	0
2	checked	16	15	reset	23	68.419	0
2	checked	16	15	reset	24	68.69	0
2	checked	16	15	reset	25	70.513	0
2	checked	16	15	reset	26	65.844	0
2	checked	16	15	reset	27	69.341	0
2	checked	16	15	reset	28	66.806	0
2	checked	16	15	reset	29	68.7	0
2	checked	16	15	reset	30	66.836	0
2	checked	16	15	reset	31	66.656	0
2	checked	16	15	reset	32	69.682	0
2	checked	16	15	reset	33	65.243	0
2	checked	16	15	reset	34	67.598	0
2	checked	16	15	reset	35	66.054	0
2	checked	16	15	reset	36	66.475	0
2	checked	16	15	reset	37	61.516	0
2	checked	16	15	reset	38	67.076	0
2	checked	16	15	reset	39	70.974	0
2	checked	16	15	reset	40	76.043	0
2	checked	16	15	reset	41	74.17	0
2	checked	16	15	reset	42	65.914	0
2	checked	16	15	reset	43	69.441	0
2	checked	16	15	reset	44	68.439	0
2	checked	16	15	reset	45	68.319	0
2	checked	16	15	reset	46	67.468	0
2	checked	16	15	reset	47	68.659	0
2	checked	16	15	reset	48	68.419	0
2	checked	16	15	reset	49	70.132	0
2	checked	16	15	reset	50	65.554	0
2	checked	16	15	reset	51	66.165	0
2	checked	16	15	reset	52	71.605	0
2	checked	16	15	reset	53	67.076	0
2	checked	16	15	reset	54	65.654	0
2	checked	16	15	reset	55	68.178	0
2	checked	16	15	reset	56	69.822	0
2	checked	16	15	reset	57	63.319	0
2	checked	16	15	reset	58	69.02	0
2	checked	16	15	reset	59	68.138	0
2	checked	16	15	reset	60	72.076	0
2	checked	16	15	reset	61	68.97	0
2	checked	16	15	reset	62	61.225	0
2	checked	16	15	reset	63	211.949	0
2	checked	16	15	reset	64	103.636	0
2	checked	16	15	reset	65	84.519	0
2	checked	16	15	reset	66	68.579	0
2	checked	16	15	reset	67	72.707	0
2	checked	16	15	reset	68	72.286	0
2	checked	16	15	reset	69	70.644	0
2	checked	16	15	reset	70	73.609	0
2	checked	16	15	reset	71	68.449	0
2	checked	16	15	reset	72	71.535	0
2	checked	16	15	reset	73	66.555	0
2	checked	16	15	reset	74	69.37	0
2	checked	16	15	reset	75	74.771	0
2	checked	16	15	reset	76	71.024	0
2	checked	16	15	reset	77	70.212	0
2	checked	16	15	reset	78	74.641	0
2	checked	16	15	reset	79	75.833	0
2	checked	16	15	reset	80	67.457	0
2	checked	16	15	reset	81	66.355	0
2	checked	16	15	reset	82	76.153	0
2	checked	16	15	reset	83	72.577	0
2	checked	16	15	reset	84	73.578	0
2	checked	16	15	reset	85	69.862	0
2	checked	16	15	reset	86	69.581	0
2	checked	16	15	reset	87	67.478	0
2	checked	16	15	reset	88	68.068	0
2	checked	16	15	reset	89	68.389	0
2	checked	16	15	reset	90	68.86	0
2	checked	16	15	reset	91	70.974	0
2	checked	16	15	reset	92	69.471	0
2	checked	16	15	reset	93	68.619	0
2	checked	16	15	reset	94	70.393	0
2	checked	16	15	reset	95	69.111	0
2	checked	16	15	reset	96	68.459	0
2	checked	16	15	reset	97	69.641	0
2	checked	16	15	reset	98	69.481	0
2	checked	16	15	reset	99	69.702	0
2	checked	16	15	reset	100	67.538	0
2	checked	16	15	reset	101	69.621	0
2	checked	16	15	reset	102	69.631	0
2	checked	16	15	reset	103	71.916	0
2	checked	16	15	reset	104	71.926	0
2	checked	16	15	reset	105	72.867	0
2	checked	16	15	reset	106	83.507	0
2	checked	16	15	reset	107	81.514	0
2	checked	16	15	reset	108	77.817	0
2	checked	16	15	reset	109	72.497	0
2	checked	16	15	reset	110	68.7	0
2	checked	16	15	reset	111	97.755	0
2	checked	16	15	reset	112	169.98	0
2	checked	16	15	reset	113	87.906	0
2	checked	16	15	reset	114	72.697	0
2	checked	16	15	reset	115	69.771	0
2	checked	16	15	reset	116	67.578	0
2	checked	16	15	reset	117	65.303	0
2	checked	16	15	reset	118	68.139	0
2	checked	16	15	reset	119	68.459	0
2	checked	16	15	reset	120	66.015	0
2	checked	16	15	reset	121	70.393	0
2	checked	16	15	reset	122	68.89	0
2	checked	16	15	reset	123	68.128	0
2	checked	16	15	reset	124	70.152	0
2	checked	16	15	reset	125	70.132	0
2	checked	16	15	reset	126	69.962	0
2	checked	16	15	reset	127	70.143	0
2	checked	16	15	reset	128	68.079	0
2	checked	16	15	reset	129	66.626	0
2	checked	16	15	reset	130	68.86	0
2	checked	16	15	reset	131	74.07	0
2	checked	16	15	reset	132	69.1	0
2	checked	16	15	reset	133	69.341	0
2	checked	16	15	reset	134	69.922	0
2	checked	16	15	reset	135	64.521	0
2	checked	16	15	reset	136	70.162	0
2	checked	16	15	reset	137	66.225	0
2	checked	16	15	reset	138	66.716	0
2	checked	16	15	reset	139	71.915	0
2	checked	16	15	reset	140	68.91	0
2	checked	16	15	reset	141	66.816	0
2	checked	16	15	reset	142	70.814	0
2	checked	16	15	reset	143	69.371	0
2	checked	16	15	reset	144	67.217	0
2	checked	16	15	reset	145	68.048	0
2	checked	16	15	reset	146	69.832	0
2	checked	16	15	reset	147	62.358	0
2	checked	16	15	reset	148	69.572	0
2	checked	16	15	reset	149	67.307	0
2	checked	16	15	reset	150	68.429	0
2	checked	16	15	reset	151	69.892	0
2	checked	16	15	reset	152	67.889	0
2	checked	16	15	reset	153	68.349	0
2	checked	16	15	reset	154	68.259	0
2	checked	16	15	reset	155	68.66	0
2	checked	16	15	reset	156	69.812	0
2	checked	16	15	reset	157	71.635	0
2	checked	16	15	reset	158	66.756	0
2	checked	16	15	reset	159	67.206	0
2	checked	16	15	reset	160	71.745	0
2	checked	16	15	reset	161	66.466	0
2	checked	16	15	reset	162	69.141	0
2	checked	16	15	reset	163	72.477	0
2	checked	16	15	reset	164	70.283	0
2	checked	16	15	reset	165	68.88	0
2	checked	16	15	reset	166	72.787	0
2	checked	16	15	reset	167	64.682	0
2	checked	16	15	reset	168	69.25	0
2	checked	16	15	reset	169	66.826	0
2	checked	16	15	reset	170	68.389	0
2	checked	16	15	reset	171	63.66	0
2	checked	16	15	reset	172	64.051	0
2	checked	16	15	reset	173	65.643	0
2	checked	16	15	reset	174	69.19	0
2	checked	16	15	reset	175	68.77	0
2	checked	16	15	reset	176	68.94	0
2	checked	16	15	reset	177	66.916	0
2	checked	16	15	reset	178	66.716	0
2	checked	16	15	reset	179	69.401	0
2	checked	16	15	reset	180	65.764	0
2	checked	16	15	reset	181	69.832	0
2	checked	16	15	reset	182	69.25	0
2	checked	16	15	reset	183	68.84	0
2	checked	16	15	reset	184	68.799	0
2	checked	16	15	reset	185	67.207	0
2	checked	16	15	reset	186	65.494	0
2	checked	16	15	reset	187	70.042	0
2	checked	16	15	reset	188	75.783	0
2	checked	16	15	reset	189	68.619	0
2	checked	16	15	reset	190	73.328	0
2	checked	16	15	reset	191	69.471	0
2	checked	16	15	reset	192	79.479	0
2	checked	16	15	reset	193	85.622	0
2	checked	16	15	reset	194	72.527	0
2	checked	16	15	reset	195	73.428	0
2	checked	16	15	reset	196	72.226	0
2	checked	16	15	reset	197	67.537	0
2	checked	16	15	reset	198	70.733	0
2	checked	16	15	reset	199	70.743	0
2	checked	16	15	reset	200	73.018	0
2	checked	16	15	stall	1	187.394	0
2	checked	16	15	stall	2	188.405	0
2	checked	16	15	stall	3	190.619	0
2	checked	16	15	stall	4	188.736	0
2	checked	16	15	stall	5	188.085	0
2	checked	16	15	stall	6	187.234	0
2	checked	16	15	stall	7	189.939	0
2	checked	16	15	stall	8	187.905	0
2	checked	16	15	stall	9	192.363	0
2	checked	16	15	stall	10	190.95	0
2	checked	16	15	stall	11	188.004	0
2	checked	16	15	stall	12	192.262	0
2	checked	16	15	stall	13	192.873	0
2	checked	16	15	stall	14	191.09	0
2	checked	16	15	stall	15	190.439	0
2	unsafe	16	15	reset	1	0.181	0
2	unsafe	16	15	reset	2	0.13	0
2	unsafe	16	15	reset	3	0.071	0
2	unsafe	16	15	reset	4	0.09	0
2	unsafe	16	15	reset	5	0.09	0
2	unsafe	16	15	reset	6	0.12	0
2	unsafe	16	15	reset	7	0.091	0
2	unsafe	16	15	reset	8	0.14	0
2	unsafe	16	15	reset	9	0.07	0
2	unsafe	16	15	reset	10	0.07	0
2	unsafe	16	15	reset	11	0.07	0
2	unsafe	16	15	reset	12	0.07	0
2	unsafe	16	15	reset	13	0.08	0
2	unsafe	16	15	reset	14	0.07	0
2	unsafe	16	15	reset	15	0.08	0
2	unsafe	16	15	reset	16	0.08	0
2	unsafe	16	15	reset	17	0.11	0
2	unsafe	16	15	reset	18	0.08	0
2	unsafe	16	15	reset	19	0.08	0
2	unsafe	16	15	reset	20	0.071	0
2	unsafe	16	15	reset	21	0.07	0
2	unsafe	16	15	reset	22	0.07	0
2	unsafe	16	15	reset	23	0.07	0
2	unsafe	16	15	reset	24	0.071	0
2	unsafe	16	15	reset	25	0.08	0
2	unsafe	16	15	reset	26	0.08	0
2	unsafe	16	15	reset	27	0.07	0
2	unsafe	16	15	reset	28	0.101	0
2	unsafe	16	15	reset	29	0.08	0
2	unsafe	16	15	reset	30	0.08	0
2	unsafe	16	15	reset	31	0.101	0
2	unsafe	16	15	reset	32	0.07	0
2	unsafe	16	15	reset	33	0.07	0
2	unsafe	16	15	reset	34	0.08	0
2	unsafe	16	15	reset	35	0.08	0
2	unsafe	16	15	reset	36	0.07	0
2	unsafe	16	15	reset	37	0.081	0
2	unsafe	16	15	reset	38	0.08	0
2	unsafe	16	15	reset	39	0.08	0
2	unsafe	16	15	reset	40	0.09	0
2	unsafe	16	15	reset	41	0.07	0
2	unsafe	16	15	reset	42	0.08	0
2	unsafe	16	15	reset	43	0.08	0
2	unsafe	16	15	reset	44	0.07	0
2	unsafe	16	15	reset	45	0.08	0
2	unsafe	16	15	reset	46	0.07	0
2	unsafe	16	15	reset	47	0.07	0
2	unsafe	16	15	reset	48	0.07	0
2	unsafe	16	15	reset	49	0.09	0
2	unsafe	16	15	reset	50	0.07	0
2	unsafe	16	15	reset	51	0.07	0
2	unsafe	16	15	reset	52	0.081	0
2	unsafe	16	15	reset	53	0.08	0
2	unsafe	16	15	reset	54	0.071	0
2	unsafe	16	15	reset	55	0.08	0
2	unsafe	16	15	reset	56	0.08	0
2	unsafe	16	15	reset	57	0.08	0
2	unsafe	16	15	reset	58	0.08	0
2	unsafe	16	15	reset	59	0.08	0
2	unsafe	16	15	reset	60	0.07	0
2	unsafe	16	15	reset	61	0.08	0
2	unsafe	16	15	reset	62	0.08	0
2	unsafe	16	15	reset	63	0.081	0
2	unsafe	16	15	reset	64	0.091	0
2	unsafe	16	15	reset	65	0.08	0
2	unsafe	16	15	reset	66	0.08	0
2	unsafe	16	15	reset	67	0.07	0
2	unsafe	16	15	reset	68	0.07	0
2	unsafe	16	15	reset	69	0.08	0
2	unsafe	16	15	reset	70	0.07	0
2	unsafe	16	15	reset	71	0.08	0
2	unsafe	16	15	reset	72	0.07	0
2	unsafe	16	15	reset	73	0.07	0
2	unsafe	16	15	reset	74	0.09	0
2	unsafe	16	15	reset	75	0.08	0
2	unsafe	16	15	reset	76	0.11	0
2	unsafe	16	15	reset	77	0.07	0
2	unsafe	16	15	reset	78	0.08	0
2	unsafe	16	15	reset	79	0.07	0
2	unsafe	16	15	reset	80	0.07	0
2	unsafe	16	15	reset	81	0.08	0
2	unsafe	16	15	reset	82	0.07	0
2	unsafe	16	15	reset	83	0.09	0
2	unsafe	16	15	reset	84	0.07	0
2	unsafe	16	15	reset	85	0.091	0
2	unsafe	16	15	reset	86	0.08	0
2	unsafe	16	15	reset	87	0.07	0
2	unsafe	16	15	reset	88	0.08	0
2	unsafe	16	15	reset	89	0.08	0
2	unsafe	16	15	reset	90	0.08	0
2	unsafe	16	15	reset	91	0.07	0
2	unsafe	16	15	reset	92	0.1	0
2	unsafe	16	15	reset	93	0.08	0
2	unsafe	16	15	reset	94	0.07	0
2	unsafe	16	15	reset	95	0.07	0
2	unsafe	16	15	reset	96	0.07	0
2	unsafe	16	15	reset	97	0.07	0
2	unsafe	16	15	reset	98	0.071	0
2	unsafe	16	15	reset	99	0.08	0
2	unsafe	16	15	reset	100	0.07	0
2	unsafe	16	15	reset	101	0.1	0
2	unsafe	16	15	reset	102	0.07	0
2	unsafe	16	15	reset	103	0.08	0
2	unsafe	16	15	reset	104	0.07	0
2	unsafe	16	15	reset	105	0.07	0
2	unsafe	16	15	reset	106	0.08	0
2	unsafe	16	15	reset	107	0.07	0
2	unsafe	16	15	reset	108	0.07	0
2	unsafe	16	15	reset	109	0.08	0
2	unsafe	16	15	reset	110	0.08	0
2	unsafe	16	15	reset	111	0.071	0
2	unsafe	16	15	reset	112	0.07	0
2	unsafe	16	15	reset	113	0.07	0
2	unsafe	16	15	reset	114	0.08	0
2	unsafe	16	15	reset	115	0.1	0
2	unsafe	16	15	reset	116	0.081	0
2	unsafe	16	15	reset	117	0.07	0
2	unsafe	16	15	reset	118	0.071	0
2	unsafe	16	15	reset	119	0.07	0
2	unsafe	16	15	reset	120	0.11	0
2	unsafe	16	15	reset	121	0.07	0
2	unsafe	16	15	reset	122	0.08	0
2	unsafe	16	15	reset	123	0.09	0
2	unsafe	16	15	reset	124	0.08	0
2	unsafe	16	15	reset	125	0.09	0
2	unsafe	16	15	reset	126	0.08	0
2	unsafe	16	15	reset	127	0.07	0
2	unsafe	16	15	reset	128	0.08	0
2	unsafe	16	15	reset	129	0.071	0
2	unsafe	16	15	reset	130	0.07	0
2	unsafe	16	15	reset	131	0.09	0
2	unsafe	16	15	reset	132	0.08	0
2	unsafe	16	15	reset	133	0.08	0
2	unsafe	16	15	reset	134	0.09	0
2	unsafe	16	15	reset	135	0.07	0
2	unsafe	16	15	reset	136	0.07	0
2	unsafe	16	15	reset	137	0.081	0
2	unsafe	16	15	reset	138	0.071	0
2	unsafe	16	15	reset	139	0.08	0
2	unsafe	16	15	reset	140	0.07	0
2	unsafe	16	15	reset	141	0.07	0
2	unsafe	16	15	reset	142	0.08	0
2	unsafe	16	15	reset	143	0.07	0
2	unsafe	16	15	reset	144	0.08	0
2	unsafe	16	15	reset	145	0.07	0
2	unsafe	16	15	reset	146	0.08	0
2	unsafe	16	15	reset	147	0.07	0
2	unsafe	16	15	reset	148	0.07	0
2	unsafe	16	15	reset	149	0.08	0
2	unsafe	16	15	reset	150	0.08	0
2	unsafe	16	15	reset	151	0.07	0
2	unsafe	16	15	reset	152	0.091	0
2	unsafe	16	15	reset	153	0.07	0
2	unsafe	16	15	reset	154	0.08	0
2	unsafe	16	15	reset	155	0.08	0
2	unsafe	16	15	reset	156	0.07	0
2	unsafe	16	15	reset	157	0.08	0
2	unsafe	16	15	reset	158	0.08	0
2	unsafe	16	15	reset	159	0.08	0
2	unsafe	16	15	reset	160	0.08	0
2	unsafe	16	15	reset	161	0.071	0
2	unsafe	16	15	reset	162	0.071	0
2	unsafe	16	15	reset	163	0.07	0
2	unsafe	16	15	reset	164	0.09	0
2	unsafe	16	15	reset	165	0.07	0
2	unsafe	16	15	reset	166	0.08	0
2	unsafe	16	15	reset	167	0.07	0
2	unsafe	16	15	reset	168	0.08	0
2	unsafe	16	15	reset	169	0.07	0
2	unsafe	16	15	reset	170	0.08	0
2	unsafe	16	15	reset	171	0.06	0
2	unsafe	16	15	reset	172	0.071	0
2	unsafe	16	15	reset	173	0.07	0
2	unsafe	16	15	reset	174	0.08	0
2	unsafe	16	15	reset	175	0.08	0
2	unsafe	16	15	reset	176	0.08	0
2	unsafe	16	15	reset	177	0.08	0
2	unsafe	16	15	reset	178	0.07	0
2	unsafe	16	15	reset	179	0.061	0
2	unsafe	16	15	reset	180	0.07	0
2	unsafe	16	15	reset	181	0.07	0
2	unsafe	16	15	reset	182	0.071	0
2	unsafe	16	15	reset	183	0.1	0
2	unsafe	16	15	reset	184	0.07	0
2	unsafe	16	15	reset	185	0.07	0
2	unsafe	16	15	reset	186	0.07	0
2	unsafe	16	15	reset	187	0.08	0
2	unsafe	16	15	reset	188	0.06	0
2	unsafe	16	15	reset	189	0.081	0
2	unsafe	16	15	reset	190	0.07	0
2	unsafe	16	15	reset	191	0.081	0
2	unsafe	16	15	reset	192	0.08	0
2	unsafe	16	15	reset	193	0.08	0
2	unsafe	16	15	reset	194	0.08	0
2	unsafe	16	15	reset	195	0.071	0
2	unsafe	16	15	reset	196	0.08	0
2	unsafe	16	15	reset	197	0.09	0
2	unsafe	16	15	reset	198	0.08	0
2	unsafe	16	15	reset	199	0.07	0
2	unsafe	16	15	reset	200	0.1	0
2	unsafe	16	15	stall	1	0.0	0
2	unsafe	16	15	stall	2	0.0	0
2	unsafe	16	15	stall	3	0.0	0
2	unsafe	16	15	stall	4	0.0	0
2	unsafe	16	15	stall	5	0.0	0
2	unsafe	16	15	stall	6	0.0	0
2	unsafe	16	15	stall	7	0.0	0
2	unsafe	16	15	stall	8	0.0	0
2	unsafe	16	15	stall	9	0.0	0
2	unsafe	16	15	stall	10	0.0	0
2	unsafe	16	15	stall	11	0.0	0
2	unsafe	16	15	stall	12	0.0	0
2	unsafe	16	15	stall	13	0.0	0
2	unsafe	16	15	stall	14	0.0	0
2	unsafe	16	15	stall	15	0.0	0
2	checked	30	29	reset	1	128.492	0
2	checked	30	29	reset	2	85.582	0
2	checked	30	29	reset	3	189.237	0
2	checked	30	29	reset	4	101.121	0
2	checked	30	29	reset	5	269.208	0
2	checked	30	29	reset	6	61.385	0
2	checked	30	29	reset	7	148.891	0
2	checked	30	29	reset	8	111.179	0
2	checked	30	29	reset	9	105.149	0
2	checked	30	29	reset	10	138.442	0
2	checked	30	29	reset	11	126.529	0
2	checked	30	29	reset	12	102.754	0
2	checked	30	29	reset	13	93.927	0
2	checked	30	29	reset	14	103.214	0
2	checked	30	29	reset	15	98.676	0
2	checked	30	29	reset	16	97.785	0
2	checked	30	29	reset	17	98.866	0
2	checked	30	29	reset	18	98.346	0
2	checked	30	29	reset	19	102.844	0
2	checked	30	29	reset	20	103.074	0
2	checked	30	29	reset	21	100.901	0
2	checked	30	29	reset	22	104.076	0
2	checked	30	29	reset	23	106.01	0
2	checked	30	29	reset	24	97.784	0
2	checked	30	29	reset	25	99.988	0
2	checked	30	29	reset	26	100.089	0
2	checked	30	29	reset	27	100.119	0
2	checked	30	29	reset	28	98.927	0
2	checked	30	29	reset	29	102.704	0
2	checked	30	29	reset	30	101.091	0
2	checked	30	29	reset	31	95.53	0
2	checked	30	29	reset	32	95.139	0
2	checked	30	29	reset	33	99.538	0
2	checked	30	29	reset	34	97.143	0
2	checked	30	29	reset	35	97.915	0
2	checked	30	29	reset	36	100.239	0
2	checked	30	29	reset	37	98.405	0
2	checked	30	29	reset	38	103.896	0
2	checked	30	29	reset	39	97.344	0
2	checked	30	29	reset	40	97.193	0
2	checked	30	29	reset	41	97.023	0
2	checked	30	29	reset	42	107.493	0
2	checked	30	29	reset	43	104.346	0
2	checked	30	29	reset	44	101.942	0
2	checked	30	29	reset	45	112.772	0
2	checked	30	29	reset	46	98.235	0
2	checked	30	29	reset	47	101.602	0
2	checked	30	29	reset	48	99.237	0
2	checked	30	29	reset	49	98.776	0
2	checked	30	29	reset	50	100.3	0
2	checked	30	29	reset	51	156.496	0
2	checked	30	29	reset	52	104.567	0
2	checked	30	29	reset	53	100.048	0
2	checked	30	29	reset	54	103.865	0
2	checked	30	29	reset	55	101.241	0
2	checked	30	29	reset	56	98.035	0
2	checked	30	29	reset	57	151.125	0
2	checked	30	29	reset	58	99.487	0
2	checked	30	29	reset	59	425.012	0
2	checked	30	29	reset	60	101.111	0
2	checked	30	29	reset	61	108.464	0
2	checked	30	29	reset	62	100.981	0
2	checked	30	29	reset	63	372.903	0
2	checked	30	29	reset	64	94.278	0
2	checked	30	29	reset	65	102.703	0
2	checked	30	29	reset	66	105.469	0
2	checked	30	29	reset	67	95.611	0
2	checked	30	29	reset	68	94.708	0
2	checked	30	29	reset	69	125.777	0
2	checked	30	29	reset	70	99.268	0
2	checked	30	29	reset	71	93.717	0
2	checked	30	29	reset	72	102.693	0
2	checked	30	29	reset	73	94.659	0
2	checked	30	29	reset	74	105.178	0
2	checked	30	29	reset	75	99.688	0
2	checked	30	29	reset	76	103.946	0
2	checked	30	29	reset	77	101.692	0
2	checked	30	29	reset	78	98.937	0
2	checked	30	29	reset	79	97.334	0
2	checked	30	29	reset	80	102.122	0
2	checked	30	29	reset	81	99.528	0
2	checked	30	29	reset	82	100.089	0
2	checked	30	29	reset	83	96.672	0
2	checked	30	29	reset	84	94.999	0
2	checked	30	29	reset	85	94.067	0
2	checked	30	29	reset	86	93.707	0
2	checked	30	29	reset	87	98.115	0
2	checked	30	29	reset	88	100.029	0
2	checked	30	29	reset	89	101.061	0
2	checked	30	29	reset	90	109.046	0
2	checked	30	29	reset	91	104.287	0
2	checked	30	29	reset	92	104.166	0
2	checked	30	29	reset	93	97.925	0
2	checked	30	29	reset	94	102.413	0
2	checked	30	29	reset	95	98.075	0
2	checked	30	29	reset	96	103.445	0
2	checked	30	29	reset	97	108.374	0
2	checked	30	29	reset	98	118.013	0
2	checked	30	29	reset	99	96.683	0
2	checked	30	29	reset	100	104.457	0
2	checked	30	29	reset	101	124.384	0
2	checked	30	29	reset	102	99.709	0
2	checked	30	29	reset	103	103.325	0
2	checked	30	29	reset	104	106.381	0
2	checked	30	29	reset	105	112.442	0
2	checked	30	29	reset	106	97.995	0
2	checked	30	29	reset	107	100.088	0
2	checked	30	29	reset	108	100.991	0
2	checked	30	29	reset	109	127.601	0
2	checked	30	29	reset	110	102.003	0
2	checked	30	29	reset	111	101.833	0
2	checked	30	29	reset	112	255.271	0
2	checked	30	29	reset	113	120.507	0
2	checked	30	29	reset	114	108.825	0
2	checked	30	29	reset	115	129.073	0
2	checked	30	29	reset	116	139.804	0
2	checked	30	29	reset	117	120.637	0
2	checked	30	29	reset	118	102.684	0
2	checked	30	29	reset	119	107.342	0
2	checked	30	29	reset	120	101.131	0
2	checked	30	29	reset	121	107.433	0
2	checked	30	29	reset	122	100.58	0
2	checked	30	29	reset	123	107.453	0
2	checked	30	29	reset	124	105.799	0
2	checked	30	29	reset	125	97.564	0
2	checked	30	29	reset	126	106.882	0
2	checked	30	29	reset	127	98.166	0
2	checked	30	29	reset	128	99.588	0
2	checked	30	29	reset	129	457.893	0
2	checked	30	29	reset	130	105.479	0
2	checked	30	29	reset	131	101.862	0
2	checked	30	29	reset	132	96.953	0
2	checked	30	29	reset	133	96.892	0
2	checked	30	29	reset	134	102.614	0
2	checked	30	29	reset	135	211.189	0
2	checked	30	29	reset	136	117.531	0
2	checked	30	29	reset	137	106.721	0
2	checked	30	29	reset	138	106.901	0
2	checked	30	29	reset	139	103.535	0
2	checked	30	29	reset	140	101.451	0
2	checked	30	29	reset	141	98.486	0
2	checked	30	29	reset	142	97.635	0
2	checked	30	29	reset	143	101.652	0
2	checked	30	29	reset	144	99.437	0
2	checked	30	29	reset	145	97.975	0
2	checked	30	29	reset	146	102.253	0
2	checked	30	29	reset	147	98.786	0
2	checked	30	29	reset	148	100.67	0
2	checked	30	29	reset	149	94.077	0
2	checked	30	29	reset	150	103.595	0
2	checked	30	29	reset	151	104.116	0
2	checked	30	29	reset	152	102.924	0
2	checked	30	29	reset	153	97.344	0
2	checked	30	29	reset	154	96.593	0
2	checked	30	29	reset	155	100.259	0
2	checked	30	29	reset	156	102.905	0
2	checked	30	29	reset	157	92.685	0
2	checked	30	29	reset	158	95.09	0
2	checked	30	29	reset	159	96.783	0
2	checked	30	29	reset	160	99.938	0
2	checked	30	29	reset	161	111.66	0
2	checked	30	29	reset	162	101.852	0
2	checked	30	29	reset	163	99.207	0
2	checked	30	29	reset	164	98.135	0
2	checked	30	29	reset	165	97.634	0
2	checked	30	29	reset	166	97.824	0
2	checked	30	29	reset	167	100.971	0
2	checked	30	29	reset	168	101.502	0
2	checked	30	29	reset	169	97.684	0
2	checked	30	29	reset	170	97.203	0
2	checked	30	29	reset	171	98.085	0
2	checked	30	29	reset	172	94.468	0
2	checked	30	29	reset	173	96.542	0
2	checked	30	29	reset	174	99.077	0
2	checked	30	29	reset	175	98.736	0
2	checked	30	29	reset	176	104.017	0
2	checked	30	29	reset	177	96.672	0
2	checked	30	29	reset	178	95.35	0
2	checked	30	29	reset	179	99.738	0
2	checked	30	29	reset	180	101.201	0
2	checked	30	29	reset	181	93.436	0
2	checked	30	29	reset	182	96.482	0
2	checked	30	29	reset	183	108.705	0
2	checked	30	29	reset	184	104.026	0
2	checked	30	29	reset	185	94.669	0
2	checked	30	29	reset	186	92.815	0
2	checked	30	29	reset	187	96.662	0
2	checked	30	29	reset	188	104.878	0
2	checked	30	29	reset	189	96.242	0
2	checked	30	29	reset	190	96.051	0
2	checked	30	29	reset	191	97.755	0
2	checked	30	29	reset	192	106.261	0
2	checked	30	29	reset	193	99.447	0
2	checked	30	29	reset	194	96.693	0
2	checked	30	29	reset	195	98.416	0
2	checked	30	29	reset	196	107.923	0
2	checked	30	29	reset	197	99.407	0
2	checked	30	29	reset	198	96.843	0
2	checked	30	29	reset	199	101.251	0
2	checked	30	29	reset	200	100.84	0
2	checked	30	29	stall	1	1009.164	0
2	checked	30	29	stall	2	1029.613	0
2	checked	30	29	stall	3	972.585	0
2	checked	30	29	stall	4	440.961	0
2	checked	30	29	stall	5	973.236	0
2	checked	30	29	stall	6	447.073	0
2	checked	30	29	stall	7	944.722	0
2	checked	30	29	stall	8	439.449	0
2	checked	30	29	stall	9	967.274	0
2	checked	30	29	stall	10	964.048	0
2	checked	30	29	stall	11	1820.645	0
2	checked	30	29	stall	12	1954.928	0
2	checked	30	29	stall	13	695.823	0
2	checked	30	29	stall	14	446.622	0
2	checked	30	29	stall	15	1003.132	0
2	checked	30	29	stall	16	1288.471	0
2	checked	30	29	stall	17	439.69	0
2	checked	30	29	stall	18	444.137	0
2	checked	30	29	stall	19	448.446	0
2	checked	30	29	stall	20	446.983	0
2	checked	30	29	stall	21	966.744	0
2	checked	30	29	stall	22	961.504	0
2	checked	30	29	stall	23	873.568	0
2	checked	30	29	stall	24	956.715	0
2	checked	30	29	stall	25	441.162	0
2	checked	30	29	stall	26	1855.109	0
2	checked	30	29	stall	27	446.753	0
2	checked	30	29	stall	28	440.832	0
2	checked	30	29	stall	29	440.0	0
2	unsafe	30	29	reset	1	0.581	0
2	unsafe	30	29	reset	2	0.501	0
2	unsafe	30	29	reset	3	1.854	0
2	unsafe	30	29	reset	4	0.25	0
2	unsafe	30	29	reset	5	0.141	0
2	unsafe	30	29	reset	6	0.14	0
2	unsafe	30	29	reset	7	0.161	0
2	unsafe	30	29	reset	8	0.13	0
2	unsafe	30	29	reset	9	0.14	0
2	unsafe	30	29	reset	10	0.14	0
2	unsafe	30	29	reset	11	0.17	0
2	unsafe	30	29	reset	12	0.151	0
2	unsafe	30	29	reset	13	0.13	0
2	unsafe	30	29	reset	14	0.14	0
2	unsafe	30	29	reset	15	0.16	0
2	unsafe	30	29	reset	16	0.14	0
2	unsafe	30	29	reset	17	0.14	0
2	unsafe	30	29	reset	18	0.151	0
2	unsafe	30	29	reset	19	0.13	0
2	unsafe	30	29	reset	20	0.13	0
2	unsafe	30	29	reset	21	0.14	0
2	unsafe	30	29	reset	22	0.14	0
2	unsafe	30	29	reset	23	0.16	0
2	unsafe	30	29	reset	24	0.14	0
2	unsafe	30	29	reset	25	0.14	0
2	unsafe	30	29	reset	26	0.14	0
2	unsafe	30	29	reset	27	0.14	0
2	unsafe	30	29	reset	28	0.131	0
2	unsafe	30	29	reset	29	0.14	0
2	unsafe	30	29	reset	30	0.14	0
2	unsafe	30	29	reset	31	0.13	0
2	unsafe	30	29	reset	32	0.15	0
2	unsafe	30	29	reset	33	0.13	0
2	unsafe	30	29	reset	34	0.171	0
2	unsafe	30	29	reset	35	0.15	0
2	unsafe	30	29	reset	36	0.17	0
2	unsafe	30	29	reset	37	0.13	0
2	unsafe	30	29	reset	38	0.141	0
2	unsafe	30	29	reset	39	0.15	0
2	unsafe	30	29	reset	40	0.14	0
2	unsafe	30	29	reset	41	0.13	0
2	unsafe	30	29	reset	42	0.15	0
2	unsafe	30	29	reset	43	0.161	0
2	unsafe	30	29	reset	44	0.141	0
2	unsafe	30	29	reset	45	0.14	0
2	unsafe	30	29	reset	46	0.15	0
2	unsafe	30	29	reset	47	0.141	0
2	unsafe	30	29	reset	48	0.13	0
2	unsafe	30	29	reset	49	0.14	0
2	unsafe	30	29	reset	50	0.141	0
2	unsafe	30	29	reset	51	0.141	0
2	unsafe	30	29	reset	52	0.14	0
2	unsafe	30	29	reset	53	0.141	0
2	unsafe	30	29	reset	54	0.141	0
2	unsafe	30	29	reset	55	0.13	0
2	unsafe	30	29	reset	56	0.15	0
2	unsafe	30	29	reset	57	0.13	0
2	unsafe	30	29	reset	58	0.16	0
2	unsafe	30	29	reset	59	0.14	0
2	unsafe	30	29	reset	60	0.131	0
2	unsafe	30	29	reset	61	0.13	0
2	unsafe	30	29	reset	62	0.131	0
2	unsafe	30	29	reset	63	0.16	0
2	unsafe	30	29	reset	64	0.141	0
2	unsafe	30	29	reset	65	0.131	0
2	unsafe	30	29	reset	66	0.141	0
2	unsafe	30	29	reset	67	0.13	0
2	unsafe	30	29	reset	68	0.151	0
2	unsafe	30	29	reset	69	0.15	0
2	unsafe	30	29	reset	70	0.15	0
2	unsafe	30	29	reset	71	0.14	0
2	unsafe	30	29	reset	72	0.15	0
2	unsafe	30	29	reset	73	0.15	0
2	unsafe	30	29	reset	74	0.14	0
2	unsafe	30	29	reset	75	0.141	0
2	unsafe	30	29	reset	76	0.13	0
2	unsafe	30	29	reset	77	0.151	0
2	unsafe	30	29	reset	78	0.13	0
2	unsafe	30	29	reset	79	0.13	0
2	unsafe	30	29	reset	80	0.14	0
2	unsafe	30	29	reset	81	0.13	0
2	unsafe	30	29	reset	82	0.141	0
2	unsafe	30	29	reset	83	0.14	0
2	unsafe	30	29	reset	84	0.14	0
2	unsafe	30	29	reset	85	0.141	0
2	unsafe	30	29	reset	86	0.14	0
2	unsafe	30	29	reset	87	0.13	0
2	unsafe	30	29	reset	88	0.14	0
2	unsafe	30	29	reset	89	0.15	0
2	unsafe	30	29	reset	90	0.13	0
2	unsafe	30	29	reset	91	0.15	0
2	unsafe	30	29	reset	92	0.13	0
2	unsafe	30	29	reset	93	0.141	0
2	unsafe	30	29	reset	94	0.14	0
2	unsafe	30	29	reset	95	0.171	0
2	unsafe	30	29	reset	96	0.16	0
2	unsafe	30	29	reset	97	0.14	0
2	unsafe	30	29	reset	98	0.18	0
2	unsafe	30	29	reset	99	0.13	0
2	unsafe	30	29	reset	100	0.15	0
2	unsafe	30	29	reset	101	0.13	0
2	unsafe	30	29	reset	102	0.13	0
2	unsafe	30	29	reset	103	0.15	0
2	unsafe	30	29	reset	104	0.14	0
2	unsafe	30	29	reset	105	0.15	0
2	unsafe	30	29	reset	106	0.14	0
2	unsafe	30	29	reset	107	0.141	0
2	unsafe	30	29	reset	108	0.14	0
2	unsafe	30	29	reset	109	0.14	0
2	unsafe	30	29	reset	110	0.13	0
2	unsafe	30	29	reset	111	0.131	0
2	unsafe	30	29	reset	112	0.15	0
2	unsafe	30	29	reset	113	0.14	0
2	unsafe	30	29	reset	114	0.141	0
2	unsafe	30	29	reset	115	0.13	0
2	unsafe	30	29	reset	116	0.141	0
2	unsafe	30	29	reset	117	0.17	0
2	unsafe	30	29	reset	118	0.13	0
2	unsafe	30	29	reset	119	0.14	0
2	unsafe	30	29	reset	120	0.14	0
2	unsafe	30	29	reset	121	0.13	0
2	unsafe	30	29	reset	122	0.14	0
2	unsafe	30	29	reset	123	0.13	0
2	unsafe	30	29	reset	124	0.14	0
2	unsafe	30	29	reset	125	0.15	0
2	unsafe	30	29	reset	126	0.13	0
2	unsafe	30	29	reset	127	0.14	0
2	unsafe	30	29	reset	128	0.15	0
2	unsafe	30	29	reset	129	0.13	0
2	unsafe	30	29	reset	130	0.13	0
2	unsafe	30	29	reset	131	0.14	0
2	unsafe	30	29	reset	132	0.14	0
2	unsafe	30	29	reset	133	0.15	0
2	unsafe	30	29	reset	134	0.14	0
2	unsafe	30	29	reset	135	0.14	0
2	unsafe	30	29	reset	136	0.141	0
2	unsafe	30	29	reset	137	0.15	0
2	unsafe	30	29	reset	138	0.13	0
2	unsafe	30	29	reset	139	0.13	0
2	unsafe	30	29	reset	140	0.14	0
2	unsafe	30	29	reset	141	0.141	0
2	unsafe	30	29	reset	142	0.131	0
2	unsafe	30	29	reset	143	0.141	0
2	unsafe	30	29	reset	144	0.14	0
2	unsafe	30	29	reset	145	0.13	0
2	unsafe	30	29	reset	146	0.13	0
2	unsafe	30	29	reset	147	0.14	0
2	unsafe	30	29	reset	148	0.13	0
2	unsafe	30	29	reset	149	0.14	0
2	unsafe	30	29	reset	150	0.14	0
2	unsafe	30	29	reset	151	0.131	0
2	unsafe	30	29	reset	152	0.131	0
2	unsafe	30	29	reset	153	0.14	0
2	unsafe	30	29	reset	154	0.13	0
2	unsafe	30	29	reset	155	0.14	0
2	unsafe	30	29	reset	156	0.14	0
2	unsafe	30	29	reset	157	0.131	0
2	unsafe	30	29	reset	158	0.131	0
2	unsafe	30	29	reset	159	0.14	0
2	unsafe	30	29	reset	160	0.15	0
2	unsafe	30	29	reset	161	0.14	0
2	unsafe	30	29	reset	162	0.14	0
2	unsafe	30	29	reset	163	0.15	0
2	unsafe	30	29	reset	164	0.13	0
2	unsafe	30	29	reset	165	0.141	0
2	unsafe	30	29	reset	166	0.14	0
2	unsafe	30	29	reset	167	0.15	0
2	unsafe	30	29	reset	168	0.151	0
2	unsafe	30	29	reset	169	0.141	0
2	unsafe	30	29	reset	170	0.13	0
2	unsafe	30	29	reset	171	0.13	0
2	unsafe	30	29	reset	172	0.141	0
2	unsafe	30	29	reset	173	0.141	0
2	unsafe	30	29	reset	174	0.13	0
2	unsafe	30	29	reset	175	0.161	0
2	unsafe	30	29	reset	176	0.14	0
2	unsafe	30	29	reset	177	0.14	0
2	unsafe	30	29	reset	178	0.14	0
2	unsafe	30	29	reset	179	0.14	0
2	unsafe	30	29	reset	180	0.14	0
2	unsafe	30	29	reset	181	0.14	0
2	unsafe	30	29	reset	182	0.15	0
2	unsafe	30	29	reset	183	0.14	0
2	unsafe	30	29	reset	184	0.131	0
2	unsafe	30	29	reset	185	0.151	0
2	unsafe	30	29	reset	186	0.16	0
2	unsafe	30	29	reset	187	0.15	0
2	unsafe	30	29	reset	188	0.14	0
2	unsafe	30	29	reset	189	0.14	0
2	unsafe	30	29	reset	190	0.14	0
2	unsafe	30	29	reset	191	0.14	0
2	unsafe	30	29	reset	192	0.13	0
2	unsafe	30	29	reset	193	0.15	0
2	unsafe	30	29	reset	194	0.15	0
2	unsafe	30	29	reset	195	0.14	0
2	unsafe	30	29	reset	196	0.131	0
2	unsafe	30	29	reset	197	0.141	0
2	unsafe	30	29	reset	198	0.15	0
2	unsafe	30	29	reset	199	0.13	0
2	unsafe	30	29	reset	200	0.14	0
2	unsafe	30	29	stall	1	92.595	0
2	unsafe	30	29	stall	2	0.0	0
2	unsafe	30	29	stall	3	0.0	0
2	unsafe	30	29	stall	4	0.0	0
2	unsafe	30	29	stall	5	55.886	0
2	unsafe	30	29	stall	6	0.0	0
2	unsafe	30	29	stall	7	0.0	0
2	unsafe	30	29	stall	8	0.0	0
2	unsafe	30	29	stall	9	406.507	0
2	unsafe	30	29	stall	10	0.0	0
2	unsafe	30	29	stall	11	0.0	0
2	unsafe	30	29	stall	12	0.0	0
2	unsafe	30	29	stall	13	0.0	0
2	unsafe	30	29	stall	14	0.0	0
2	unsafe	30	29	stall	15	0.0	0
2	unsafe	30	29	stall	16	0.0	0
2	unsafe	30	29	stall	17	0.0	0
2	unsafe	30	29	stall	18	0.0	0
2	unsafe	30	29	stall	19	0.0	0
2	unsafe	30	29	stall	20	0.0	0
2	unsafe	30	29	stall	21	0.0	0
2	unsafe	30	29	stall	22	0.0	0
2	unsafe	30	29	stall	23	317.469	0
2	unsafe	30	29	stall	24	306.999	0
2	unsafe	30	29	stall	25	866.364	0
2	unsafe	30	29	stall	26	342.616	0
2	unsafe	30	29	stall	27	0.0	0
2	unsafe	30	29	stall	28	0.0	0
2	unsafe	30	29	stall	29	209.425	0
3	checked	1	0	reset	1	44.093	0
3	checked	1	0	reset	2	35.497	0
3	checked	1	0	reset	3	33.343	0
3	checked	1	0	reset	4	29.827	0
3	checked	1	0	reset	5	29.165	0
3	checked	1	0	reset	6	28.093	0
3	checked	1	0	reset	7	28.403	0
3	checked	1	0	reset	8	27.722	0
3	checked	1	0	reset	9	27.803	0
3	checked	1	0	reset	10	27.412	0
3	checked	1	0	reset	11	27.622	0
3	checked	1	0	reset	12	28.113	0
3	checked	1	0	reset	13	27.923	0
3	checked	1	0	reset	14	28.083	0
3	checked	1	0	reset	15	28.904	0
3	checked	1	0	reset	16	28.254	0
3	checked	1	0	reset	17	27.733	0
3	checked	1	0	reset	18	27.352	0
3	checked	1	0	reset	19	27.823	0
3	checked	1	0	reset	20	27.071	0
3	checked	1	0	reset	21	27.502	0
3	checked	1	0	reset	22	27.391	0
3	checked	1	0	reset	23	27.903	0
3	checked	1	0	reset	24	27.342	0
3	checked	1	0	reset	25	28.213	0
3	checked	1	0	reset	26	27.732	0
3	checked	1	0	reset	27	27.783	0
3	checked	1	0	reset	28	27.742	0
3	checked	1	0	reset	29	27.582	0
3	checked	1	0	reset	30	27.051	0
3	checked	1	0	reset	31	27.853	0
3	checked	1	0	reset	32	27.031	0
3	checked	1	0	reset	33	27.472	0
3	checked	1	0	reset	34	26.97	0
3	checked	1	0	reset	35	27.091	0
3	checked	1	0	reset	36	26.761	0
3	checked	1	0	reset	37	27.382	0
3	checked	1	0	reset	38	26.81	0
3	checked	1	0	reset	39	27.111	0
3	checked	1	0	reset	40	26.87	0
3	checked	1	0	reset	41	27.341	0
3	checked	1	0	reset	42	27.683	0
3	checked	1	0	reset	43	27.912	0
3	checked	1	0	reset	44	27.742	0
3	checked	1	0	reset	45	27.401	0
3	checked	1	0	reset	46	27.232	0
3	checked	1	0	reset	47	30.848	0
3	checked	1	0	reset	48	27.101	0
3	checked	1	0	reset	49	27.162	0
3	checked	1	0	reset	50	26.691	0
3	checked	1	0	reset	51	27.122	0
3	checked	1	0	reset	52	26.63	0
3	checked	1	0	reset	53	26.981	0
3	checked	1	0	reset	54	26.85	0
3	checked	1	0	reset	55	27.222	0
3	checked	1	0	reset	56	26.951	0
3	checked	1	0	reset	57	27.151	0
3	checked	1	0	reset	58	26.671	0
3	checked	1	0	reset	59	27.001	0
3	checked	1	0	reset	60	26.661	0
3	checked	1	0	reset	61	27.242	0
3	checked	1	0	reset	62	26.79	0
3	checked	1	0	reset	63	27.191	0
3	checked	1	0	reset	64	26.98	0
3	checked	1	0	reset	65	29.034	0
3	checked	1	0	reset	66	26.88	0
3	checked	1	0	reset	67	27.061	0
3	checked	1	0	reset	68	27.031	0
3	checked	1	0	reset	69	27.342	0
3	checked	1	0	reset	70	26.83	0
3	checked	1	0	reset	71	27.091	0
3	checked	1	0	reset	72	26.69	0
3	checked	1	0	reset	73	27.161	0
3	checked	1	0	reset	74	26.79	0
3	checked	1	0	reset	75	27.221	0
3	checked	1	0	reset	76	26.82	0
3	checked	1	0	reset	77	27.181	0
3	checked	1	0	reset	78	26.831	0
3	checked	1	0	reset	79	27.071	0
3	checked	1	0	reset	80	26.79	0
3	checked	1	0	reset	81	27.001	0
3	checked	1	0	reset	82	26.69	0
3	checked	1	0	reset	83	27.031	0
3	checked	1	0	reset	84	27.091	0
3	checked	1	0	reset	85	30.036	0
3	checked	1	0	reset	86	26.741	0
3	checked	1	0	reset	87	27.111	0
3	checked	1	0	reset	88	26.831	0
3	checked	1	0	reset	89	27.132	0
3	checked	1	0	reset	90	26.96	0
3	checked	1	0	reset	91	27.141	0
3	checked	1	0	reset	92	26.821	0
3	checked	1	0	reset	93	27.061	0
3	checked	1	0	reset	94	26.78	0
3	checked	1	0	reset	95	27.051	0
3	checked	1	0	reset	96	26.761	0
3	checked	1	0	reset	97	27.202	0
3	checked	1	0	reset	98	26.951	0
3	checked	1	0	reset	99	27.071	0
3	checked	1	0	reset	100	26.931	0
3	checked	1	0	reset	101	27.191	0
3	checked	1	0	reset	102	26.931	0
3	checked	1	0	reset	103	27.222	0
3	checked	1	0	reset	104	26.84	0
3	checked	1	0	reset	105	27.381	0
3	checked	1	0	reset	106	26.831	0
3	checked	1	0	reset	107	27.141	0
3	checked	1	0	reset	108	26.841	0
3	checked	1	0	reset	109	27.041	0
3	checked	1	0	reset	110	26.861	0
3	checked	1	0	reset	111	27.091	0
3	checked	1	0	reset	112	26.781	0
3	checked	1	0	reset	113	27.061	0
3	checked	1	0	reset	114	27.221	0
3	checked	1	0	reset	115	27.091	0
3	checked	1	0	reset	116	26.86	0
3	checked	1	0	reset	117	27.181	0
3	checked	1	0	reset	118	26.841	0
3	checked	1	0	reset	119	27.452	0
3	checked	1	0	reset	120	27.281	0
3	checked	1	0	reset	121	27.472	0
3	checked	1	0	reset	122	27.111	0
3	checked	1	0	reset	123	31.159	0
3	checked	1	0	reset	124	27.081	0
3	checked	1	0	reset	125	27.282	0
3	checked	1	0	reset	126	27.041	0
3	checked	1	0	reset	127	27.402	0
3	checked	1	0	reset	128	27.261	0
3	checked	1	0	reset	129	27.292	0
3	checked	1	0	reset	130	26.861	0
3	checked	1	0	reset	131	26.921	0
3	checked	1	0	reset	132	28.694	0
3	checked	1	0	reset	133	27.051	0
3	checked	1	0	reset	134	26.831	0
3	checked	1	0	reset	135	27.011	0
3	checked	1	0	reset	136	26.741	0
3	checked	1	0	reset	137	26.981	0
3	checked	1	0	reset	138	26.8	0
3	checked	1	0	reset	139	27.071	0
3	checked	1	0	reset	140	27.151	0
3	checked	1	0	reset	141	28.874	0
3	checked	1	0	reset	142	27.982	0
3	checked	1	0	reset	143	28.264	0
3	checked	1	0	reset	144	27.622	0
3	checked	1	0	reset	145	28.173	0
3	checked	1	0	reset	146	28.283	0
3	checked	1	0	reset	147	28.173	0
3	checked	1	0	reset	148	28.194	0
3	checked	1	0	reset	149	28.264	0
3	checked	1	0	reset	150	27.632	0
3	checked	1	0	reset	151	27.592	0
3	checked	1	0	reset	152	27.392	0
3	checked	1	0	reset	153	27.282	0
3	checked	1	0	reset	154	26.91	0
3	checked	1	0	reset	155	27.101	0
3	checked	1	0	reset	156	26.92	0
3	checked	1	0	reset	157	27.071	0
3	checked	1	0	reset	158	27.011	0
3	checked	1	0	reset	159	27.111	0
3	checked	1	0	reset	160	26.89	0
3	checked	1	0	reset	161	29.054	0
3	checked	1	0	reset	162	26.96	0
3	checked	1	0	reset	163	27.152	0
3	checked	1	0	reset	164	26.961	0
3	checked	1	0	reset	165	27.101	0
3	checked	1	0	reset	166	26.931	0
3	checked	1	0	reset	167	27.162	0
3	checked	1	0	reset	168	26.861	0
3	checked	1	0	reset	169	27.322	0
3	checked	1	0	reset	170	28.503	0
3	checked	1	0	reset	171	27.122	0
3	checked	1	0	reset	172	27.061	0
3	checked	1	0	reset	173	27.481	0
3	checked	1	0	reset	174	27.172	0
3	checked	1	0	reset	175	27.191	0
3	checked	1	0	reset	176	26.96	0
3	checked	1	0	reset	177	27.151	0
3	checked	1	0	reset	178	26.961	0
3	checked	1	0	reset	179	27.222	0
3	checked	1	0	reset	180	26.961	0
3	checked	1	0	reset	181	27.201	0
3	checked	1	0	reset	182	26.831	0
3	checked	1	0	reset	183	27.221	0
3	checked	1	0	reset	184	26.84	0
3	checked	1	0	reset	185	27.302	0
3	checked	1	0	reset	186	26.85	0
3	checked	1	0	reset	187	27.041	0
3	checked	1	0	reset	188	26.94	0
3	checked	1	0	reset	189	27.341	0
3	checked	1	0	reset	190	31.079	0
3	checked	1	0	reset	191	27.291	0
3	checked	1	0	reset	192	26.811	0
3	checked	1	0	reset	193	27.101	0
3	checked	1	0	reset	194	26.961	0
3	checked	1	0	reset	195	27.211	0
3	checked	1	0	reset	196	26.971	0
3	checked	1	0	reset	197	27.122	0
3	checked	1	0	reset	198	26.851	0
3	checked	1	0	reset	199	29.185	0
3	checked	1	0	reset	200	26.921	0
3	unsafe	1	0	reset	1	0.13	0
3	unsafe	1	0	reset	2	0.07	0
3	unsafe	1	0	reset	3	0.081	0
3	unsafe	1	0	reset	4	0.09	0
3	unsafe	1	0	reset	5	0.07	0
3	unsafe	1	0	reset	6	0.08	0
3	unsafe	1	0	reset	7	0.09	0
3	unsafe	1	0	reset	8	0.07	0
3	unsafe	1	0	reset	9	0.091	0
3	unsafe	1	0	reset	10	0.08	0
3	unsafe	1	0	reset	11	0.07	0
3	unsafe	1	0	reset	12	0.08	0
3	unsafe	1	0	reset	13	0.08	0
3	unsafe	1	0	reset	14	0.08	0
3	unsafe	1	0	reset	15	0.07	0
3	unsafe	1	0	reset	16	0.07	0
3	unsafe	1	0	reset	17	0.08	0
3	unsafe	1	0	reset	18	0.081	0
3	unsafe	1	0	reset	19	0.08	0
3	unsafe	1	0	reset	20	0.1	0
3	unsafe	1	0	reset	21	0.07	0
3	unsafe	1	0	reset	22	0.09	0
3	unsafe	1	0	reset	23	0.07	0
3	unsafe	1	0	reset	24	0.08	0
3	unsafe	1	0	reset	25	0.071	0
3	unsafe	1	0	reset	26	0.09	0
3	unsafe	1	0	reset	27	0.08	0
3	unsafe	1	0	reset	28	0.08	0
3	unsafe	1	0	reset	29	0.11	0
3	unsafe	1	0	reset	30	0.08	0
3	unsafe	1	0	reset	31	0.08	0
3	unsafe	1	0	reset	32	0.08	0
3	unsafe	1	0	reset	33	0.07	0
3	unsafe	1	0	reset	34	0.08	0
3	unsafe	1	0	reset	35	0.09	0
3	unsafe	1	0	reset	36	0.08	0
3	unsafe	1	0	reset	37	0.07	0
3	unsafe	1	0	reset	38	0.08	0
3	unsafe	1	0	reset	39	0.07	0
3	unsafe	1	0	reset	40	0.08	0
3	unsafe	1	0	reset	41	0.08	0
3	unsafe	1	0	reset	42	0.1	0
3	unsafe	1	0	reset	43	0.08	0
3	unsafe	1	0	reset	44	0.07	0
3	unsafe	1	0	reset	45	0.08	0
3	unsafe	1	0	reset	46	0.081	0
3	unsafe	1	0	reset	47	0.08	0
3	unsafe	1	0	reset	48	0.08	0
3	unsafe	1	0	reset	49	0.09	0
3	unsafe	1	0	reset	50	0.08	0
3	unsafe	1	0	reset	51	0.08	0
3	unsafe	1	0	reset	52	0.081	0
3	unsafe	1	0	reset	53	0.08	0
3	unsafe	1	0	reset	54	0.07	0
3	unsafe	1	0	reset	55	0.08	0
3	unsafe	1	0	reset	56	0.08	0
3	unsafe	1	0	reset	57	0.081	0
3	unsafe	1	0	reset	58	0.07	0
3	unsafe	1	0	reset	59	0.07	0
3	unsafe	1	0	reset	60	0.081	0
3	unsafe	1	0	reset	61	0.07	0
3	unsafe	1	0	reset	62	0.08	0
3	unsafe	1	0	reset	63	0.081	0
3	unsafe	1	0	reset	64	0.07	0
3	unsafe	1	0	reset	65	0.08	0
3	unsafe	1	0	reset	66	0.071	0
3	unsafe	1	0	reset	67	0.08	0
3	unsafe	1	0	reset	68	0.071	0
3	unsafe	1	0	reset	69	0.07	0
3	unsafe	1	0	reset	70	0.07	0
3	unsafe	1	0	reset	71	0.08	0
3	unsafe	1	0	reset	72	0.09	0
3	unsafe	1	0	reset	73	0.08	0
3	unsafe	1	0	reset	74	0.08	0
3	unsafe	1	0	reset	75	0.081	0
3	unsafe	1	0	reset	76	0.07	0
3	unsafe	1	0	reset	77	0.08	0
3	unsafe	1	0	reset	78	0.08	0
3	unsafe	1	0	reset	79	0.08	0
3	unsafe	1	0	reset	80	0.071	0
3	unsafe	1	0	reset	81	2.104	0
3	unsafe	1	0	reset	82	0.07	0
3	unsafe	1	0	reset	83	0.09	0
3	unsafe	1	0	reset	84	0.12	0
3	unsafe	1	0	reset	85	0.081	0
3	unsafe	1	0	reset	86	0.07	0
3	unsafe	1	0	reset	87	0.08	0
3	unsafe	1	0	reset	88	0.081	0
3	unsafe	1	0	reset	89	0.07	0
3	unsafe	1	0	reset	90	0.08	0
3	unsafe	1	0	reset	91	0.081	0
3	unsafe	1	0	reset	92	0.07	0
3	unsafe	1	0	reset	93	0.081	0
3	unsafe	1	0	reset	94	0.071	0
3	unsafe	1	0	reset	95	0.08	0
3	unsafe	1	0	reset	96	0.08	0
3	unsafe	1	0	reset	97	0.07	0
3	unsafe	1	0	reset	98	0.07	0
3	unsafe	1	0	reset	99	0.08	0
3	unsafe	1	0	reset	100	0.07	0
3	unsafe	1	0	reset	101	0.08	0
3	unsafe	1	0	reset	102	0.08	0
3	unsafe	1	0	reset	103	0.08	0
3	unsafe	1	0	reset	104	0.07	0
3	unsafe	1	0	reset	105	0.081	0
3	unsafe	1	0	reset	106	0.08	0
3	unsafe	1	0	reset	107	0.08	0
3	unsafe	1	0	reset	108	0.07	0
3	unsafe	1	0	reset	109	0.08	0
3	unsafe	1	0	reset	110	0.08	0
3	unsafe	1	0	reset	111	0.09	0
3	unsafe	1	0	reset	112	0.08	0
3	unsafe	1	0	reset	113	0.08	0
3	unsafe	1	0	reset	114	0.081	0
3	unsafe	1	0	reset	115	0.07	0
3	unsafe	1	0	reset	116	0.1	0
3	unsafe	1	0	reset	117	0.08	0
3	unsafe	1	0	reset	118	0.07	0
3	unsafe	1	0	reset	119	0.08	0
3	unsafe	1	0	reset	120	0.07	0
3	unsafe	1	0	reset	121	0.08	0
3	unsafe	1	0	reset	122	0.08	0
3	unsafe	1	0	reset	123	0.09	0
3	unsafe	1	0	reset	124	0.08	0
3	unsafe	1	0	reset	125	0.081	0
3	unsafe	1	0	reset	126	0.08	0
3	unsafe	1	0	reset	127	0.08	0
3	unsafe	1	0	reset	128	0.08	0
3	unsafe	1	0	reset	129	0.07	0
3	unsafe	1	0	reset	130	0.08	0
3	unsafe	1	0	reset	131	0.071	0
3	unsafe	1	0	reset	132	0.07	0
3	unsafe	1	0	reset	133	0.08	0
3	unsafe	1	0	reset	134	0.08	0
3	unsafe	1	0	reset	135	0.08	0
3	unsafe	1	0	reset	136	0.08	0
3	unsafe	1	0	reset	137	0.08	0
3	unsafe	1	0	reset	138	0.08	0
3	unsafe	1	0	reset	139	0.08	0
3	unsafe	1	0	reset	140	0.1	0
3	unsafe	1	0	reset	141	0.07	0
3	unsafe	1	0	reset	142	0.07	0
3	unsafe	1	0	reset	143	0.081	0
3	unsafe	1	0	reset	144	0.07	0
3	unsafe	1	0	reset	145	0.08	0
3	unsafe	1	0	reset	146	0.08	0
3	unsafe	1	0	reset	147	0.08	0
3	unsafe	1	0	reset	148	0.07	0
3	unsafe	1	0	reset	149	0.08	0
3	unsafe	1	0	reset	150	0.09	0
3	unsafe	1	0	reset	151	0.08	0
3	unsafe	1	0	reset	152	0.08	0
3	unsafe	1	0	reset	153	0.07	0
3	unsafe	1	0	reset	154	0.09	0
3	unsafe	1	0	reset	155	0.08	0
3	unsafe	1	0	reset	156	0.07	0
3	unsafe	1	0	reset	157	0.08	0
3	unsafe	1	0	reset	158	0.08	0
3	unsafe	1	0	reset	159	0.08	0
3	unsafe	1	0	reset	160	0.08	0
3	unsafe	1	0	reset	161	0.09	0
3	unsafe	1	0	reset	162	0.081	0
3	unsafe	1	0	reset	163	0.07	0
3	unsafe	1	0	reset	164	0.09	0
3	unsafe	1	0	reset	165	0.08	0
3	unsafe	1	0	reset	166	0.101	0
3	unsafe	1	0	reset	167	0.08	0
3	unsafe	1	0	reset	168	0.08	0
3	unsafe	1	0	reset	169	0.08	0
3	unsafe	1	0	reset	170	0.071	0
3	unsafe	1	0	reset	171	0.071	0
3	unsafe	1	0	reset	172	0.081	0
3	unsafe	1	0	reset	173	0.08	0
3	unsafe	1	0	reset	174	0.09	0
3	unsafe	1	0	reset	175	0.08	0
3	unsafe	1	0	reset	176	0.081	0
3	unsafe	1	0	reset	177	0.07	0
3	unsafe	1	0	reset	178	0.07	0
3	unsafe	1	0	reset	179	0.081	0
3	unsafe	1	0	reset	180	0.07	0
3	unsafe	1	0	reset	181	0.07	0
3	unsafe	1	0	reset	182	0.08	0
3	unsafe	1	0	reset	183	0.07	0
3	unsafe	1	0	reset	184	0.07	0
3	unsafe	1	0	reset	185	0.07	0
3	unsafe	1	0	reset	186	0.09	0
3	unsafe	1	0	reset	187	0.07	0
3	unsafe	1	0	reset	188	0.08	0
3	unsafe	1	0	reset	189	0.08	0
3	unsafe	1	0	reset	190	0.08	0
3	unsafe	1	0	reset	191	0.08	0
3	unsafe	1	0	reset	192	0.081	0
3	unsafe	1	0	reset	193	0.07	0
3	unsafe	1	0	reset	194	0.08	0
3	unsafe	1	0	reset	195	0.09	0
3	unsafe	1	0	reset	196	0.09	0
3	unsafe	1	0	reset	197	0.08	0
3	unsafe	1	0	reset	198	0.09	0
3	unsafe	1	0	reset	199	0.08	0
3	unsafe	1	0	reset	200	0.08	0
3	checked	4	3	reset	1	69.13	0
3	checked	4	3	reset	2	51.236	0
3	checked	4	3	reset	3	60.183	0
3	checked	4	3	reset	4	69.441	0
3	checked	4	3	reset	5	433.407	0
3	checked	4	3	reset	6	69.051	0
3	checked	4	3	reset	7	145.184	0
3	checked	4	3	reset	8	59.983	0
3	checked	4	3	reset	9	56.727	0
3	checked	4	3	reset	10	44.855	0
3	checked	4	3	reset	11	50.015	0
3	checked	4	3	reset	12	38.672	0
3	checked	4	3	reset	13	40.867	0
3	checked	4	3	reset	14	40.857	0
3	checked	4	3	reset	15	39.354	0
3	checked	4	3	reset	16	39.715	0
3	checked	4	3	reset	17	39.525	0
3	checked	4	3	reset	18	39.464	0
3	checked	4	3	reset	19	44.203	0
3	checked	4	3	reset	20	39.394	0
3	checked	4	3	reset	21	40.196	0
3	checked	4	3	reset	22	40.887	0
3	checked	4	3	reset	23	41.478	0
3	checked	4	3	reset	24	39.745	0
3	checked	4	3	reset	25	40.346	0
3	checked	4	3	reset	26	39.404	0
3	checked	4	3	reset	27	40.096	0
3	checked	4	3	reset	28	47.28	0
3	checked	4	3	reset	29	44.915	0
3	checked	4	3	reset	30	45.175	0
3	checked	4	3	reset	31	40.787	0
3	checked	4	3	reset	32	40.486	0
3	checked	4	3	reset	33	41.147	0
3	checked	4	3	reset	34	40.536	0
3	checked	4	3	reset	35	39.945	0
3	checked	4	3	reset	36	40.126	0
3	checked	4	3	reset	37	39.514	0
3	checked	4	3	reset	38	39.915	0
3	checked	4	3	reset	39	41.859	0
3	checked	4	3	reset	40	41.959	0
3	checked	4	3	reset	41	38.643	0
3	checked	4	3	reset	42	39.124	0
3	checked	4	3	reset	43	39.414	0
3	checked	4	3	reset	44	40.737	0
3	checked	4	3	reset	45	40.676	0
3	checked	4	3	reset	46	39.905	0
3	checked	4	3	reset	47	39.274	0
3	checked	4	3	reset	48	39.835	0
3	checked	4	3	reset	49	40.196	0
3	checked	4	3	reset	50	39.866	0
3	checked	4	3	reset	51	41.579	0
3	checked	4	3	reset	52	40.035	0
3	checked	4	3	reset	53	40.316	0
3	checked	4	3	reset	54	39.284	0
3	checked	4	3	reset	55	39.314	0
3	checked	4	3	reset	56	55.936	0
3	checked	4	3	reset	57	77.026	0
3	checked	4	3	reset	58	54.002	0
3	checked	4	3	reset	59	38.392	0
3	checked	4	3	reset	60	35.166	0
3	checked	4	3	reset	61	35.066	0
3	checked	4	3	reset	62	34.976	0
3	checked	4	3	reset	63	35.277	0
3	checked	4	3	reset	64	33.743	0
3	checked	4	3	reset	65	34.786	0
3	checked	4	3	reset	66	36.689	0
3	checked	4	3	reset	67	35.206	0
3	checked	4	3	reset	68	34.726	0
3	checked	4	3	reset	69	37.51	0
3	checked	4	3	reset	70	35.197	0
3	checked	4	3	reset	71	35.197	0
3	checked	4	3	reset	72	35.316	0
3	checked	4	3	reset	73	35.106	0
3	checked	4	3	reset	74	34.425	0
3	checked	4	3	reset	75	33.743	0
3	checked	4	3	reset	76	33.644	0
3	checked	4	3	reset	77	36.038	0
3	checked	4	3	reset	78	35.878	0
3	checked	4	3	reset	79	34.595	0
3	checked	4	3	reset	80	35.186	0
3	checked	4	3	reset	81	34.575	0
3	checked	4	3	reset	82	35.256	0
3	checked	4	3	reset	83	34.626	0
3	checked	4	3	reset	84	34.595	0
3	checked	4	3	reset	85	34.465	0
3	checked	4	3	reset	86	34.675	0
3	checked	4	3	reset	87	35.978	0
3	checked	4	3	reset	88	34.596	0
3	checked	4	3	reset	89	35.176	0
3	checked	4	3	reset	90	37.671	0
3	checked	4	3	reset	91	35.577	0
3	checked	4	3	reset	92	38.272	0
3	checked	4	3	reset	93	38.132	0
3	checked	4	3	reset	94	36.65	0
3	checked	4	3	reset	95	37.16	0
3	checked	4	3	reset	96	34.936	0
3	checked	4	3	reset	97	35.677	0
3	checked	4	3	reset	98	35.687	0
3	checked	4	3	reset	99	36.339	0
3	checked	4	3	reset	100	35.076	0
3	checked	4	3	reset	101	34.585	0
3	checked	4	3	reset	102	34.896	0
3	checked	4	3	reset	103	34.355	0
3	checked	4	3	reset	104	34.085	0
3	checked	4	3	reset	105	34.775	0
3	checked	4	3	reset	106	33.914	0
3	checked	4	3	reset	107	34.716	0
3	checked	4	3	reset	108	33.944	0
3	checked	4	3	reset	109	34.826	0
3	checked	4	3	reset	110	34.886	0
3	checked	4	3	reset	111	34.775	0
3	checked	4	3	reset	112	33.864	0
3	checked	4	3	reset	113	33.974	0
3	checked	4	3	reset	114	34.004	0
3	checked	4	3	reset	115	33.903	0
3	checked	4	3	reset	116	33.904	0
3	checked	4	3	reset	117	34.856	0
3	checked	4	3	reset	118	37.621	0
3	checked	4	3	reset	119	34.545	0
3	checked	4	3	reset	120	33.924	0
3	checked	4	3	reset	121	33.844	0
3	checked	4	3	reset	122	33.995	0
3	checked	4	3	reset	123	34.125	0
3	checked	4	3	reset	124	33.934	0
3	checked	4	3	reset	125	34.265	0
3	checked	4	3	reset	126	33.994	0
3	checked	4	3	reset	127	33.934	0
3	checked	4	3	reset	128	35.858	0
3	checked	4	3	reset	129	36.369	0
3	checked	4	3	reset	130	33.824	0
3	checked	4	3	reset	131	34.374	0
3	checked	4	3	reset	132	35.447	0
3	checked	4	3	reset	133	35.747	0
3	checked	4	3	reset	134	34.185	0
3	checked	4	3	reset	135	35.507	0
3	checked	4	3	reset	136	42.931	0
3	checked	4	3	reset	137	37.04	0
3	checked	4	3	reset	138	33.924	0
3	checked	4	3	reset	139	36.208	0
3	checked	4	3	reset	140	35.297	0
3	checked	4	3	reset	141	37.561	0
3	checked	4	3	reset	142	34.696	0
3	checked	4	3	reset	143	34.956	0
3	checked	4	3	reset	144	35.497	0
3	checked	4	3	reset	145	34.946	0
3	checked	4	3	reset	146	35.527	0
3	checked	4	3	reset	147	33.614	0
3	checked	4	3	reset	148	34.535	0
3	checked	4	3	reset	149	33.894	0
3	checked	4	3	reset	150	33.664	0
3	checked	4	3	reset	151	34.976	0
3	checked	4	3	reset	152	33.523	0
3	checked	4	3	reset	153	33.964	0
3	checked	4	3	reset	154	34.365	0
3	checked	4	3	reset	155	35.387	0
3	checked	4	3	reset	156	34.024	0
3	checked	4	3	reset	157	35.387	0
3	checked	4	3	reset	158	33.834	0
3	checked	4	3	reset	159	33.994	0
3	checked	4	3	reset	160	34.525	0
3	checked	4	3	reset	161	34.194	0
3	checked	4	3	reset	162	33.603	0
3	checked	4	3	reset	163	35.136	0
3	checked	4	3	reset	164	33.754	0
3	checked	4	3	reset	165	34.425	0
3	checked	4	3	reset	166	35.026	0
3	checked	4	3	reset	167	34.555	0
3	checked	4	3	reset	168	34.966	0
3	checked	4	3	reset	169	34.315	0
3	checked	4	3	reset	170	34.656	0
3	checked	4	3	reset	171	33.333	0
3	checked	4	3	reset	172	33.844	0
3	checked	4	3	reset	173	35.186	0
3	checked	4	3	reset	174	34.566	0
3	checked	4	3	reset	175	33.934	0
3	checked	4	3	reset	176	35.356	0
3	checked	4	3	reset	177	34.766	0
3	checked	4	3	reset	178	38.102	0
3	checked	4	3	reset	179	33.843	0
3	checked	4	3	reset	180	35.938	0
3	checked	4	3	reset	181	34.676	0
3	checked	4	3	reset	182	34.365	0
3	checked	4	3	reset	183	33.653	0
3	checked	4	3	reset	184	34.235	0
3	checked	4	3	reset	185	34.265	0
3	checked	4	3	reset	186	34.505	0
3	checked	4	3	reset	187	34.976	0
3	checked	4	3	reset	188	33.834	0
3	checked	4	3	reset	189	34.175	0
3	checked	4	3	reset	190	34.956	0
3	checked	4	3	reset	191	34.726	0
3	checked	4	3	reset	192	34.415	0
3	checked	4	3	reset	193	35.096	0
3	checked	4	3	reset	194	34.165	0
3	checked	4	3	reset	195	34.535	0
3	checked	4	3	reset	196	33.854	0
3	checked	4	3	reset	197	34.615	0
3	checked	4	3	reset	198	34.916	0
3	checked	4	3	reset	199	33.833	0
3	checked	4	3	reset	200	34.185	0
3	checked	4	3	stall	1	140.174	0
3	checked	4	3	stall	2	78.778	0
3	checked	4	3	stall	3	142.018	0
3	unsafe	4	3	reset	1	0.1	0
3	unsafe	4	3	reset	2	0.05	0
3	unsafe	4	3	reset	3	0.07	0
3	unsafe	4	3	reset	4	0.05	0
3	unsafe	4	3	reset	5	0.07	0
3	unsafe	4	3	reset	6	0.091	0
3	unsafe	4	3	reset	7	0.07	0
3	unsafe	4	3	reset	8	0.05	0
3	unsafe	4	3	reset	9	0.16	0
3	unsafe	4	3	reset	10	0.06	0
3	unsafe	4	3	reset	11	0.05	0
3	unsafe	4	3	reset	12	0.05	0
3	unsafe	4	3	reset	13	0.05	0
3	unsafe	4	3	reset	14	0.05	0
3	unsafe	4	3	reset	15	0.05	0
3	unsafe	4	3	reset	16	0.05	0
3	unsafe	4	3	reset	17	0.05	0
3	unsafe	4	3	reset	18	0.06	0
3	unsafe	4	3	reset	19	0.05	0
3	unsafe	4	3	reset	20	0.06	0
3	unsafe	4	3	reset	21	0.05	0
3	unsafe	4	3	reset	22	0.06	0
3	unsafe	4	3	reset	23	0.05	0
3	unsafe	4	3	reset	24	0.05	0
3	unsafe	4	3	reset	25	0.07	0
3	unsafe	4	3	reset	26	0.04	0
3	unsafe	4	3	reset	27	0.05	0
3	unsafe	4	3	reset	28	0.05	0
3	unsafe	4	3	reset	29	0.05	0
3	unsafe	4	3	reset	30	0.06	0
3	unsafe	4	3	reset	31	0.05	0
3	unsafe	4	3	reset	32	0.07	0
3	unsafe	4	3	reset	33	0.05	0
3	unsafe	4	3	reset	34	0.05	0
3	unsafe	4	3	reset	35	0.07	0
3	unsafe	4	3	reset	36	0.051	0
3	unsafe	4	3	reset	37	0.06	0
3	unsafe	4	3	reset	38	0.05	0
3	unsafe	4	3	reset	39	0.05	0
3	unsafe	4	3	reset	40	0.06	0
3	unsafe	4	3	reset	41	0.05	0
3	unsafe	4	3	reset	42	0.06	0
3	unsafe	4	3	reset	43	0.06	0
3	unsafe	4	3	reset	44	0.05	0
3	unsafe	4	3	reset	45	0.06	0
3	unsafe	4	3	reset	46	0.05	0
3	unsafe	4	3	reset	47	0.06	0
3	unsafe	4	3	reset	48	0.05	0
3	unsafe	4	3	reset	49	0.06	0
3	unsafe	4	3	reset	50	0.06	0
3	unsafe	4	3	reset	51	0.05	0
3	unsafe	4	3	reset	52	0.05	0
3	unsafe	4	3	reset	53	0.05	0
3	unsafe	4	3	reset	54	0.06	0
3	unsafe	4	3	reset	55	0.05	0
3	unsafe	4	3	reset	56	0.05	0
3	unsafe	4	3	reset	57	0.06	0
3	unsafe	4	3	reset	58	0.05	0
3	unsafe	4	3	reset	59	0.06	0
3	unsafe	4	3	reset	60	0.05	0
3	unsafe	4	3	reset	61	0.06	0
3	unsafe	4	3	reset	62	0.05	0
3	unsafe	4	3	reset	63	0.05	0
3	unsafe	4	3	reset	64	0.06	0
3	unsafe	4	3	reset	65	0.05	0
3	unsafe	4	3	reset	66	0.05	0
3	unsafe	4	3	reset	67	0.06	0
3	unsafe	4	3	reset	68	0.05	0
3	unsafe	4	3	reset	69	0.11	0
3	unsafe	4	3	reset	70	0.06	0
3	unsafe	4	3	reset	71	0.06	0
3	unsafe	4	3	reset	72	0.05	0
3	unsafe	4	3	reset	73	0.06	0
3	unsafe	4	3	reset	74	0.06	0
3	unsafe	4	3	reset	75	0.05	0
3	unsafe	4	3	reset	76	0.06	0
3	unsafe	4	3	reset	77	0.05	0
3	unsafe	4	3	reset	78	0.09	0
3	unsafe	4	3	reset	79	0.04	0
3	unsafe	4	3	reset	80	0.06	0
3	unsafe	4	3	reset	81	0.06	0
3	unsafe	4	3	reset	82	0.061	0
3	unsafe	4	3	reset	83	0.06	0
3	unsafe	4	3	reset	84	0.051	0
3	unsafe	4	3	reset	85	0.06	0
3	unsafe	4	3	reset	86	0.05	0
3	unsafe	4	3	reset	87	0.05	0
3	unsafe	4	3	reset	88	0.07	0
3	unsafe	4	3	reset	89	0.06	0
3	unsafe	4	3	reset	90	0.06	0
3	unsafe	4	3	reset	91	0.05	0
3	unsafe	4	3	reset	92	0.05	0
3	unsafe	4	3	reset	93	0.06	0
3	unsafe	4	3	reset	94	0.05	0
3	unsafe	4	3	reset	95	0.06	0
3	unsafe	4	3	reset	96	0.05	0
3	unsafe	4	3	reset	97	0.061	0
3	unsafe	4	3	reset	98	0.05	0
3	unsafe	4	3	reset	99	0.05	0
3	unsafe	4	3	reset	100	0.061	0
3	unsafe	4	3	reset	101	0.05	0
3	unsafe	4	3	reset	102	0.06	0
3	unsafe	4	3	reset	103	0.04	0
3	unsafe	4	3	reset	104	0.06	0
3	unsafe	4	3	reset	105	0.05	0
3	unsafe	4	3	reset	106	0.06	0
3	unsafe	4	3	reset	107	0.061	0
3	unsafe	4	3	reset	108	0.06	0
3	unsafe	4	3	reset	109	0.06	0
3	unsafe	4	3	reset	110	0.05	0
3	unsafe	4	3	reset	111	0.06	0
3	unsafe	4	3	reset	112	0.06	0
3	unsafe	4	3	reset	113	0.05	0
3	unsafe	4	3	reset	114	0.07	0
3	unsafe	4	3	reset	115	0.051	0
3	unsafe	4	3	reset	116	0.05	0
3	unsafe	4	3	reset	117	0.06	0
3	unsafe	4	3	reset	118	0.06	0
3	unsafe	4	3	reset	119	0.06	0
3	unsafe	4	3	reset	120	0.051	0
3	unsafe	4	3	reset	121	0.06	0
3	unsafe	4	3	reset	122	0.05	0
3	unsafe	4	3	reset	123	0.05	0
3	unsafe	4	3	reset	124	0.05	0
3	unsafe	4	3	reset	125	0.06	0
3	unsafe	4	3	reset	126	0.06	0
3	unsafe	4	3	reset	127	0.05	0
3	unsafe	4	3	reset	128	0.08	0
3	unsafe	4	3	reset	129	0.05	0
3	unsafe	4	3	reset	130	0.06	0
3	unsafe	4	3	reset	131	0.06	0
3	unsafe	4	3	reset	132	0.05	0
3	unsafe	4	3	reset	133	0.06	0
3	unsafe	4	3	reset	134	0.05	0
3	unsafe	4	3	reset	135	0.06	0
3	unsafe	4	3	reset	136	0.051	0
3	unsafe	4	3	reset	137	0.06	0
3	unsafe	4	3	reset	138	0.06	0
3	unsafe	4	3	reset	139	0.06	0
3	unsafe	4	3	reset	140	0.07	0
3	unsafe	4	3	reset	141	0.06	0
3	unsafe	4	3	reset	142	0.07	0
3	unsafe	4	3	reset	143	0.071	0
3	unsafe	4	3	reset	144	0.06	0
3	unsafe	4	3	reset	145	0.05	0
3	unsafe	4	3	reset	146	0.06	0
3	unsafe	4	3	reset	147	0.06	0
3	unsafe	4	3	reset	148	0.06	0
3	unsafe	4	3	reset	149	0.051	0
3	unsafe	4	3	reset	150	0.05	0
3	unsafe	4	3	reset	151	0.07	0
3	unsafe	4	3	reset	152	0.061	0
3	unsafe	4	3	reset	153	0.05	0
3	unsafe	4	3	reset	154	0.07	0
3	unsafe	4	3	reset	155	0.05	0
3	unsafe	4	3	reset	156	0.06	0
3	unsafe	4	3	reset	157	0.061	0
3	unsafe	4	3	reset	158	0.05	0
3	unsafe	4	3	reset	159	0.05	0
3	unsafe	4	3	reset	160	0.06	0
3	unsafe	4	3	reset	161	0.06	0
3	unsafe	4	3	reset	162	0.05	0
3	unsafe	4	3	reset	163	0.06	0
3	unsafe	4	3	reset	164	0.05	0
3	unsafe	4	3	reset	165	0.06	0
3	unsafe	4	3	reset	166	0.05	0
3	unsafe	4	3	reset	167	0.06	0
3	unsafe	4	3	reset	168	0.06	0
3	unsafe	4	3	reset	169	0.05	0
3	unsafe	4	3	reset	170	0.05	0
3	unsafe	4	3	reset	171	0.06	0
3	unsafe	4	3	reset	172	0.05	0
3	unsafe	4	3	reset	173	0.06	0
3	unsafe	4	3	reset	174	0.05	0
3	unsafe	4	3	reset	175	0.06	0
3	unsafe	4	3	reset	176	0.051	0
3	unsafe	4	3	reset	177	0.1	0
3	unsafe	4	3	reset	178	0.06	0
3	unsafe	4	3	reset	179	0.061	0
3	unsafe	4	3	reset	180	0.07	0
3	unsafe	4	3	reset	181	0.051	0
3	unsafe	4	3	reset	182	0.07	0
3	unsafe	4	3	reset	183	0.04	0
3	unsafe	4	3	reset	184	0.05	0
3	unsafe	4	3	reset	185	0.06	0
3	unsafe	4	3	reset	186	0.06	0
3	unsafe	4	3	reset	187	0.07	0
3	unsafe	4	3	reset	188	0.07	0
3	unsafe	4	3	reset	189	0.07	0
3	unsafe	4	3	reset	190	0.05	0
3	unsafe	4	3	reset	191	0.06	0
3	unsafe	4	3	reset	192	0.05	0
3	unsafe	4	3	reset	193	0.06	0
3	unsafe	4	3	reset	194	0.06	0
3	unsafe	4	3	reset	195	0.05	0
3	unsafe	4	3	reset	196	0.06	0
3	unsafe	4	3	reset	197	0.05	0
3	unsafe	4	3	reset	198	0.06	0
3	unsafe	4	3	reset	199	0.07	0
3	unsafe	4	3	reset	200	0.06	0
3	unsafe	4	3	stall	1	0.0	0
3	unsafe	4	3	stall	2	0.0	0
3	unsafe	4	3	stall	3	0.0	0
3	checked	8	7	reset	1	58.901	1
3	checked	8	7	reset	2	51.457	1
3	checked	8	7	reset	3	44.233	1
3	checked	8	7	reset	4	95.47	1
3	checked	8	7	reset	5	110.89	1
3	checked	8	7	reset	6	45.816	1
3	checked	8	7	reset	7	96.723	1
3	checked	8	7	reset	8	81.844	1
3	checked	8	7	reset	9	57.238	1
3	checked	8	7	reset	10	57.769	1
3	checked	8	7	reset	11	55.225	1
3	checked	8	7	reset	12	52.649	1
3	checked	8	7	reset	13	47.91	1
3	checked	8	7	reset	14	45.155	1
3	checked	8	7	reset	15	43.482	1
3	checked	8	7	reset	16	51.437	1
3	checked	8	7	reset	17	45.957	1
3	checked	8	7	reset	18	47.339	1
3	checked	8	7	reset	19	46.728	1
3	checked	8	7	reset	20	45.576	1
3	checked	8	7	reset	21	45.486	1
3	checked	8	7	reset	22	46.277	1
3	checked	8	7	reset	23	44.884	1
3	checked	8	7	reset	24	46.007	1
3	checked	8	7	reset	25	45.446	1
3	checked	8	7	reset	26	44.734	1
3	checked	8	7	reset	27	49.032	1
3	checked	8	7	reset	28	50.496	1
3	checked	8	7	reset	29	49.494	1
3	checked	8	7	reset	30	45.857	1
3	checked	8	7	reset	31	45.506	1
3	checked	8	7	reset	32	44.504	1
3	checked	8	7	reset	33	47.82	1
3	checked	8	7	reset	34	55.554	1
3	checked	8	7	reset	35	48.943	1
3	checked	8	7	reset	36	45.236	1
3	checked	8	7	reset	37	47.68	1
3	checked	8	7	reset	38	46.117	1
3	checked	8	7	reset	39	43.452	1
3	checked	8	7	reset	40	45.757	1
3	checked	8	7	reset	41	44.243	1
3	checked	8	7	reset	42	46.849	1
3	checked	8	7	reset	43	43.983	1
3	checked	8	7	reset	44	43.913	1
3	checked	8	7	reset	45	50.676	1
3	checked	8	7	reset	46	44.604	1
3	checked	8	7	reset	47	48.472	1
3	checked	8	7	reset	48	44.614	1
3	checked	8	7	reset	49	47.009	1
3	checked	8	7	reset	50	46.497	1
3	checked	8	7	reset	51	45.646	1
3	checked	8	7	reset	52	43.682	1
3	checked	8	7	reset	53	46.908	1
3	checked	8	7	reset	54	46.698	1
3	checked	8	7	reset	55	44.003	1
3	checked	8	7	reset	56	44.674	1
3	checked	8	7	reset	57	44.744	1
3	checked	8	7	reset	58	43.301	1
3	checked	8	7	reset	59	45.856	1
3	checked	8	7	reset	60	45.205	1
3	checked	8	7	reset	61	44.644	1
3	checked	8	7	reset	62	45.014	1
3	checked	8	7	reset	63	45.917	1
3	checked	8	7	reset	64	44.183	1
3	checked	8	7	reset	65	44.574	1
3	checked	8	7	reset	66	48.211	1
3	checked	8	7	reset	67	46.268	1
3	checked	8	7	reset	68	47.129	1
3	checked	8	7	reset	69	46.347	1
3	checked	8	7	reset	70	48.421	1
3	checked	8	7	reset	71	45.095	1
3	checked	8	7	reset	72	43.602	1
3	checked	8	7	reset	73	46.177	1
3	checked	8	7	reset	74	45.155	1
3	checked	8	7	reset	75	46.297	1
3	checked	8	7	reset	76	44.374	1
3	checked	8	7	reset	77	47.409	1
3	checked	8	7	reset	78	44.944	1
3	checked	8	7	reset	79	47.039	1
3	checked	8	7	reset	80	46.067	1
3	checked	8	7	reset	81	45.966	1
3	checked	8	7	reset	82	48.071	1
3	checked	8	7	reset	83	52.108	1
3	checked	8	7	reset	84	49.083	1
3	checked	8	7	reset	85	47.991	1
3	checked	8	7	reset	86	45.055	1
3	checked	8	7	reset	87	46.498	1
3	checked	8	7	reset	88	44.093	1
3	checked	8	7	reset	89	43.382	1
3	checked	8	7	reset	90	47.189	1
3	checked	8	7	reset	91	52.019	1
3	checked	8	7	reset	92	54.844	1
3	checked	8	7	reset	93	46.558	1
3	checked	8	7	reset	94	47.38	1
3	checked	8	7	reset	95	45.887	1
3	checked	8	7	reset	96	45.225	1
3	checked	8	7	reset	97	46.868	1
3	checked	8	7	reset	98	46.217	1
3	checked	8	7	reset	99	44.855	1
3	checked	8	7	reset	100	45.726	1
3	checked	8	7	reset	101	45.947	1
3	checked	8	7	reset	102	46.177	1
3	checked	8	7	reset	103	45.336	1
3	checked	8	7	reset	104	44.163	1
3	checked	8	7	reset	105	45.616	1
3	checked	8	7	reset	106	45.346	1
3	checked	8	7	reset	107	44.534	1
3	checked	8	7	reset	108	47.47	1
3	checked	8	7	reset	109	46.819	1
3	checked	8	7	reset	110	45.105	1
3	checked	8	7	reset	111	46.578	1
3	checked	8	7	reset	112	45.205	1
3	checked	8	7	reset	113	46.217	1
3	checked	8	7	reset	114	45.796	1
3	checked	8	7	reset	115	46.338	1
3	checked	8	7	reset	116	63.3	1
3	checked	8	7	reset	117	44.835	1
3	checked	8	7	reset	118	44.144	1
3	checked	8	7	reset	119	58.09	1
3	checked	8	7	reset	120	45.666	1
3	checked	8	7	reset	121	44.504	1
3	checked	8	7	reset	122	45.967	1
3	checked	8	7	reset	123	54.513	1
3	checked	8	7	reset	124	42.009	1
3	checked	8	7	reset	125	39.985	1
3	checked	8	7	reset	126	40.356	1
3	checked	8	7	reset	127	40.597	1
3	checked	8	7	reset	128	39.385	1
3	checked	8	7	reset	129	38.753	1
3	checked	8	7	reset	130	40.757	1
3	checked	8	7	reset	131	40.156	1
3	checked	8	7	reset	132	39.474	1
3	checked	8	7	reset	133	40.196	1
3	checked	8	7	reset	134	40.667	1
3	checked	8	7	reset	135	39.775	1
3	checked	8	7	reset	136	38.934	1
3	checked	8	7	reset	137	39.905	1
3	checked	8	7	reset	138	39.414	1
3	checked	8	7	reset	139	41.328	1
3	checked	8	7	reset	140	39.545	1
3	checked	8	7	reset	141	39.224	1
3	checked	8	7	reset	142	41.108	1
3	checked	8	7	reset	143	40.496	1
3	checked	8	7	reset	144	40.827	1
3	checked	8	7	reset	145	39.945	1
3	checked	8	7	reset	146	40.526	1
3	checked	8	7	reset	147	40.967	1
3	checked	8	7	reset	148	49.022	1
3	checked	8	7	reset	149	63.349	1
3	checked	8	7	reset	150	53.08	1
3	checked	8	7	reset	151	43.472	1
3	checked	8	7	reset	152	51.678	1
3	checked	8	7	reset	153	40.346	1
3	checked	8	7	reset	154	40.216	1
3	checked	8	7	reset	155	41.338	1
3	checked	8	7	reset	156	40.206	1
3	checked	8	7	reset	157	42.58	1
3	checked	8	7	reset	158	40.757	1
3	checked	8	7	reset	159	40.326	1
3	checked	8	7	reset	160	41.358	1
3	checked	8	7	reset	161	41.378	1
3	checked	8	7	reset	162	42.19	1
3	checked	8	7	reset	163	43.723	1
3	checked	8	7	reset	164	41.959	1
3	checked	8	7	reset	165	39.524	1
3	checked	8	7	reset	166	43.071	1
3	checked	8	7	reset	167	51.798	1
3	checked	8	7	reset	168	51.868	1
3	checked	8	7	reset	169	40.166	1
3	checked	8	7	reset	170	41.037	1
3	checked	8	7	reset	171	39.745	1
3	checked	8	7	reset	172	57.999	1
3	checked	8	7	reset	173	68.348	1
3	checked	8	7	reset	174	44.093	1
3	checked	8	7	reset	175	39.986	1
3	checked	8	7	reset	176	40.687	1
3	checked	8	7	reset	177	39.715	1
3	checked	8	7	reset	178	39.745	1
3	checked	8	7	reset	179	38.893	1
3	checked	8	7	reset	180	39.384	1
3	checked	8	7	reset	181	39.955	1
3	checked	8	7	reset	182	39.745	1
3	checked	8	7	reset	183	42.28	1
3	checked	8	7	reset	184	39.365	1
3	checked	8	7	reset	185	39.554	1
3	checked	8	7	reset	186	40.105	1
3	checked	8	7	reset	187	40.847	1
3	checked	8	7	reset	188	40.206	1
3	checked	8	7	reset	189	40.937	1
3	checked	8	7	reset	190	39.835	1
3	checked	8	7	reset	191	39.825	1
3	checked	8	7	reset	192	42.931	1
3	checked	8	7	reset	193	40.516	1
3	checked	8	7	reset	194	39.405	1
3	checked	8	7	reset	195	39.755	1
3	checked	8	7	reset	196	40.316	1
3	checked	8	7	reset	197	39.053	1
3	checked	8	7	reset	198	39.424	1
3	checked	8	7	reset	199	38.833	1
3	checked	8	7	reset	200	39.364	1
3	checked	8	7	stall	1	82.265	1
3	checked	8	7	stall	2	90.29	1
3	checked	8	7	stall	3	84.569	1
3	checked	8	7	stall	4	75.683	1
3	checked	8	7	stall	5	94.098	1
3	checked	8	7	stall	6	91.703	1
3	checked	8	7	stall	7	76.584	1
3	unsafe	8	7	reset	1	0.17	1
3	unsafe	8	7	reset	2	0.08	1
3	unsafe	8	7	reset	3	0.101	1
3	unsafe	8	7	reset	4	0.07	1
3	unsafe	8	7	reset	5	0.08	1
3	unsafe	8	7	reset	6	0.27	1
3	unsafe	8	7	reset	7	0.17	1
3	unsafe	8	7	reset	8	0.06	1
3	unsafe	8	7	reset	9	0.07	1
3	unsafe	8	7	reset	10	0.07	1
3	unsafe	8	7	reset	11	0.06	1
3	unsafe	8	7	reset	12	0.06	1
3	unsafe	8	7	reset	13	0.071	1
3	unsafe	8	7	reset	14	0.06	1
3	unsafe	8	7	reset	15	0.07	1
3	unsafe	8	7	reset	16	0.07	1
3	unsafe	8	7	reset	17	0.07	1
3	unsafe	8	7	reset	18	0.07	1
3	unsafe	8	7	reset	19	0.07	1
3	unsafe	8	7	reset	20	0.07	1
3	unsafe	8	7	reset	21	0.07	1
3	unsafe	8	7	reset	22	0.061	1
3	unsafe	8	7	reset	23	0.06	1
3	unsafe	8	7	reset	24	0.07	1
3	unsafe	8	7	reset	25	0.07	1
3	unsafe	8	7	reset	26	0.07	1
3	unsafe	8	7	reset	27	0.06	1
3	unsafe	8	7	reset	28	0.07	1
3	unsafe	8	7	reset	29	0.07	1
3	unsafe	8	7	reset	30	0.07	1
3	unsafe	8	7	reset	31	0.06	1
3	unsafe	8	7	reset	32	0.07	1
3	unsafe	8	7	reset	33	0.06	1
3	unsafe	8	7	reset	34	0.06	1
3	unsafe	8	7	reset	35	0.08	1
3	unsafe	8	7	reset	36	0.07	1
3	unsafe	8	7	reset	37	0.07	1
3	unsafe	8	7	reset	38	0.06	1
3	unsafe	8	7	reset	39	0.07	1
3	unsafe	8	7	reset	40	0.07	1
3	unsafe	8	7	reset	41	0.07	1
3	unsafe	8	7	reset	42	0.07	1
3	unsafe	8	7	reset	43	0.07	1
3	unsafe	8	7	reset	44	0.07	1
3	unsafe	8	7	reset	45	0.06	1
3	unsafe	8	7	reset	46	0.07	1
3	unsafe	8	7	reset	47	0.07	1
3	unsafe	8	7	reset	48	0.07	1
3	unsafe	8	7	reset	49	0.06	1
3	unsafe	8	7	reset	50	0.07	1
3	unsafe	8	7	reset	51	0.06	1
3	unsafe	8	7	reset	52	0.07	1
3	unsafe	8	7	reset	53	0.07	1
3	unsafe	8	7	reset	54	0.07	1
3	unsafe	8	7	reset	55	0.061	1
3	unsafe	8	7	reset	56	0.07	1
3	unsafe	8	7	reset	57	0.071	1
3	unsafe	8	7	reset	58	0.06	1
3	unsafe	8	7	reset	59	0.07	1
3	unsafe	8	7	reset	60	0.07	1
3	unsafe	8	7	reset	61	0.07	1
3	unsafe	8	7	reset	62	0.07	1
3	unsafe	8	7	reset	63	0.07	1
3	unsafe	8	7	reset	64	0.06	1
3	unsafe	8	7	reset	65	0.07	1
3	unsafe	8	7	reset	66	0.07	1
3	unsafe	8	7	reset	67	0.06	1
3	unsafe	8	7	reset	68	0.07	1
3	unsafe	8	7	reset	69	0.07	1
3	unsafe	8	7	reset	70	0.07	1
3	unsafe	8	7	reset	71	0.07	1
3	unsafe	8	7	reset	72	0.06	1
3	unsafe	8	7	reset	73	0.071	1
3	unsafe	8	7	reset	74	0.07	1
3	unsafe	8	7	reset	75	0.06	1
3	unsafe	8	7	reset	76	0.07	1
3	unsafe	8	7	reset	77	0.071	1
3	unsafe	8	7	reset	78	0.06	1
3	unsafe	8	7	reset	79	0.07	1
3	unsafe	8	7	reset	80	0.06	1
3	unsafe	8	7	reset	81	0.07	1
3	unsafe	8	7	reset	82	0.06	1
3	unsafe	8	7	reset	83	0.07	1
3	unsafe	8	7	reset	84	0.06	1
3	unsafe	8	7	reset	85	0.061	1
3	unsafe	8	7	reset	86	0.07	1
3	unsafe	8	7	reset	87	0.07	1
3	unsafe	8	7	reset	88	0.071	1
3	unsafe	8	7	reset	89	0.06	1
3	unsafe	8	7	reset	90	0.06	1
3	unsafe	8	7	reset	91	0.06	1
3	unsafe	8	7	reset	92	0.07	1
3	unsafe	8	7	reset	93	0.07	1
3	unsafe	8	7	reset	94	0.07	1
3	unsafe	8	7	reset	95	0.07	1
3	unsafe	8	7	reset	96	0.07	1
3	unsafe	8	7	reset	97	0.07	1
3	unsafe	8	7	reset	98	0.07	1
3	unsafe	8	7	reset	99	0.071	1
3	unsafe	8	7	reset	100	0.07	1
3	unsafe	8	7	reset	101	0.07	1
3	unsafe	8	7	reset	102	0.07	1
3	unsafe	8	7	reset	103	0.07	1
3	unsafe	8	7	reset	104	0.07	1
3	unsafe	8	7	reset	105	0.07	1
3	unsafe	8	7	reset	106	0.07	1
3	unsafe	8	7	reset	107	0.07	1
3	unsafe	8	7	reset	108	0.07	1
3	unsafe	8	7	reset	109	0.06	1
3	unsafe	8	7	reset	110	0.07	1
3	unsafe	8	7	reset	111	0.07	1
3	unsafe	8	7	reset	112	0.07	1
3	unsafe	8	7	reset	113	0.06	1
3	unsafe	8	7	reset	114	0.071	1
3	unsafe	8	7	reset	115	0.071	1
3	unsafe	8	7	reset	116	0.06	1
3	unsafe	8	7	reset	117	0.061	1
3	unsafe	8	7	reset	118	0.07	1
3	unsafe	8	7	reset	119	0.07	1
3	unsafe	8	7	reset	120	0.07	1
3	unsafe	8	7	reset	121	0.061	1
3	unsafe	8	7	reset	122	0.07	1
3	unsafe	8	7	reset	123	0.061	1
3	unsafe	8	7	reset	124	0.07	1
3	unsafe	8	7	reset	125	0.071	1
3	unsafe	8	7	reset	126	0.07	1
3	unsafe	8	7	reset	127	0.07	1
3	unsafe	8	7	reset	128	0.07	1
3	unsafe	8	7	reset	129	0.08	1
3	unsafe	8	7	reset	130	0.06	1
3	unsafe	8	7	reset	131	0.071	1
3	unsafe	8	7	reset	132	0.07	1
3	unsafe	8	7	reset	133	0.07	1
3	unsafe	8	7	reset	134	0.081	1
3	unsafe	8	7	reset	135	0.07	1
3	unsafe	8	7	reset	136	0.071	1
3	unsafe	8	7	reset	137	0.06	1
3	unsafe	8	7	reset	138	0.08	1
3	unsafe	8	7	reset	139	0.06	1
3	unsafe	8	7	reset	140	0.071	1
3	unsafe	8	7	reset	141	0.08	1
3	unsafe	8	7	reset	142	0.07	1
3	unsafe	8	7	reset	143	0.08	1
3	unsafe	8	7	reset	144	0.07	1
3	unsafe	8	7	reset	145	0.07	1
3	unsafe	8	7	reset	146	0.08	1
3	unsafe	8	7	reset	147	0.071	1
3	unsafe	8	7	reset	148	0.06	1
3	unsafe	8	7	reset	149	0.07	1
3	unsafe	8	7	reset	150	0.07	1
3	unsafe	8	7	reset	151	0.07	1
3	unsafe	8	7	reset	152	0.06	1
3	unsafe	8	7	reset	153	0.07	1
3	unsafe	8	7	reset	154	0.07	1
3	unsafe	8	7	reset	155	0.06	1
3	unsafe	8	7	reset	156	0.06	1
3	unsafe	8	7	reset	157	0.07	1
3	unsafe	8	7	reset	158	0.07	1
3	unsafe	8	7	reset	159	0.07	1
3	unsafe	8	7	reset	160	0.07	1
3	unsafe	8	7	reset	161	0.06	1
3	unsafe	8	7	reset	162	0.06	1
3	unsafe	8	7	reset	163	0.07	1
3	unsafe	8	7	reset	164	0.07	1
3	unsafe	8	7	reset	165	0.07	1
3	unsafe	8	7	reset	166	0.06	1
3	unsafe	8	7	reset	167	0.07	1
3	unsafe	8	7	reset	168	0.07	1
3	unsafe	8	7	reset	169	0.07	1
3	unsafe	8	7	reset	170	0.07	1
3	unsafe	8	7	reset	171	0.07	1
3	unsafe	8	7	reset	172	0.07	1
3	unsafe	8	7	reset	173	0.071	1
3	unsafe	8	7	reset	174	0.07	1
3	unsafe	8	7	reset	175	0.07	1
3	unsafe	8	7	reset	176	0.06	1
3	unsafe	8	7	reset	177	0.071	1
3	unsafe	8	7	reset	178	0.07	1
3	unsafe	8	7	reset	179	0.07	1
3	unsafe	8	7	reset	180	0.07	1
3	unsafe	8	7	reset	181	0.07	1
3	unsafe	8	7	reset	182	0.061	1
3	unsafe	8	7	reset	183	0.06	1
3	unsafe	8	7	reset	184	0.07	1
3	unsafe	8	7	reset	185	0.07	1
3	unsafe	8	7	reset	186	0.06	1
3	unsafe	8	7	reset	187	0.06	1
3	unsafe	8	7	reset	188	0.071	1
3	unsafe	8	7	reset	189	0.07	1
3	unsafe	8	7	reset	190	0.07	1
3	unsafe	8	7	reset	191	0.071	1
3	unsafe	8	7	reset	192	0.061	1
3	unsafe	8	7	reset	193	0.07	1
3	unsafe	8	7	reset	194	0.07	1
3	unsafe	8	7	reset	195	0.07	1
3	unsafe	8	7	reset	196	0.07	1
3	unsafe	8	7	reset	197	0.06	1
3	unsafe	8	7	reset	198	0.07	1
3	unsafe	8	7	reset	199	0.07	1
3	unsafe	8	7	reset	200	0.061	1
3	unsafe	8	7	stall	1	0.0	1
3	unsafe	8	7	stall	2	0.0	1
3	unsafe	8	7	stall	3	0.0	1
3	unsafe	8	7	stall	4	0.0	1
3	unsafe	8	7	stall	5	0.0	1
3	unsafe	8	7	stall	6	0.0	1
3	unsafe	8	7	stall	7	0.0	1
3	checked	16	15	reset	1	81.183	0
3	checked	16	15	reset	2	56.116	0
3	checked	16	15	reset	3	106.991	0
3	checked	16	15	reset	4	462.091	0
3	checked	16	15	reset	5	48.752	0
3	checked	16	15	reset	6	101.061	0
3	checked	16	15	reset	7	65.954	0
3	checked	16	15	reset	8	70.723	0
3	checked	16	15	reset	9	65.053	0
3	checked	16	15	reset	10	66.766	0
3	checked	16	15	reset	11	68.179	0
3	checked	16	15	reset	12	68.819	0
3	checked	16	15	reset	13	69.16	0
3	checked	16	15	reset	14	66.115	0
3	checked	16	15	reset	15	68.64	0
3	checked	16	15	reset	16	64.722	0
3	checked	16	15	reset	17	67.227	0
3	checked	16	15	reset	18	66.435	0
3	checked	16	15	reset	19	73.208	0
3	checked	16	15	reset	20	63.89	0
3	checked	16	15	reset	21	81.824	0
3	checked	16	15	reset	22	71.234	0
3	checked	16	15	reset	23	68.469	0
3	checked	16	15	reset	24	73.007	0
3	checked	16	15	reset	25	67.948	0
3	checked	16	15	reset	26	70.152	0
3	checked	16	15	reset	27	84.43	0
3	checked	16	15	reset	28	66.776	0
3	checked	16	15	reset	29	65.533	0
3	checked	16	15	reset	30	67.367	0
3	checked	16	15	reset	31	66.575	0
3	checked	16	15	reset	32	69.891	0
3	checked	16	15	reset	33	66.175	0
3	checked	16	15	reset	34	67.357	0
3	checked	16	15	reset	35	68.029	0
3	checked	16	15	reset	36	66.386	0
3	checked	16	15	reset	37	67.327	0
3	checked	16	15	reset	38	72.517	0
3	checked	16	15	reset	39	69.421	0
3	checked	16	15	reset	40	64.732	0
3	checked	16	15	reset	41	68.038	0
3	checked	16	15	reset	42	64.421	0
3	checked	16	15	reset	43	61.887	0
3	checked	16	15	reset	44	67.337	0
3	checked	16	15	reset	45	65.083	0
3	checked	16	15	reset	46	62.698	0
3	checked	16	15	reset	47	64.201	0
3	checked	16	15	reset	48	64.0	0
3	checked	16	15	reset	49	63.74	0
3	checked	16	15	reset	50	65.434	0
3	checked	16	15	reset	51	66.365	0
3	checked	16	15	reset	52	63.089	0
3	checked	16	15	reset	53	63.329	0
3	checked	16	15	reset	54	59.292	0
3	checked	16	15	reset	55	62.468	0
3	checked	16	15	reset	56	63.049	0
3	checked	16	15	reset	57	60.594	0
3	checked	16	15	reset	58	157.417	0
3	checked	16	15	reset	59	90.14	0
3	checked	16	15	reset	60	77.857	0
3	checked	16	15	reset	61	80.211	0
3	checked	16	15	reset	62	82.826	0
3	checked	16	15	reset	63	74.48	0
3	checked	16	15	reset	64	81.234	0
3	checked	16	15	reset	65	72.416	0
3	checked	16	15	reset	66	89.649	0
3	checked	16	15	reset	67	79.129	0
3	checked	16	15	reset	68	78.068	0
3	checked	16	15	reset	69	75.793	0
3	checked	16	15	reset	70	78.047	0
3	checked	16	15	reset	71	79.329	0
3	checked	16	15	reset	72	78.267	0
3	checked	16	15	reset	73	79.109	0
3	checked	16	15	reset	74	74.15	0
3	checked	16	15	reset	75	78.038	0
3	checked	16	15	reset	76	74.31	0
3	checked	16	15	reset	77	73.268	0
3	checked	16	15	reset	78	74.611	0
3	checked	16	15	reset	79	78.719	0
3	checked	16	15	reset	80	78.328	0
3	checked	16	15	reset	81	74.881	0
3	checked	16	15	reset	82	72.997	0
3	checked	16	15	reset	83	77.436	0
3	checked	16	15	reset	84	76.484	0
3	checked	16	15	reset	85	72.797	0
3	checked	16	15	reset	86	78.848	0
3	checked	16	15	reset	87	73.128	0
3	checked	16	15	reset	88	97.975	0
3	checked	16	15	reset	89	86.112	0
3	checked	16	15	reset	90	79.52	0
3	checked	16	15	reset	91	75.152	0
3	checked	16	15	reset	92	78.608	0
3	checked	16	15	reset	93	67.508	0
3	checked	16	15	reset	94	80.011	0
3	checked	16	15	reset	95	76.014	0
3	checked	16	15	reset	96	74.681	0
3	checked	16	15	reset	97	71.706	0
3	checked	16	15	reset	98	71.645	0
3	checked	16	15	reset	99	71.696	0
3	checked	16	15	reset	100	72.326	0
3	checked	16	15	reset	101	73.098	0
3	checked	16	15	reset	102	69.711	0
3	checked	16	15	reset	103	69.341	0
3	checked	16	15	reset	104	71.895	0
3	checked	16	15	reset	105	69.502	0
3	checked	16	15	reset	106	73.118	0
3	checked	16	15	reset	107	73.489	0
3	checked	16	15	reset	108	75.142	0
3	checked	16	15	reset	109	69.542	0
3	checked	16	15	reset	110	70.183	0
3	checked	16	15	reset	111	72.487	0
3	checked	16	15	reset	112	73.138	0
3	checked	16	15	reset	113	72.537	0
3	checked	16	15	reset	114	77.366	0
3	checked	16	15	reset	115	72.817	0
3	checked	16	15	reset	116	73.278	0
3	checked	16	15	reset	117	77.196	0
3	checked	16	15	reset	118	75.763	0
3	checked	16	15	reset	119	72.908	0
3	checked	16	15	reset	120	71.916	0
3	checked	16	15	reset	121	76.264	0
3	checked	16	15	reset	122	81.885	0
3	checked	16	15	reset	123	75.993	0
3	checked	16	15	reset	124	72.807	0
3	checked	16	15	reset	125	73.629	0
3	checked	16	15	reset	126	71.675	0
3	checked	16	15	reset	127	73.299	0
3	checked	16	15	reset	128	93.145	0
3	checked	16	15	reset	129	73.409	0
3	checked	16	15	reset	130	70.593	0
3	checked	16	15	reset	131	71.474	0
3	checked	16	15	reset	132	72.877	0
3	checked	16	15	reset	133	69.26	0
3	checked	16	15	reset	134	70.573	0
3	checked	16	15	reset	135	74.13	0
3	checked	16	15	reset	136	75.072	0
3	checked	16	15	reset	137	70.603	0
3	checked	16	15	reset	138	72.276	0
3	checked	16	15	reset	139	76.344	0
3	checked	16	15	reset	140	74.05	0
3	checked	16	15	reset	141	73.809	0
3	checked	16	15	reset	142	71.705	0
3	checked	16	15	reset	143	73.268	0
3	checked	16	15	reset	144	74.861	0
3	checked	16	15	reset	145	69.662	0
3	checked	16	15	reset	146	78.377	0
3	checked	16	15	reset	147	76.996	0
3	checked	16	15	reset	148	78.047	0
3	checked	16	15	reset	149	72.948	0
3	checked	16	15	reset	150	78.338	0
3	checked	16	15	reset	151	73.629	0
3	checked	16	15	reset	152	72.416	0
3	checked	16	15	reset	153	73.599	0
3	checked	16	15	reset	154	77.847	0
3	checked	16	15	reset	155	72.296	0
3	checked	16	15	reset	156	73.038	0
3	checked	16	15	reset	157	93.637	0
3	checked	16	15	reset	158	86.262	0
3	checked	16	15	reset	159	77.727	0
3	checked	16	15	reset	160	76.064	0
3	checked	16	15	reset	161	77.276	0
3	checked	16	15	reset	162	81.053	0
3	checked	16	15	reset	163	79.47	0
3	checked	16	15	reset	164	75.232	0
3	checked	16	15	reset	165	82.035	0
3	checked	16	15	reset	166	72.587	0
3	checked	16	15	reset	167	77.827	0
3	checked	16	15	reset	168	84.589	0
3	checked	16	15	reset	169	77.486	0
3	checked	16	15	reset	170	71.124	0
3	checked	16	15	reset	171	70.784	0
3	checked	16	15	reset	172	74.691	0
3	checked	16	15	reset	173	77.186	0
3	checked	16	15	reset	174	79.57	0
3	checked	16	15	reset	175	76.194	0
3	checked	16	15	reset	176	74.25	0
3	checked	16	15	reset	177	71.745	0
3	checked	16	15	reset	178	75.262	0
3	checked	16	15	reset	179	72.527	0
3	checked	16	15	reset	180	74.241	0
3	checked	16	15	reset	181	75.612	0
3	checked	16	15	reset	182	72.717	0
3	checked	16	15	reset	183	71.706	0
3	checked	16	15	reset	184	75.843	0
3	checked	16	15	reset	185	72.877	0
3	checked	16	15	reset	186	74.731	0
3	checked	16	15	reset	187	69.251	0
3	checked	16	15	reset	188	75.853	0
3	checked	16	15	reset	189	74.601	0
3	checked	16	15	reset	190	70.874	0
3	checked	16	15	reset	191	72.296	0
3	checked	16	15	reset	192	72.296	0
3	checked	16	15	reset	193	77.486	0
3	checked	16	15	reset	194	75.642	0
3	checked	16	15	reset	195	73.128	0
3	checked	16	15	reset	196	71.094	0
3	checked	16	15	reset	197	73.238	0
3	checked	16	15	reset	198	72.987	0
3	checked	16	15	reset	199	75.252	0
3	checked	16	15	reset	200	71.535	0
3	checked	16	15	stall	1	138.381	0
3	checked	16	15	stall	2	141.757	0
3	checked	16	15	stall	3	140.235	0
3	checked	16	15	stall	4	236.696	0
3	checked	16	15	stall	5	135.987	0
3	checked	16	15	stall	6	136.978	0
3	checked	16	15	stall	7	137.329	0
3	checked	16	15	stall	8	138.381	0
3	checked	16	15	stall	9	139.193	0
3	checked	16	15	stall	10	140.114	0
3	checked	16	15	stall	11	140.325	0
3	checked	16	15	stall	12	140.485	0
3	checked	16	15	stall	13	136.998	0
3	checked	16	15	stall	14	139.995	0
3	checked	16	15	stall	15	139.112	0
3	unsafe	16	15	reset	1	0.13	0
3	unsafe	16	15	reset	2	0.05	0
3	unsafe	16	15	reset	3	0.05	0
3	unsafe	16	15	reset	4	0.07	0
3	unsafe	16	15	reset	5	0.07	0
3	unsafe	16	15	reset	6	0.08	0
3	unsafe	16	15	reset	7	0.08	0
3	unsafe	16	15	reset	8	0.35	0
3	unsafe	16	15	reset	9	0.09	0
3	unsafe	16	15	reset	10	0.071	0
3	unsafe	16	15	reset	11	0.071	0
3	unsafe	16	15	reset	12	0.09	0
3	unsafe	16	15	reset	13	0.111	0
3	unsafe	16	15	reset	14	0.07	0
3	unsafe	16	15	reset	15	0.07	0
3	unsafe	16	15	reset	16	0.09	0
3	unsafe	16	15	reset	17	0.09	0
3	unsafe	16	15	reset	18	0.09	0
3	unsafe	16	15	reset	19	0.091	0
3	unsafe	16	15	reset	20	0.08	0
3	unsafe	16	15	reset	21	0.111	0
3	unsafe	16	15	reset	22	0.101	0
3	unsafe	16	15	reset	23	0.09	0
3	unsafe	16	15	reset	24	0.08	0
3	unsafe	16	15	reset	25	0.101	0
3	unsafe	16	15	reset	26	0.101	0
3	unsafe	16	15	reset	27	0.09	0
3	unsafe	16	15	reset	28	0.08	0
3	unsafe	16	15	reset	29	0.11	0
3	unsafe	16	15	reset	30	0.11	0
3	unsafe	16	15	reset	31	0.09	0
3	unsafe	16	15	reset	32	0.1	0
3	unsafe	16	15	reset	33	0.07	0
3	unsafe	16	15	reset	34	0.1	0
3	unsafe	16	15	reset	35	0.09	0
3	unsafe	16	15	reset	36	0.1	0
3	unsafe	16	15	reset	37	0.07	0
3	unsafe	16	15	reset	38	0.111	0
3	unsafe	16	15	reset	39	0.1	0
3	unsafe	16	15	reset	40	0.1	0
3	unsafe	16	15	reset	41	0.08	0
3	unsafe	16	15	reset	42	0.13	0
3	unsafe	16	15	reset	43	0.09	0
3	unsafe	16	15	reset	44	0.09	0
3	unsafe	16	15	reset	45	0.09	0
3	unsafe	16	15	reset	46	0.1	0
3	unsafe	16	15	reset	47	0.1	0
3	unsafe	16	15	reset	48	0.1	0
3	unsafe	16	15	reset	49	0.13	0
3	unsafe	16	15	reset	50	0.08	0
3	unsafe	16	15	reset	51	0.1	0
3	unsafe	16	15	reset	52	0.11	0
3	unsafe	16	15	reset	53	0.1	0
3	unsafe	16	15	reset	54	0.09	0
3	unsafe	16	15	reset	55	0.1	0
3	unsafe	16	15	reset	56	0.111	0
3	unsafe	16	15	reset	57	0.101	0
3	unsafe	16	15	reset	58	0.08	0
3	unsafe	16	15	reset	59	0.1	0
3	unsafe	16	15	reset	60	0.1	0
3	unsafe	16	15	reset	61	0.1	0
3	unsafe	16	15	reset	62	0.1	0
3	unsafe	16	15	reset	63	0.091	0
3	unsafe	16	15	reset	64	0.11	0
3	unsafe	16	15	reset	65	0.1	0
3	unsafe	16	15	reset	66	0.11	0
3	unsafe	16	15	reset	67	0.081	0
3	unsafe	16	15	reset	68	0.111	0
3	unsafe	16	15	reset	69	0.09	0
3	unsafe	16	15	reset	70	0.111	0
3	unsafe	16	15	reset	71	0.08	0
3	unsafe	16	15	reset	72	0.1	0
3	unsafe	16	15	reset	73	0.1	0
3	unsafe	16	15	reset	74	0.1	0
3	unsafe	16	15	reset	75	0.08	0
3	unsafe	16	15	reset	76	0.09	0
3	unsafe	16	15	reset	77	0.11	0
3	unsafe	16	15	reset	78	0.11	0
3	unsafe	16	15	reset	79	0.1	0
3	unsafe	16	15	reset	80	0.09	0
3	unsafe	16	15	reset	81	0.111	0
3	unsafe	16	15	reset	82	0.09	0
3	unsafe	16	15	reset	83	0.11	0
3	unsafe	16	15	reset	84	0.08	0
3	unsafe	16	15	reset	85	0.12	0
3	unsafe	16	15	reset	86	0.1	0
3	unsafe	16	15	reset	87	0.08	0
3	unsafe	16	15	reset	88	0.1	0
3	unsafe	16	15	reset	89	0.08	0
3	unsafe	16	15	reset	90	0.11	0
3	unsafe	16	15	reset	91	0.1	0
3	unsafe	16	15	reset	92	0.101	0
3	unsafe	16	15	reset	93	0.08	0
3	unsafe	16	15	reset	94	0.11	0
3	unsafe	16	15	reset	95	0.09	0
3	unsafe	16	15	reset	96	0.121	0
3	unsafe	16	15	reset	97	0.091	0
3	unsafe	16	15	reset	98	0.1	0
3	unsafe	16	15	reset	99	0.111	0
3	unsafe	16	15	reset	100	2.033	0
3	unsafe	16	15	reset	101	0.16	0
3	unsafe	16	15	reset	102	0.09	0
3	unsafe	16	15	reset	103	0.1	0
3	unsafe	16	15	reset	104	0.09	0
3	unsafe	16	15	reset	105	0.09	0
3	unsafe	16	15	reset	106	0.1	0
3	unsafe	16	15	reset	107	0.09	0
3	unsafe	16	15	reset	108	0.09	0
3	unsafe	16	15	reset	109	0.09	0
3	unsafe	16	15	reset	110	0.09	0
3	unsafe	16	15	reset	111	0.08	0
3	unsafe	16	15	reset	112	0.08	0
3	unsafe	16	15	reset	113	0.09	0
3	unsafe	16	15	reset	114	0.14	0
3	unsafe	16	15	reset	115	0.08	0
3	unsafe	16	15	reset	116	0.09	0
3	unsafe	16	15	reset	117	0.081	0
3	unsafe	16	15	reset	118	0.09	0
3	unsafe	16	15	reset	119	0.09	0
3	unsafe	16	15	reset	120	0.09	0
3	unsafe	16	15	reset	121	0.09	0
3	unsafe	16	15	reset	122	0.09	0
3	unsafe	16	15	reset	123	0.08	0
3	unsafe	16	15	reset	124	0.09	0
3	unsafe	16	15	reset	125	0.09	0
3	unsafe	16	15	reset	126	0.09	0
3	unsafe	16	15	reset	127	0.09	0
3	unsafe	16	15	reset	128	0.08	0
3	unsafe	16	15	reset	129	0.09	0
3	unsafe	16	15	reset	130	0.09	0
3	unsafe	16	15	reset	131	0.091	0
3	unsafe	16	15	reset	132	0.08	0
3	unsafe	16	15	reset	133	0.09	0
3	unsafe	16	15	reset	134	0.081	0
3	unsafe	16	15	reset	135	0.09	0
3	unsafe	16	15	reset	136	0.08	0
3	unsafe	16	15	reset	137	0.09	0
3	unsafe	16	15	reset	138	0.091	0
3	unsafe	16	15	reset	139	0.09	0
3	unsafe	16	15	reset	140	0.09	0
3	unsafe	16	15	reset	141	0.091	0
3	unsafe	16	15	reset	142	0.08	0
3	unsafe	16	15	reset	143	0.09	0
3	unsafe	16	15	reset	144	0.09	0
3	unsafe	16	15	reset	145	0.091	0
3	unsafe	16	15	reset	146	0.09	0
3	unsafe	16	15	reset	147	0.091	0
3	unsafe	16	15	reset	148	0.09	0
3	unsafe	16	15	reset	149	0.081	0
3	unsafe	16	15	reset	150	0.09	0
3	unsafe	16	15	reset	151	0.1	0
3	unsafe	16	15	reset	152	0.091	0
3	unsafe	16	15	reset	153	0.09	0
3	unsafe	16	15	reset	154	0.09	0
3	unsafe	16	15	reset	155	0.09	0
3	unsafe	16	15	reset	156	0.08	0
3	unsafe	16	15	reset	157	0.08	0
3	unsafe	16	15	reset	158	0.091	0
3	unsafe	16	15	reset	159	0.09	0
3	unsafe	16	15	reset	160	0.091	0
3	unsafe	16	15	reset	161	0.09	0
3	unsafe	16	15	reset	162	0.09	0
3	unsafe	16	15	reset	163	0.09	0
3	unsafe	16	15	reset	164	0.081	0
3	unsafe	16	15	reset	165	0.08	0
3	unsafe	16	15	reset	166	0.09	0
3	unsafe	16	15	reset	167	0.09	0
3	unsafe	16	15	reset	168	0.1	0
3	unsafe	16	15	reset	169	0.08	0
3	unsafe	16	15	reset	170	0.09	0
3	unsafe	16	15	reset	171	0.09	0
3	unsafe	16	15	reset	172	0.101	0
3	unsafe	16	15	reset	173	0.1	0
3	unsafe	16	15	reset	174	0.09	0
3	unsafe	16	15	reset	175	0.09	0
3	unsafe	16	15	reset	176	0.09	0
3	unsafe	16	15	reset	177	0.09	0
3	unsafe	16	15	reset	178	0.08	0
3	unsafe	16	15	reset	179	0.07	0
3	unsafe	16	15	reset	180	0.08	0
3	unsafe	16	15	reset	181	0.091	0
3	unsafe	16	15	reset	182	0.08	0
3	unsafe	16	15	reset	183	0.081	0
3	unsafe	16	15	reset	184	0.08	0
3	unsafe	16	15	reset	185	0.09	0
3	unsafe	16	15	reset	186	0.09	0
3	unsafe	16	15	reset	187	0.091	0
3	unsafe	16	15	reset	188	0.081	0
3	unsafe	16	15	reset	189	0.07	0
3	unsafe	16	15	reset	190	0.09	0
3	unsafe	16	15	reset	191	0.08	0
3	unsafe	16	15	reset	192	0.09	0
3	unsafe	16	15	reset	193	0.08	0
3	unsafe	16	15	reset	194	0.09	0
3	unsafe	16	15	reset	195	0.1	0
3	unsafe	16	15	reset	196	0.091	0
3	unsafe	16	15	reset	197	0.09	0
3	unsafe	16	15	reset	198	0.08	0
3	unsafe	16	15	reset	199	0.09	0
3	unsafe	16	15	reset	200	0.1	0
3	unsafe	16	15	stall	1	0.0	0
3	unsafe	16	15	stall	2	0.0	0
3	unsafe	16	15	stall	3	0.0	0
3	unsafe	16	15	stall	4	0.0	0
3	unsafe	16	15	stall	5	0.0	0
3	unsafe	16	15	stall	6	0.0	0
3	unsafe	16	15	stall	7	0.0	0
3	unsafe	16	15	stall	8	0.0	0
3	unsafe	16	15	stall	9	0.0	0
3	unsafe	16	15	stall	10	0.0	0
3	unsafe	16	15	stall	11	0.0	0
3	unsafe	16	15	stall	12	0.0	0
3	unsafe	16	15	stall	13	0.0	0
3	unsafe	16	15	stall	14	0.0	0
3	unsafe	16	15	stall	15	0.0	0
3	checked	30	29	reset	1	89.87	0
3	checked	30	29	reset	2	58.33	0
3	checked	30	29	reset	3	63.9	0
3	checked	30	29	reset	4	78.498	0
3	checked	30	29	reset	5	381.97	0
3	checked	30	29	reset	6	63.75	0
3	checked	30	29	reset	7	59.171	0
3	checked	30	29	reset	8	195.339	0
3	checked	30	29	reset	9	121.339	0
3	checked	30	29	reset	10	113.594	0
3	checked	30	29	reset	11	126.439	0
3	checked	30	29	reset	12	110.689	0
3	checked	30	29	reset	13	109.927	0
3	checked	30	29	reset	14	105.589	0
3	checked	30	29	reset	15	95.77	0
3	checked	30	29	reset	16	100.059	0
3	checked	30	29	reset	17	106.17	0
3	checked	30	29	reset	18	244.672	0
3	checked	30	29	reset	19	126.619	0
3	checked	30	29	reset	20	128.553	0
3	checked	30	29	reset	21	215.666	0
3	checked	30	29	reset	22	108.825	0
3	checked	30	29	reset	23	3273.034	0
3	checked	30	29	reset	24	119.516	0
3	checked	30	29	reset	25	107.352	0
3	checked	30	29	reset	26	107.463	0
3	checked	30	29	reset	27	117.03	0
3	checked	30	29	reset	28	118.864	0
3	checked	30	29	reset	29	102.093	0
3	checked	30	29	reset	30	106.25	0
3	checked	30	29	reset	31	125.045	0
3	checked	30	29	reset	32	110.067	0
3	checked	30	29	reset	33	112.502	0
3	checked	30	29	reset	34	98.496	0
3	checked	30	29	reset	35	106.411	0
3	checked	30	29	reset	36	103.315	0
3	checked	30	29	reset	37	110.258	0
3	checked	30	29	reset	38	103.214	0
3	checked	30	29	reset	39	106.982	0
3	checked	30	29	reset	40	114.526	0
3	checked	30	29	reset	41	105.379	0
3	checked	30	29	reset	42	103.245	0
3	checked	30	29	reset	43	109.416	0
3	checked	30	29	reset	44	107.413	0
3	checked	30	29	reset	45	99.237	0
3	checked	30	29	reset	46	99.137	0
3	checked	30	29	reset	47	100.229	0
3	checked	30	29	reset	48	98.165	0
3	checked	30	29	reset	49	114.566	0
3	checked	30	29	reset	50	102.162	0
3	checked	30	29	reset	51	103.024	0
3	checked	30	29	reset	52	99.678	0
3	checked	30	29	reset	53	99.117	0
3	checked	30	29	reset	54	106.731	0
3	checked	30	29	reset	55	109.076	0
3	checked	30	29	reset	56	105.419	0
3	checked	30	29	reset	57	110.589	0
3	checked	30	29	reset	58	113.664	0
3	checked	30	29	reset	59	107.343	0
3	checked	30	29	reset	60	100.289	0
3	checked	30	29	reset	61	435.03	0
3	checked	30	29	reset	62	116.81	0
3	checked	30	29	reset	63	103.685	0
3	checked	30	29	reset	64	108.284	0
3	checked	30	29	reset	65	109.176	0
3	checked	30	29	reset	66	104.427	0
3	checked	30	29	reset	67	106.441	0
3	checked	30	29	reset	68	124.305	0
3	checked	30	29	reset	69	100.77	0
3	checked	30	29	reset	70	115.158	0
3	checked	30	29	reset	71	112.512	0
3	checked	30	29	reset	72	109.126	0
3	checked	30	29	reset	73	103.836	0
3	checked	30	29	reset	74	104.427	0
3	checked	30	29	reset	75	3809.877	0
3	checked	30	29	reset	76	128.462	0
3	checked	30	29	reset	77	110.107	0
3	checked	30	29	reset	78	113.414	0
3	checked	30	29	reset	79	104.477	0
3	checked	30	29	reset	80	113.394	0
3	checked	30	29	reset	81	110.368	0
3	checked	30	29	reset	82	156.024	0
3	checked	30	29	reset	83	121.168	0
3	checked	30	29	reset	84	108.304	0
3	checked	30	29	reset	85	197.423	0
3	checked	30	29	reset	86	103.115	0
3	checked	30	29	reset	87	128.071	0
3	checked	30	29	reset	88	109.998	0
3	checked	30	29	reset	89	107.342	0
3	checked	30	29	reset	90	109.858	0
3	checked	30	29	reset	91	113.815	0
3	checked	30	29	reset	92	110.388	0
3	checked	30	29	reset	93	129.815	0
3	checked	30	29	reset	94	106.551	0
3	checked	30	29	reset	95	103.536	0
3	checked	30	29	reset	96	104.266	0
3	checked	30	29	reset	97	104.778	0
3	checked	30	29	reset	98	123.653	0
3	checked	30	29	reset	99	106.952	0
3	checked	30	29	reset	100	106.661	0
3	checked	30	29	reset	101	114.987	0
3	checked	30	29	reset	102	104.808	0
3	checked	30	29	reset	103	105.168	0
3	checked	30	29	reset	104	105.86	0
3	checked	30	29	reset	105	96.342	0
3	checked	30	29	reset	106	95.52	0
3	checked	30	29	reset	107	109.977	0
3	checked	30	29	reset	108	114.406	0
3	checked	30	29	reset	109	108.114	0
3	checked	30	29	reset	110	104.587	0
3	checked	30	29	reset	111	95.31	0
3	checked	30	29	reset	112	150.073	0
3	checked	30	29	reset	113	99.027	0
3	checked	30	29	reset	114	338.549	0
3	checked	30	29	reset	115	106.922	0
3	checked	30	29	reset	116	123.172	0
3	checked	30	29	reset	117	108.184	0
3	checked	30	29	reset	118	102.043	0
3	checked	30	29	reset	119	113.253	0
3	checked	30	29	reset	120	108.224	0
3	checked	30	29	reset	121	109.006	0
3	checked	30	29	reset	122	98.285	0
3	checked	30	29	reset	123	107.312	0
3	checked	30	29	reset	124	103.265	0
3	checked	30	29	reset	125	105.358	0
3	checked	30	29	reset	126	213.112	0
3	checked	30	29	reset	127	98.536	0
3	checked	30	29	reset	128	104.117	0
3	checked	30	29	reset	129	114.055	0
3	checked	30	29	reset	130	101.582	0
3	checked	30	29	reset	131	110.338	0
3	checked	30	29	reset	132	106.0	0
3	checked	30	29	reset	133	3574.252	0
3	checked	30	29	reset	134	125.597	0
3	checked	30	29	reset	135	3326.785	0
3	checked	30	29	reset	136	128.072	0
3	checked	30	29	reset	137	106.21	0
3	checked	30	29	reset	138	104.928	0
3	checked	30	29	reset	139	116.079	0
3	checked	30	29	reset	140	112.161	0
3	checked	30	29	reset	141	101.862	0
3	checked	30	29	reset	142	105.639	0
3	checked	30	29	reset	143	121.319	0
3	checked	30	29	reset	144	122.301	0
3	checked	30	29	reset	145	96.993	0
3	checked	30	29	reset	146	108.154	0
3	checked	30	29	reset	147	105.208	0
3	checked	30	29	reset	148	107.953	0
3	checked	30	29	reset	149	104.237	0
3	checked	30	29	reset	150	97.074	0
3	checked	30	29	reset	151	120.467	0
3	checked	30	29	reset	152	108.916	0
3	checked	30	29	reset	153	103.194	0
3	checked	30	29	reset	154	112.512	0
3	checked	30	29	reset	155	96.913	0
3	checked	30	29	reset	156	101.742	0
3	checked	30	29	reset	157	100.189	0
3	checked	30	29	reset	158	100.52	0
3	checked	30	29	reset	159	99.709	0
3	checked	30	29	reset	160	102.824	0
3	checked	30	29	reset	161	100.329	0
3	checked	30	29	reset	162	115.278	0
3	checked	30	29	reset	163	103.195	0
3	checked	30	29	reset	164	104.167	0
3	checked	30	29	reset	165	146.165	0
3	checked	30	29	reset	166	105.9	0
3	checked	30	29	reset	167	102.483	0
3	checked	30	29	reset	168	106.601	0
3	checked	30	29	reset	169	101.001	0
3	checked	30	29	reset	170	288.314	0
3	checked	30	29	reset	171	105.158	0
3	checked	30	29	reset	172	132.801	0
3	checked	30	29	reset	173	294.545	0
3	checked	30	29	reset	174	104.166	0
3	checked	30	29	reset	175	97.504	0
3	checked	30	29	reset	176	441.302	0
3	checked	30	29	reset	177	111.601	0
3	checked	30	29	reset	178	128.362	0
3	checked	30	29	reset	179	119.636	0
3	checked	30	29	reset	180	104.988	0
3	checked	30	29	reset	181	99.006	0
3	checked	30	29	reset	182	96.753	0
3	checked	30	29	reset	183	494.874	0
3	checked	30	29	reset	184	399.384	0
3	checked	30	29	reset	185	416.556	0
3	checked	30	29	reset	186	104.948	0
3	checked	30	29	reset	187	106.24	0
3	checked	30	29	reset	188	101.331	0
3	checked	30	29	reset	189	110.488	0
3	checked	30	29	reset	190	95.02	0
3	checked	30	29	reset	191	98.676	0
3	checked	30	29	reset	192	108.685	0
3	checked	30	29	reset	193	107.422	0
3	checked	30	29	reset	194	109.006	0
3	checked	30	29	reset	195	114.446	0
3	checked	30	29	reset	196	107.002	0
3	checked	30	29	reset	197	106.531	0
3	checked	30	29	reset	198	116.2	0
3	checked	30	29	reset	199	105.569	0
3	checked	30	29	reset	200	106.671	0
3	checked	30	29	stall	1	3257.565	0
3	checked	30	29	stall	2	3261.582	0
3	checked	30	29	stall	3	3311.938	0
3	checked	30	29	stall	4	1864.066	0
3	checked	30	29	stall	5	4182.289	0
3	checked	30	29	stall	6	1860.479	0
3	checked	30	29	stall	7	2749.195	0
3	checked	30	29	stall	8	1839.47	0
3	checked	30	29	stall	9	1001.829	0
3	checked	30	29	stall	10	1848.186	0
3	checked	30	29	stall	11	1851.723	0
3	checked	30	29	stall	12	4144.388	0
3	checked	30	29	stall	13	1064.729	0
3	checked	30	29	stall	14	2064.134	0
3	checked	30	29	stall	15	3259.097	0
3	checked	30	29	stall	16	3525.501	0
3	checked	30	29	stall	17	3014.075	0
3	checked	30	29	stall	18	1296.395	0
3	checked	30	29	stall	19	1039.501	0
3	checked	30	29	stall	20	989.366	0
3	checked	30	29	stall	21	2537.737	0
3	checked	30	29	stall	22	1317.555	0
3	checked	30	29	stall	23	1658.208	0
3	checked	30	29	stall	24	4681.059	0
3	checked	30	29	stall	25	1312.416	0
3	checked	30	29	stall	26	1776.421	0
3	checked	30	29	stall	27	2035.339	0
3	checked	30	29	stall	28	1861.321	0
3	checked	30	29	stall	29	1857.965	0
3	unsafe	30	29	reset	1	0.111	0
3	unsafe	30	29	reset	2	0.05	0
3	unsafe	30	29	reset	3	0.07	0
3	unsafe	30	29	reset	4	0.06	0
3	unsafe	30	29	reset	5	0.08	0
3	unsafe	30	29	reset	6	0.211	0
3	unsafe	30	29	reset	7	0.091	0
3	unsafe	30	29	reset	8	0.09	0
3	unsafe	30	29	reset	9	0.091	0
3	unsafe	30	29	reset	10	0.09	0
3	unsafe	30	29	reset	11	0.09	0
3	unsafe	30	29	reset	12	0.08	0
3	unsafe	30	29	reset	13	0.131	0
3	unsafe	30	29	reset	14	0.08	0
3	unsafe	30	29	reset	15	0.09	0
3	unsafe	30	29	reset	16	0.091	0
3	unsafe	30	29	reset	17	0.081	0
3	unsafe	30	29	reset	18	0.09	0
3	unsafe	30	29	reset	19	0.08	0
3	unsafe	30	29	reset	20	0.09	0
3	unsafe	30	29	reset	21	0.14	0
3	unsafe	30	29	reset	22	0.12	0
3	unsafe	30	29	reset	23	0.09	0
3	unsafe	30	29	reset	24	0.09	0
3	unsafe	30	29	reset	25	0.08	0
3	unsafe	30	29	reset	26	0.08	0
3	unsafe	30	29	reset	27	0.09	0
3	unsafe	30	29	reset	28	0.09	0
3	unsafe	30	29	reset	29	0.09	0
3	unsafe	30	29	reset	30	0.08	0
3	unsafe	30	29	reset	31	0.09	0
3	unsafe	30	29	reset	32	0.08	0
3	unsafe	30	29	reset	33	0.08	0
3	unsafe	30	29	reset	34	0.09	0
3	unsafe	30	29	reset	35	0.09	0
3	unsafe	30	29	reset	36	0.091	0
3	unsafe	30	29	reset	37	0.09	0
3	unsafe	30	29	reset	38	0.09	0
3	unsafe	30	29	reset	39	0.1	0
3	unsafe	30	29	reset	40	0.09	0
3	unsafe	30	29	reset	41	0.09	0
3	unsafe	30	29	reset	42	0.08	0
3	unsafe	30	29	reset	43	0.091	0
3	unsafe	30	29	reset	44	0.09	0
3	unsafe	30	29	reset	45	0.1	0
3	unsafe	30	29	reset	46	0.08	0
3	unsafe	30	29	reset	47	0.08	0
3	unsafe	30	29	reset	48	0.1	0
3	unsafe	30	29	reset	49	0.08	0
3	unsafe	30	29	reset	50	0.09	0
3	unsafe	30	29	reset	51	0.08	0
3	unsafe	30	29	reset	52	0.1	0
3	unsafe	30	29	reset	53	0.1	0
3	unsafe	30	29	reset	54	0.1	0
3	unsafe	30	29	reset	55	0.07	0
3	unsafe	30	29	reset	56	0.091	0
3	unsafe	30	29	reset	57	0.091	0
3	unsafe	30	29	reset	58	0.101	0
3	unsafe	30	29	reset	59	0.08	0
3	unsafe	30	29	reset	60	0.08	0
3	unsafe	30	29	reset	61	0.11	0
3	unsafe	30	29	reset	62	0.081	0
3	unsafe	30	29	reset	63	0.09	0
3	unsafe	30	29	reset	64	0.09	0
3	unsafe	30	29	reset	65	0.11	0
3	unsafe	30	29	reset	66	0.1	0
3	unsafe	30	29	reset	67	0.091	0
3	unsafe	30	29	reset	68	0.08	0
3	unsafe	30	29	reset	69	0.12	0
3	unsafe	30	29	reset	70	0.08	0
3	unsafe	30	29	reset	71	0.1	0
3	unsafe	30	29	reset	72	0.101	0
3	unsafe	30	29	reset	73	0.08	0
3	unsafe	30	29	reset	74	0.12	0
3	unsafe	30	29	reset	75	0.09	0
3	unsafe	30	29	reset	76	0.09	0
3	unsafe	30	29	reset	77	0.08	0
3	unsafe	30	29	reset	78	0.1	0
3	unsafe	30	29	reset	79	0.141	0
3	unsafe	30	29	reset	80	0.09	0
3	unsafe	30	29	reset	81	0.09	0
3	unsafe	30	29	reset	82	0.09	0
3	unsafe	30	29	reset	83	0.091	0
3	unsafe	30	29	reset	84	0.08	0
3	unsafe	30	29	reset	85	0.1	0
3	unsafe	30	29	reset	86	0.1	0
3	unsafe	30	29	reset	87	0.08	0
3	unsafe	30	29	reset	88	0.1	0
3	unsafe	30	29	reset	89	0.09	0
3	unsafe	30	29	reset	90	0.101	0
3	unsafe	30	29	reset	91	0.111	0
3	unsafe	30	29	reset	92	0.13	0
3	unsafe	30	29	reset	93	0.09	0
3	unsafe	30	29	reset	94	0.08	0
3	unsafe	30	29	reset	95	0.09	0
3	unsafe	30	29	reset	96	0.11	0
3	unsafe	30	29	reset	97	0.1	0
3	unsafe	30	29	reset	98	0.08	0
3	unsafe	30	29	reset	99	0.09	0
3	unsafe	30	29	reset	100	0.09	0
3	unsafe	30	29	reset	101	0.131	0
3	unsafe	30	29	reset	102	0.09	0
3	unsafe	30	29	reset	103	0.09	0
3	unsafe	30	29	reset	104	0.081	0
3	unsafe	30	29	reset	105	0.12	0
3	unsafe	30	29	reset	106	0.11	0
3	unsafe	30	29	reset	107	0.08	0
3	unsafe	30	29	reset	108	0.09	0
3	unsafe	30	29	reset	109	0.11	0
3	unsafe	30	29	reset	110	0.11	0
3	unsafe	30	29	reset	111	0.1	0
3	unsafe	30	29	reset	112	0.1	0
3	unsafe	30	29	reset	113	0.09	0
3	unsafe	30	29	reset	114	0.1	0
3	unsafe	30	29	reset	115	0.09	0
3	unsafe	30	29	reset	116	0.1	0
3	unsafe	30	29	reset	117	0.09	0
3	unsafe	30	29	reset	118	0.11	0
3	unsafe	30	29	reset	119	0.111	0
3	unsafe	30	29	reset	120	0.101	0
3	unsafe	30	29	reset	121	0.09	0
3	unsafe	30	29	reset	122	0.1	0
3	unsafe	30	29	reset	123	0.1	0
3	unsafe	30	29	reset	124	0.09	0
3	unsafe	30	29	reset	125	0.11	0
3	unsafe	30	29	reset	126	0.09	0
3	unsafe	30	29	reset	127	0.121	0
3	unsafe	30	29	reset	128	0.1	0
3	unsafe	30	29	reset	129	0.1	0
3	unsafe	30	29	reset	130	0.09	0
3	unsafe	30	29	reset	131	0.11	0
3	unsafe	30	29	reset	132	0.1	0
3	unsafe	30	29	reset	133	0.1	0
3	unsafe	30	29	reset	134	0.091	0
3	unsafe	30	29	reset	135	0.12	0
3	unsafe	30	29	reset	136	0.1	0
3	unsafe	30	29	reset	137	0.091	0
3	unsafe	30	29	reset	138	0.1	0
3	unsafe	30	29	reset	139	0.1	0
3	unsafe	30	29	reset	140	0.11	0
3	unsafe	30	29	reset	141	0.12	0
3	unsafe	30	29	reset	142	0.09	0
3	unsafe	30	29	reset	143	0.1	0
3	unsafe	30	29	reset	144	0.11	0
3	unsafe	30	29	reset	145	0.111	0
3	unsafe	30	29	reset	146	0.1	0
3	unsafe	30	29	reset	147	0.101	0
3	unsafe	30	29	reset	148	0.111	0
3	unsafe	30	29	reset	149	0.11	0
3	unsafe	30	29	reset	150	0.09	0
3	unsafe	30	29	reset	151	0.11	0
3	unsafe	30	29	reset	152	0.11	0
3	unsafe	30	29	reset	153	0.1	0
3	unsafe	30	29	reset	154	0.1	0
3	unsafe	30	29	reset	155	0.1	0
3	unsafe	30	29	reset	156	0.08	0
3	unsafe	30	29	reset	157	0.12	0
3	unsafe	30	29	reset	158	0.1	0
3	unsafe	30	29	reset	159	0.1	0
3	unsafe	30	29	reset	160	0.08	0
3	unsafe	30	29	reset	161	0.11	0
3	unsafe	30	29	reset	162	0.11	0
3	unsafe	30	29	reset	163	0.081	0
3	unsafe	30	29	reset	164	0.101	0
3	unsafe	30	29	reset	165	0.08	0
3	unsafe	30	29	reset	166	0.11	0
3	unsafe	30	29	reset	167	0.1	0
3	unsafe	30	29	reset	168	0.1	0
3	unsafe	30	29	reset	169	0.091	0
3	unsafe	30	29	reset	170	0.09	0
3	unsafe	30	29	reset	171	0.1	0
3	unsafe	30	29	reset	172	0.09	0
3	unsafe	30	29	reset	173	0.1	0
3	unsafe	30	29	reset	174	0.08	0
3	unsafe	30	29	reset	175	0.11	0
3	unsafe	30	29	reset	176	0.101	0
3	unsafe	30	29	reset	177	0.09	0
3	unsafe	30	29	reset	178	0.08	0
3	unsafe	30	29	reset	179	0.1	0
3	unsafe	30	29	reset	180	0.09	0
3	unsafe	30	29	reset	181	0.101	0
3	unsafe	30	29	reset	182	0.08	0
3	unsafe	30	29	reset	183	0.11	0
3	unsafe	30	29	reset	184	0.1	0
3	unsafe	30	29	reset	185	0.13	0
3	unsafe	30	29	reset	186	0.081	0
3	unsafe	30	29	reset	187	0.1	0
3	unsafe	30	29	reset	188	0.1	0
3	unsafe	30	29	reset	189	0.08	0
3	unsafe	30	29	reset	190	0.121	0
3	unsafe	30	29	reset	191	0.08	0
3	unsafe	30	29	reset	192	0.1	0
3	unsafe	30	29	reset	193	0.11	0
3	unsafe	30	29	reset	194	0.13	0
3	unsafe	30	29	reset	195	0.08	0
3	unsafe	30	29	reset	196	0.101	0
3	unsafe	30	29	reset	197	0.09	0
3	unsafe	30	29	reset	198	0.09	0
3	unsafe	30	29	reset	199	0.081	0
3	unsafe	30	29	reset	200	0.08	0
3	unsafe	30	29	stall	1	431.514	0
3	unsafe	30	29	stall	2	3003.966	0
3	unsafe	30	29	stall	3	3012.914	0
3	unsafe	30	29	stall	4	0.0	0
3	unsafe	30	29	stall	5	0.0	0
3	unsafe	30	29	stall	6	0.0	0
3	unsafe	30	29	stall	7	0.0	0
3	unsafe	30	29	stall	8	113.484	0
3	unsafe	30	29	stall	9	0.0	0
3	unsafe	30	29	stall	10	0.0	0
3	unsafe	30	29	stall	11	492.91	0
3	unsafe	30	29	stall	12	0.0	0
3	unsafe	30	29	stall	13	41.588	0
3	unsafe	30	29	stall	14	295.328	0
3	unsafe	30	29	stall	15	0.0	0
3	unsafe	30	29	stall	16	0.0	0
3	unsafe	30	29	stall	17	0.0	0
3	unsafe	30	29	stall	18	0.0	0
3	unsafe	30	29	stall	19	0.0	0
3	unsafe	30	29	stall	20	0.0	0
3	unsafe	30	29	stall	21	126.589	0
3	unsafe	30	29	stall	22	1568.769	0
3	unsafe	30	29	stall	23	0.0	0
3	unsafe	30	29	stall	24	383.614	0
3	unsafe	30	29	stall	25	0.0	0
3	unsafe	30	29	stall	26	441.994	0
3	unsafe	30	29	stall	27	290.508	0
3	unsafe	30	29	stall	28	0.0	0
3	unsafe	30	29	stall	29	0.0	0
4	checked	1	0	reset	1	46.478	0
4	checked	1	0	reset	2	34.034	0
4	checked	1	0	reset	3	31.589	0
4	checked	1	0	reset	4	29.676	0
4	checked	1	0	reset	5	28.424	0
4	checked	1	0	reset	6	27.091	0
4	checked	1	0	reset	7	27.552	0
4	checked	1	0	reset	8	27.111	0
4	checked	1	0	reset	9	28.353	0
4	checked	1	0	reset	10	27.632	0
4	checked	1	0	reset	11	28.594	0
4	checked	1	0	reset	12	27.312	0
4	checked	1	0	reset	13	28.644	0
4	checked	1	0	reset	14	27.211	0
4	checked	1	0	reset	15	27.061	0
4	checked	1	0	reset	16	26.78	0
4	checked	1	0	reset	17	27.051	0
4	checked	1	0	reset	18	27.051	0
4	checked	1	0	reset	19	27.582	0
4	checked	1	0	reset	20	27.793	0
4	checked	1	0	reset	21	28.043	0
4	checked	1	0	reset	22	26.84	0
4	checked	1	0	reset	23	27.682	0
4	checked	1	0	reset	24	27.011	0
4	checked	1	0	reset	25	27.372	0
4	checked	1	0	reset	26	27.522	0
4	checked	1	0	reset	27	27.812	0
4	checked	1	0	reset	28	27.501	0
4	checked	1	0	reset	29	30.247	0
4	checked	1	0	reset	30	28.694	0
4	checked	1	0	reset	31	27.322	0
4	checked	1	0	reset	32	26.97	0
4	checked	1	0	reset	33	26.77	0
4	checked	1	0	reset	34	27.021	0
4	checked	1	0	reset	35	26.75	0
4	checked	1	0	reset	36	27.502	0
4	checked	1	0	reset	37	27.201	0
4	checked	1	0	reset	38	29.907	0
4	checked	1	0	reset	39	27.352	0
4	checked	1	0	reset	40	27.051	0
4	checked	1	0	reset	41	27.212	0
4	checked	1	0	reset	42	26.83	0
4	checked	1	0	reset	43	27.122	0
4	checked	1	0	reset	44	26.91	0
4	checked	1	0	reset	45	26.861	0
4	checked	1	0	reset	46	26.5	0
4	checked	1	0	reset	47	29.676	0
4	checked	1	0	reset	48	26.701	0
4	checked	1	0	reset	49	27.071	0
4	checked	1	0	reset	50	26.901	0
4	checked	1	0	reset	51	26.78	0
4	checked	1	0	reset	52	26.75	0
4	checked	1	0	reset	53	26.931	0
4	checked	1	0	reset	54	27.301	0
4	checked	1	0	reset	55	27.461	0
4	checked	1	0	reset	56	26.801	0
4	checked	1	0	reset	57	26.78	0
4	checked	1	0	reset	58	26.46	0
4	checked	1	0	reset	59	27.211	0
4	checked	1	0	reset	60	26.57	0
4	checked	1	0	reset	61	26.861	0
4	checked	1	0	reset	62	26.8	0
4	checked	1	0	reset	63	26.771	0
4	checked	1	0	reset	64	26.761	0
4	checked	1	0	reset	65	26.931	0
4	checked	1	0	reset	66	26.52	0
4	checked	1	0	reset	67	26.781	0
4	checked	1	0	reset	68	26.611	0
4	checked	1	0	reset	69	26.881	0
4	checked	1	0	reset	70	26.77	0
4	checked	1	0	reset	71	26.761	0
4	checked	1	0	reset	72	26.59	0
4	checked	1	0	reset	73	26.721	0
4	checked	1	0	reset	74	29.075	0
4	checked	1	0	reset	75	26.81	0
4	checked	1	0	reset	76	26.63	0
4	checked	1	0	reset	77	26.861	0
4	checked	1	0	reset	78	26.751	0
4	checked	1	0	reset	79	26.84	0
4	checked	1	0	reset	80	26.64	0
4	checked	1	0	reset	81	26.8	0
4	checked	1	0	reset	82	26.5	0
4	checked	1	0	reset	83	26.82	0
4	checked	1	0	reset	84	26.68	0
4	checked	1	0	reset	85	26.851	0
4	checked	1	0	reset	86	26.651	0
4	checked	1	0	reset	87	26.81	0
4	checked	1	0	reset	88	26.781	0
4	checked	1	0	reset	89	26.751	0
4	checked	1	0	reset	90	26.66	0
4	checked	1	0	reset	91	26.67	0
4	checked	1	0	reset	92	26.459	0
4	checked	1	0	reset	93	26.981	0
4	checked	1	0	reset	94	26.671	0
4	checked	1	0	reset	95	26.78	0
4	checked	1	0	reset	96	26.53	0
4	checked	1	0	reset	97	26.711	0
4	checked	1	0	reset	98	26.51	0
4	checked	1	0	reset	99	27.653	0
4	checked	1	0	reset	100	26.58	0
4	checked	1	0	reset	101	26.761	0
4	checked	1	0	reset	102	26.59	0
4	checked	1	0	reset	103	26.901	0
4	checked	1	0	reset	104	26.57	0
4	checked	1	0	reset	105	26.81	0
4	checked	1	0	reset	106	26.48	0
4	checked	1	0	reset	107	26.87	0
4	checked	1	0	reset	108	26.57	0
4	checked	1	0	reset	109	27.321	0
4	checked	1	0	reset	110	26.52	0
4	checked	1	0	reset	111	26.7	0
4	checked	1	0	reset	112	26.469	0
4	checked	1	0	reset	113	26.83	0
4	checked	1	0	reset	114	26.52	0
4	checked	1	0	reset	115	26.75	0
4	checked	1	0	reset	116	26.59	0
4	checked	1	0	reset	117	26.821	0
4	checked	1	0	reset	118	26.63	0
4	checked	1	0	reset	119	27.111	0
4	checked	1	0	reset	120	26.49	0
4	checked	1	0	reset	121	26.69	0
4	checked	1	0	reset	122	26.53	0
4	checked	1	0	reset	123	26.791	0
4	checked	1	0	reset	124	26.57	0
4	checked	1	0	reset	125	26.71	0
4	checked	1	0	reset	126	28.884	0
4	checked	1	0	reset	127	26.731	0
4	checked	1	0	reset	128	26.651	0
4	checked	1	0	reset	129	26.75	0
4	checked	1	0	reset	130	26.51	0
4	checked	1	0	reset	131	26.73	0
4	checked	1	0	reset	132	26.51	0
4	checked	1	0	reset	133	26.82	0
4	checked	1	0	reset	134	26.58	0
4	checked	1	0	reset	135	26.75	0
4	checked	1	0	reset	136	26.62	0
4	checked	1	0	reset	137	27.001	0
4	checked	1	0	reset	138	26.58	0
4	checked	1	0	reset	139	26.971	0
4	checked	1	0	reset	140	26.67	0
4	checked	1	0	reset	141	26.901	0
4	checked	1	0	reset	142	26.66	0
4	checked	1	0	reset	143	26.88	0
4	checked	1	0	reset	144	26.661	0
4	checked	1	0	reset	145	26.891	0
4	checked	1	0	reset	146	26.71	0
4	checked	1	0	reset	147	26.881	0
4	checked	1	0	reset	148	26.66	0
4	checked	1	0	reset	149	26.921	0
4	checked	1	0	reset	150	26.651	0
4	checked	1	0	reset	151	26.961	0
4	checked	1	0	reset	152	26.611	0
4	checked	1	0	reset	153	26.881	0
4	checked	1	0	reset	154	26.63	0
4	checked	1	0	reset	155	26.9	0
4	checked	1	0	reset	156	26.54	0
4	checked	1	0	reset	157	26.9	0
4	checked	1	0	reset	158	26.611	0
4	checked	1	0	reset	159	26.921	0
4	checked	1	0	reset	160	28.234	0
4	checked	1	0	reset	161	26.871	0
4	checked	1	0	reset	162	26.57	0
4	checked	1	0	reset	163	26.901	0
4	checked	1	0	reset	164	28.053	0
4	checked	1	0	reset	165	26.781	0
4	checked	1	0	reset	166	26.55	0
4	checked	1	0	reset	167	26.81	0
4	checked	1	0	reset	168	26.621	0
4	checked	1	0	reset	169	27.021	0
4	checked	1	0	reset	170	26.68	0
4	checked	1	0	reset	171	26.971	0
4	checked	1	0	reset	172	26.6	0
4	checked	1	0	reset	173	26.91	0
4	checked	1	0	reset	174	26.73	0
4	checked	1	0	reset	175	26.811	0
4	checked	1	0	reset	176	26.741	0
4	checked	1	0	reset	177	26.891	0
4	checked	1	0	reset	178	29.055	0
4	checked	1	0	reset	179	26.88	0
4	checked	1	0	reset	180	27.542	0
4	checked	1	0	reset	181	27.762	0
4	checked	1	0	reset	182	27.401	0
4	checked	1	0	reset	183	27.382	0
4	checked	1	0	reset	184	27.432	0
4	checked	1	0	reset	185	27.613	0
4	checked	1	0	reset	186	27.622	0
4	checked	1	0	reset	187	28.073	0
4	checked	1	0	reset	188	28.083	0
4	checked	1	0	reset	189	27.572	0
4	checked	1	0	reset	190	28.453	0
4	checked	1	0	reset	191	27.342	0
4	checked	1	0	reset	192	29.526	0
4	checked	1	0	reset	193	28.283	0
4	checked	1	0	reset	194	26.66	0
4	checked	1	0	reset	195	26.841	0
4	checked	1	0	reset	196	26.67	0
4	checked	1	0	reset	197	26.891	0
4	checked	1	0	reset	198	26.631	0
4	checked	1	0	reset	199	26.871	0
4	checked	1	0	reset	200	26.68	0
4	unsafe	1	0	reset	1	0.15	0
4	unsafe	1	0	reset	2	0.08	0
4	unsafe	1	0	reset	3	0.08	0
4	unsafe	1	0	reset	4	0.081	0
4	unsafe	1	0	reset	5	0.07	0
4	unsafe	1	0	reset	6	0.08	0
4	unsafe	1	0	reset	7	0.07	0
4	unsafe	1	0	reset	8	0.071	0
4	unsafe	1	0	reset	9	0.08	0
4	unsafe	1	0	reset	10	0.07	0
4	unsafe	1	0	reset	11	0.09	0
4	unsafe	1	0	reset	12	0.06	0
4	unsafe	1	0	reset	13	0.08	0
4	unsafe	1	0	reset	14	0.07	0
4	unsafe	1	0	reset	15	0.07	0
4	unsafe	1	0	reset	16	0.071	0
4	unsafe	1	0	reset	17	0.07	0
4	unsafe	1	0	reset	18	0.08	0
4	unsafe	1	0	reset	19	0.08	0
4	unsafe	1	0	reset	20	0.08	0
4	unsafe	1	0	reset	21	0.06	0
4	unsafe	1	0	reset	22	0.1	0
4	unsafe	1	0	reset	23	0.08	0
4	unsafe	1	0	reset	24	0.071	0
4	unsafe	1	0	reset	25	0.07	0
4	unsafe	1	0	reset	26	0.1	0
4	unsafe	1	0	reset	27	0.07	0
4	unsafe	1	0	reset	28	0.08	0
4	unsafe	1	0	reset	29	0.07	0
4	unsafe	1	0	reset	30	0.071	0
4	unsafe	1	0	reset	31	0.07	0
4	unsafe	1	0	reset	32	0.08	0
4	unsafe	1	0	reset	33	0.08	0
4	unsafe	1	0	reset	34	0.081	0
4	unsafe	1	0	reset	35	0.08	0
4	unsafe	1	0	reset	36	0.07	0
4	unsafe	1	0	reset	37	0.07	0
4	unsafe	1	0	reset	38	0.07	0
4	unsafe	1	0	reset	39	0.08	0
4	unsafe	1	0	reset	40	0.07	0
4	unsafe	1	0	reset	41	0.06	0
4	unsafe	1	0	reset	42	0.071	0
4	unsafe	1	0	reset	43	0.08	0
4	unsafe	1	0	reset	44	0.08	0
4	unsafe	1	0	reset	45	0.07	0
4	unsafe	1	0	reset	46	0.091	0
4	unsafe	1	0	reset	47	0.07	0
4	unsafe	1	0	reset	48	0.071	0
4	unsafe	1	0	reset	49	0.07	0
4	unsafe	1	0	reset	50	0.07	0
4	unsafe	1	0	reset	51	0.06	0
4	unsafe	1	0	reset	52	0.071	0
4	unsafe	1	0	reset	53	0.07	0
4	unsafe	1	0	reset	54	0.081	0
4	unsafe	1	0	reset	55	0.07	0
4	unsafe	1	0	reset	56	0.07	0
4	unsafe	1	0	reset	57	0.08	0
4	unsafe	1	0	reset	58	0.071	0
4	unsafe	1	0	reset	59	0.07	0
4	unsafe	1	0	reset	60	0.09	0
4	unsafe	1	0	reset	61	0.08	0
4	unsafe	1	0	reset	62	0.07	0
4	unsafe	1	0	reset	63	0.06	0
4	unsafe	1	0	reset	64	0.08	0
4	unsafe	1	0	reset	65	0.081	0
4	unsafe	1	0	reset	66	0.081	0
4	unsafe	1	0	reset	67	0.07	0
4	unsafe	1	0	reset	68	0.06	0
4	unsafe	1	0	reset	69	0.07	0
4	unsafe	1	0	reset	70	0.08	0
4	unsafe	1	0	reset	71	0.06	0
4	unsafe	1	0	reset	72	0.06	0
4	unsafe	1	0	reset	73	0.08	0
4	unsafe	1	0	reset	74	0.07	0
4	unsafe	1	0	reset	75	0.07	0
4	unsafe	1	0	reset	76	0.081	0
4	unsafe	1	0	reset	77	0.07	0
4	unsafe	1	0	reset	78	0.08	0
4	unsafe	1	0	reset	79	0.08	0
4	unsafe	1	0	reset	80	0.07	0
4	unsafe	1	0	reset	81	0.08	0
4	unsafe	1	0	reset	82	0.071	0
4	unsafe	1	0	reset	83	0.08	0
4	unsafe	1	0	reset	84	0.07	0
4	unsafe	1	0	reset	85	0.07	0
4	unsafe	1	0	reset	86	0.08	0
4	unsafe	1	0	reset	87	0.07	0
4	unsafe	1	0	reset	88	0.07	0
4	unsafe	1	0	reset	89	0.07	0
4	unsafe	1	0	reset	90	0.07	0
4	unsafe	1	0	reset	91	0.07	0
4	unsafe	1	0	reset	92	0.07	0
4	unsafe	1	0	reset	93	0.07	0
4	unsafe	1	0	reset	94	0.101	0
4	unsafe	1	0	reset	95	0.07	0
4	unsafe	1	0	reset	96	0.081	0
4	unsafe	1	0	reset	97	0.081	0
4	unsafe	1	0	reset	98	0.07	0
4	unsafe	1	0	reset	99	0.07	0
4	unsafe	1	0	reset	100	0.07	0
4	unsafe	1	0	reset	101	0.08	0
4	unsafe	1	0	reset	102	0.07	0
4	unsafe	1	0	reset	103	0.08	0
4	unsafe	1	0	reset	104	0.07	0
4	unsafe	1	0	reset	105	0.1	0
4	unsafe	1	0	reset	106	0.07	0
4	unsafe	1	0	reset	107	0.07	0
4	unsafe	1	0	reset	108	0.07	0
4	unsafe	1	0	reset	109	0.08	0
4	unsafe	1	0	reset	110	0.07	0
4	unsafe	1	0	reset	111	0.08	0
4	unsafe	1	0	reset	112	0.07	0
4	unsafe	1	0	reset	113	0.07	0
4	unsafe	1	0	reset	114	0.07	0
4	unsafe	1	0	reset	115	0.08	0
4	unsafe	1	0	reset	116	0.06	0
4	unsafe	1	0	reset	117	0.07	0
4	unsafe	1	0	reset	118	0.1	0
4	unsafe	1	0	reset	119	0.07	0
4	unsafe	1	0	reset	120	0.08	0
4	unsafe	1	0	reset	121	0.07	0
4	unsafe	1	0	reset	122	0.07	0
4	unsafe	1	0	reset	123	0.08	0
4	unsafe	1	0	reset	124	0.071	0
4	unsafe	1	0	reset	125	0.07	0
4	unsafe	1	0	reset	126	0.08	0
4	unsafe	1	0	reset	127	0.07	0
4	unsafe	1	0	reset	128	0.08	0
4	unsafe	1	0	reset	129	0.08	0
4	unsafe	1	0	reset	130	0.07	0
4	unsafe	1	0	reset	131	0.07	0
4	unsafe	1	0	reset	132	0.08	0
4	unsafe	1	0	reset	133	0.091	0
4	unsafe	1	0	reset	134	0.07	0
4	unsafe	1	0	reset	135	0.08	0
4	unsafe	1	0	reset	136	0.08	0
4	unsafe	1	0	reset	137	0.08	0
4	unsafe	1	0	reset	138	0.07	0
4	unsafe	1	0	reset	139	0.08	0
4	unsafe	1	0	reset	140	0.07	0
4	unsafe	1	0	reset	141	0.08	0
4	unsafe	1	0	reset	142	0.07	0
4	unsafe	1	0	reset	143	0.11	0
4	unsafe	1	0	reset	144	0.06	0
4	unsafe	1	0	reset	145	0.08	0
4	unsafe	1	0	reset	146	0.08	0
4	unsafe	1	0	reset	147	0.07	0
4	unsafe	1	0	reset	148	0.08	0
4	unsafe	1	0	reset	149	0.07	0
4	unsafe	1	0	reset	150	0.07	0
4	unsafe	1	0	reset	151	0.07	0
4	unsafe	1	0	reset	152	0.08	0
4	unsafe	1	0	reset	153	0.07	0
4	unsafe	1	0	reset	154	0.07	0
4	unsafe	1	0	reset	155	0.08	0
4	unsafe	1	0	reset	156	0.07	0
4	unsafe	1	0	reset	157	0.07	0
4	unsafe	1	0	reset	158	0.07	0
4	unsafe	1	0	reset	159	0.08	0
4	unsafe	1	0	reset	160	0.07	0
4	unsafe	1	0	reset	161	0.08	0
4	unsafe	1	0	reset	162	0.07	0
4	unsafe	1	0	reset	163	0.08	0
4	unsafe	1	0	reset	164	0.07	0
4	unsafe	1	0	reset	165	0.07	0
4	unsafe	1	0	reset	166	0.08	0
4	unsafe	1	0	reset	167	0.1	0
4	unsafe	1	0	reset	168	0.07	0
4	unsafe	1	0	reset	169	0.08	0
4	unsafe	1	0	reset	170	0.07	0
4	unsafe	1	0	reset	171	0.081	0
4	unsafe	1	0	reset	172	0.07	0
4	unsafe	1	0	reset	173	0.08	0
4	unsafe	1	0	reset	174	0.071	0
4	unsafe	1	0	reset	175	0.06	0
4	unsafe	1	0	reset	176	0.08	0
4	unsafe	1	0	reset	177	0.08	0
4	unsafe	1	0	reset	178	0.08	0
4	unsafe	1	0	reset	179	0.081	0
4	unsafe	1	0	reset	180	0.07	0
4	unsafe	1	0	reset	181	0.08	0
4	unsafe	1	0	reset	182	0.07	0
4	unsafe	1	0	reset	183	0.081	0
4	unsafe	1	0	reset	184	0.06	0
4	unsafe	1	0	reset	185	0.08	0
4	unsafe	1	0	reset	186	0.08	0
4	unsafe	1	0	reset	187	0.081	0
4	unsafe	1	0	reset	188	0.07	0
4	unsafe	1	0	reset	189	0.08	0
4	unsafe	1	0	reset	190	0.07	0
4	unsafe	1	0	reset	191	0.08	0
4	unsafe	1	0	reset	192	0.07	0
4	unsafe	1	0	reset	193	0.07	0
4	unsafe	1	0	reset	194	0.07	0
4	unsafe	1	0	reset	195	0.08	0
4	unsafe	1	0	reset	196	0.07	0
4	unsafe	1	0	reset	197	0.071	0
4	unsafe	1	0	reset	198	0.071	0
4	unsafe	1	0	reset	199	0.07	0
4	unsafe	1	0	reset	200	0.08	0
4	checked	4	3	reset	1	67.637	0
4	checked	4	3	reset	2	56.898	0
4	checked	4	3	reset	3	54.934	0
4	checked	4	3	reset	4	44.434	0
4	checked	4	3	reset	5	102.083	0
4	checked	4	3	reset	6	135.345	0
4	checked	4	3	reset	7	56.497	0
4	checked	4	3	reset	8	51.237	0
4	checked	4	3	reset	9	39.545	0
4	checked	4	3	reset	10	66.435	0
4	checked	4	3	reset	11	43.391	0
4	checked	4	3	reset	12	41.548	0
4	checked	4	3	reset	13	39.685	0
4	checked	4	3	reset	14	49.443	0
4	checked	4	3	reset	15	40.225	0
4	checked	4	3	reset	16	39.685	0
4	checked	4	3	reset	17	40.386	0
4	checked	4	3	reset	18	40.727	0
4	checked	4	3	reset	19	72.256	0
4	checked	4	3	reset	20	42.871	0
4	checked	4	3	reset	21	52.008	0
4	checked	4	3	reset	22	42.229	0
4	checked	4	3	reset	23	45.826	0
4	checked	4	3	reset	24	44.624	0
4	checked	4	3	reset	25	39.925	0
4	checked	4	3	reset	26	41.678	0
4	checked	4	3	reset	27	40.346	0
4	checked	4	3	reset	28	39.214	0
4	checked	4	3	reset	29	42.57	0
4	checked	4	3	reset	30	39.464	0
4	checked	4	3	reset	31	39.996	0
4	checked	4	3	reset	32	41.809	0
4	checked	4	3	reset	33	39.775	0
4	checked	4	3	reset	34	41.298	0
4	checked	4	3	reset	35	39.284	0
4	checked	4	3	reset	36	39.334	0
4	checked	4	3	reset	37	39.705	0
4	checked	4	3	reset	38	39.575	0
4	checked	4	3	reset	39	64.592	0
4	checked	4	3	reset	40	46.147	0
4	checked	4	3	reset	41	40.737	0
4	checked	4	3	reset	42	38.693	0
4	checked	4	3	reset	43	41.849	0
4	checked	4	3	reset	44	39.835	0
4	checked	4	3	reset	45	41.107	0
4	checked	4	3	reset	46	40.035	0
4	checked	4	3	reset	47	39.815	0
4	checked	4	3	reset	48	39.314	0
4	checked	4	3	reset	49	40.857	0
4	checked	4	3	reset	50	41.238	0
4	checked	4	3	reset	51	40.847	0
4	checked	4	3	reset	52	41.679	0
4	checked	4	3	reset	53	41.008	0
4	checked	4	3	reset	54	41.218	0
4	checked	4	3	reset	55	40.817	0
4	checked	4	3	reset	56	40.046	0
4	checked	4	3	reset	57	39.835	0
4	checked	4	3	reset	58	39.494	0
4	checked	4	3	reset	59	39.615	0
4	checked	4	3	reset	60	39.645	0
4	checked	4	3	reset	61	40.045	0
4	checked	4	3	reset	62	41.328	0
4	checked	4	3	reset	63	45.957	0
4	checked	4	3	reset	64	43.582	0
4	checked	4	3	reset	65	42.17	0
4	checked	4	3	reset	66	40.767	0
4	checked	4	3	reset	67	40.216	0
4	checked	4	3	reset	68	59.742	0
4	checked	4	3	reset	69	36.479	0
4	checked	4	3	reset	70	36.189	0
4	checked	4	3	reset	71	34.505	0
4	checked	4	3	reset	72	35.867	0
4	checked	4	3	reset	73	35.397	0
4	checked	4	3	reset	74	35.717	0
4	checked	4	3	reset	75	35.798	0
4	checked	4	3	reset	76	38.923	0
4	checked	4	3	reset	77	35.567	0
4	checked	4	3	reset	78	35.737	0
4	checked	4	3	reset	79	36.188	0
4	checked	4	3	reset	80	34.996	0
4	checked	4	3	reset	81	34.505	0
4	checked	4	3	reset	82	34.916	0
4	checked	4	3	reset	83	36.87	0
4	checked	4	3	reset	84	35.336	0
4	checked	4	3	reset	85	36.348	0
4	checked	4	3	reset	86	34.846	0
4	checked	4	3	reset	87	35.577	0
4	checked	4	3	reset	88	35.867	0
4	checked	4	3	reset	89	34.806	0
4	checked	4	3	reset	90	35.537	0
4	checked	4	3	reset	91	35.346	0
4	checked	4	3	reset	92	35.266	0
4	checked	4	3	reset	93	35.557	0
4	checked	4	3	reset	94	35.056	0
4	checked	4	3	reset	95	34.565	0
4	checked	4	3	reset	96	35.838	0
4	checked	4	3	reset	97	34.886	0
4	checked	4	3	reset	98	35.287	0
4	checked	4	3	reset	99	34.706	0
4	checked	4	3	reset	100	35.106	0
4	checked	4	3	reset	101	33.974	0
4	checked	4	3	reset	102	34.896	0
4	checked	4	3	reset	103	38.423	0
4	checked	4	3	reset	104	34.986	0
4	checked	4	3	reset	105	36.689	0
4	checked	4	3	reset	106	34.646	0
4	checked	4	3	reset	107	35.066	0
4	checked	4	3	reset	108	34.425	0
4	checked	4	3	reset	109	34.515	0
4	checked	4	3	reset	110	36.95	0
4	checked	4	3	reset	111	36.199	0
4	checked	4	3	reset	112	36.088	0
4	checked	4	3	reset	113	36.359	0
4	checked	4	3	reset	114	36.85	0
4	checked	4	3	reset	115	35.267	0
4	checked	4	3	reset	116	36.909	0
4	checked	4	3	reset	117	35.206	0
4	checked	4	3	reset	118	35.177	0
4	checked	4	3	reset	119	35.667	0
4	checked	4	3	reset	120	35.066	0
4	checked	4	3	reset	121	36.95	0
4	checked	4	3	reset	122	35.547	0
4	checked	4	3	reset	123	35.146	0
4	checked	4	3	reset	124	33.904	0
4	checked	4	3	reset	125	38.603	0
4	checked	4	3	reset	126	34.955	0
4	checked	4	3	reset	127	33.263	0
4	checked	4	3	reset	128	35.256	0
4	checked	4	3	reset	129	33.444	0
4	checked	4	3	reset	130	34.976	0
4	checked	4	3	reset	131	34.866	0
4	checked	4	3	reset	132	35.377	0
4	checked	4	3	reset	133	34.976	0
4	checked	4	3	reset	134	33.623	0
4	checked	4	3	reset	135	35.677	0
4	checked	4	3	reset	136	35.166	0
4	checked	4	3	reset	137	34.956	0
4	checked	4	3	reset	138	33.793	0
4	checked	4	3	reset	139	33.964	0
4	checked	4	3	reset	140	34.916	0
4	checked	4	3	reset	141	34.716	0
4	checked	4	3	reset	142	35.116	0
4	checked	4	3	reset	143	34.986	0
4	checked	4	3	reset	144	34.665	0
4	checked	4	3	reset	145	35.758	0
4	checked	4	3	reset	146	34.024	0
4	checked	4	3	reset	147	35.136	0
4	checked	4	3	reset	148	35.598	0
4	checked	4	3	reset	149	33.684	0
4	checked	4	3	reset	150	34.054	0
4	checked	4	3	reset	151	34.294	0
4	checked	4	3	reset	152	34.585	0
4	checked	4	3	reset	153	34.556	0
4	checked	4	3	reset	154	34.075	0
4	checked	4	3	reset	155	36.058	0
4	checked	4	3	reset	156	37.601	0
4	checked	4	3	reset	157	34.585	0
4	checked	4	3	reset	158	34.826	0
4	checked	4	3	reset	159	34.725	0
4	checked	4	3	reset	160	34.185	0
4	checked	4	3	reset	161	34.735	0
4	checked	4	3	reset	162	35.226	0
4	checked	4	3	reset	163	34.966	0
4	checked	4	3	reset	164	36.318	0
4	checked	4	3	reset	165	35.136	0
4	checked	4	3	reset	166	35.547	0
4	checked	4	3	reset	167	35.767	0
4	checked	4	3	reset	168	34.886	0
4	checked	4	3	reset	169	35.768	0
4	checked	4	3	reset	170	35.527	0
4	checked	4	3	reset	171	34.455	0
4	checked	4	3	reset	172	36.549	0
4	checked	4	3	reset	173	38.913	0
4	checked	4	3	reset	174	35.156	0
4	checked	4	3	reset	175	33.864	0
4	checked	4	3	reset	176	36.889	0
4	checked	4	3	reset	177	34.866	0
4	checked	4	3	reset	178	33.754	0
4	checked	4	3	reset	179	36.178	0
4	checked	4	3	reset	180	35.236	0
4	checked	4	3	reset	181	34.766	0
4	checked	4	3	reset	182	34.094	0
4	checked	4	3	reset	183	34.756	0
4	checked	4	3	reset	184	34.445	0
4	checked	4	3	reset	185	35.758	0
4	checked	4	3	reset	186	34.836	0
4	checked	4	3	reset	187	34.375	0
4	checked	4	3	reset	188	33.824	0
4	checked	4	3	reset	189	33.754	0
4	checked	4	3	reset	190	33.724	0
4	checked	4	3	reset	191	34.936	0
4	checked	4	3	reset	192	34.225	0
4	checked	4	3	reset	193	34.665	0
4	checked	4	3	reset	194	35.497	0
4	checked	4	3	reset	195	34.555	0
4	checked	4	3	reset	196	37.521	0
4	checked	4	3	reset	197	34.715	0
4	checked	4	3	reset	198	35.186	0
4	checked	4	3	reset	199	34.124	0
4	checked	4	3	reset	200	39.064	0
4	checked	4	3	stall	1	76.494	0
4	checked	4	3	stall	2	68.749	0
4	checked	4	3	stall	3	112.041	0
4	unsafe	4	3	reset	1	0.14	0
4	unsafe	4	3	reset	2	0.091	0
4	unsafe	4	3	reset	3	0.07	0
4	unsafe	4	3	reset	4	0.07	0
4	unsafe	4	3	reset	5	0.08	0
4	unsafe	4	3	reset	6	0.07	0
4	unsafe	4	3	reset	7	0.09	0
4	unsafe	4	3	reset	8	0.181	0
4	unsafe	4	3	reset	9	0.07	0
4	unsafe	4	3	reset	10	0.1	0
4	unsafe	4	3	reset	11	0.07	0
4	unsafe	4	3	reset	12	0.08	0
4	unsafe	4	3	reset	13	0.07	0
4	unsafe	4	3	reset	14	0.08	0
4	unsafe	4	3	reset	15	0.08	0
4	unsafe	4	3	reset	16	0.07	0
4	unsafe	4	3	reset	17	0.08	0
4	unsafe	4	3	reset	18	0.08	0
4	unsafe	4	3	reset	19	0.08	0
4	unsafe	4	3	reset	20	0.07	0
4	unsafe	4	3	reset	21	0.07	0
4	unsafe	4	3	reset	22	0.07	0
4	unsafe	4	3	reset	23	0.07	0
4	unsafe	4	3	reset	24	0.08	0
4	unsafe	4	3	reset	25	0.07	0
4	unsafe	4	3	reset	26	0.08	0
4	unsafe	4	3	reset	27	0.08	0
4	unsafe	4	3	reset	28	0.08	0
4	unsafe	4	3	reset	29	0.07	0
4	unsafe	4	3	reset	30	0.07	0
4	unsafe	4	3	reset	31	0.09	0
4	unsafe	4	3	reset	32	0.07	0
4	unsafe	4	3	reset	33	0.081	0
4	unsafe	4	3	reset	34	0.161	0
4	unsafe	4	3	reset	35	0.081	0
4	unsafe	4	3	reset	36	0.08	0
4	unsafe	4	3	reset	37	0.08	0
4	unsafe	4	3	reset	38	0.07	0
4	unsafe	4	3	reset	39	0.07	0
4	unsafe	4	3	reset	40	0.08	0
4	unsafe	4	3	reset	41	0.07	0
4	unsafe	4	3	reset	42	0.07	0
4	unsafe	4	3	reset	43	0.08	0
4	unsafe	4	3	reset	44	0.07	0
4	unsafe	4	3	reset	45	0.09	0
4	unsafe	4	3	reset	46	0.081	0
4	unsafe	4	3	reset	47	0.08	0
4	unsafe	4	3	reset	48	0.08	0
4	unsafe	4	3	reset	49	0.071	0
4	unsafe	4	3	reset	50	0.09	0
4	unsafe	4	3	reset	51	0.08	0
4	unsafe	4	3	reset	52	0.09	0
4	unsafe	4	3	reset	53	0.08	0
4	unsafe	4	3	reset	54	0.08	0
4	unsafe	4	3	reset	55	0.08	0
4	unsafe	4	3	reset	56	0.07	0
4	unsafe	4	3	reset	57	0.08	0
4	unsafe	4	3	reset	58	0.08	0
4	unsafe	4	3	reset	59	0.391	0
4	unsafe	4	3	reset	60	0.07	0
4	unsafe	4	3	reset	61	0.08	0
4	unsafe	4	3	reset	62	0.07	0
4	unsafe	4	3	reset	63	0.08	0
4	unsafe	4	3	reset	64	0.071	0
4	unsafe	4	3	reset	65	0.07	0
4	unsafe	4	3	reset	66	0.07	0
4	unsafe	4	3	reset	67	0.08	0
4	unsafe	4	3	reset	68	0.07	0
4	unsafe	4	3	reset	69	0.08	0
4	unsafe	4	3	reset	70	0.07	0
4	unsafe	4	3	reset	71	0.08	0
4	unsafe	4	3	reset	72	0.08	0
4	unsafe	4	3	reset	73	0.07	0
4	unsafe	4	3	reset	74	0.07	0
4	unsafe	4	3	reset	75	0.07	0
4	unsafe	4	3	reset	76	0.07	0
4	unsafe	4	3	reset	77	0.08	0
4	unsafe	4	3	reset	78	0.071	0
4	unsafe	4	3	reset	79	0.09	0
4	unsafe	4	3	reset	80	0.07	0
4	unsafe	4	3	reset	81	0.07	0
4	unsafe	4	3	reset	82	0.08	0
4	unsafe	4	3	reset	83	0.08	0
4	unsafe	4	3	reset	84	0.07	0
4	unsafe	4	3	reset	85	0.08	0
4	unsafe	4	3	reset	86	0.07	0
4	unsafe	4	3	reset	87	0.08	0
4	unsafe	4	3	reset	88	0.09	0
4	unsafe	4	3	reset	89	0.08	0
4	unsafe	4	3	reset	90	0.08	0
4	unsafe	4	3	reset	91	0.07	0
4	unsafe	4	3	reset	92	0.08	0
4	unsafe	4	3	reset	93	0.07	0
4	unsafe	4	3	reset	94	0.08	0
4	unsafe	4	3	reset	95	0.08	0
4	unsafe	4	3	reset	96	0.08	0
4	unsafe	4	3	reset	97	0.081	0
4	unsafe	4	3	reset	98	0.08	0
4	unsafe	4	3	reset	99	0.07	0
4	unsafe	4	3	reset	100	0.081	0
4	unsafe	4	3	reset	101	0.09	0
4	unsafe	4	3	reset	102	0.071	0
4	unsafe	4	3	reset	103	0.07	0
4	unsafe	4	3	reset	104	0.08	0
4	unsafe	4	3	reset	105	0.07	0
4	unsafe	4	3	reset	106	0.08	0
4	unsafe	4	3	reset	107	0.08	0
4	unsafe	4	3	reset	108	0.09	0
4	unsafe	4	3	reset	109	0.07	0
4	unsafe	4	3	reset	110	0.08	0
4	unsafe	4	3	reset	111	0.08	0
4	unsafe	4	3	reset	112	0.07	0
4	unsafe	4	3	reset	113	0.07	0
4	unsafe	4	3	reset	114	0.08	0
4	unsafe	4	3	reset	115	0.08	0
4	unsafe	4	3	reset	116	0.09	0
4	unsafe	4	3	reset	117	0.08	0
4	unsafe	4	3	reset	118	0.08	0
4	unsafe	4	3	reset	119	0.08	0
4	unsafe	4	3	reset	120	0.07	0
4	unsafe	4	3	reset	121	0.081	0
4	unsafe	4	3	reset	122	0.071	0
4	unsafe	4	3	reset	123	0.081	0
4	unsafe	4	3	reset	124	0.08	0
4	unsafe	4	3	reset	125	0.08	0
4	unsafe	4	3	reset	126	0.08	0
4	unsafe	4	3	reset	127	0.08	0
4	unsafe	4	3	reset	128	0.09	0
4	unsafe	4	3	reset	129	0.081	0
4	unsafe	4	3	reset	130	0.091	0
4	unsafe	4	3	reset	131	0.08	0
4	unsafe	4	3	reset	132	0.081	0
4	unsafe	4	3	reset	133	0.08	0
4	unsafe	4	3	reset	134	0.07	0
4	unsafe	4	3	reset	135	0.08	0
4	unsafe	4	3	reset	136	0.08	0
4	unsafe	4	3	reset	137	0.08	0
4	unsafe	4	3	reset	138	0.08	0
4	unsafe	4	3	reset	139	0.07	0
4	unsafe	4	3	reset	140	0.081	0
4	unsafe	4	3	reset	141	0.08	0
4	unsafe	4	3	reset	142	0.08	0
4	unsafe	4	3	reset	143	0.08	0
4	unsafe	4	3	reset	144	0.08	0
4	unsafe	4	3	reset	145	0.08	0
4	unsafe	4	3	reset	146	0.09	0
4	unsafe	4	3	reset	147	0.07	0
4	unsafe	4	3	reset	148	0.07	0
4	unsafe	4	3	reset	149	0.07	0
4	unsafe	4	3	reset	150	0.08	0
4	unsafe	4	3	reset	151	0.07	0
4	unsafe	4	3	reset	152	0.07	0
4	unsafe	4	3	reset	153	0.071	0
4	unsafe	4	3	reset	154	0.09	0
4	unsafe	4	3	reset	155	0.071	0
4	unsafe	4	3	reset	156	0.081	0
4	unsafe	4	3	reset	157	0.08	0
4	unsafe	4	3	reset	158	0.07	0
4	unsafe	4	3	reset	159	0.08	0
4	unsafe	4	3	reset	160	0.08	0
4	unsafe	4	3	reset	161	0.08	0
4	unsafe	4	3	reset	162	0.081	0
4	unsafe	4	3	reset	163	0.081	0
4	unsafe	4	3	reset	164	0.08	0
4	unsafe	4	3	reset	165	0.08	0
4	unsafe	4	3	reset	166	0.09	0
4	unsafe	4	3	reset	167	0.111	0
4	unsafe	4	3	reset	168	0.07	0
4	unsafe	4	3	reset	169	0.08	0
4	unsafe	4	3	reset	170	0.08	0
4	unsafe	4	3	reset	171	0.08	0
4	unsafe	4	3	reset	172	0.081	0
4	unsafe	4	3	reset	173	0.08	0
4	unsafe	4	3	reset	174	0.07	0
4	unsafe	4	3	reset	175	0.07	0
4	unsafe	4	3	reset	176	0.07	0
4	unsafe	4	3	reset	177	0.08	0
4	unsafe	4	3	reset	178	0.08	0
4	unsafe	4	3	reset	179	0.07	0
4	unsafe	4	3	reset	180	0.081	0
4	unsafe	4	3	reset	181	0.08	0
4	unsafe	4	3	reset	182	0.07	0
4	unsafe	4	3	reset	183	0.08	0
4	unsafe	4	3	reset	184	0.08	0
4	unsafe	4	3	reset	185	0.08	0
4	unsafe	4	3	reset	186	0.08	0
4	unsafe	4	3	reset	187	0.08	0
4	unsafe	4	3	reset	188	0.091	0
4	unsafe	4	3	reset	189	0.07	0
4	unsafe	4	3	reset	190	0.08	0
4	unsafe	4	3	reset	191	0.07	0
4	unsafe	4	3	reset	192	0.08	0
4	unsafe	4	3	reset	193	0.07	0
4	unsafe	4	3	reset	194	0.08	0
4	unsafe	4	3	reset	195	0.08	0
4	unsafe	4	3	reset	196	0.07	0
4	unsafe	4	3	reset	197	0.08	0
4	unsafe	4	3	reset	198	0.07	0
4	unsafe	4	3	reset	199	0.08	0
4	unsafe	4	3	reset	200	0.07	0
4	unsafe	4	3	stall	1	0.0	0
4	unsafe	4	3	stall	2	0.0	0
4	unsafe	4	3	stall	3	0.0	0
4	checked	8	7	reset	1	82.215	1
4	checked	8	7	reset	2	63.369	1
4	checked	8	7	reset	3	116.089	1
4	checked	8	7	reset	4	104.396	1
4	checked	8	7	reset	5	100.99	1
4	checked	8	7	reset	6	69.471	1
4	checked	8	7	reset	7	50.125	1
4	checked	8	7	reset	8	62.017	1
4	checked	8	7	reset	9	57.629	1
4	checked	8	7	reset	10	59.362	1
4	checked	8	7	reset	11	45.245	1
4	checked	8	7	reset	12	48.912	1
4	checked	8	7	reset	13	45.696	1
4	checked	8	7	reset	14	48.14	1
4	checked	8	7	reset	15	48.211	1
4	checked	8	7	reset	16	60.414	1
4	checked	8	7	reset	17	47.389	1
4	checked	8	7	reset	18	46.067	1
4	checked	8	7	reset	19	47.049	1
4	checked	8	7	reset	20	46.708	1
4	checked	8	7	reset	21	46.167	1
4	checked	8	7	reset	22	43.001	1
4	checked	8	7	reset	23	47.269	1
4	checked	8	7	reset	24	44.845	1
4	checked	8	7	reset	25	47.45	1
4	checked	8	7	reset	26	45.967	1
4	checked	8	7	reset	27	55.395	1
4	checked	8	7	reset	28	45.276	1
4	checked	8	7	reset	29	45.405	1
4	checked	8	7	reset	30	45.466	1
4	checked	8	7	reset	31	50.155	1
4	checked	8	7	reset	32	48.211	1
4	checked	8	7	reset	33	45.395	1
4	checked	8	7	reset	34	55.976	1
4	checked	8	7	reset	35	46.167	1
4	checked	8	7	reset	36	55.134	1
4	checked	8	7	reset	37	52.058	1
4	checked	8	7	reset	38	61.376	1
4	checked	8	7	reset	39	46.147	1
4	checked	8	7	reset	40	47.92	1
4	checked	8	7	reset	41	45.636	1
4	checked	8	7	reset	42	44.524	1
4	checked	8	7	reset	43	47.42	1
4	checked	8	7	reset	44	45.867	1
4	checked	8	7	reset	45	48.601	1
4	checked	8	7	reset	46	45.405	1
4	checked	8	7	reset	47	45.105	1
4	checked	8	7	reset	48	52.259	1
4	checked	8	7	reset	49	50.214	1
4	checked	8	7	reset	50	45.235	1
4	checked	8	7	reset	51	46.698	1
4	checked	8	7	reset	52	46.868	1
4	checked	8	7	reset	53	48.692	1
4	checked	8	7	reset	54	49.944	1
4	checked	8	7	reset	55	44.704	1
4	checked	8	7	reset	56	48.562	1
4	checked	8	7	reset	57	53.2	1
4	checked	8	7	reset	58	49.133	1
4	checked	8	7	reset	59	46.699	1
4	checked	8	7	reset	60	46.537	1
4	checked	8	7	reset	61	44.815	1
4	checked	8	7	reset	62	47.549	1
4	checked	8	7	reset	63	48.121	1
4	checked	8	7	reset	64	48.0	1
4	checked	8	7	reset	65	45.285	1
4	checked	8	7	reset	66	46.888	1
4	checked	8	7	reset	67	47.87	1
4	checked	8	7	reset	68	45.215	1
4	checked	8	7	reset	69	49.043	1
4	checked	8	7	reset	70	44.324	1
4	checked	8	7	reset	71	46.107	1
4	checked	8	7	reset	72	43.773	1
4	checked	8	7	reset	73	45.085	1
4	checked	8	7	reset	74	45.246	1
4	checked	8	7	reset	75	45.186	1
4	checked	8	7	reset	76	46.357	1
4	checked	8	7	reset	77	44.324	1
4	checked	8	7	reset	78	44.835	1
4	checked	8	7	reset	79	46.398	1
4	checked	8	7	reset	80	45.085	1
4	checked	8	7	reset	81	44.604	1
4	checked	8	7	reset	82	51.246	1
4	checked	8	7	reset	83	47.029	1
4	checked	8	7	reset	84	44.334	1
4	checked	8	7	reset	85	46.978	1
4	checked	8	7	reset	86	44.634	1
4	checked	8	7	reset	87	48.632	1
4	checked	8	7	reset	88	45.907	1
4	checked	8	7	reset	89	57.678	1
4	checked	8	7	reset	90	50.766	1
4	checked	8	7	reset	91	47.169	1
4	checked	8	7	reset	92	48.091	1
4	checked	8	7	reset	93	48.812	1
4	checked	8	7	reset	94	46.037	1
4	checked	8	7	reset	95	47.8	1
4	checked	8	7	reset	96	56.838	1
4	checked	8	7	reset	97	43.993	1
4	checked	8	7	reset	98	44.324	1
4	checked	8	7	reset	99	42.52	1
4	checked	8	7	reset	100	42.29	1
4	checked	8	7	reset	101	41.769	1
4	checked	8	7	reset	102	42.59	1
4	checked	8	7	reset	103	44.975	1
4	checked	8	7	reset	104	44.494	1
4	checked	8	7	reset	105	44.253	1
4	checked	8	7	reset	106	41.368	1
4	checked	8	7	reset	107	43.001	1
4	checked	8	7	reset	108	41.458	1
4	checked	8	7	reset	109	41.849	1
4	checked	8	7	reset	110	42.871	1
4	checked	8	7	reset	111	41.137	1
4	checked	8	7	reset	112	44.444	1
4	checked	8	7	reset	113	43.392	1
4	checked	8	7	reset	114	42.911	1
4	checked	8	7	reset	115	42.17	1
4	checked	8	7	reset	116	41.839	1
4	checked	8	7	reset	117	41.247	1
4	checked	8	7	reset	118	41.839	1
4	checked	8	7	reset	119	40.737	1
4	checked	8	7	reset	120	39.194	1
4	checked	8	7	reset	121	39.555	1
4	checked	8	7	reset	122	40.607	1
4	checked	8	7	reset	123	39.434	1
4	checked	8	7	reset	124	40.707	1
4	checked	8	7	reset	125	40.757	1
4	checked	8	7	reset	126	41.057	1
4	checked	8	7	reset	127	39.975	1
4	checked	8	7	reset	128	45.055	1
4	checked	8	7	reset	129	39.936	1
4	checked	8	7	reset	130	39.976	1
4	checked	8	7	reset	131	39.275	1
4	checked	8	7	reset	132	40.697	1
4	checked	8	7	reset	133	40.556	1
4	checked	8	7	reset	134	40.336	1
4	checked	8	7	reset	135	40.547	1
4	checked	8	7	reset	136	39.364	1
4	checked	8	7	reset	137	40.486	1
4	checked	8	7	reset	138	39.725	1
4	checked	8	7	reset	139	40.266	1
4	checked	8	7	reset	140	38.974	1
4	checked	8	7	reset	141	40.165	1
4	checked	8	7	reset	142	42.35	1
4	checked	8	7	reset	143	40.106	1
4	checked	8	7	reset	144	40.596	1
4	checked	8	7	reset	145	40.637	1
4	checked	8	7	reset	146	39.945	1
4	checked	8	7	reset	147	39.244	1
4	checked	8	7	reset	148	39.354	1
4	checked	8	7	reset	149	39.845	1
4	checked	8	7	reset	150	41.709	1
4	checked	8	7	reset	151	40.286	1
4	checked	8	7	reset	152	40.016	1
4	checked	8	7	reset	153	39.405	1
4	checked	8	7	reset	154	39.926	1
4	checked	8	7	reset	155	39.745	1
4	checked	8	7	reset	156	40.596	1
4	checked	8	7	reset	157	40.446	1
4	checked	8	7	reset	158	39.856	1
4	checked	8	7	reset	159	40.817	1
4	checked	8	7	reset	160	43.382	1
4	checked	8	7	reset	161	39.985	1
4	checked	8	7	reset	162	41.959	1
4	checked	8	7	reset	163	40.056	1
4	checked	8	7	reset	164	40.707	1
4	checked	8	7	reset	165	41.768	1
4	checked	8	7	reset	166	40.707	1
4	checked	8	7	reset	167	42.61	1
4	checked	8	7	reset	168	40.236	1
4	checked	8	7	reset	169	40.226	1
4	checked	8	7	reset	170	40.246	1
4	checked	8	7	reset	171	41.288	1
4	checked	8	7	reset	172	39.965	1
4	checked	8	7	reset	173	39.976	1
4	checked	8	7	reset	174	39.795	1
4	checked	8	7	reset	175	43.933	1
4	checked	8	7	reset	176	40.276	1
4	checked	8	7	reset	177	40.997	1
4	checked	8	7	reset	178	40.817	1
4	checked	8	7	reset	179	42.21	1
4	checked	8	7	reset	180	39.745	1
4	checked	8	7	reset	181	39.354	1
4	checked	8	7	reset	182	40.797	1
4	checked	8	7	reset	183	40.577	1
4	checked	8	7	reset	184	39.084	1
4	checked	8	7	reset	185	40.196	1
4	checked	8	7	reset	186	40.036	1
4	checked	8	7	reset	187	40.857	1
4	checked	8	7	reset	188	41.498	1
4	checked	8	7	reset	189	40.356	1
4	checked	8	7	reset	190	43.211	1
4	checked	8	7	reset	191	40.667	1
4	checked	8	7	reset	192	40.406	1
4	checked	8	7	reset	193	41.679	1
4	checked	8	7	reset	194	40.887	1
4	checked	8	7	reset	195	40.346	1
4	checked	8	7	reset	196	39.614	1
4	checked	8	7	reset	197	39.504	1
4	checked	8	7	reset	198	39.375	1
4	checked	8	7	reset	199	39.745	1
4	checked	8	7	reset	200	40.106	1
4	checked	8	7	stall	1	99.839	1
4	checked	8	7	stall	2	95.55	1
4	checked	8	7	stall	3	111.33	1
4	checked	8	7	stall	4	97.153	1
4	checked	8	7	stall	5	110.839	1
4	checked	8	7	stall	6	101.571	1
4	checked	8	7	stall	7	100.009	1
4	unsafe	8	7	reset	1	0.15	0
4	unsafe	8	7	reset	2	0.08	0
4	unsafe	8	7	reset	3	0.07	0
4	unsafe	8	7	reset	4	0.09	0
4	unsafe	8	7	reset	5	0.07	0
4	unsafe	8	7	reset	6	0.06	0
4	unsafe	8	7	reset	7	0.07	0
4	unsafe	8	7	reset	8	0.16	0
4	unsafe	8	7	reset	9	0.06	0
4	unsafe	8	7	reset	10	0.07	0
4	unsafe	8	7	reset	11	0.08	0
4	unsafe	8	7	reset	12	0.07	0
4	unsafe	8	7	reset	13	0.06	0
4	unsafe	8	7	reset	14	0.07	0
4	unsafe	8	7	reset	15	0.08	0
4	unsafe	8	7	reset	16	0.06	0
4	unsafe	8	7	reset	17	0.07	0
4	unsafe	8	7	reset	18	0.07	0
4	unsafe	8	7	reset	19	0.08	0
4	unsafe	8	7	reset	20	0.07	0
4	unsafe	8	7	reset	21	0.08	0
4	unsafe	8	7	reset	22	0.07	0
4	unsafe	8	7	reset	23	0.07	0
4	unsafe	8	7	reset	24	0.07	0
4	unsafe	8	7	reset	25	0.13	0
4	unsafe	8	7	reset	26	0.07	0
4	unsafe	8	7	reset	27	0.07	0
4	unsafe	8	7	reset	28	0.07	0
4	unsafe	8	7	reset	29	0.07	0
4	unsafe	8	7	reset	30	0.07	0
4	unsafe	8	7	reset	31	0.07	0
4	unsafe	8	7	reset	32	0.09	0
4	unsafe	8	7	reset	33	0.07	0
4	unsafe	8	7	reset	34	0.07	0
4	unsafe	8	7	reset	35	0.07	0
4	unsafe	8	7	reset	36	0.07	0
4	unsafe	8	7	reset	37	0.08	0
4	unsafe	8	7	reset	38	0.08	0
4	unsafe	8	7	reset	39	0.08	0
4	unsafe	8	7	reset	40	0.07	0
4	unsafe	8	7	reset	41	0.071	0
4	unsafe	8	7	reset	42	0.091	0
4	unsafe	8	7	reset	43	0.08	0
4	unsafe	8	7	reset	44	0.071	0
4	unsafe	8	7	reset	45	0.101	0
4	unsafe	8	7	reset	46	0.08	0
4	unsafe	8	7	reset	47	0.08	0
4	unsafe	8	7	reset	48	0.08	0
4	unsafe	8	7	reset	49	0.08	0
4	unsafe	8	7	reset	50	0.08	0
4	unsafe	8	7	reset	51	0.07	0
4	unsafe	8	7	reset	52	0.071	0
4	unsafe	8	7	reset	53	0.07	0
4	unsafe	8	7	reset	54	0.07	0
4	unsafe	8	7	reset	55	0.06	0
4	unsafe	8	7	reset	56	0.07	0
4	unsafe	8	7	reset	57	0.081	0
4	unsafe	8	7	reset	58	0.06	0
4	unsafe	8	7	reset	59	0.071	0
4	unsafe	8	7	reset	60	0.07	0
4	unsafe	8	7	reset	61	0.08	0
4	unsafe	8	7	reset	62	0.07	0
4	unsafe	8	7	reset	63	0.07	0
4	unsafe	8	7	reset	64	0.09	0
4	unsafe	8	7	reset	65	0.08	0
4	unsafe	8	7	reset	66	0.07	0
4	unsafe	8	7	reset	67	0.08	0
4	unsafe	8	7	reset	68	0.07	0
4	unsafe	8	7	reset	69	0.07	0
4	unsafe	8	7	reset	70	0.07	0
4	unsafe	8	7	reset	71	0.09	0
4	unsafe	8	7	reset	72	0.09	0
4	unsafe	8	7	reset	73	0.07	0
4	unsafe	8	7	reset	74	0.07	0
4	unsafe	8	7	reset	75	0.07	0
4	unsafe	8	7	reset	76	0.08	0
4	unsafe	8	7	reset	77	0.07	0
4	unsafe	8	7	reset	78	0.071	0
4	unsafe	8	7	reset	79	0.07	0
4	unsafe	8	7	reset	80	0.07	0
4	unsafe	8	7	reset	81	0.081	0
4	unsafe	8	7	reset	82	0.07	0
4	unsafe	8	7	reset	83	0.08	0
4	unsafe	8	7	reset	84	0.071	0
4	unsafe	8	7	reset	85	0.07	0
4	unsafe	8	7	reset	86	0.08	0
4	unsafe	8	7	reset	87	0.081	0
4	unsafe	8	7	reset	88	0.071	0
4	unsafe	8	7	reset	89	0.07	0
4	unsafe	8	7	reset	90	0.08	0
4	unsafe	8	7	reset	91	0.07	0
4	unsafe	8	7	reset	92	0.07	0
4	unsafe	8	7	reset	93	0.08	0
4	unsafe	8	7	reset	94	0.07	0
4	unsafe	8	7	reset	95	0.07	0
4	unsafe	8	7	reset	96	0.07	0
4	unsafe	8	7	reset	97	0.08	0
4	unsafe	8	7	reset	98	0.07	0
4	unsafe	8	7	reset	99	0.09	0
4	unsafe	8	7	reset	100	0.08	0
4	unsafe	8	7	reset	101	0.07	0
4	unsafe	8	7	reset	102	0.07	0
4	unsafe	8	7	reset	103	0.08	0
4	unsafe	8	7	reset	104	0.071	0
4	unsafe	8	7	reset	105	0.07	0
4	unsafe	8	7	reset	106	0.08	0
4	unsafe	8	7	reset	107	0.08	0
4	unsafe	8	7	reset	108	0.08	0
4	unsafe	8	7	reset	109	0.08	0
4	unsafe	8	7	reset	110	0.101	0
4	unsafe	8	7	reset	111	0.07	0
4	unsafe	8	7	reset	112	0.07	0
4	unsafe	8	7	reset	113	0.12	0
4	unsafe	8	7	reset	114	0.07	0
4	unsafe	8	7	reset	115	0.07	0
4	unsafe	8	7	reset	116	0.08	0
4	unsafe	8	7	reset	117	0.07	0
4	unsafe	8	7	reset	118	0.07	0
4	unsafe	8	7	reset	119	0.07	0
4	unsafe	8	7	reset	120	0.07	0
4	unsafe	8	7	reset	121	0.08	0
4	unsafe	8	7	reset	122	0.07	0
4	unsafe	8	7	reset	123	0.08	0
4	unsafe	8	7	reset	124	0.07	0
4	unsafe	8	7	reset	125	0.07	0
4	unsafe	8	7	reset	126	0.08	0
4	unsafe	8	7	reset	127	0.07	0
4	unsafe	8	7	reset	128	0.08	0
4	unsafe	8	7	reset	129	0.081	0
4	unsafe	8	7	reset	130	0.07	0
4	unsafe	8	7	reset	131	0.07	0
4	unsafe	8	7	reset	132	0.13	0
4	unsafe	8	7	reset	133	0.091	0
4	unsafe	8	7	reset	134	0.091	0
4	unsafe	8	7	reset	135	0.07	0
4	unsafe	8	7	reset	136	0.09	0
4	unsafe	8	7	reset	137	0.08	0
4	unsafe	8	7	reset	138	0.07	0
4	unsafe	8	7	reset	139	0.1	0
4	unsafe	8	7	reset	140	0.07	0
4	unsafe	8	7	reset	141	0.07	0
4	unsafe	8	7	reset	142	0.07	0
4	unsafe	8	7	reset	143	0.07	0
4	unsafe	8	7	reset	144	0.07	0
4	unsafe	8	7	reset	145	0.09	0
4	unsafe	8	7	reset	146	0.07	0
4	unsafe	8	7	reset	147	0.07	0
4	unsafe	8	7	reset	148	0.071	0
4	unsafe	8	7	reset	149	0.07	0
4	unsafe	8	7	reset	150	0.07	0
4	unsafe	8	7	reset	151	0.081	0
4	unsafe	8	7	reset	152	0.08	0
4	unsafe	8	7	reset	153	0.07	0
4	unsafe	8	7	reset	154	0.07	0
4	unsafe	8	7	reset	155	0.07	0
4	unsafe	8	7	reset	156	0.071	0
4	unsafe	8	7	reset	157	0.07	0
4	unsafe	8	7	reset	158	0.08	0
4	unsafe	8	7	reset	159	0.07	0
4	unsafe	8	7	reset	160	0.07	0
4	unsafe	8	7	reset	161	0.07	0
4	unsafe	8	7	reset	162	0.071	0
4	unsafe	8	7	reset	163	0.07	0
4	unsafe	8	7	reset	164	0.06	0
4	unsafe	8	7	reset	165	0.07	0
4	unsafe	8	7	reset	166	0.07	0
4	unsafe	8	7	reset	167	0.07	0
4	unsafe	8	7	reset	168	0.07	0
4	unsafe	8	7	reset	169	0.07	0
4	unsafe	8	7	reset	170	0.07	0
4	unsafe	8	7	reset	171	0.07	0
4	unsafe	8	7	reset	172	0.08	0
4	unsafe	8	7	reset	173	0.121	0
4	unsafe	8	7	reset	174	0.07	0
4	unsafe	8	7	reset	175	0.07	0
4	unsafe	8	7	reset	176	0.07	0
4	unsafe	8	7	reset	177	0.07	0
4	unsafe	8	7	reset	178	0.07	0
4	unsafe	8	7	reset	179	0.07	0
4	unsafe	8	7	reset	180	0.07	0
4	unsafe	8	7	reset	181	0.07	0
4	unsafe	8	7	reset	182	0.07	0
4	unsafe	8	7	reset	183	0.07	0
4	unsafe	8	7	reset	184	0.07	0
4	unsafe	8	7	reset	185	0.07	0
4	unsafe	8	7	reset	186	0.08	0
4	unsafe	8	7	reset	187	0.071	0
4	unsafe	8	7	reset	188	0.07	0
4	unsafe	8	7	reset	189	0.07	0
4	unsafe	8	7	reset	190	0.09	0
4	unsafe	8	7	reset	191	0.07	0
4	unsafe	8	7	reset	192	0.08	0
4	unsafe	8	7	reset	193	0.07	0
4	unsafe	8	7	reset	194	0.07	0
4	unsafe	8	7	reset	195	0.08	0
4	unsafe	8	7	reset	196	0.07	0
4	unsafe	8	7	reset	197	0.07	0
4	unsafe	8	7	reset	198	0.07	0
4	unsafe	8	7	reset	199	0.071	0
4	unsafe	8	7	reset	200	0.071	0
4	unsafe	8	7	stall	1	0.0	0
4	unsafe	8	7	stall	2	0.0	0
4	unsafe	8	7	stall	3	0.0	0
4	unsafe	8	7	stall	4	0.0	0
4	unsafe	8	7	stall	5	1007.34	0
4	unsafe	8	7	stall	6	0.0	0
4	unsafe	8	7	stall	7	0.0	0
4	checked	16	15	reset	1	53.511	0
4	checked	16	15	reset	2	48.652	0
4	checked	16	15	reset	3	87.375	0
4	checked	16	15	reset	4	378.424	0
4	checked	16	15	reset	5	48.06	0
4	checked	16	15	reset	6	101.481	0
4	checked	16	15	reset	7	77.105	0
4	checked	16	15	reset	8	68.72	0
4	checked	16	15	reset	9	66.686	0
4	checked	16	15	reset	10	64.301	0
4	checked	16	15	reset	11	65.273	0
4	checked	16	15	reset	12	62.548	0
4	checked	16	15	reset	13	66.725	0
4	checked	16	15	reset	14	60.464	0
4	checked	16	15	reset	15	60.955	0
4	checked	16	15	reset	16	66.475	0
4	checked	16	15	reset	17	64.322	0
4	checked	16	15	reset	18	65.864	0
4	checked	16	15	reset	19	63.8	0
4	checked	16	15	reset	20	64.492	0
4	checked	16	15	reset	21	60.704	0
4	checked	16	15	reset	22	61.776	0
4	checked	16	15	reset	23	67.096	0
4	checked	16	15	reset	24	66.605	0
4	checked	16	15	reset	25	65.002	0
4	checked	16	15	reset	26	67.687	0
4	checked	16	15	reset	27	62.758	0
4	checked	16	15	reset	28	63.751	0
4	checked	16	15	reset	29	63.42	0
4	checked	16	15	reset	30	71.145	0
4	checked	16	15	reset	31	67.397	0
4	checked	16	15	reset	32	71.435	0
4	checked	16	15	reset	33	66.285	0
4	checked	16	15	reset	34	66.305	0
4	checked	16	15	reset	35	68.92	0
4	checked	16	15	reset	36	65.023	0
4	checked	16	15	reset	37	60.985	0
4	checked	16	15	reset	38	65.052	0
4	checked	16	15	reset	39	60.774	0
4	checked	16	15	reset	40	61.906	0
4	checked	16	15	reset	41	62.828	0
4	checked	16	15	reset	42	68.88	0
4	checked	16	15	reset	43	69.812	0
4	checked	16	15	reset	44	66.836	0
4	checked	16	15	reset	45	65.714	0
4	checked	16	15	reset	46	67.437	0
4	checked	16	15	reset	47	59.913	0
4	checked	16	15	reset	48	66.545	0
4	checked	16	15	reset	49	87.044	0
4	checked	16	15	reset	50	75.342	0
4	checked	16	15	reset	51	71.635	0
4	checked	16	15	reset	52	79.57	0
4	checked	16	15	reset	53	74.3	0
4	checked	16	15	reset	54	69.641	0
4	checked	16	15	reset	55	72.207	0
4	checked	16	15	reset	56	69.261	0
4	checked	16	15	reset	57	65.533	0
4	checked	16	15	reset	58	74.591	0
4	checked	16	15	reset	59	68.429	0
4	checked	16	15	reset	60	67.758	0
4	checked	16	15	reset	61	68.98	0
4	checked	16	15	reset	62	65.524	0
4	checked	16	15	reset	63	67.687	0
4	checked	16	15	reset	64	66.836	0
4	checked	16	15	reset	65	68.199	0
4	checked	16	15	reset	66	69.942	0
4	checked	16	15	reset	67	69.491	0
4	checked	16	15	reset	68	67.898	0
4	checked	16	15	reset	69	64.822	0
4	checked	16	15	reset	70	61.326	0
4	checked	16	15	reset	71	67.247	0
4	checked	16	15	reset	72	67.347	0
4	checked	16	15	reset	73	66.746	0
4	checked	16	15	reset	74	63.169	0
4	checked	16	15	reset	75	68.8	0
4	checked	16	15	reset	76	65.483	0
4	checked	16	15	reset	77	66.966	0
4	checked	16	15	reset	78	75.152	0
4	checked	16	15	reset	79	74.68	0
4	checked	16	15	reset	80	79.36	0
4	checked	16	15	reset	81	66.385	0
4	checked	16	15	reset	82	68.93	0
4	checked	16	15	reset	83	70.843	0
4	checked	16	15	reset	84	68.52	0
4	checked	16	15	reset	85	70.884	0
4	checked	16	15	reset	86	62.578	0
4	checked	16	15	reset	87	68.56	0
4	checked	16	15	reset	88	64.251	0
4	checked	16	15	reset	89	64.412	0
4	checked	16	15	reset	90	67.447	0
4	checked	16	15	reset	91	64.702	0
4	checked	16	15	reset	92	66.866	0
4	checked	16	15	reset	93	83.237	0
4	checked	16	15	reset	94	67.037	0
4	checked	16	15	reset	95	67.317	0
4	checked	16	15	reset	96	60.665	0
4	checked	16	15	reset	97	66.024	0
4	checked	16	15	reset	98	68.499	0
4	checked	16	15	reset	99	65.874	0
4	checked	16	15	reset	100	73.088	0
4	checked	16	15	reset	101	69.792	0
4	checked	16	15	reset	102	69.892	0
4	checked	16	15	reset	103	69.391	0
4	checked	16	15	reset	104	69.271	0
4	checked	16	15	reset	105	69.792	0
4	checked	16	15	reset	106	65.914	0
4	checked	16	15	reset	107	79.15	0
4	checked	16	15	reset	108	70.473	0
4	checked	16	15	reset	109	66.075	0
4	checked	16	15	reset	110	73.017	0
4	checked	16	15	reset	111	67.056	0
4	checked	16	15	reset	112	65.513	0
4	checked	16	15	reset	113	67.487	0
4	checked	16	15	reset	114	69.771	0
4	checked	16	15	reset	115	68.81	0
4	checked	16	15	reset	116	65.724	0
4	checked	16	15	reset	117	69.481	0
4	checked	16	15	reset	118	65.784	0
4	checked	16	15	reset	119	73.909	0
4	checked	16	15	reset	120	69.141	0
4	checked	16	15	reset	121	71.805	0
4	checked	16	15	reset	122	67.117	0
4	checked	16	15	reset	123	69.03	0
4	checked	16	15	reset	124	68.489	0
4	checked	16	15	reset	125	67.177	0
4	checked	16	15	reset	126	67.157	0
4	checked	16	15	reset	127	67.717	0
4	checked	16	15	reset	128	67.106	0
4	checked	16	15	reset	129	65.403	0
4	checked	16	15	reset	130	68.45	0
4	checked	16	15	reset	131	68.399	0
4	checked	16	15	reset	132	67.688	0
4	checked	16	15	reset	133	73.689	0
4	checked	16	15	reset	134	66.185	0
4	checked	16	15	reset	135	70.693	0
4	checked	16	15	reset	136	70.864	0
4	checked	16	15	reset	137	72.637	0
4	checked	16	15	reset	138	71.395	0
4	checked	16	15	reset	139	69.321	0
4	checked	16	15	reset	140	64.292	0
4	checked	16	15	reset	141	71.024	0
4	checked	16	15	reset	142	63.35	0
4	checked	16	15	reset	143	69.561	0
4	checked	16	15	reset	144	69.12	0
4	checked	16	15	reset	145	65.594	0
4	checked	16	15	reset	146	71.595	0
4	checked	16	15	reset	147	70.904	0
4	checked	16	15	reset	148	66.355	0
4	checked	16	15	reset	149	69.171	0
4	checked	16	15	reset	150	65.874	0
4	checked	16	15	reset	151	61.977	0
4	checked	16	15	reset	152	68.76	0
4	checked	16	15	reset	153	67.296	0
4	checked	16	15	reset	154	67.918	0
4	checked	16	15	reset	155	70.152	0
4	checked	16	15	reset	156	69.05	0
4	checked	16	15	reset	157	69.37	0
4	checked	16	15	reset	158	69.371	0
4	checked	16	15	reset	159	68.53	0
4	checked	16	15	reset	160	69.11	0
4	checked	16	15	reset	161	68.77	0
4	checked	16	15	reset	162	69.782	0
4	checked	16	15	reset	163	67.006	0
4	checked	16	15	reset	164	66.075	0
4	checked	16	15	reset	165	69.822	0
4	checked	16	15	reset	166	73.849	0
4	checked	16	15	reset	167	70.523	0
4	checked	16	15	reset	168	69.201	0
4	checked	16	15	reset	169	72.557	0
4	checked	16	15	reset	170	68.339	0
4	checked	16	15	reset	171	67.828	0
4	checked	16	15	reset	172	69.722	0
4	checked	16	15	reset	173	68.018	0
4	checked	16	15	reset	174	68.129	0
4	checked	16	15	reset	175	66.265	0
4	checked	16	15	reset	176	67.438	0
4	checked	16	15	reset	177	68.7	0
4	checked	16	15	reset	178	68.629	0
4	checked	16	15	reset	179	67.257	0
4	checked	16	15	reset	180	67.758	0
4	checked	16	15	reset	181	66.095	0
4	checked	16	15	reset	182	67.738	0
4	checked	16	15	reset	183	69.742	0
4	checked	16	15	reset	184	65.143	0
4	checked	16	15	reset	185	68.95	0
4	checked	16	15	reset	186	69.37	0
4	checked	16	15	reset	187	70.042	0
4	checked	16	15	reset	188	67.357	0
4	checked	16	15	reset	189	71.104	0
4	checked	16	15	reset	190	68.238	0
4	checked	16	15	reset	191	66.656	0
4	checked	16	15	reset	192	68.409	0
4	checked	16	15	reset	193	68.91	0
4	checked	16	15	reset	194	68.469	0
4	checked	16	15	reset	195	68.429	0
4	checked	16	15	reset	196	66.836	0
4	checked	16	15	reset	197	73.268	0
4	checked	16	15	reset	198	74.451	0
4	checked	16	15	reset	199	68.99	0
4	checked	16	15	reset	200	68.76	0
4	checked	16	15	stall	1	95.129	0
4	checked	16	15	stall	2	93.807	0
4	checked	16	15	stall	3	92.705	0
4	checked	16	15	stall	4	96.983	0
4	checked	16	15	stall	5	96.141	0
4	checked	16	15	stall	6	98.396	0
4	checked	16	15	stall	7	93.015	0
4	checked	16	15	stall	8	98.186	0
4	checked	16	15	stall	9	92.495	0
4	checked	16	15	stall	10	91.392	0
4	checked	16	15	stall	11	94.679	0
4	checked	16	15	stall	12	95.841	0
4	checked	16	15	stall	13	96.813	0
4	checked	16	15	stall	14	92.906	0
4	checked	16	15	stall	15	94.067	0
4	unsafe	16	15	reset	1	0.161	0
4	unsafe	16	15	reset	2	0.07	0
4	unsafe	16	15	reset	3	0.081	0
4	unsafe	16	15	reset	4	0.07	0
4	unsafe	16	15	reset	5	0.09	0
4	unsafe	16	15	reset	6	0.16	0
4	unsafe	16	15	reset	7	0.07	0
4	unsafe	16	15	reset	8	0.07	0
4	unsafe	16	15	reset	9	0.07	0
4	unsafe	16	15	reset	10	0.07	0
4	unsafe	16	15	reset	11	0.07	0
4	unsafe	16	15	reset	12	0.08	0
4	unsafe	16	15	reset	13	0.08	0
4	unsafe	16	15	reset	14	0.08	0
4	unsafe	16	15	reset	15	0.081	0
4	unsafe	16	15	reset	16	0.07	0
4	unsafe	16	15	reset	17	0.071	0
4	unsafe	16	15	reset	18	0.08	0
4	unsafe	16	15	reset	19	0.08	0
4	unsafe	16	15	reset	20	0.08	0
4	unsafe	16	15	reset	21	0.08	0
4	unsafe	16	15	reset	22	0.07	0
4	unsafe	16	15	reset	23	0.09	0
4	unsafe	16	15	reset	24	0.07	0
4	unsafe	16	15	reset	25	0.081	0
4	unsafe	16	15	reset	26	0.08	0
4	unsafe	16	15	reset	27	0.09	0
4	unsafe	16	15	reset	28	0.09	0
4	unsafe	16	15	reset	29	0.09	0
4	unsafe	16	15	reset	30	0.1	0
4	unsafe	16	15	reset	31	0.07	0
4	unsafe	16	15	reset	32	0.08	0
4	unsafe	16	15	reset	33	0.071	0
4	unsafe	16	15	reset	34	0.08	0
4	unsafe	16	15	reset	35	0.09	0
4	unsafe	16	15	reset	36	0.08	0
4	unsafe	16	15	reset	37	0.08	0
4	unsafe	16	15	reset	38	0.08	0
4	unsafe	16	15	reset	39	0.07	0
4	unsafe	16	15	reset	40	0.07	0
4	unsafe	16	15	reset	41	0.08	0
4	unsafe	16	15	reset	42	0.1	0
4	unsafe	16	15	reset	43	0.08	0
4	unsafe	16	15	reset	44	0.09	0
4	unsafe	16	15	reset	45	0.08	0
4	unsafe	16	15	reset	46	0.08	0
4	unsafe	16	15	reset	47	0.08	0
4	unsafe	16	15	reset	48	0.08	0
4	unsafe	16	15	reset	49	0.07	0
4	unsafe	16	15	reset	50	0.07	0
4	unsafe	16	15	reset	51	0.08	0
4	unsafe	16	15	reset	52	0.08	0
4	unsafe	16	15	reset	53	0.09	0
4	unsafe	16	15	reset	54	0.07	0
4	unsafe	16	15	reset	55	0.08	0
4	unsafe	16	15	reset	56	0.08	0
4	unsafe	16	15	reset	57	0.091	0
4	unsafe	16	15	reset	58	0.08	0
4	unsafe	16	15	reset	59	0.08	0
4	unsafe	16	15	reset	60	0.07	0
4	unsafe	16	15	reset	61	0.08	0
4	unsafe	16	15	reset	62	0.07	0
4	unsafe	16	15	reset	63	0.09	0
4	unsafe	16	15	reset	64	0.07	0
4	unsafe	16	15	reset	65	0.07	0
4	unsafe	16	15	reset	66	0.081	0
4	unsafe	16	15	reset	67	0.09	0
4	unsafe	16	15	reset	68	0.09	0
4	unsafe	16	15	reset	69	0.08	0
4	unsafe	16	15	reset	70	0.08	0
4	unsafe	16	15	reset	71	0.07	0
4	unsafe	16	15	reset	72	0.09	0
4	unsafe	16	15	reset	73	0.08	0
4	unsafe	16	15	reset	74	0.08	0
4	unsafe	16	15	reset	75	0.07	0
4	unsafe	16	15	reset	76	0.07	0
4	unsafe	16	15	reset	77	0.08	0
4	unsafe	16	15	reset	78	0.091	0
4	unsafe	16	15	reset	79	0.081	0
4	unsafe	16	15	reset	80	0.07	0
4	unsafe	16	15	reset	81	0.08	0
4	unsafe	16	15	reset	82	0.07	0
4	unsafe	16	15	reset	83	0.101	0
4	unsafe	16	15	reset	84	0.08	0
4	unsafe	16	15	reset	85	0.08	0
4	unsafe	16	15	reset	86	0.08	0
4	unsafe	16	15	reset	87	0.08	0
4	unsafe	16	15	reset	88	0.081	0
4	unsafe	16	15	reset	89	0.1	0
4	unsafe	16	15	reset	90	0.08	0
4	unsafe	16	15	reset	91	0.08	0
4	unsafe	16	15	reset	92	0.1	0
4	unsafe	16	15	reset	93	0.1	0
4	unsafe	16	15	reset	94	0.09	0
4	unsafe	16	15	reset	95	0.08	0
4	unsafe	16	15	reset	96	0.08	0
4	unsafe	16	15	reset	97	0.07	0
4	unsafe	16	15	reset	98	0.09	0
4	unsafe	16	15	reset	99	0.07	0
4	unsafe	16	15	reset	100	0.07	0
4	unsafe	16	15	reset	101	0.07	0
4	unsafe	16	15	reset	102	0.09	0
4	unsafe	16	15	reset	103	0.081	0
4	unsafe	16	15	reset	104	0.08	0
4	unsafe	16	15	reset	105	0.09	0
4	unsafe	16	15	reset	106	0.07	0
4	unsafe	16	15	reset	107	0.08	0
4	unsafe	16	15	reset	108	0.07	0
4	unsafe	16	15	reset	109	0.09	0
4	unsafe	16	15	reset	110	0.081	0
4	unsafe	16	15	reset	111	0.09	0
4	unsafe	16	15	reset	112	0.091	0
4	unsafe	16	15	reset	113	0.07	0
4	unsafe	16	15	reset	114	0.08	0
4	unsafe	16	15	reset	115	0.081	0
4	unsafe	16	15	reset	116	0.09	0
4	unsafe	16	15	reset	117	0.07	0
4	unsafe	16	15	reset	118	0.08	0
4	unsafe	16	15	reset	119	0.08	0
4	unsafe	16	15	reset	120	0.07	0
4	unsafe	16	15	reset	121	0.07	0
4	unsafe	16	15	reset	122	0.08	0
4	unsafe	16	15	reset	123	0.08	0
4	unsafe	16	15	reset	124	0.07	0
4	unsafe	16	15	reset	125	0.08	0
4	unsafe	16	15	reset	126	0.071	0
4	unsafe	16	15	reset	127	0.09	0
4	unsafe	16	15	reset	128	0.08	0
4	unsafe	16	15	reset	129	0.071	0
4	unsafe	16	15	reset	130	0.08	0
4	unsafe	16	15	reset	131	0.08	0
4	unsafe	16	15	reset	132	0.07	0
4	unsafe	16	15	reset	133	0.08	0
4	unsafe	16	15	reset	134	0.07	0
4	unsafe	16	15	reset	135	0.07	0
4	unsafe	16	15	reset	136	0.07	0
4	unsafe	16	15	reset	137	0.07	0
4	unsafe	16	15	reset	138	0.08	0
4	unsafe	16	15	reset	139	0.08	0
4	unsafe	16	15	reset	140	0.08	0
4	unsafe	16	15	reset	141	0.09	0
4	unsafe	16	15	reset	142	0.07	0
4	unsafe	16	15	reset	143	0.08	0
4	unsafe	16	15	reset	144	0.08	0
4	unsafe	16	15	reset	145	0.07	0
4	unsafe	16	15	reset	146	0.111	0
4	unsafe	16	15	reset	147	0.08	0
4	unsafe	16	15	reset	148	0.08	0
4	unsafe	16	15	reset	149	0.071	0
4	unsafe	16	15	reset	150	0.08	0
4	unsafe	16	15	reset	151	0.08	0
4	unsafe	16	15	reset	152	0.091	0
4	unsafe	16	15	reset	153	0.08	0
4	unsafe	16	15	reset	154	0.09	0
4	unsafe	16	15	reset	155	0.07	0
4	unsafe	16	15	reset	156	0.07	0
4	unsafe	16	15	reset	157	0.09	0
4	unsafe	16	15	reset	158	0.08	0
4	unsafe	16	15	reset	159	0.071	0
4	unsafe	16	15	reset	160	0.09	0
4	unsafe	16	15	reset	161	0.08	0
4	unsafe	16	15	reset	162	0.07	0
4	unsafe	16	15	reset	163	0.15	0
4	unsafe	16	15	reset	164	0.09	0
4	unsafe	16	15	reset	165	0.08	0
4	unsafe	16	15	reset	166	0.08	0
4	unsafe	16	15	reset	167	0.08	0
4	unsafe	16	15	reset	168	0.08	0
4	unsafe	16	15	reset	169	0.08	0
4	unsafe	16	15	reset	170	0.09	0
4	unsafe	16	15	reset	171	0.081	0
4	unsafe	16	15	reset	172	0.09	0
4	unsafe	16	15	reset	173	0.091	0
4	unsafe	16	15	reset	174	0.08	0
4	unsafe	16	15	reset	175	0.09	0
4	unsafe	16	15	reset	176	0.081	0
4	unsafe	16	15	reset	177	0.08	0
4	unsafe	16	15	reset	178	0.07	0
4	unsafe	16	15	reset	179	0.09	0
4	unsafe	16	15	reset	180	0.08	0
4	unsafe	16	15	reset	181	0.08	0
4	unsafe	16	15	reset	182	0.08	0
4	unsafe	16	15	reset	183	0.09	0
4	unsafe	16	15	reset	184	0.07	0
4	unsafe	16	15	reset	185	0.08	0
4	unsafe	16	15	reset	186	0.07	0
4	unsafe	16	15	reset	187	0.09	0
4	unsafe	16	15	reset	188	0.08	0
4	unsafe	16	15	reset	189	0.081	0
4	unsafe	16	15	reset	190	0.08	0
4	unsafe	16	15	reset	191	0.09	0
4	unsafe	16	15	reset	192	0.08	0
4	unsafe	16	15	reset	193	0.08	0
4	unsafe	16	15	reset	194	0.09	0
4	unsafe	16	15	reset	195	0.091	0
4	unsafe	16	15	reset	196	0.08	0
4	unsafe	16	15	reset	197	0.09	0
4	unsafe	16	15	reset	198	0.08	0
4	unsafe	16	15	reset	199	0.08	0
4	unsafe	16	15	reset	200	0.08	0
4	unsafe	16	15	stall	1	0.0	0
4	unsafe	16	15	stall	2	0.0	0
4	unsafe	16	15	stall	3	0.0	0
4	unsafe	16	15	stall	4	0.0	0
4	unsafe	16	15	stall	5	0.0	0
4	unsafe	16	15	stall	6	0.0	0
4	unsafe	16	15	stall	7	0.0	0
4	unsafe	16	15	stall	8	0.0	0
4	unsafe	16	15	stall	9	0.0	0
4	unsafe	16	15	stall	10	0.0	0
4	unsafe	16	15	stall	11	0.0	0
4	unsafe	16	15	stall	12	0.0	0
4	unsafe	16	15	stall	13	0.0	0
4	unsafe	16	15	stall	14	0.0	0
4	unsafe	16	15	stall	15	0.0	0
4	checked	30	29	reset	1	74.801	0
4	checked	30	29	reset	2	57.659	0
4	checked	30	29	reset	3	199.256	0
4	checked	30	29	reset	4	80.762	0
4	checked	30	29	reset	5	272.684	0
4	checked	30	29	reset	6	57.258	0
4	checked	30	29	reset	7	222.489	0
4	checked	30	29	reset	8	127.32	0
4	checked	30	29	reset	9	105.239	0
4	checked	30	29	reset	10	111.951	0
4	checked	30	29	reset	11	103.575	0
4	checked	30	29	reset	12	103.114	0
4	checked	30	29	reset	13	109.537	0
4	checked	30	29	reset	14	106.501	0
4	checked	30	29	reset	15	111.3	0
4	checked	30	29	reset	16	105.77	0
4	checked	30	29	reset	17	100.459	0
4	checked	30	29	reset	18	97.735	0
4	checked	30	29	reset	19	96.803	0
4	checked	30	29	reset	20	107.303	0
4	checked	30	29	reset	21	106.501	0
4	checked	30	29	reset	22	160.192	0
4	checked	30	29	reset	23	645.798	0
4	checked	30	29	reset	24	127.811	0
4	checked	30	29	reset	25	121.71	0
4	checked	30	29	reset	26	3521.232	0
4	checked	30	29	reset	27	103.916	0
4	checked	30	29	reset	28	104.256	0
4	checked	30	29	reset	29	101.01	0
4	checked	30	29	reset	30	105.84	0
4	checked	30	29	reset	31	117.001	0
4	checked	30	29	reset	32	110.779	0
4	checked	30	29	reset	33	131.558	0
4	checked	30	29	reset	34	109.496	0
4	checked	30	29	reset	35	115.928	0
4	checked	30	29	reset	36	104.046	0
4	checked	30	29	reset	37	101.101	0
4	checked	30	29	reset	38	99.638	0
4	checked	30	29	reset	39	95.099	0
4	checked	30	29	reset	40	102.954	0
4	checked	30	29	reset	41	126.017	0
4	checked	30	29	reset	42	104.678	0
4	checked	30	29	reset	43	102.764	0
4	checked	30	29	reset	44	102.734	0
4	checked	30	29	reset	45	106.842	0
4	checked	30	29	reset	46	104.818	0
4	checked	30	29	reset	47	100.119	0
4	checked	30	29	reset	48	116.79	0
4	checked	30	29	reset	49	102.904	0
4	checked	30	29	reset	50	108.003	0
4	checked	30	29	reset	51	103.365	0
4	checked	30	29	reset	52	103.646	0
4	checked	30	29	reset	53	98.926	0
4	checked	30	29	reset	54	102.844	0
4	checked	30	29	reset	55	281.811	0
4	checked	30	29	reset	56	211.109	0
4	checked	30	29	reset	57	115.268	0
4	checked	30	29	reset	58	121.599	0
4	checked	30	29	reset	59	106.121	0
4	checked	30	29	reset	60	105.95	0
4	checked	30	29	reset	61	95.581	0
4	checked	30	29	reset	62	109.496	0
4	checked	30	29	reset	63	97.394	0
4	checked	30	29	reset	64	97.284	0
4	checked	30	29	reset	65	96.933	0
4	checked	30	29	reset	66	101.451	0
4	checked	30	29	reset	67	102.984	0
4	checked	30	29	reset	68	115.498	0
4	checked	30	29	reset	69	200.037	0
4	checked	30	29	reset	70	119.485	0
4	checked	30	29	reset	71	103.716	0
4	checked	30	29	reset	72	99.668	0
4	checked	30	29	reset	73	113.223	0
4	checked	30	29	reset	74	104.568	0
4	checked	30	29	reset	75	97.834	0
4	checked	30	29	reset	76	96.572	0
4	checked	30	29	reset	77	97.845	0
4	checked	30	29	reset	78	102.213	0
4	checked	30	29	reset	79	114.286	0
4	checked	30	29	reset	80	95.079	0
4	checked	30	29	reset	81	101.892	0
4	checked	30	29	reset	82	99.217	0
4	checked	30	29	reset	83	98.896	0
4	checked	30	29	reset	84	96.792	0
4	checked	30	29	reset	85	97.604	0
4	checked	30	29	reset	86	104.137	0
4	checked	30	29	reset	87	99.528	0
4	checked	30	29	reset	88	105.438	0
4	checked	30	29	reset	89	100.099	0
4	checked	30	29	reset	90	100.33	0
4	checked	30	29	reset	91	102.634	0
4	checked	30	29	reset	92	97.434	0
4	checked	30	29	reset	93	118.644	0
4	checked	30	29	reset	94	96.562	0
4	checked	30	29	reset	95	103.555	0
4	checked	30	29	reset	96	104.187	0
4	checked	30	29	reset	97	96.251	0
4	checked	30	29	reset	98	122.882	0
4	checked	30	29	reset	99	99.307	0
4	checked	30	29	reset	100	100.269	0
4	checked	30	29	reset	101	104.006	0
4	checked	30	29	reset	102	96.793	0
4	checked	30	29	reset	103	106.621	0
4	checked	30	29	reset	104	108.034	0
4	checked	30	29	reset	105	109.837	0
4	checked	30	29	reset	106	119.916	0
4	checked	30	29	reset	107	113.023	0
4	checked	30	29	reset	108	98.736	0
4	checked	30	29	reset	109	102.493	0
4	checked	30	29	reset	110	96.121	0
4	checked	30	29	reset	111	100.149	0
4	checked	30	29	reset	112	101.09	0
4	checked	30	29	reset	113	181.582	0
4	checked	30	29	reset	114	94.158	0
4	checked	30	29	reset	115	99.708	0
4	checked	30	29	reset	116	91.012	0
4	checked	30	29	reset	117	99.277	0
4	checked	30	29	reset	118	104.608	0
4	checked	30	29	reset	119	97.153	0
4	checked	30	29	reset	120	99.437	0
4	checked	30	29	reset	121	103.756	0
4	checked	30	29	reset	122	108.986	0
4	checked	30	29	reset	123	107.353	0
4	checked	30	29	reset	124	106.18	0
4	checked	30	29	reset	125	106.481	0
4	checked	30	29	reset	126	107.022	0
4	checked	30	29	reset	127	100.51	0
4	checked	30	29	reset	128	93.677	0
4	checked	30	29	reset	129	105.659	0
4	checked	30	29	reset	130	99.017	0
4	checked	30	29	reset	131	99.197	0
4	checked	30	29	reset	132	148.671	0
4	checked	30	29	reset	133	117.191	0
4	checked	30	29	reset	134	105.338	0
4	checked	30	29	reset	135	3562.029	0
4	checked	30	29	reset	136	3239.41	0
4	checked	30	29	reset	137	101.762	0
4	checked	30	29	reset	138	99.248	0
4	checked	30	29	reset	139	99.668	0
4	checked	30	29	reset	140	97.915	0
4	checked	30	29	reset	141	91.974	0
4	checked	30	29	reset	142	97.804	0
4	checked	30	29	reset	143	112.221	0
4	checked	30	29	reset	144	2228.553	0
4	checked	30	29	reset	145	112.161	0
4	checked	30	29	reset	146	96.091	0
4	checked	30	29	reset	147	104.357	0
4	checked	30	29	reset	148	105.229	0
4	checked	30	29	reset	149	104.808	0
4	checked	30	29	reset	150	905.748	0
4	checked	30	29	reset	151	121.52	0
4	checked	30	29	reset	152	101.221	0
4	checked	30	29	reset	153	95.32	0
4	checked	30	29	reset	154	94.038	0
4	checked	30	29	reset	155	95.561	0
4	checked	30	29	reset	156	95.791	0
4	checked	30	29	reset	157	116.941	0
4	checked	30	29	reset	158	1198.441	0
4	checked	30	29	reset	159	100.44	0
4	checked	30	29	reset	160	3371.099	0
4	checked	30	29	reset	161	103.725	0
4	checked	30	29	reset	162	3378.382	0
4	checked	30	29	reset	163	3245.803	0
4	checked	30	29	reset	164	101.401	0
4	checked	30	29	reset	165	103.205	0
4	checked	30	29	reset	166	101.602	0
4	checked	30	29	reset	167	111.15	0
4	checked	30	29	reset	168	94.879	0
4	checked	30	29	reset	169	98.757	0
4	checked	30	29	reset	170	103.254	0
4	checked	30	29	reset	171	96.833	0
4	checked	30	29	reset	172	100.339	0
4	checked	30	29	reset	173	100.419	0
4	checked	30	29	reset	174	102.193	0
4	checked	30	29	reset	175	102.934	0
4	checked	30	29	reset	176	103.325	0
4	checked	30	29	reset	177	101.251	0
4	checked	30	29	reset	178	101.121	0
4	checked	30	29	reset	179	94.438	0
4	checked	30	29	reset	180	119.105	0
4	checked	30	29	reset	181	102.944	0
4	checked	30	29	reset	182	97.144	0
4	checked	30	29	reset	183	101.061	0
4	checked	30	29	reset	184	99.398	0
4	checked	30	29	reset	185	102.964	0
4	checked	30	29	reset	186	106.651	0
4	checked	30	29	reset	187	131.688	0
4	checked	30	29	reset	188	99.217	0
4	checked	30	29	reset	189	102.934	0
4	checked	30	29	reset	190	115.638	0
4	checked	30	29	reset	191	98.055	0
4	checked	30	29	reset	192	102.824	0
4	checked	30	29	reset	193	117.392	0
4	checked	30	29	reset	194	217.079	0
4	checked	30	29	reset	195	150.434	0
4	checked	30	29	reset	196	117.802	0
4	checked	30	29	reset	197	150.093	0
4	checked	30	29	reset	198	125.126	0
4	checked	30	29	reset	199	2747.333	0
4	checked	30	29	reset	200	120.437	0
4	checked	30	29	stall	1	3515.691	0
4	checked	30	29	stall	2	3547.322	0
4	checked	30	29	stall	3	990.609	0
4	checked	30	29	stall	4	3031.388	0
4	checked	30	29	stall	5	1046.674	0
4	checked	30	29	stall	6	3366.74	0
4	checked	30	29	stall	7	1817.228	0
4	checked	30	29	stall	8	976.773	0
4	checked	30	29	stall	9	3076.574	0
4	checked	30	29	stall	10	644.546	0
4	checked	30	29	stall	11	1680.229	0
4	checked	30	29	stall	12	3413.279	0
4	checked	30	29	stall	13	1039.792	0
4	checked	30	29	stall	14	4223.256	0
4	checked	30	29	stall	15	3237.307	0
4	checked	30	29	stall	16	954.541	0
4	checked	30	29	stall	17	1856.612	0
4	checked	30	29	stall	18	3301.367	0
4	checked	30	29	stall	19	965.14	0
4	checked	30	29	stall	20	1846.443	0
4	checked	30	29	stall	21	2233.002	0
4	checked	30	29	stall	22	952.667	0
4	checked	30	29	stall	23	1040.262	0
4	checked	30	29	stall	24	1089.945	0
4	checked	30	29	stall	25	1175.367	0
4	checked	30	29	stall	26	1068.425	0
4	checked	30	29	stall	27	1824.581	0
4	checked	30	29	stall	28	1660.572	0
4	checked	30	29	stall	29	1079.607	0
4	unsafe	30	29	reset	1	0.22	0
4	unsafe	30	29	reset	2	0.511	0
4	unsafe	30	29	reset	3	0.221	0
4	unsafe	30	29	reset	4	0.421	0
4	unsafe	30	29	reset	5	0.18	0
4	unsafe	30	29	reset	6	0.11	0
4	unsafe	30	29	reset	7	0.131	0
4	unsafe	30	29	reset	8	0.14	0
4	unsafe	30	29	reset	9	0.121	0
4	unsafe	30	29	reset	10	0.131	0
4	unsafe	30	29	reset	11	0.13	0
4	unsafe	30	29	reset	12	0.12	0
4	unsafe	30	29	reset	13	0.13	0
4	unsafe	30	29	reset	14	0.13	0
4	unsafe	30	29	reset	15	0.12	0
4	unsafe	30	29	reset	16	0.131	0
4	unsafe	30	29	reset	17	0.131	0
4	unsafe	30	29	reset	18	0.131	0
4	unsafe	30	29	reset	19	0.141	0
4	unsafe	30	29	reset	20	0.141	0
4	unsafe	30	29	reset	21	0.13	0
4	unsafe	30	29	reset	22	0.13	0
4	unsafe	30	29	reset	23	0.14	0
4	unsafe	30	29	reset	24	0.131	0
4	unsafe	30	29	reset	25	0.14	0
4	unsafe	30	29	reset	26	0.141	0
4	unsafe	30	29	reset	27	0.14	0
4	unsafe	30	29	reset	28	0.14	0
4	unsafe	30	29	reset	29	0.131	0
4	unsafe	30	29	reset	30	0.14	0
4	unsafe	30	29	reset	31	0.141	0
4	unsafe	30	29	reset	32	0.13	0
4	unsafe	30	29	reset	33	0.13	0
4	unsafe	30	29	reset	34	0.131	0
4	unsafe	30	29	reset	35	0.14	0
4	unsafe	30	29	reset	36	0.13	0
4	unsafe	30	29	reset	37	0.14	0
4	unsafe	30	29	reset	38	0.141	0
4	unsafe	30	29	reset	39	0.13	0
4	unsafe	30	29	reset	40	0.14	0
4	unsafe	30	29	reset	41	0.13	0
4	unsafe	30	29	reset	42	0.14	0
4	unsafe	30	29	reset	43	0.13	0
4	unsafe	30	29	reset	44	0.13	0
4	unsafe	30	29	reset	45	0.14	0
4	unsafe	30	29	reset	46	0.131	0
4	unsafe	30	29	reset	47	0.171	0
4	unsafe	30	29	reset	48	0.131	0
4	unsafe	30	29	reset	49	0.14	0
4	unsafe	30	29	reset	50	0.13	0
4	unsafe	30	29	reset	51	0.13	0
4	unsafe	30	29	reset	52	0.13	0
4	unsafe	30	29	reset	53	0.141	0
4	unsafe	30	29	reset	54	0.131	0
4	unsafe	30	29	reset	55	0.141	0
4	unsafe	30	29	reset	56	0.13	0
4	unsafe	30	29	reset	57	0.13	0
4	unsafe	30	29	reset	58	0.13	0
4	unsafe	30	29	reset	59	0.14	0
4	unsafe	30	29	reset	60	0.13	0
4	unsafe	30	29	reset	61	0.14	0
4	unsafe	30	29	reset	62	0.14	0
4	unsafe	30	29	reset	63	0.131	0
4	unsafe	30	29	reset	64	0.13	0
4	unsafe	30	29	reset	65	0.131	0
4	unsafe	30	29	reset	66	0.13	0
4	unsafe	30	29	reset	67	0.14	0
4	unsafe	30	29	reset	68	0.13	0
4	unsafe	30	29	reset	69	0.16	0
4	unsafe	30	29	reset	70	0.141	0
4	unsafe	30	29	reset	71	0.14	0
4	unsafe	30	29	reset	72	0.18	0
4	unsafe	30	29	reset	73	0.16	0
4	unsafe	30	29	reset	74	0.181	0
4	unsafe	30	29	reset	75	0.141	0
4	unsafe	30	29	reset	76	0.14	0
4	unsafe	30	29	reset	77	0.18	0
4	unsafe	30	29	reset	78	0.131	0
4	unsafe	30	29	reset	79	0.14	0
4	unsafe	30	29	reset	80	0.141	0
4	unsafe	30	29	reset	81	0.131	0
4	unsafe	30	29	reset	82	0.13	0
4	unsafe	30	29	reset	83	0.17	0
4	unsafe	30	29	reset	84	0.14	0
4	unsafe	30	29	reset	85	0.13	0
4	unsafe	30	29	reset	86	0.13	0
4	unsafe	30	29	reset	87	0.131	0
4	unsafe	30	29	reset	88	0.13	0
4	unsafe	30	29	reset	89	0.14	0
4	unsafe	30	29	reset	90	0.13	0
4	unsafe	30	29	reset	91	0.131	0
4	unsafe	30	29	reset	92	0.13	0
4	unsafe	30	29	reset	93	0.131	0
4	unsafe	30	29	reset	94	0.13	0
4	unsafe	30	29	reset	95	0.13	0
4	unsafe	30	29	reset	96	0.131	0
4	unsafe	30	29	reset	97	0.131	0
4	unsafe	30	29	reset	98	0.13	0
4	unsafe	30	29	reset	99	0.131	0
4	unsafe	30	29	reset	100	0.141	0
4	unsafe	30	29	reset	101	0.13	0
4	unsafe	30	29	reset	102	0.13	0
4	unsafe	30	29	reset	103	0.14	0
4	unsafe	30	29	reset	104	0.13	0
4	unsafe	30	29	reset	105	0.14	0
4	unsafe	30	29	reset	106	0.13	0
4	unsafe	30	29	reset	107	0.13	0
4	unsafe	30	29	reset	108	0.13	0
4	unsafe	30	29	reset	109	0.141	0
4	unsafe	30	29	reset	110	0.13	0
4	unsafe	30	29	reset	111	0.141	0
4	unsafe	30	29	reset	112	0.13	0
4	unsafe	30	29	reset	113	0.12	0
4	unsafe	30	29	reset	114	0.13	0
4	unsafe	30	29	reset	115	0.13	0
4	unsafe	30	29	reset	116	0.131	0
4	unsafe	30	29	reset	117	0.141	0
4	unsafe	30	29	reset	118	0.13	0
4	unsafe	30	29	reset	119	0.13	0
4	unsafe	30	29	reset	120	0.14	0
4	unsafe	30	29	reset	121	0.14	0
4	unsafe	30	29	reset	122	0.13	0
4	unsafe	30	29	reset	123	0.14	0
4	unsafe	30	29	reset	124	0.141	0
4	unsafe	30	29	reset	125	0.13	0
4	unsafe	30	29	reset	126	0.13	0
4	unsafe	30	29	reset	127	0.13	0
4	unsafe	30	29	reset	128	0.13	0
4	unsafe	30	29	reset	129	0.131	0
4	unsafe	30	29	reset	130	0.13	0
4	unsafe	30	29	reset	131	0.13	0
4	unsafe	30	29	reset	132	0.14	0
4	unsafe	30	29	reset	133	0.131	0
4	unsafe	30	29	reset	134	0.13	0
4	unsafe	30	29	reset	135	0.131	0
4	unsafe	30	29	reset	136	0.14	0
4	unsafe	30	29	reset	137	0.13	0
4	unsafe	30	29	reset	138	0.13	0
4	unsafe	30	29	reset	139	0.13	0
4	unsafe	30	29	reset	140	0.14	0
4	unsafe	30	29	reset	141	0.14	0
4	unsafe	30	29	reset	142	0.13	0
4	unsafe	30	29	reset	143	0.14	0
4	unsafe	30	29	reset	144	0.14	0
4	unsafe	30	29	reset	145	0.141	0
4	unsafe	30	29	reset	146	0.13	0
4	unsafe	30	29	reset	147	0.13	0
4	unsafe	30	29	reset	148	0.13	0
4	unsafe	30	29	reset	149	0.13	0
4	unsafe	30	29	reset	150	0.13	0
4	unsafe	30	29	reset	151	0.12	0
4	unsafe	30	29	reset	152	0.13	0
4	unsafe	30	29	reset	153	0.131	0
4	unsafe	30	29	reset	154	0.131	0
4	unsafe	30	29	reset	155	0.13	0
4	unsafe	30	29	reset	156	0.131	0
4	unsafe	30	29	reset	157	0.13	0
4	unsafe	30	29	reset	158	0.14	0
4	unsafe	30	29	reset	159	0.14	0
4	unsafe	30	29	reset	160	0.131	0
4	unsafe	30	29	reset	161	0.14	0
4	unsafe	30	29	reset	162	0.13	0
4	unsafe	30	29	reset	163	0.12	0
4	unsafe	30	29	reset	164	0.131	0
4	unsafe	30	29	reset	165	0.141	0
4	unsafe	30	29	reset	166	0.13	0
4	unsafe	30	29	reset	167	0.13	0
4	unsafe	30	29	reset	168	0.14	0
4	unsafe	30	29	reset	169	0.141	0
4	unsafe	30	29	reset	170	0.13	0
4	unsafe	30	29	reset	171	0.14	0
4	unsafe	30	29	reset	172	0.13	0
4	unsafe	30	29	reset	173	0.131	0
4	unsafe	30	29	reset	174	0.15	0
4	unsafe	30	29	reset	175	0.13	0
4	unsafe	30	29	reset	176	0.131	0
4	unsafe	30	29	reset	177	0.17	0
4	unsafe	30	29	reset	178	0.13	0
4	unsafe	30	29	reset	179	0.141	0
4	unsafe	30	29	reset	180	0.131	0
4	unsafe	30	29	reset	181	0.13	0
4	unsafe	30	29	reset	182	0.13	0
4	unsafe	30	29	reset	183	0.131	0
4	unsafe	30	29	reset	184	0.13	0
4	unsafe	30	29	reset	185	0.13	0
4	unsafe	30	29	reset	186	0.13	0
4	unsafe	30	29	reset	187	0.13	0
4	unsafe	30	29	reset	188	0.14	0
4	unsafe	30	29	reset	189	0.131	0
4	unsafe	30	29	reset	190	0.131	0
4	unsafe	30	29	reset	191	0.14	0
4	unsafe	30	29	reset	192	0.13	0
4	unsafe	30	29	reset	193	0.13	0
4	unsafe	30	29	reset	194	0.14	0
4	unsafe	30	29	reset	195	0.15	0
4	unsafe	30	29	reset	196	0.13	0
4	unsafe	30	29	reset	197	0.14	0
4	unsafe	30	29	reset	198	0.14	0
4	unsafe	30	29	reset	199	0.16	0
4	unsafe	30	29	reset	200	0.141	0
4	unsafe	30	29	stall	1	0.0	0
4	unsafe	30	29	stall	2	0.0	0
4	unsafe	30	29	stall	3	22.212	0
4	unsafe	30	29	stall	4	0.0	0
4	unsafe	30	29	stall	5	0.0	0
4	unsafe	30	29	stall	6	0.0	0
4	unsafe	30	29	stall	7	0.0	0
4	unsafe	30	29	stall	8	0.0	0
4	unsafe	30	29	stall	9	0.0	0
4	unsafe	30	29	stall	10	0.0	0
4	unsafe	30	29	stall	11	1940.4	0
4	unsafe	30	29	stall	12	0.0	0
4	unsafe	30	29	stall	13	0.0	0
4	unsafe	30	29	stall	14	197.132	0
4	unsafe	30	29	stall	15	0.0	0
4	unsafe	30	29	stall	16	0.0	0
4	unsafe	30	29	stall	17	378.414	0
4	unsafe	30	29	stall	18	0.0	0
4	unsafe	30	29	stall	19	0.0	0
4	unsafe	30	29	stall	20	231.126	0
4	unsafe	30	29	stall	21	1430.539	0
4	unsafe	30	29	stall	22	0.0	0
4	unsafe	30	29	stall	23	0.0	0
4	unsafe	30	29	stall	24	0.0	0
4	unsafe	30	29	stall	25	0.0	0
4	unsafe	30	29	stall	26	0.0	0
4	unsafe	30	29	stall	27	321.426	0
4	unsafe	30	29	stall	28	0.0	0
4	unsafe	30	29	stall	29	0.0	0
5	checked	1	0	reset	1	30.608	0
5	checked	1	0	reset	2	26.47	0
5	checked	1	0	reset	3	26.85	0
5	checked	1	0	reset	4	28.675	0
5	checked	1	0	reset	5	26.53	0
5	checked	1	0	reset	6	26.18	0
5	checked	1	0	reset	7	28.193	0
5	checked	1	0	reset	8	26.63	0
5	checked	1	0	reset	9	26.871	0
5	checked	1	0	reset	10	31.68	0
5	checked	1	0	reset	11	26.831	0
5	checked	1	0	reset	12	26.45	0
5	checked	1	0	reset	13	26.6	0
5	checked	1	0	reset	14	26.37	0
5	checked	1	0	reset	15	26.78	0
5	checked	1	0	reset	16	27.141	0
5	checked	1	0	reset	17	27.181	0
5	checked	1	0	reset	18	27.422	0
5	checked	1	0	reset	19	27.121	0
5	checked	1	0	reset	20	26.55	0
5	checked	1	0	reset	21	27.512	0
5	checked	1	0	reset	22	26.63	0
5	checked	1	0	reset	23	26.981	0
5	checked	1	0	reset	24	27.382	0
5	checked	1	0	reset	25	26.65	0
5	checked	1	0	reset	26	27.602	0
5	checked	1	0	reset	27	27.271	0
5	checked	1	0	reset	28	26.28	0
5	checked	1	0	reset	29	26.46	0
5	checked	1	0	reset	30	26.42	0
5	checked	1	0	reset	31	26.6	0
5	checked	1	0	reset	32	26.38	0
5	checked	1	0	reset	33	26.48	0
5	checked	1	0	reset	34	26.229	0
5	checked	1	0	reset	35	28.033	0
5	checked	1	0	reset	36	26.32	0
5	checked	1	0	reset	37	27.091	0
5	checked	1	0	reset	38	26.941	0
5	checked	1	0	reset	39	26.55	0
5	checked	1	0	reset	40	26.26	0
5	checked	1	0	reset	41	26.36	0
5	checked	1	0	reset	42	26.109	0
5	checked	1	0	reset	43	26.52	0
5	checked	1	0	reset	44	28.062	0
5	checked	1	0	reset	45	29.726	0
5	checked	1	0	reset	46	26.2	0
5	checked	1	0	reset	47	26.58	0
5	checked	1	0	reset	48	26.36	0
5	checked	1	0	reset	49	26.591	0
5	checked	1	0	reset	50	26.36	0
5	checked	1	0	reset	51	26.58	0
5	checked	1	0	reset	52	26.41	0
5	checked	1	0	reset	53	30.087	0
5	checked	1	0	reset	54	26.249	0
5	checked	1	0	reset	55	26.771	0
5	checked	1	0	reset	56	26.57	0
5	checked	1	0	reset	57	26.66	0
5	checked	1	0	reset	58	36.289	0
5	checked	1	0	reset	59	27.231	0
5	checked	1	0	reset	60	26.16	0
5	checked	1	0	reset	61	26.229	0
5	checked	1	0	reset	62	26.159	0
5	checked	1	0	reset	63	26.269	0
5	checked	1	0	reset	64	26.31	0
5	checked	1	0	reset	65	26.22	0
5	checked	1	0	reset	66	26.119	0
5	checked	1	0	reset	67	26.389	0
5	checked	1	0	reset	68	26.19	0
5	checked	1	0	reset	69	26.49	0
5	checked	1	0	reset	70	26.22	0
5	checked	1	0	reset	71	26.51	0
5	checked	1	0	reset	72	26.149	0
5	checked	1	0	reset	73	26.55	0
5	checked	1	0	reset	74	26.209	0
5	checked	1	0	reset	75	26.51	0
5	checked	1	0	reset	76	26.299	0
5	checked	1	0	reset	77	26.44	0
5	checked	1	0	reset	78	26.32	0
5	checked	1	0	reset	79	26.54	0
5	checked	1	0	reset	80	26.48	0
5	checked	1	0	reset	81	26.53	0
5	checked	1	0	reset	82	27.772	0
5	checked	1	0	reset	83	26.56	0
5	checked	1	0	reset	84	26.149	0
5	checked	1	0	reset	85	26.58	0
5	checked	1	0	reset	86	26.29	0
5	checked	1	0	reset	87	26.399	0
5	checked	1	0	reset	88	26.309	0
5	checked	1	0	reset	89	26.791	0
5	checked	1	0	reset	90	26.43	0
5	checked	1	0	reset	91	26.871	0
5	checked	1	0	reset	92	27.001	0
5	checked	1	0	reset	93	26.981	0
5	checked	1	0	reset	94	27.172	0
5	checked	1	0	reset	95	27.071	0
5	checked	1	0	reset	96	26.911	0
5	checked	1	0	reset	97	27.041	0
5	checked	1	0	reset	98	27.081	0
5	checked	1	0	reset	99	27.382	0
5	checked	1	0	reset	100	29.837	0
5	checked	1	0	reset	101	26.991	0
5	checked	1	0	reset	102	26.641	0
5	checked	1	0	reset	103	26.871	0
5	checked	1	0	reset	104	26.3	0
5	checked	1	0	reset	105	26.801	0
5	checked	1	0	reset	106	26.39	0
5	checked	1	0	reset	107	26.881	0
5	checked	1	0	reset	108	26.279	0
5	checked	1	0	reset	109	29.065	0
5	checked	1	0	reset	110	26.319	0
5	checked	1	0	reset	111	26.611	0
5	checked	1	0	reset	112	26.63	0
5	checked	1	0	reset	113	26.58	0
5	checked	1	0	reset	114	26.45	0
5	checked	1	0	reset	115	26.73	0
5	checked	1	0	reset	116	26.59	0
5	checked	1	0	reset	117	26.61	0
5	checked	1	0	reset	118	26.911	0
5	checked	1	0	reset	119	26.78	0
5	checked	1	0	reset	120	26.349	0
5	checked	1	0	reset	121	26.971	0
5	checked	1	0	reset	122	26.59	0
5	checked	1	0	reset	123	26.921	0
5	checked	1	0	reset	124	26.5	0
5	checked	1	0	reset	125	26.831	0
5	checked	1	0	reset	126	26.359	0
5	checked	1	0	reset	127	26.741	0
5	checked	1	0	reset	128	26.48	0
5	checked	1	0	reset	129	26.54	0
5	checked	1	0	reset	130	26.47	0
5	checked	1	0	reset	131	26.701	0
5	checked	1	0	reset	132	26.349	0
5	checked	1	0	reset	133	26.871	0
5	checked	1	0	reset	134	26.65	0
5	checked	1	0	reset	135	26.901	0
5	checked	1	0	reset	136	26.55	0
5	checked	1	0	reset	137	26.961	0
5	checked	1	0	reset	138	26.259	0
5	checked	1	0	reset	139	26.811	0
5	checked	1	0	reset	140	26.47	0
5	checked	1	0	reset	141	26.78	0
5	checked	1	0	reset	142	26.37	0
5	checked	1	0	reset	143	27.031	0
5	checked	1	0	reset	144	26.44	0
5	checked	1	0	reset	145	26.961	0
5	checked	1	0	reset	146	27.502	0
5	checked	1	0	reset	147	26.911	0
5	checked	1	0	reset	148	26.75	0
5	checked	1	0	reset	149	27.602	0
5	checked	1	0	reset	150	27.742	0
5	checked	1	0	reset	151	27.853	0
5	checked	1	0	reset	152	27.232	0
5	checked	1	0	reset	153	27.843	0
5	checked	1	0	reset	154	28.504	0
5	checked	1	0	reset	155	28.153	0
5	checked	1	0	reset	156	27.452	0
5	checked	1	0	reset	157	26.87	0
5	checked	1	0	reset	158	26.41	0
5	checked	1	0	reset	159	26.761	0
5	checked	1	0	reset	160	26.44	0
5	checked	1	0	reset	161	26.731	0
5	checked	1	0	reset	162	26.49	0
5	checked	1	0	reset	163	26.801	0
5	checked	1	0	reset	164	26.65	0
5	checked	1	0	reset	165	26.831	0
5	checked	1	0	reset	166	26.65	0
5	checked	1	0	reset	167	26.73	0
5	checked	1	0	reset	168	26.52	0
5	checked	1	0	reset	169	26.71	0
5	checked	1	0	reset	170	27.953	0
5	checked	1	0	reset	171	26.641	0
5	checked	1	0	reset	172	26.45	0
5	checked	1	0	reset	173	26.89	0
5	checked	1	0	reset	174	26.43	0
5	checked	1	0	reset	175	26.84	0
5	checked	1	0	reset	176	26.37	0
5	checked	1	0	reset	177	26.851	0
5	checked	1	0	reset	178	26.4	0
5	checked	1	0	reset	179	29.335	0
5	checked	1	0	reset	180	26.329	0
5	checked	1	0	reset	181	26.83	0
5	checked	1	0	reset	182	26.56	0
5	checked	1	0	reset	183	26.71	0
5	checked	1	0	reset	184	26.45	0
5	checked	1	0	reset	185	26.62	0
5	checked	1	0	reset	186	26.55	0
5	checked	1	0	reset	187	26.7	0
5	checked	1	0	reset	188	26.53	0
5	checked	1	0	reset	189	26.69	0
5	checked	1	0	reset	190	26.45	0
5	checked	1	0	reset	191	26.931	0
5	checked	1	0	reset	192	26.34	0
5	checked	1	0	reset	193	26.891	0
5	checked	1	0	reset	194	26.37	0
5	checked	1	0	reset	195	26.77	0
5	checked	1	0	reset	196	26.39	0
5	checked	1	0	reset	197	30.066	0
5	checked	1	0	reset	198	26.44	0
5	checked	1	0	reset	199	26.67	0
5	checked	1	0	reset	200	26.57	0
5	unsafe	1	0	reset	1	0.1	0
5	unsafe	1	0	reset	2	0.05	0
5	unsafe	1	0	reset	3	0.05	0
5	unsafe	1	0	reset	4	0.07	0
5	unsafe	1	0	reset	5	0.08	0
5	unsafe	1	0	reset	6	0.04	0
5	unsafe	1	0	reset	7	0.06	0
5	unsafe	1	0	reset	8	0.04	0
5	unsafe	1	0	reset	9	0.05	0
5	unsafe	1	0	reset	10	0.06	0
5	unsafe	1	0	reset	11	0.05	0
5	unsafe	1	0	reset	12	0.06	0
5	unsafe	1	0	reset	13	0.05	0
5	unsafe	1	0	reset	14	0.09	0
5	unsafe	1	0	reset	15	0.06	0
5	unsafe	1	0	reset	16	0.05	0
5	unsafe	1	0	reset	17	0.05	0
5	unsafe	1	0	reset	18	0.05	0
5	unsafe	1	0	reset	19	0.04	0
5	unsafe	1	0	reset	20	0.06	0
5	unsafe	1	0	reset	21	0.07	0
5	unsafe	1	0	reset	22	0.05	0
5	unsafe	1	0	reset	23	0.061	0
5	unsafe	1	0	reset	24	0.06	0
5	unsafe	1	0	reset	25	0.06	0
5	unsafe	1	0	reset	26	0.06	0
5	unsafe	1	0	reset	27	0.04	0
5	unsafe	1	0	reset	28	0.1	0
5	unsafe	1	0	reset	29	0.06	0
5	unsafe	1	0	reset	30	0.05	0
5	unsafe	1	0	reset	31	0.06	0
5	unsafe	1	0	reset	32	0.06	0
5	unsafe	1	0	reset	33	0.05	0
5	unsafe	1	0	reset	34	0.05	0
5	unsafe	1	0	reset	35	0.05	0
5	unsafe	1	0	reset	36	0.08	0
5	unsafe	1	0	reset	37	0.05	0
5	unsafe	1	0	reset	38	0.07	0
5	unsafe	1	0	reset	39	0.05	0
5	unsafe	1	0	reset	40	0.07	0
5	unsafe	1	0	reset	41	0.06	0
5	unsafe	1	0	reset	42	0.05	0
5	unsafe	1	0	reset	43	0.06	0
5	unsafe	1	0	reset	44	0.04	0
5	unsafe	1	0	reset	45	0.071	0
5	unsafe	1	0	reset	46	0.06	0
5	unsafe	1	0	reset	47	0.09	0
5	unsafe	1	0	reset	48	0.09	0
5	unsafe	1	0	reset	49	0.061	0
5	unsafe	1	0	reset	50	0.06	0
5	unsafe	1	0	reset	51	0.051	0
5	unsafe	1	0	reset	52	0.06	0
5	unsafe	1	0	reset	53	0.05	0
5	unsafe	1	0	reset	54	0.05	0
5	unsafe	1	0	reset	55	0.06	0
5	unsafe	1	0	reset	56	0.04	0
5	unsafe	1	0	reset	57	0.05	0
5	unsafe	1	0	reset	58	0.06	0
5	unsafe	1	0	reset	59	0.05	0
5	unsafe	1	0	reset	60	0.06	0
5	unsafe	1	0	reset	61	0.051	0
5	unsafe	1	0	reset	62	0.07	0
5	unsafe	1	0	reset	63	0.05	0
5	unsafe	1	0	reset	64	0.05	0
5	unsafe	1	0	reset	65	0.06	0
5	unsafe	1	0	reset	66	0.06	0
5	unsafe	1	0	reset	67	0.06	0
5	unsafe	1	0	reset	68	0.06	0
5	unsafe	1	0	reset	69	0.06	0
5	unsafe	1	0	reset	70	0.06	0
5	unsafe	1	0	reset	71	0.06	0
5	unsafe	1	0	reset	72	0.07	0
5	unsafe	1	0	reset	73	0.05	0
5	unsafe	1	0	reset	74	0.06	0
5	unsafe	1	0	reset	75	0.05	0
5	unsafe	1	0	reset	76	0.071	0
5	unsafe	1	0	reset	77	0.06	0
5	unsafe	1	0	reset	78	0.06	0
5	unsafe	1	0	reset	79	0.05	0
5	unsafe	1	0	reset	80	0.05	0
5	unsafe	1	0	reset	81	0.05	0
5	unsafe	1	0	reset	82	0.06	0
5	unsafe	1	0	reset	83	0.06	0
5	unsafe	1	0	reset	84	0.06	0
5	unsafe	1	0	reset	85	0.05	0
5	unsafe	1	0	reset	86	0.07	0
5	unsafe	1	0	reset	87	0.04	0
5	unsafe	1	0	reset	88	0.07	0
5	unsafe	1	0	reset	89	0.04	0
5	unsafe	1	0	reset	90	0.07	0
5	unsafe	1	0	reset	91	0.05	0
5	unsafe	1	0	reset	92	0.061	0
5	unsafe	1	0	reset	93	0.05	0
5	unsafe	1	0	reset	94	0.05	0
5	unsafe	1	0	reset	95	0.06	0
5	unsafe	1	0	reset	96	0.05	0
5	unsafe	1	0	reset	97	0.06	0
5	unsafe	1	0	reset	98	0.05	0
5	unsafe	1	0	reset	99	0.06	0
5	unsafe	1	0	reset	100	0.091	0
5	unsafe	1	0	reset	101	0.05	0
5	unsafe	1	0	reset	102	0.07	0
5	unsafe	1	0	reset	103	0.05	0
5	unsafe	1	0	reset	104	0.05	0
5	unsafe	1	0	reset	105	0.061	0
5	unsafe	1	0	reset	106	0.05	0
5	unsafe	1	0	reset	107	0.06	0
5	unsafe	1	0	reset	108	0.051	0
5	unsafe	1	0	reset	109	0.071	0
5	unsafe	1	0	reset	110	0.05	0
5	unsafe	1	0	reset	111	0.07	0
5	unsafe	1	0	reset	112	0.07	0
5	unsafe	1	0	reset	113	0.05	0
5	unsafe	1	0	reset	114	0.05	0
5	unsafe	1	0	reset	115	0.06	0
5	unsafe	1	0	reset	116	0.04	0
5	unsafe	1	0	reset	117	0.06	0
5	unsafe	1	0	reset	118	0.05	0
5	unsafe	1	0	reset	119	0.05	0
5	unsafe	1	0	reset	120	0.09	0
5	unsafe	1	0	reset	121	0.05	0
5	unsafe	1	0	reset	122	0.07	0
5	unsafe	1	0	reset	123	0.04	0
5	unsafe	1	0	reset	124	0.07	0
5	unsafe	1	0	reset	125	0.05	0
5	unsafe	1	0	reset	126	0.07	0
5	unsafe	1	0	reset	127	0.07	0
5	unsafe	1	0	reset	128	0.04	0
5	unsafe	1	0	reset	129	0.07	0
5	unsafe	1	0	reset	130	0.05	0
5	unsafe	1	0	reset	131	0.06	0
5	unsafe	1	0	reset	132	0.061	0
5	unsafe	1	0	reset	133	0.05	0
5	unsafe	1	0	reset	134	0.07	0
5	unsafe	1	0	reset	135	0.05	0
5	unsafe	1	0	reset	136	0.05	0
5	unsafe	1	0	reset	137	0.08	0
5	unsafe	1	0	reset	138	0.05	0
5	unsafe	1	0	reset	139	0.06	0
5	unsafe	1	0	reset	140	0.04	0
5	unsafe	1	0	reset	141	0.06	0
5	unsafe	1	0	reset	142	0.08	0
5	unsafe	1	0	reset	143	0.05	0
5	unsafe	1	0	reset	144	0.071	0
5	unsafe	1	0	reset	145	0.05	0
5	unsafe	1	0	reset	146	0.06	0
5	unsafe	1	0	reset	147	0.05	0
5	unsafe	1	0	reset	148	0.041	0
5	unsafe	1	0	reset	149	0.06	0
5	unsafe	1	0	reset	150	0.04	0
5	unsafe	1	0	reset	151	0.09	0
5	unsafe	1	0	reset	152	0.05	0
5	unsafe	1	0	reset	153	0.05	0
5	unsafe	1	0	reset	154	0.05	0
5	unsafe	1	0	reset	155	0.05	0
5	unsafe	1	0	reset	156	0.05	0
5	unsafe	1	0	reset	157	0.05	0
5	unsafe	1	0	reset	158	0.06	0
5	unsafe	1	0	reset	159	0.05	0
5	unsafe	1	0	reset	160	0.07	0
5	unsafe	1	0	reset	161	0.05	0
5	unsafe	1	0	reset	162	0.04	0
5	unsafe	1	0	reset	163	0.06	0
5	unsafe	1	0	reset	164	0.05	0
5	unsafe	1	0	reset	165	0.061	0
5	unsafe	1	0	reset	166	0.05	0
5	unsafe	1	0	reset	167	0.05	0
5	unsafe	1	0	reset	168	0.05	0
5	unsafe	1	0	reset	169	0.05	0
5	unsafe	1	0	reset	170	0.06	0
5	unsafe	1	0	reset	171	0.05	0
5	unsafe	1	0	reset	172	0.04	0
5	unsafe	1	0	reset	173	0.071	0
5	unsafe	1	0	reset	174	0.05	0
5	unsafe	1	0	reset	175	0.061	0
5	unsafe	1	0	reset	176	0.05	0
5	unsafe	1	0	reset	177	0.06	0
5	unsafe	1	0	reset	178	0.04	0
5	unsafe	1	0	reset	179	0.05	0
5	unsafe	1	0	reset	180	0.07	0
5	unsafe	1	0	reset	181	0.04	0
5	unsafe	1	0	reset	182	0.091	0
5	unsafe	1	0	reset	183	0.06	0
5	unsafe	1	0	reset	184	0.05	0
5	unsafe	1	0	reset	185	0.06	0
5	unsafe	1	0	reset	186	0.04	0
5	unsafe	1	0	reset	187	0.05	0
5	unsafe	1	0	reset	188	0.05	0
5	unsafe	1	0	reset	189	0.06	0
5	unsafe	1	0	reset	190	0.05	0
5	unsafe	1	0	reset	191	0.05	0
5	unsafe	1	0	reset	192	0.061	0
5	unsafe	1	0	reset	193	0.05	0
5	unsafe	1	0	reset	194	0.05	0
5	unsafe	1	0	reset	195	0.05	0
5	unsafe	1	0	reset	196	0.07	0
5	unsafe	1	0	reset	197	0.07	0
5	unsafe	1	0	reset	198	0.05	0
5	unsafe	1	0	reset	199	0.06	0
5	unsafe	1	0	reset	200	0.05	0
5	checked	4	3	reset	1	85.751	0
5	checked	4	3	reset	2	65.944	0
5	checked	4	3	reset	3	48.992	0
5	checked	4	3	reset	4	77.787	0
5	checked	4	3	reset	5	396.147	0
5	checked	4	3	reset	6	85.602	0
5	checked	4	3	reset	7	49.203	0
5	checked	4	3	reset	8	39.695	0
5	checked	4	3	reset	9	90.951	0
5	checked	4	3	reset	10	48.311	0
5	checked	4	3	reset	11	38.162	0
5	checked	4	3	reset	12	35.356	0
5	checked	4	3	reset	13	35.126	0
5	checked	4	3	reset	14	35.908	0
5	checked	4	3	reset	15	35.127	0
5	checked	4	3	reset	16	35.176	0
5	checked	4	3	reset	17	35.537	0
5	checked	4	3	reset	18	35.947	0
5	checked	4	3	reset	19	47.7	0
5	checked	4	3	reset	20	35.517	0
5	checked	4	3	reset	21	35.407	0
5	checked	4	3	reset	22	34.144	0
5	checked	4	3	reset	23	37.21	0
5	checked	4	3	reset	24	34.895	0
5	checked	4	3	reset	25	34.936	0
5	checked	4	3	reset	26	55.485	0
5	checked	4	3	reset	27	46.648	0
5	checked	4	3	reset	28	46.077	0
5	checked	4	3	reset	29	47.038	0
5	checked	4	3	reset	30	40.476	0
5	checked	4	3	reset	31	36.449	0
5	checked	4	3	reset	32	35.137	0
5	checked	4	3	reset	33	35.968	0
5	checked	4	3	reset	34	35.217	0
5	checked	4	3	reset	35	36.419	0
5	checked	4	3	reset	36	36.98	0
5	checked	4	3	reset	37	35.016	0
5	checked	4	3	reset	38	34.986	0
5	checked	4	3	reset	39	36.539	0
5	checked	4	3	reset	40	36.468	0
5	checked	4	3	reset	41	35.908	0
5	checked	4	3	reset	42	35.998	0
5	checked	4	3	reset	43	35.888	0
5	checked	4	3	reset	44	39.925	0
5	checked	4	3	reset	45	35.657	0
5	checked	4	3	reset	46	36.599	0
5	checked	4	3	reset	47	37.541	0
5	checked	4	3	reset	48	36.479	0
5	checked	4	3	reset	49	37.0	0
5	checked	4	3	reset	50	35.587	0
5	checked	4	3	reset	51	37.17	0
5	checked	4	3	reset	52	36.589	0
5	checked	4	3	reset	53	36.048	0
5	checked	4	3	reset	54	37.851	0
5	checked	4	3	reset	55	38.382	0
5	checked	4	3	reset	56	41.057	0
5	checked	4	3	reset	57	36.058	0
5	checked	4	3	reset	58	34.685	0
5	checked	4	3	reset	59	35.617	0
5	checked	4	3	reset	60	37.13	0
5	checked	4	3	reset	61	35.286	0
5	checked	4	3	reset	62	35.107	0
5	checked	4	3	reset	63	35.297	0
5	checked	4	3	reset	64	35.486	0
5	checked	4	3	reset	65	35.487	0
5	checked	4	3	reset	66	38.593	0
5	checked	4	3	reset	67	36.949	0
5	checked	4	3	reset	68	35.517	0
5	checked	4	3	reset	69	37.661	0
5	checked	4	3	reset	70	36.158	0
5	checked	4	3	reset	71	37.06	0
5	checked	4	3	reset	72	36.188	0
5	checked	4	3	reset	73	35.947	0
5	checked	4	3	reset	74	35.688	0
5	checked	4	3	reset	75	35.417	0
5	checked	4	3	reset	76	35.737	0
5	checked	4	3	reset	77	37.04	0
5	checked	4	3	reset	78	35.256	0
5	checked	4	3	reset	79	39.023	0
5	checked	4	3	reset	80	35.487	0
5	checked	4	3	reset	81	36.108	0
5	checked	4	3	reset	82	34.675	0
5	checked	4	3	reset	83	34.976	0
5	checked	4	3	reset	84	34.916	0
5	checked	4	3	reset	85	35.667	0
5	checked	4	3	reset	86	35.678	0
5	checked	4	3	reset	87	35.236	0
5	checked	4	3	reset	88	34.575	0
5	checked	4	3	reset	89	39.615	0
5	checked	4	3	reset	90	41.068	0
5	checked	4	3	reset	91	36.008	0
5	checked	4	3	reset	92	34.946	0
5	checked	4	3	reset	93	36.208	0
5	checked	4	3	reset	94	36.218	0
5	checked	4	3	reset	95	37.23	0
5	checked	4	3	reset	96	35.757	0
5	checked	4	3	reset	97	35.167	0
5	checked	4	3	reset	98	35.046	0
5	checked	4	3	reset	99	34.986	0
5	checked	4	3	reset	100	37.591	0
5	checked	4	3	reset	101	35.226	0
5	checked	4	3	reset	102	35.336	0
5	checked	4	3	reset	103	34.765	0
5	checked	4	3	reset	104	35.827	0
5	checked	4	3	reset	105	35.838	0
5	checked	4	3	reset	106	35.718	0
5	checked	4	3	reset	107	36.168	0
5	checked	4	3	reset	108	34.405	0
5	checked	4	3	reset	109	35.197	0
5	checked	4	3	reset	110	35.197	0
5	checked	4	3	reset	111	34.855	0
5	checked	4	3	reset	112	34.755	0
5	checked	4	3	reset	113	34.665	0
5	checked	4	3	reset	114	35.697	0
5	checked	4	3	reset	115	34.846	0
5	checked	4	3	reset	116	34.565	0
5	checked	4	3	reset	117	34.705	0
5	checked	4	3	reset	118	35.346	0
5	checked	4	3	reset	119	35.066	0
5	checked	4	3	reset	120	36.509	0
5	checked	4	3	reset	121	34.806	0
5	checked	4	3	reset	122	38.623	0
5	checked	4	3	reset	123	35.167	0
5	checked	4	3	reset	124	36.899	0
5	checked	4	3	reset	125	36.72	0
5	checked	4	3	reset	126	34.645	0
5	checked	4	3	reset	127	35.828	0
5	checked	4	3	reset	128	34.475	0
5	checked	4	3	reset	129	35.006	0
5	checked	4	3	reset	130	35.527	0
5	checked	4	3	reset	131	34.385	0
5	checked	4	3	reset	132	36.248	0
5	checked	4	3	reset	133	37.601	0
5	checked	4	3	reset	134	36.359	0
5	checked	4	3	reset	135	34.555	0
5	checked	4	3	reset	136	34.866	0
5	checked	4	3	reset	137	35.167	0
5	checked	4	3	reset	138	33.924	0
5	checked	4	3	reset	139	34.726	0
5	checked	4	3	reset	140	35.517	0
5	checked	4	3	reset	141	36.168	0
5	checked	4	3	reset	142	35.016	0
5	checked	4	3	reset	143	34.666	0
5	checked	4	3	reset	144	35.707	0
5	checked	4	3	reset	145	34.656	0
5	checked	4	3	reset	146	34.475	0
5	checked	4	3	reset	147	36.198	0
5	checked	4	3	reset	148	34.966	0
5	checked	4	3	reset	149	34.906	0
5	checked	4	3	reset	150	35.607	0
5	checked	4	3	reset	151	36.007	0
5	checked	4	3	reset	152	34.115	0
5	checked	4	3	reset	153	35.287	0
5	checked	4	3	reset	154	34.926	0
5	checked	4	3	reset	155	36.779	0
5	checked	4	3	reset	156	34.485	0
5	checked	4	3	reset	157	35.687	0
5	checked	4	3	reset	158	34.745	0
5	checked	4	3	reset	159	34.455	0
5	checked	4	3	reset	160	35.718	0
5	checked	4	3	reset	161	35.587	0
5	checked	4	3	reset	162	34.966	0
5	checked	4	3	reset	163	35.547	0
5	checked	4	3	reset	164	35.857	0
5	checked	4	3	reset	165	36.158	0
5	checked	4	3	reset	166	35.587	0
5	checked	4	3	reset	167	34.556	0
5	checked	4	3	reset	168	34.686	0
5	checked	4	3	reset	169	35.366	0
5	checked	4	3	reset	170	34.795	0
5	checked	4	3	reset	171	36.669	0
5	checked	4	3	reset	172	33.613	0
5	checked	4	3	reset	173	34.916	0
5	checked	4	3	reset	174	34.295	0
5	checked	4	3	reset	175	35.687	0
5	checked	4	3	reset	176	34.585	0
5	checked	4	3	reset	177	34.555	0
5	checked	4	3	reset	178	35.116	0
5	checked	4	3	reset	179	34.355	0
5	checked	4	3	reset	180	36.178	0
5	checked	4	3	reset	181	34.305	0
5	checked	4	3	reset	182	37.07	0
5	checked	4	3	reset	183	44.664	0
5	checked	4	3	reset	184	36.269	0
5	checked	4	3	reset	185	36.499	0
5	checked	4	3	reset	186	39.074	0
5	checked	4	3	reset	187	38.633	0
5	checked	4	3	reset	188	37.541	0
5	checked	4	3	reset	189	35.848	0
5	checked	4	3	reset	190	35.507	0
5	checked	4	3	reset	191	35.076	0
5	checked	4	3	reset	192	35.267	0
5	checked	4	3	reset	193	36.959	0
5	checked	4	3	reset	194	35.447	0
5	checked	4	3	reset	195	35.577	0
5	checked	4	3	reset	196	34.555	0
5	checked	4	3	reset	197	34.916	0
5	checked	4	3	reset	198	38.081	0
5	checked	4	3	reset	199	38.192	0
5	checked	4	3	reset	200	34.866	0
5	checked	4	3	stall	1	89.579	0
5	checked	4	3	stall	2	103.676	0
5	checked	4	3	stall	3	84.92	0
5	unsafe	4	3	reset	1	0.16	0
5	unsafe	4	3	reset	2	0.07	0
5	unsafe	4	3	reset	3	0.1	0
5	unsafe	4	3	reset	4	0.07	0
5	unsafe	4	3	reset	5	0.07	0
5	unsafe	4	3	reset	6	0.091	0
5	unsafe	4	3	reset	7	0.07	0
5	unsafe	4	3	reset	8	0.16	0
5	unsafe	4	3	reset	9	0.07	0
5	unsafe	4	3	reset	10	0.07	0
5	unsafe	4	3	reset	11	0.07	0
5	unsafe	4	3	reset	12	0.08	0
5	unsafe	4	3	reset	13	0.07	0
5	unsafe	4	3	reset	14	0.09	0
5	unsafe	4	3	reset	15	0.08	0
5	unsafe	4	3	reset	16	0.07	0
5	unsafe	4	3	reset	17	0.07	0
5	unsafe	4	3	reset	18	0.07	0
5	unsafe	4	3	reset	19	0.07	0
5	unsafe	4	3	reset	20	0.07	0
5	unsafe	4	3	reset	21	0.07	0
5	unsafe	4	3	reset	22	0.07	0
5	unsafe	4	3	reset	23	0.08	0
5	unsafe	4	3	reset	24	0.09	0
5	unsafe	4	3	reset	25	0.07	0
5	unsafe	4	3	reset	26	0.08	0
5	unsafe	4	3	reset	27	0.071	0
5	unsafe	4	3	reset	28	0.08	0
5	unsafe	4	3	reset	29	0.08	0
5	unsafe	4	3	reset	30	0.07	0
5	unsafe	4	3	reset	31	0.08	0
5	unsafe	4	3	reset	32	0.08	0
5	unsafe	4	3	reset	33	0.06	0
5	unsafe	4	3	reset	34	0.08	0
5	unsafe	4	3	reset	35	0.08	0
5	unsafe	4	3	reset	36	0.07	0
5	unsafe	4	3	reset	37	0.08	0
5	unsafe	4	3	reset	38	0.081	0
5	unsafe	4	3	reset	39	0.07	0
5	unsafe	4	3	reset	40	0.071	0
5	unsafe	4	3	reset	41	0.08	0
5	unsafe	4	3	reset	42	0.08	0
5	unsafe	4	3	reset	43	0.071	0
5	unsafe	4	3	reset	44	0.08	0
5	unsafe	4	3	reset	45	0.081	0
5	unsafe	4	3	reset	46	0.08	0
5	unsafe	4	3	reset	47	0.07	0
5	unsafe	4	3	reset	48	0.08	0
5	unsafe	4	3	reset	49	0.071	0
5	unsafe	4	3	reset	50	0.08	0
5	unsafe	4	3	reset	51	0.07	0
5	unsafe	4	3	reset	52	0.06	0
5	unsafe	4	3	reset	53	0.071	0
5	unsafe	4	3	reset	54	0.071	0
5	unsafe	4	3	reset	55	0.08	0
5	unsafe	4	3	reset	56	0.08	0
5	unsafe	4	3	reset	57	0.07	0
5	unsafe	4	3	reset	58	0.07	0
5	unsafe	4	3	reset	59	0.06	0
5	unsafe	4	3	reset	60	0.08	0
5	unsafe	4	3	reset	61	0.07	0
5	unsafe	4	3	reset	62	0.071	0
5	unsafe	4	3	reset	63	0.07	0
5	unsafe	4	3	reset	64	0.08	0
5	unsafe	4	3	reset	65	0.07	0
5	unsafe	4	3	reset	66	0.07	0
5	unsafe	4	3	reset	67	0.07	0
5	unsafe	4	3	reset	68	0.08	0
5	unsafe	4	3	reset	69	0.07	0
5	unsafe	4	3	reset	70	0.08	0
5	unsafe	4	3	reset	71	0.07	0
5	unsafe	4	3	reset	72	0.07	0
5	unsafe	4	3	reset	73	0.08	0
5	unsafe	4	3	reset	74	0.07	0
5	unsafe	4	3	reset	75	0.071	0
5	unsafe	4	3	reset	76	0.08	0
5	unsafe	4	3	reset	77	0.081	0
5	unsafe	4	3	reset	78	0.08	0
5	unsafe	4	3	reset	79	0.07	0
5	unsafe	4	3	reset	80	0.07	0
5	unsafe	4	3	reset	81	0.12	0
5	unsafe	4	3	reset	82	0.08	0
5	unsafe	4	3	reset	83	0.071	0
5	unsafe	4	3	reset	84	0.07	0
5	unsafe	4	3	reset	85	0.07	0
5	unsafe	4	3	reset	86	0.09	0
5	unsafe	4	3	reset	87	0.07	0
5	unsafe	4	3	reset	88	0.07	0
5	unsafe	4	3	reset	89	0.07	0
5	unsafe	4	3	reset	90	0.07	0
5	unsafe	4	3	reset	91	0.07	0
5	unsafe	4	3	reset	92	0.07	0
5	unsafe	4	3	reset	93	0.08	0
5	unsafe	4	3	reset	94	0.08	0
5	unsafe	4	3	reset	95	0.07	0
5	unsafe	4	3	reset	96	0.07	0
5	unsafe	4	3	reset	97	0.07	0
5	unsafe	4	3	reset	98	0.07	0
5	unsafe	4	3	reset	99	0.07	0
5	unsafe	4	3	reset	100	0.07	0
5	unsafe	4	3	reset	101	0.07	0
5	unsafe	4	3	reset	102	0.07	0
5	unsafe	4	3	reset	103	0.07	0
5	unsafe	4	3	reset	104	0.071	0
5	unsafe	4	3	reset	105	0.071	0
5	unsafe	4	3	reset	106	0.07	0
5	unsafe	4	3	reset	107	0.07	0
5	unsafe	4	3	reset	108	0.08	0
5	unsafe	4	3	reset	109	0.07	0
5	unsafe	4	3	reset	110	0.07	0
5	unsafe	4	3	reset	111	0.07	0
5	unsafe	4	3	reset	112	0.071	0
5	unsafe	4	3	reset	113	0.07	0
5	unsafe	4	3	reset	114	0.071	0
5	unsafe	4	3	reset	115	0.07	0
5	unsafe	4	3	reset	116	0.07	0
5	unsafe	4	3	reset	117	0.071	0
5	unsafe	4	3	reset	118	0.07	0
5	unsafe	4	3	reset	119	0.08	0
5	unsafe	4	3	reset	120	0.07	0
5	unsafe	4	3	reset	121	0.07	0
5	unsafe	4	3	reset	122	0.07	0
5	unsafe	4	3	reset	123	0.07	0
5	unsafe	4	3	reset	124	0.07	0
5	unsafe	4	3	reset	125	0.07	0
5	unsafe	4	3	reset	126	0.07	0
5	unsafe	4	3	reset	127	0.07	0
5	unsafe	4	3	reset	128	0.07	0
5	unsafe	4	3	reset	129	0.08	0
5	unsafe	4	3	reset	130	0.08	0
5	unsafe	4	3	reset	131	0.07	0
5	unsafe	4	3	reset	132	0.07	0
5	unsafe	4	3	reset	133	0.07	0
5	unsafe	4	3	reset	134	0.071	0
5	unsafe	4	3	reset	135	0.07	0
5	unsafe	4	3	reset	136	0.07	0
5	unsafe	4	3	reset	137	0.07	0
5	unsafe	4	3	reset	138	0.071	0
5	unsafe	4	3	reset	139	0.07	0
5	unsafe	4	3	reset	140	0.07	0
5	unsafe	4	3	reset	141	0.08	0
5	unsafe	4	3	reset	142	0.08	0
5	unsafe	4	3	reset	143	0.07	0
5	unsafe	4	3	reset	144	0.07	0
5	unsafe	4	3	reset	145	0.08	0
5	unsafe	4	3	reset	146	0.08	0
5	unsafe	4	3	reset	147	0.08	0
5	unsafe	4	3	reset	148	0.07	0
5	unsafe	4	3	reset	149	0.071	0
5	unsafe	4	3	reset	150	0.07	0
5	unsafe	4	3	reset	151	0.07	0
5	unsafe	4	3	reset	152	0.07	0
5	unsafe	4	3	reset	153	0.07	0
5	unsafe	4	3	reset	154	0.08	0
5	unsafe	4	3	reset	155	0.07	0
5	unsafe	4	3	reset	156	0.07	0
5	unsafe	4	3	reset	157	0.071	0
5	unsafe	4	3	reset	158	0.07	0
5	unsafe	4	3	reset	159	0.08	0
5	unsafe	4	3	reset	160	0.08	0
5	unsafe	4	3	reset	161	0.08	0
5	unsafe	4	3	reset	162	0.07	0
5	unsafe	4	3	reset	163	0.07	0
5	unsafe	4	3	reset	164	0.07	0
5	unsafe	4	3	reset	165	0.08	0
5	unsafe	4	3	reset	166	0.07	0
5	unsafe	4	3	reset	167	0.07	0
5	unsafe	4	3	reset	168	0.07	0
5	unsafe	4	3	reset	169	0.07	0
5	unsafe	4	3	reset	170	0.07	0
5	unsafe	4	3	reset	171	0.07	0
5	unsafe	4	3	reset	172	0.071	0
5	unsafe	4	3	reset	173	0.07	0
5	unsafe	4	3	reset	174	0.07	0
5	unsafe	4	3	reset	175	0.07	0
5	unsafe	4	3	reset	176	0.07	0
5	unsafe	4	3	reset	177	0.07	0
5	unsafe	4	3	reset	178	0.07	0
5	unsafe	4	3	reset	179	0.07	0
5	unsafe	4	3	reset	180	0.071	0
5	unsafe	4	3	reset	181	0.08	0
5	unsafe	4	3	reset	182	0.08	0
5	unsafe	4	3	reset	183	0.08	0
5	unsafe	4	3	reset	184	0.08	0
5	unsafe	4	3	reset	185	0.07	0
5	unsafe	4	3	reset	186	0.07	0
5	unsafe	4	3	reset	187	0.07	0
5	unsafe	4	3	reset	188	0.07	0
5	unsafe	4	3	reset	189	0.08	0
5	unsafe	4	3	reset	190	0.07	0
5	unsafe	4	3	reset	191	0.07	0
5	unsafe	4	3	reset	192	0.07	0
5	unsafe	4	3	reset	193	0.09	0
5	unsafe	4	3	reset	194	0.07	0
5	unsafe	4	3	reset	195	0.08	0
5	unsafe	4	3	reset	196	0.08	0
5	unsafe	4	3	reset	197	0.081	0
5	unsafe	4	3	reset	198	0.08	0
5	unsafe	4	3	reset	199	0.08	0
5	unsafe	4	3	reset	200	0.07	0
5	unsafe	4	3	stall	1	0.0	0
5	unsafe	4	3	stall	2	0.0	0
5	unsafe	4	3	stall	3	0.0	0
5	checked	8	7	reset	1	43.583	1
5	checked	8	7	reset	2	42.24	1
5	checked	8	7	reset	3	47.459	1
5	checked	8	7	reset	4	270.851	1
5	checked	8	7	reset	5	124.555	1
5	checked	8	7	reset	6	102.975	1
5	checked	8	7	reset	7	62.699	1
5	checked	8	7	reset	8	48.962	1
5	checked	8	7	reset	9	63.249	1
5	checked	8	7	reset	10	51.567	1
5	checked	8	7	reset	11	46.268	1
5	checked	8	7	reset	12	55.905	1
5	checked	8	7	reset	13	44.624	1
5	checked	8	7	reset	14	45.346	1
5	checked	8	7	reset	15	45.486	1
5	checked	8	7	reset	16	44.704	1
5	checked	8	7	reset	17	44.063	1
5	checked	8	7	reset	18	44.825	1
5	checked	8	7	reset	19	44.333	1
5	checked	8	7	reset	20	44.464	1
5	checked	8	7	reset	21	44.333	1
5	checked	8	7	reset	22	44.253	1
5	checked	8	7	reset	23	56.026	1
5	checked	8	7	reset	24	55.926	1
5	checked	8	7	reset	25	53.481	1
5	checked	8	7	reset	26	71.395	1
5	checked	8	7	reset	27	53.231	1
5	checked	8	7	reset	28	46.297	1
5	checked	8	7	reset	29	56.617	1
5	checked	8	7	reset	30	47.87	1
5	checked	8	7	reset	31	55.825	1
5	checked	8	7	reset	32	54.503	1
5	checked	8	7	reset	33	77.476	1
5	checked	8	7	reset	34	57.679	1
5	checked	8	7	reset	35	44.605	1
5	checked	8	7	reset	36	42.43	1
5	checked	8	7	reset	37	53.15	1
5	checked	8	7	reset	38	60.644	1
5	checked	8	7	reset	39	42.109	1
5	checked	8	7	reset	40	39.735	1
5	checked	8	7	reset	41	39.905	1
5	checked	8	7	reset	42	39.514	1
5	checked	8	7	reset	43	40.837	1
5	checked	8	7	reset	44	40.125	1
5	checked	8	7	reset	45	40.967	1
5	checked	8	7	reset	46	39.114	1
5	checked	8	7	reset	47	39.695	1
5	checked	8	7	reset	48	39.825	1
5	checked	8	7	reset	49	41.649	1
5	checked	8	7	reset	50	39.855	1
5	checked	8	7	reset	51	40.727	1
5	checked	8	7	reset	52	40.687	1
5	checked	8	7	reset	53	51.306	1
5	checked	8	7	reset	54	104.607	1
5	checked	8	7	reset	55	66.475	1
5	checked	8	7	reset	56	54.092	1
5	checked	8	7	reset	57	41.628	1
5	checked	8	7	reset	58	58.891	1
5	checked	8	7	reset	59	41.118	1
5	checked	8	7	reset	60	53.03	1
5	checked	8	7	reset	61	64.111	1
5	checked	8	7	reset	62	1813.02	1
5	checked	8	7	reset	63	55.645	1
5	checked	8	7	reset	64	53.27	1
5	checked	8	7	reset	65	52.429	1
5	checked	8	7	reset	66	51.257	1
5	checked	8	7	reset	67	55.094	1
5	checked	8	7	reset	68	51.858	1
5	checked	8	7	reset	69	43.692	1
5	checked	8	7	reset	70	43.231	1
5	checked	8	7	reset	71	45.236	1
5	checked	8	7	reset	72	43.232	1
5	checked	8	7	reset	73	43.151	1
5	checked	8	7	reset	74	43.642	1
5	checked	8	7	reset	75	43.071	1
5	checked	8	7	reset	76	55.996	1
5	checked	8	7	reset	77	45.656	1
5	checked	8	7	reset	78	43.031	1
5	checked	8	7	reset	79	43.803	1
5	checked	8	7	reset	80	43.623	1
5	checked	8	7	reset	81	43.793	1
5	checked	8	7	reset	82	43.603	1
5	checked	8	7	reset	83	189.387	1
5	checked	8	7	reset	84	60.193	1
5	checked	8	7	reset	85	49.353	1
5	checked	8	7	reset	86	97.484	1
5	checked	8	7	reset	87	86.343	1
5	checked	8	7	reset	88	113.344	1
5	checked	8	7	reset	89	57.949	1
5	checked	8	7	reset	90	57.208	1
5	checked	8	7	reset	91	52.308	1
5	checked	8	7	reset	92	68.169	1
5	checked	8	7	reset	93	54.923	1
5	checked	8	7	reset	94	61.557	1
5	checked	8	7	reset	95	54.022	1
5	checked	8	7	reset	96	55.745	1
5	checked	8	7	reset	97	54.934	1
5	checked	8	7	reset	98	58.451	1
5	checked	8	7	reset	99	50.916	1
5	checked	8	7	reset	100	56.938	1
5	checked	8	7	reset	101	53.961	1
5	checked	8	7	reset	102	54.002	1
5	checked	8	7	reset	103	55.405	1
5	checked	8	7	reset	104	55.655	1
5	checked	8	7	reset	105	48.943	1
5	checked	8	7	reset	106	59.282	1
5	checked	8	7	reset	107	52.509	1
5	checked	8	7	reset	108	52.559	1
5	checked	8	7	reset	109	48.853	1
5	checked	8	7	reset	110	52.569	1
5	checked	8	7	reset	111	51.808	1
5	checked	8	7	reset	112	54.031	1
5	checked	8	7	reset	113	57.999	1
5	checked	8	7	reset	114	79.019	1
5	checked	8	7	reset	115	50.606	1
5	checked	8	7	reset	116	58.741	1
5	checked	8	7	reset	117	65.444	1
5	checked	8	7	reset	118	54.583	1
5	checked	8	7	reset	119	54.833	1
5	checked	8	7	reset	120	132.56	1
5	checked	8	7	reset	121	69.06	1
5	checked	8	7	reset	122	47.109	1
5	checked	8	7	reset	123	44.815	1
5	checked	8	7	reset	124	60.955	1
5	checked	8	7	reset	125	60.063	1
5	checked	8	7	reset	126	62.638	1
5	checked	8	7	reset	127	44.664	1
5	checked	8	7	reset	128	40.697	1
5	checked	8	7	reset	129	40.276	1
5	checked	8	7	reset	130	40.076	1
5	checked	8	7	reset	131	39.855	1
5	checked	8	7	reset	132	39.935	1
5	checked	8	7	reset	133	43.352	1
5	checked	8	7	reset	134	39.445	1
5	checked	8	7	reset	135	39.945	1
5	checked	8	7	reset	136	40.026	1
5	checked	8	7	reset	137	43.602	1
5	checked	8	7	reset	138	39.684	1
5	checked	8	7	reset	139	40.176	1
5	checked	8	7	reset	140	40.106	1
5	checked	8	7	reset	141	39.966	1
5	checked	8	7	reset	142	39.905	1
5	checked	8	7	reset	143	39.905	1
5	checked	8	7	reset	144	41.919	1
5	checked	8	7	reset	145	41.038	1
5	checked	8	7	reset	146	41.889	1
5	checked	8	7	reset	147	40.076	1
5	checked	8	7	reset	148	45.897	1
5	checked	8	7	reset	149	41.067	1
5	checked	8	7	reset	150	42.019	1
5	checked	8	7	reset	151	41.348	1
5	checked	8	7	reset	152	41.338	1
5	checked	8	7	reset	153	40.887	1
5	checked	8	7	reset	154	41.137	1
5	checked	8	7	reset	155	40.977	1
5	checked	8	7	reset	156	40.947	1
5	checked	8	7	reset	157	41.228	1
5	checked	8	7	reset	158	40.837	1
5	checked	8	7	reset	159	40.987	1
5	checked	8	7	reset	160	40.877	1
5	checked	8	7	reset	161	42.861	1
5	checked	8	7	reset	162	40.968	1
5	checked	8	7	reset	163	40.517	1
5	checked	8	7	reset	164	40.396	1
5	checked	8	7	reset	165	41.959	1
5	checked	8	7	reset	166	42.019	1
5	checked	8	7	reset	167	41.338	1
5	checked	8	7	reset	168	41.498	1
5	checked	8	7	reset	169	40.958	1
5	checked	8	7	reset	170	40.717	1
5	checked	8	7	reset	171	42.009	1
5	checked	8	7	reset	172	42.28	1
5	checked	8	7	reset	173	41.318	1
5	checked	8	7	reset	174	41.038	1
5	checked	8	7	reset	175	40.467	1
5	checked	8	7	reset	176	40.126	1
5	checked	8	7	reset	177	40.146	1
5	checked	8	7	reset	178	43.763	1
5	checked	8	7	reset	179	39.955	1
5	checked	8	7	reset	180	40.156	1
5	checked	8	7	reset	181	40.316	1
5	checked	8	7	reset	182	39.965	1
5	checked	8	7	reset	183	39.585	1
5	checked	8	7	reset	184	39.795	1
5	checked	8	7	reset	185	40.366	1
5	checked	8	7	reset	186	41.118	1
5	checked	8	7	reset	187	39.826	1
5	checked	8	7	reset	188	40.145	1
5	checked	8	7	reset	189	40.486	1
5	checked	8	7	reset	190	40.246	1
5	checked	8	7	reset	191	39.605	1
5	checked	8	7	reset	192	39.946	1
5	checked	8	7	reset	193	40.837	1
5	checked	8	7	reset	194	39.845	1
5	checked	8	7	reset	195	40.015	1
5	checked	8	7	reset	196	41.458	1
5	checked	8	7	reset	197	40.807	1
5	checked	8	7	reset	198	40.296	1
5	checked	8	7	reset	199	40.056	1
5	checked	8	7	reset	200	40.386	1
5	checked	8	7	stall	1	147.769	1
5	checked	8	7	stall	2	145.484	1
5	checked	8	7	stall	3	144.633	1
5	checked	8	7	stall	4	147.028	1
5	checked	8	7	stall	5	147.538	1
5	checked	8	7	stall	6	145.524	1
5	checked	8	7	stall	7	144.843	1
5	unsafe	8	7	reset	1	0.15	1
5	unsafe	8	7	reset	2	0.08	1
5	unsafe	8	7	reset	3	0.08	1
5	unsafe	8	7	reset	4	0.07	1
5	unsafe	8	7	reset	5	0.07	1
5	unsafe	8	7	reset	6	1.042	1
5	unsafe	8	7	reset	7	0.21	1
5	unsafe	8	7	reset	8	0.07	1
5	unsafe	8	7	reset	9	0.07	1
5	unsafe	8	7	reset	10	0.08	1
5	unsafe	8	7	reset	11	0.07	1
5	unsafe	8	7	reset	12	0.07	1
5	unsafe	8	7	reset	13	0.061	1
5	unsafe	8	7	reset	14	0.07	1
5	unsafe	8	7	reset	15	0.08	1
5	unsafe	8	7	reset	16	0.07	1
5	unsafe	8	7	reset	17	0.07	1
5	unsafe	8	7	reset	18	0.07	1
5	unsafe	8	7	reset	19	0.07	1
5	unsafe	8	7	reset	20	0.08	1
5	unsafe	8	7	reset	21	0.11	1
5	unsafe	8	7	reset	22	0.081	1
5	unsafe	8	7	reset	23	0.08	1
5	unsafe	8	7	reset	24	0.07	1
5	unsafe	8	7	reset	25	0.07	1
5	unsafe	8	7	reset	26	0.141	1
5	unsafe	8	7	reset	27	0.08	1
5	unsafe	8	7	reset	28	0.071	1
5	unsafe	8	7	reset	29	0.07	1
5	unsafe	8	7	reset	30	0.08	1
5	unsafe	8	7	reset	31	0.08	1
5	unsafe	8	7	reset	32	0.07	1
5	unsafe	8	7	reset	33	0.07	1
5	unsafe	8	7	reset	34	0.071	1
5	unsafe	8	7	reset	35	0.07	1
5	unsafe	8	7	reset	36	0.07	1
5	unsafe	8	7	reset	37	0.07	1
5	unsafe	8	7	reset	38	0.08	1
5	unsafe	8	7	reset	39	0.08	1
5	unsafe	8	7	reset	40	0.081	1
5	unsafe	8	7	reset	41	0.07	1
5	unsafe	8	7	reset	42	0.08	1
5	unsafe	8	7	reset	43	0.08	1
5	unsafe	8	7	reset	44	0.081	1
5	unsafe	8	7	reset	45	0.07	1
5	unsafe	8	7	reset	46	0.07	1
5	unsafe	8	7	reset	47	0.09	1
5	unsafe	8	7	reset	48	0.08	1
5	unsafe	8	7	reset	49	0.07	1
5	unsafe	8	7	reset	50	0.08	1
5	unsafe	8	7	reset	51	0.08	1
5	unsafe	8	7	reset	52	0.071	1
5	unsafe	8	7	reset	53	0.07	1
5	unsafe	8	7	reset	54	0.07	1
5	unsafe	8	7	reset	55	0.07	1
5	unsafe	8	7	reset	56	0.08	1
5	unsafe	8	7	reset	57	0.07	1
5	unsafe	8	7	reset	58	0.07	1
5	unsafe	8	7	reset	59	0.08	1
5	unsafe	8	7	reset	60	0.08	1
5	unsafe	8	7	reset	61	0.08	1
5	unsafe	8	7	reset	62	0.071	1
5	unsafe	8	7	reset	63	0.07	1
5	unsafe	8	7	reset	64	0.07	1
5	unsafe	8	7	reset	65	0.08	1
5	unsafe	8	7	reset	66	0.08	1
5	unsafe	8	7	reset	67	0.081	1
5	unsafe	8	7	reset	68	0.07	1
5	unsafe	8	7	reset	69	0.08	1
5	unsafe	8	7	reset	70	0.08	1
5	unsafe	8	7	reset	71	0.08	1
5	unsafe	8	7	reset	72	0.08	1
5	unsafe	8	7	reset	73	0.081	1
5	unsafe	8	7	reset	74	0.07	1
5	unsafe	8	7	reset	75	0.08	1
5	unsafe	8	7	reset	76	0.08	1
5	unsafe	8	7	reset	77	0.07	1
5	unsafe	8	7	reset	78	0.08	1
5	unsafe	8	7	reset	79	0.08	1
5	unsafe	8	7	reset	80	0.08	1
5	unsafe	8	7	reset	81	0.08	1
5	unsafe	8	7	reset	82	0.071	1
5	unsafe	8	7	reset	83	0.08	1
5	unsafe	8	7	reset	84	0.07	1
5	unsafe	8	7	reset	85	0.08	1
5	unsafe	8	7	reset	86	0.07	1
5	unsafe	8	7	reset	87	0.08	1
5	unsafe	8	7	reset	88	0.07	1
5	unsafe	8	7	reset	89	0.08	1
5	unsafe	8	7	reset	90	0.08	1
5	unsafe	8	7	reset	91	0.07	1
5	unsafe	8	7	reset	92	0.07	1
5	unsafe	8	7	reset	93	0.07	1
5	unsafe	8	7	reset	94	0.08	1
5	unsafe	8	7	reset	95	0.081	1
5	unsafe	8	7	reset	96	0.081	1
5	unsafe	8	7	reset	97	0.09	1
5	unsafe	8	7	reset	98	0.07	1
5	unsafe	8	7	reset	99	0.07	1
5	unsafe	8	7	reset	100	0.07	1
5	unsafe	8	7	reset	101	0.08	1
5	unsafe	8	7	reset	102	0.08	1
5	unsafe	8	7	reset	103	0.07	1
5	unsafe	8	7	reset	104	0.07	1
5	unsafe	8	7	reset	105	0.061	1
5	unsafe	8	7	reset	106	0.08	1
5	unsafe	8	7	reset	107	0.07	1
5	unsafe	8	7	reset	108	0.07	1
5	unsafe	8	7	reset	109	0.08	1
5	unsafe	8	7	reset	110	0.071	1
5	unsafe	8	7	reset	111	0.071	1
5	unsafe	8	7	reset	112	0.07	1
5	unsafe	8	7	reset	113	0.081	1
5	unsafe	8	7	reset	114	0.08	1
5	unsafe	8	7	reset	115	0.08	1
5	unsafe	8	7	reset	116	0.071	1
5	unsafe	8	7	reset	117	0.07	1
5	unsafe	8	7	reset	118	0.09	1
5	unsafe	8	7	reset	119	0.08	1
5	unsafe	8	7	reset	120	0.07	1
5	unsafe	8	7	reset	121	0.081	1
5	unsafe	8	7	reset	122	0.08	1
5	unsafe	8	7	reset	123	0.07	1
5	unsafe	8	7	reset	124	0.07	1
5	unsafe	8	7	reset	125	0.081	1
5	unsafe	8	7	reset	126	0.081	1
5	unsafe	8	7	reset	127	0.07	1
5	unsafe	8	7	reset	128	0.08	1
5	unsafe	8	7	reset	129	0.08	1
5	unsafe	8	7	reset	130	0.09	1
5	unsafe	8	7	reset	131	0.07	1
5	unsafe	8	7	reset	132	0.07	1
5	unsafe	8	7	reset	133	0.081	1
5	unsafe	8	7	reset	134	0.07	1
5	unsafe	8	7	reset	135	0.08	1
5	unsafe	8	7	reset	136	0.08	1
5	unsafe	8	7	reset	137	0.07	1
5	unsafe	8	7	reset	138	0.081	1
5	unsafe	8	7	reset	139	0.08	1
5	unsafe	8	7	reset	140	0.081	1
5	unsafe	8	7	reset	141	0.11	1
5	unsafe	8	7	reset	142	0.08	1
5	unsafe	8	7	reset	143	0.08	1
5	unsafe	8	7	reset	144	0.07	1
5	unsafe	8	7	reset	145	0.081	1
5	unsafe	8	7	reset	146	0.07	1
5	unsafe	8	7	reset	147	0.07	1
5	unsafe	8	7	reset	148	0.081	1
5	unsafe	8	7	reset	149	0.07	1
5	unsafe	8	7	reset	150	0.08	1
5	unsafe	8	7	reset	151	0.07	1
5	unsafe	8	7	reset	152	0.07	1
5	unsafe	8	7	reset	153	0.08	1
5	unsafe	8	7	reset	154	0.08	1
5	unsafe	8	7	reset	155	0.07	1
5	unsafe	8	7	reset	156	0.08	1
5	unsafe	8	7	reset	157	0.071	1
5	unsafe	8	7	reset	158	0.08	1
5	unsafe	8	7	reset	159	0.07	1
5	unsafe	8	7	reset	160	0.08	1
5	unsafe	8	7	reset	161	0.08	1
5	unsafe	8	7	reset	162	0.07	1
5	unsafe	8	7	reset	163	0.081	1
5	unsafe	8	7	reset	164	0.091	1
5	unsafe	8	7	reset	165	0.07	1
5	unsafe	8	7	reset	166	0.081	1
5	unsafe	8	7	reset	167	0.08	1
5	unsafe	8	7	reset	168	0.091	1
5	unsafe	8	7	reset	169	0.071	1
5	unsafe	8	7	reset	170	0.08	1
5	unsafe	8	7	reset	171	0.08	1
5	unsafe	8	7	reset	172	0.071	1
5	unsafe	8	7	reset	173	0.08	1
5	unsafe	8	7	reset	174	0.081	1
5	unsafe	8	7	reset	175	0.08	1
5	unsafe	8	7	reset	176	0.07	1
5	unsafe	8	7	reset	177	0.07	1
5	unsafe	8	7	reset	178	0.08	1
5	unsafe	8	7	reset	179	0.08	1
5	unsafe	8	7	reset	180	0.081	1
5	unsafe	8	7	reset	181	0.08	1
5	unsafe	8	7	reset	182	0.08	1
5	unsafe	8	7	reset	183	0.08	1
5	unsafe	8	7	reset	184	0.071	1
5	unsafe	8	7	reset	185	0.081	1
5	unsafe	8	7	reset	186	0.08	1
5	unsafe	8	7	reset	187	0.08	1
5	unsafe	8	7	reset	188	0.08	1
5	unsafe	8	7	reset	189	0.07	1
5	unsafe	8	7	reset	190	0.07	1
5	unsafe	8	7	reset	191	0.07	1
5	unsafe	8	7	reset	192	0.07	1
5	unsafe	8	7	reset	193	0.07	1
5	unsafe	8	7	reset	194	0.08	1
5	unsafe	8	7	reset	195	0.08	1
5	unsafe	8	7	reset	196	0.07	1
5	unsafe	8	7	reset	197	0.07	1
5	unsafe	8	7	reset	198	0.07	1
5	unsafe	8	7	reset	199	0.07	1
5	unsafe	8	7	reset	200	0.08	1
5	unsafe	8	7	stall	1	0.0	1
5	unsafe	8	7	stall	2	0.0	1
5	unsafe	8	7	stall	3	0.0	1
5	unsafe	8	7	stall	4	0.0	1
5	unsafe	8	7	stall	5	0.0	1
5	unsafe	8	7	stall	6	0.0	1
5	unsafe	8	7	stall	7	0.0	1
5	checked	16	15	reset	1	93.245	0
5	checked	16	15	reset	2	52.349	0
5	checked	16	15	reset	3	147.498	0
5	checked	16	15	reset	4	455.91	0
5	checked	16	15	reset	5	45.205	0
5	checked	16	15	reset	6	108.295	0
5	checked	16	15	reset	7	75.743	0
5	checked	16	15	reset	8	80.882	0
5	checked	16	15	reset	9	75.673	0
5	checked	16	15	reset	10	73.088	0
5	checked	16	15	reset	11	68.7	0
5	checked	16	15	reset	12	69.752	0
5	checked	16	15	reset	13	64.351	0
5	checked	16	15	reset	14	66.045	0
5	checked	16	15	reset	15	175.251	0
5	checked	16	15	reset	16	88.166	0
5	checked	16	15	reset	17	78.398	0
5	checked	16	15	reset	18	79.19	0
5	checked	16	15	reset	19	79.049	0
5	checked	16	15	reset	20	78.147	0
5	checked	16	15	reset	21	74.059	0
5	checked	16	15	reset	22	77.076	0
5	checked	16	15	reset	23	71.405	0
5	checked	16	15	reset	24	70.433	0
5	checked	16	15	reset	25	69.621	0
5	checked	16	15	reset	26	69.811	0
5	checked	16	15	reset	27	71.315	0
5	checked	16	15	reset	28	72.096	0
5	checked	16	15	reset	29	72.937	0
5	checked	16	15	reset	30	70.002	0
5	checked	16	15	reset	31	74.541	0
5	checked	16	15	reset	32	69.15	0
5	checked	16	15	reset	33	68.95	0
5	checked	16	15	reset	34	71.636	0
5	checked	16	15	reset	35	67.418	0
5	checked	16	15	reset	36	72.146	0
5	checked	16	15	reset	37	69.471	0
5	checked	16	15	reset	38	71.054	0
5	checked	16	15	reset	39	68.349	0
5	checked	16	15	reset	40	69.08	0
5	checked	16	15	reset	41	70.032	0
5	checked	16	15	reset	42	71.755	0
5	checked	16	15	reset	43	68.97	0
5	checked	16	15	reset	44	70.603	0
5	checked	16	15	reset	45	73.078	0
5	checked	16	15	reset	46	68.629	0
5	checked	16	15	reset	47	65.093	0
5	checked	16	15	reset	48	66.806	0
5	checked	16	15	reset	49	67.347	0
5	checked	16	15	reset	50	66.085	0
5	checked	16	15	reset	51	72.416	0
5	checked	16	15	reset	52	67.287	0
5	checked	16	15	reset	53	72.176	0
5	checked	16	15	reset	54	69.962	0
5	checked	16	15	reset	55	71.354	0
5	checked	16	15	reset	56	76.504	0
5	checked	16	15	reset	57	69.501	0
5	checked	16	15	reset	58	74.31	0
5	checked	16	15	reset	59	161.564	0
5	checked	16	15	reset	60	72.116	0
5	checked	16	15	reset	61	68.358	0
5	checked	16	15	reset	62	70.733	0
5	checked	16	15	reset	63	69.992	0
5	checked	16	15	reset	64	66.736	0
5	checked	16	15	reset	65	68.449	0
5	checked	16	15	reset	66	66.816	0
5	checked	16	15	reset	67	68.99	0
5	checked	16	15	reset	68	66.255	0
5	checked	16	15	reset	69	66.105	0
5	checked	16	15	reset	70	64.882	0
5	checked	16	15	reset	71	70.383	0
5	checked	16	15	reset	72	64.472	0
5	checked	16	15	reset	73	67.517	0
5	checked	16	15	reset	74	63.6	0
5	checked	16	15	reset	75	72.857	0
5	checked	16	15	reset	76	70.734	0
5	checked	16	15	reset	77	67.898	0
5	checked	16	15	reset	78	66.836	0
5	checked	16	15	reset	79	69.13	0
5	checked	16	15	reset	80	69.521	0
5	checked	16	15	reset	81	68.459	0
5	checked	16	15	reset	82	69.722	0
5	checked	16	15	reset	83	78.598	0
5	checked	16	15	reset	84	69.521	0
5	checked	16	15	reset	85	73.97	0
5	checked	16	15	reset	86	69.251	0
5	checked	16	15	reset	87	71.124	0
5	checked	16	15	reset	88	74.751	0
5	checked	16	15	reset	89	82.585	0
5	checked	16	15	reset	90	70.473	0
5	checked	16	15	reset	91	74.271	0
5	checked	16	15	reset	92	68.019	0
5	checked	16	15	reset	93	67.598	0
5	checked	16	15	reset	94	67.548	0
5	checked	16	15	reset	95	65.564	0
5	checked	16	15	reset	96	74.35	0
5	checked	16	15	reset	97	66.696	0
5	checked	16	15	reset	98	71.415	0
5	checked	16	15	reset	99	68.148	0
5	checked	16	15	reset	100	67.698	0
5	checked	16	15	reset	101	65.434	0
5	checked	16	15	reset	102	69.692	0
5	checked	16	15	reset	103	67.087	0
5	checked	16	15	reset	104	68.059	0
5	checked	16	15	reset	105	65.474	0
5	checked	16	15	reset	106	64.101	0
5	checked	16	15	reset	107	65.724	0
5	checked	16	15	reset	108	66.705	0
5	checked	16	15	reset	109	69.431	0
5	checked	16	15	reset	110	69.281	0
5	checked	16	15	reset	111	64.782	0
5	checked	16	15	reset	112	72.236	0
5	checked	16	15	reset	113	68.249	0
5	checked	16	15	reset	114	81.463	0
5	checked	16	15	reset	115	73.098	0
5	checked	16	15	reset	116	73.368	0
5	checked	16	15	reset	117	66.936	0
5	checked	16	15	reset	118	65.554	0
5	checked	16	15	reset	119	66.936	0
5	checked	16	15	reset	120	74.711	0
5	checked	16	15	reset	121	69.902	0
5	checked	16	15	reset	122	68.238	0
5	checked	16	15	reset	123	65.574	0
5	checked	16	15	reset	124	70.884	0
5	checked	16	15	reset	125	65.433	0
5	checked	16	15	reset	126	67.668	0
5	checked	16	15	reset	127	67.006	0
5	checked	16	15	reset	128	70.202	0
5	checked	16	15	reset	129	69.171	0
5	checked	16	15	reset	130	68.088	0
5	checked	16	15	reset	131	66.115	0
5	checked	16	15	reset	132	62.258	0
5	checked	16	15	reset	133	63.139	0
5	checked	16	15	reset	134	71.715	0
5	checked	16	15	reset	135	69.982	0
5	checked	16	15	reset	136	64.522	0
5	checked	16	15	reset	137	70.653	0
5	checked	16	15	reset	138	66.866	0
5	checked	16	15	reset	139	65.514	0
5	checked	16	15	reset	140	70.433	0
5	checked	16	15	reset	141	69.141	0
5	checked	16	15	reset	142	65.534	0
5	checked	16	15	reset	143	67.798	0
5	checked	16	15	reset	144	68.639	0
5	checked	16	15	reset	145	69.471	0
5	checked	16	15	reset	146	74.571	0
5	checked	16	15	reset	147	66.636	0
5	checked	16	15	reset	148	66.184	0
5	checked	16	15	reset	149	70.984	0
5	checked	16	15	reset	150	65.193	0
5	checked	16	15	reset	151	62.968	0
5	checked	16	15	reset	152	70.713	0
5	checked	16	15	reset	153	66.385	0
5	checked	16	15	reset	154	83.277	0
5	checked	16	15	reset	155	69.0	0
5	checked	16	15	reset	156	70.783	0
5	checked	16	15	reset	157	67.417	0
5	checked	16	15	reset	158	73.439	0
5	checked	16	15	reset	159	67.377	0
5	checked	16	15	reset	160	69.802	0
5	checked	16	15	reset	161	70.884	0
5	checked	16	15	reset	162	67.999	0
5	checked	16	15	reset	163	68.9	0
5	checked	16	15	reset	164	69.641	0
5	checked	16	15	reset	165	67.718	0
5	checked	16	15	reset	166	66.305	0
5	checked	16	15	reset	167	66.906	0
5	checked	16	15	reset	168	67.557	0
5	checked	16	15	reset	169	70.543	0
5	checked	16	15	reset	170	67.878	0
5	checked	16	15	reset	171	67.388	0
5	checked	16	15	reset	172	72.737	0
5	checked	16	15	reset	173	68.59	0
5	checked	16	15	reset	174	66.546	0
5	checked	16	15	reset	175	66.676	0
5	checked	16	15	reset	176	70.263	0
5	checked	16	15	reset	177	70.112	0
5	checked	16	15	reset	178	69.572	0
5	checked	16	15	reset	179	67.598	0
5	checked	16	15	reset	180	66.556	0
5	checked	16	15	reset	181	68.84	0
5	checked	16	15	reset	182	67.147	0
5	checked	16	15	reset	183	64.982	0
5	checked	16	15	reset	184	67.597	0
5	checked	16	15	reset	185	64.813	0
5	checked	16	15	reset	186	71.074	0
5	checked	16	15	reset	187	68.489	0
5	checked	16	15	reset	188	63.67	0
5	checked	16	15	reset	189	66.295	0
5	checked	16	15	reset	190	63.139	0
5	checked	16	15	reset	191	67.367	0
5	checked	16	15	reset	192	67.928	0
5	checked	16	15	reset	193	66.105	0
5	checked	16	15	reset	194	67.137	0
5	checked	16	15	reset	195	67.597	0
5	checked	16	15	reset	196	67.177	0
5	checked	16	15	reset	197	63.54	0
5	checked	16	15	reset	198	67.137	0
5	checked	16	15	reset	199	66.896	0
5	checked	16	15	reset	200	66.405	0
5	checked	16	15	stall	1	144.292	0
5	checked	16	15	stall	2	144.602	0
5	checked	16	15	stall	3	153.299	0
5	checked	16	15	stall	4	143.771	0
5	checked	16	15	stall	5	147.488	0
5	checked	16	15	stall	6	147.037	0
5	checked	16	15	stall	7	144.442	0
5	checked	16	15	stall	8	146.647	0
5	checked	16	15	stall	9	148.26	0
5	checked	16	15	stall	10	147.859	0
5	checked	16	15	stall	11	169.249	0
5	checked	16	15	stall	12	141.437	0
5	checked	16	15	stall	13	146.847	0
5	checked	16	15	stall	14	145.685	0
5	checked	16	15	stall	15	145.164	0
5	unsafe	16	15	reset	1	0.171	0
5	unsafe	16	15	reset	2	0.1	0
5	unsafe	16	15	reset	3	0.07	0
5	unsafe	16	15	reset	4	0.09	0
5	unsafe	16	15	reset	5	0.221	0
5	unsafe	16	15	reset	6	0.19	0
5	unsafe	16	15	reset	7	0.261	0
5	unsafe	16	15	reset	8	0.13	0
5	unsafe	16	15	reset	9	0.13	0
5	unsafe	16	15	reset	10	0.131	0
5	unsafe	16	15	reset	11	0.131	0
5	unsafe	16	15	reset	12	0.151	0
5	unsafe	16	15	reset	13	0.13	0
5	unsafe	16	15	reset	14	0.131	0
5	unsafe	16	15	reset	15	0.131	0
5	unsafe	16	15	reset	16	0.12	0
5	unsafe	16	15	reset	17	0.14	0
5	unsafe	16	15	reset	18	0.121	0
5	unsafe	16	15	reset	19	0.131	0
5	unsafe	16	15	reset	20	0.13	0
5	unsafe	16	15	reset	21	0.13	0
5	unsafe	16	15	reset	22	0.13	0
5	unsafe	16	15	reset	23	0.13	0
5	unsafe	16	15	reset	24	0.25	0
5	unsafe	16	15	reset	25	0.12	0
5	unsafe	16	15	reset	26	0.12	0
5	unsafe	16	15	reset	27	0.131	0
5	unsafe	16	15	reset	28	0.12	0
5	unsafe	16	15	reset	29	0.14	0
5	unsafe	16	15	reset	30	0.12	0
5	unsafe	16	15	reset	31	0.13	0
5	unsafe	16	15	reset	32	0.12	0
5	unsafe	16	15	reset	33	0.12	0
5	unsafe	16	15	reset	34	0.12	0
5	unsafe	16	15	reset	35	0.14	0
5	unsafe	16	15	reset	36	2.555	0
5	unsafe	16	15	reset	37	0.1	0
5	unsafe	16	15	reset	38	0.09	0
5	unsafe	16	15	reset	39	0.091	0
5	unsafe	16	15	reset	40	0.09	0
5	unsafe	16	15	reset	41	0.08	0
5	unsafe	16	15	reset	42	0.1	0
5	unsafe	16	15	reset	43	0.1	0
5	unsafe	16	15	reset	44	0.08	0
5	unsafe	16	15	reset	45	0.1	0
5	unsafe	16	15	reset	46	0.09	0
5	unsafe	16	15	reset	47	0.091	0
5	unsafe	16	15	reset	48	0.09	0
5	unsafe	16	15	reset	49	0.08	0
5	unsafe	16	15	reset	50	0.09	0
5	unsafe	16	15	reset	51	0.09	0
5	unsafe	16	15	reset	52	0.1	0
5	unsafe	16	15	reset	53	0.09	0
5	unsafe	16	15	reset	54	0.1	0
5	unsafe	16	15	reset	55	0.11	0
5	unsafe	16	15	reset	56	0.141	0
5	unsafe	16	15	reset	57	0.09	0
5	unsafe	16	15	reset	58	0.1	0
5	unsafe	16	15	reset	59	0.07	0
5	unsafe	16	15	reset	60	0.09	0
5	unsafe	16	15	reset	61	0.091	0
5	unsafe	16	15	reset	62	0.1	0
5	unsafe	16	15	reset	63	0.08	0
5	unsafe	16	15	reset	64	0.101	0
5	unsafe	16	15	reset	65	0.1	0
5	unsafe	16	15	reset	66	0.1	0
5	unsafe	16	15	reset	67	0.1	0
5	unsafe	16	15	reset	68	0.12	0
5	unsafe	16	15	reset	69	0.07	0
5	unsafe	16	15	reset	70	0.08	0
5	unsafe	16	15	reset	71	0.081	0
5	unsafe	16	15	reset	72	0.1	0
5	unsafe	16	15	reset	73	0.1	0
5	unsafe	16	15	reset	74	0.07	0
5	unsafe	16	15	reset	75	0.08	0
5	unsafe	16	15	reset	76	0.101	0
5	unsafe	16	15	reset	77	0.09	0
5	unsafe	16	15	reset	78	0.09	0
5	unsafe	16	15	reset	79	0.09	0
5	unsafe	16	15	reset	80	0.09	0
5	unsafe	16	15	reset	81	0.09	0
5	unsafe	16	15	reset	82	0.09	0
5	unsafe	16	15	reset	83	0.09	0
5	unsafe	16	15	reset	84	0.08	0
5	unsafe	16	15	reset	85	0.081	0
5	unsafe	16	15	reset	86	0.1	0
5	unsafe	16	15	reset	87	0.09	0
5	unsafe	16	15	reset	88	0.09	0
5	unsafe	16	15	reset	89	0.06	0
5	unsafe	16	15	reset	90	0.08	0
5	unsafe	16	15	reset	91	0.11	0
5	unsafe	16	15	reset	92	0.1	0
5	unsafe	16	15	reset	93	0.09	0
5	unsafe	16	15	reset	94	0.08	0
5	unsafe	16	15	reset	95	0.09	0
5	unsafe	16	15	reset	96	0.08	0
5	unsafe	16	15	reset	97	0.1	0
5	unsafe	16	15	reset	98	0.08	0
5	unsafe	16	15	reset	99	0.09	0
5	unsafe	16	15	reset	100	0.09	0
5	unsafe	16	15	reset	101	0.1	0
5	unsafe	16	15	reset	102	0.1	0
5	unsafe	16	15	reset	103	0.08	0
5	unsafe	16	15	reset	104	0.1	0
5	unsafe	16	15	reset	105	0.09	0
5	unsafe	16	15	reset	106	0.08	0
5	unsafe	16	15	reset	107	0.1	0
5	unsafe	16	15	reset	108	0.111	0
5	unsafe	16	15	reset	109	0.08	0
5	unsafe	16	15	reset	110	0.09	0
5	unsafe	16	15	reset	111	0.08	0
5	unsafe	16	15	reset	112	0.08	0
5	unsafe	16	15	reset	113	0.09	0
5	unsafe	16	15	reset	114	0.12	0
5	unsafe	16	15	reset	115	0.081	0
5	unsafe	16	15	reset	116	0.08	0
5	unsafe	16	15	reset	117	0.08	0
5	unsafe	16	15	reset	118	0.08	0
5	unsafe	16	15	reset	119	0.08	0
5	unsafe	16	15	reset	120	0.08	0
5	unsafe	16	15	reset	121	0.08	0
5	unsafe	16	15	reset	122	0.08	0
5	unsafe	16	15	reset	123	0.08	0
5	unsafe	16	15	reset	124	0.09	0
5	unsafe	16	15	reset	125	0.081	0
5	unsafe	16	15	reset	126	0.101	0
5	unsafe	16	15	reset	127	0.08	0
5	unsafe	16	15	reset	128	0.101	0
5	unsafe	16	15	reset	129	0.08	0
5	unsafe	16	15	reset	130	0.08	0
5	unsafe	16	15	reset	131	0.081	0
5	unsafe	16	15	reset	132	0.09	0
5	unsafe	16	15	reset	133	0.09	0
5	unsafe	16	15	reset	134	0.1	0
5	unsafe	16	15	reset	135	0.08	0
5	unsafe	16	15	reset	136	0.091	0
5	unsafe	16	15	reset	137	0.08	0
5	unsafe	16	15	reset	138	0.08	0
5	unsafe	16	15	reset	139	0.09	0
5	unsafe	16	15	reset	140	0.08	0
5	unsafe	16	15	reset	141	0.091	0
5	unsafe	16	15	reset	142	0.09	0
5	unsafe	16	15	reset	143	0.1	0
5	unsafe	16	15	reset	144	0.11	0
5	unsafe	16	15	reset	145	0.09	0
5	unsafe	16	15	reset	146	0.08	0
5	unsafe	16	15	reset	147	0.08	0
5	unsafe	16	15	reset	148	0.08	0
5	unsafe	16	15	reset	149	0.081	0
5	unsafe	16	15	reset	150	0.09	0
5	unsafe	16	15	reset	151	0.08	0
5	unsafe	16	15	reset	152	0.08	0
5	unsafe	16	15	reset	153	0.08	0
5	unsafe	16	15	reset	154	0.08	0
5	unsafe	16	15	reset	155	0.09	0
5	unsafe	16	15	reset	156	0.101	0
5	unsafe	16	15	reset	157	0.091	0
5	unsafe	16	15	reset	158	0.1	0
5	unsafe	16	15	reset	159	0.101	0
5	unsafe	16	15	reset	160	0.101	0
5	unsafe	16	15	reset	161	0.1	0
5	unsafe	16	15	reset	162	0.08	0
5	unsafe	16	15	reset	163	0.1	0
5	unsafe	16	15	reset	164	0.131	0
5	unsafe	16	15	reset	165	0.1	0
5	unsafe	16	15	reset	166	0.1	0
5	unsafe	16	15	reset	167	0.08	0
5	unsafe	16	15	reset	168	0.08	0
5	unsafe	16	15	reset	169	0.09	0
5	unsafe	16	15	reset	170	0.101	0
5	unsafe	16	15	reset	171	0.101	0
5	unsafe	16	15	reset	172	0.1	0
5	unsafe	16	15	reset	173	0.08	0
5	unsafe	16	15	reset	174	0.1	0
5	unsafe	16	15	reset	175	0.08	0
5	unsafe	16	15	reset	176	0.081	0
5	unsafe	16	15	reset	177	0.09	0
5	unsafe	16	15	reset	178	0.09	0
5	unsafe	16	15	reset	179	0.09	0
5	unsafe	16	15	reset	180	0.09	0
5	unsafe	16	15	reset	181	0.1	0
5	unsafe	16	15	reset	182	0.08	0
5	unsafe	16	15	reset	183	0.09	0
5	unsafe	16	15	reset	184	0.09	0
5	unsafe	16	15	reset	185	0.091	0
5	unsafe	16	15	reset	186	0.09	0
5	unsafe	16	15	reset	187	0.08	0
5	unsafe	16	15	reset	188	0.081	0
5	unsafe	16	15	reset	189	0.08	0
5	unsafe	16	15	reset	190	0.09	0
5	unsafe	16	15	reset	191	0.09	0
5	unsafe	16	15	reset	192	0.09	0
5	unsafe	16	15	reset	193	0.08	0
5	unsafe	16	15	reset	194	0.081	0
5	unsafe	16	15	reset	195	0.08	0
5	unsafe	16	15	reset	196	0.091	0
5	unsafe	16	15	reset	197	0.081	0
5	unsafe	16	15	reset	198	0.081	0
5	unsafe	16	15	reset	199	0.08	0
5	unsafe	16	15	reset	200	0.091	0
5	unsafe	16	15	stall	1	0.0	0
5	unsafe	16	15	stall	2	0.0	0
5	unsafe	16	15	stall	3	0.0	0
5	unsafe	16	15	stall	4	0.0	0
5	unsafe	16	15	stall	5	0.0	0
5	unsafe	16	15	stall	6	0.0	0
5	unsafe	16	15	stall	7	0.0	0
5	unsafe	16	15	stall	8	0.0	0
5	unsafe	16	15	stall	9	0.0	0
5	unsafe	16	15	stall	10	0.0	0
5	unsafe	16	15	stall	11	0.0	0
5	unsafe	16	15	stall	12	0.0	0
5	unsafe	16	15	stall	13	0.0	0
5	unsafe	16	15	stall	14	0.0	0
5	unsafe	16	15	stall	15	0.0	0
5	checked	30	29	reset	1	76.304	0
5	checked	30	29	reset	2	60.033	0
5	checked	30	29	reset	3	223.932	0
5	checked	30	29	reset	4	463.254	0
5	checked	30	29	reset	5	73.038	0
5	checked	30	29	reset	6	67.908	0
5	checked	30	29	reset	7	227.889	0
5	checked	30	29	reset	8	112.402	0
5	checked	30	29	reset	9	101.892	0
5	checked	30	29	reset	10	104.867	0
5	checked	30	29	reset	11	103.997	0
5	checked	30	29	reset	12	106.471	0
5	checked	30	29	reset	13	99.888	0
5	checked	30	29	reset	14	101.06	0
5	checked	30	29	reset	15	101.021	0
5	checked	30	29	reset	16	120.177	0
5	checked	30	29	reset	17	120.447	0
5	checked	30	29	reset	18	109.857	0
5	checked	30	29	reset	19	97.614	0
5	checked	30	29	reset	20	100.109	0
5	checked	30	29	reset	21	96.262	0
5	checked	30	29	reset	22	99.017	0
5	checked	30	29	reset	23	97.444	0
5	checked	30	29	reset	24	107.183	0
5	checked	30	29	reset	25	107.172	0
5	checked	30	29	reset	26	101.271	0
5	checked	30	29	reset	27	102.524	0
5	checked	30	29	reset	28	105.479	0
5	checked	30	29	reset	29	103.455	0
5	checked	30	29	reset	30	95.861	0
5	checked	30	29	reset	31	97.754	0
5	checked	30	29	reset	32	95.72	0
5	checked	30	29	reset	33	107.774	0
5	checked	30	29	reset	34	99.268	0
5	checked	30	29	reset	35	96.181	0
5	checked	30	29	reset	36	108.225	0
5	checked	30	29	reset	37	111.27	0
5	checked	30	29	reset	38	122.431	0
5	checked	30	29	reset	39	107.433	0
5	checked	30	29	reset	40	98.416	0
5	checked	30	29	reset	41	112.092	0
5	checked	30	29	reset	42	106.05	0
5	checked	30	29	reset	43	105.519	0
5	checked	30	29	reset	44	101.472	0
5	checked	30	29	reset	45	100.329	0
5	checked	30	29	reset	46	103.615	0
5	checked	30	29	reset	47	130.526	0
5	checked	30	29	reset	48	314.734	0
5	checked	30	29	reset	49	103.004	0
5	checked	30	29	reset	50	347.044	0
5	checked	30	29	reset	51	170.502	0
5	checked	30	29	reset	52	111.731	0
5	checked	30	29	reset	53	171.644	0
5	checked	30	29	reset	54	113.624	0
5	checked	30	29	reset	55	97.513	0
5	checked	30	29	reset	56	105.198	0
5	checked	30	29	reset	57	118.243	0
5	checked	30	29	reset	58	110.057	0
5	checked	30	29	reset	59	109.747	0
5	checked	30	29	reset	60	431.985	0
5	checked	30	29	reset	61	114.326	0
5	checked	30	29	reset	62	109.406	0
5	checked	30	29	reset	63	105.318	0
5	checked	30	29	reset	64	107.573	0
5	checked	30	29	reset	65	123.703	0
5	checked	30	29	reset	66	120.357	0
5	checked	30	29	reset	67	112.683	0
5	checked	30	29	reset	68	98.516	0
5	checked	30	29	reset	69	102.403	0
5	checked	30	29	reset	70	103.615	0
5	checked	30	29	reset	71	104.297	0
5	checked	30	29	reset	72	100.389	0
5	checked	30	29	reset	73	100.419	0
5	checked	30	29	reset	74	107.433	0
5	checked	30	29	reset	75	113.755	0
5	checked	30	29	reset	76	103.876	0
5	checked	30	29	reset	77	110.719	0
5	checked	30	29	reset	78	101.622	0
5	checked	30	29	reset	79	105.178	0
5	checked	30	29	reset	80	108.024	0
5	checked	30	29	reset	81	110.518	0
5	checked	30	29	reset	82	2998.496	0
5	checked	30	29	reset	83	104.457	0
5	checked	30	29	reset	84	95.48	0
5	checked	30	29	reset	85	105.399	0
5	checked	30	29	reset	86	3662.299	0
5	checked	30	29	reset	87	3244.881	0
5	checked	30	29	reset	88	116.43	0
5	checked	30	29	reset	89	113.965	0
5	checked	30	29	reset	90	103.886	0
5	checked	30	29	reset	91	107.633	0
5	checked	30	29	reset	92	112.322	0
5	checked	30	29	reset	93	111.731	0
5	checked	30	29	reset	94	115.457	0
5	checked	30	29	reset	95	102.242	0
5	checked	30	29	reset	96	105.359	0
5	checked	30	29	reset	97	112.162	0
5	checked	30	29	reset	98	101.281	0
5	checked	30	29	reset	99	110.228	0
5	checked	30	29	reset	100	96.662	0
5	checked	30	29	reset	101	94.007	0
5	checked	30	29	reset	102	110.138	0
5	checked	30	29	reset	103	115.979	0
5	checked	30	29	reset	104	104.968	0
5	checked	30	29	reset	105	98.596	0
5	checked	30	29	reset	106	102.994	0
5	checked	30	29	reset	107	110.638	0
5	checked	30	29	reset	108	107.914	0
5	checked	30	29	reset	109	95.209	0
5	checked	30	29	reset	110	103.726	0
5	checked	30	29	reset	111	104.968	0
5	checked	30	29	reset	112	103.596	0
5	checked	30	29	reset	113	100.269	0
5	checked	30	29	reset	114	107.152	0
5	checked	30	29	reset	115	117.982	0
5	checked	30	29	reset	116	97.433	0
5	checked	30	29	reset	117	110.549	0
5	checked	30	29	reset	118	105.459	0
5	checked	30	29	reset	119	109.096	0
5	checked	30	29	reset	120	101.863	0
5	checked	30	29	reset	121	116.841	0
5	checked	30	29	reset	122	104.627	0
5	checked	30	29	reset	123	108.485	0
5	checked	30	29	reset	124	106.731	0
5	checked	30	29	reset	125	102.564	0
5	checked	30	29	reset	126	106.17	0
5	checked	30	29	reset	127	102.974	0
5	checked	30	29	reset	128	102.714	0
5	checked	30	29	reset	129	102.182	0
5	checked	30	29	reset	130	104.898	0
5	checked	30	29	reset	131	101.582	0
5	checked	30	29	reset	132	100.59	0
5	checked	30	29	reset	133	103.856	0
5	checked	30	29	reset	134	96.922	0
5	checked	30	29	reset	135	180.631	0
5	checked	30	29	reset	136	113.083	0
5	checked	30	29	reset	137	109.176	0
5	checked	30	29	reset	138	102.663	0
5	checked	30	29	reset	139	104.718	0
5	checked	30	29	reset	140	106.201	0
5	checked	30	29	reset	141	97.995	0
5	checked	30	29	reset	142	119.215	0
5	checked	30	29	reset	143	105.249	0
5	checked	30	29	reset	144	110.719	0
5	checked	30	29	reset	145	104.677	0
5	checked	30	29	reset	146	120.037	0
5	checked	30	29	reset	147	100.74	0
5	checked	30	29	reset	148	100.52	0
5	checked	30	29	reset	149	106.411	0
5	checked	30	29	reset	150	93.727	0
5	checked	30	29	reset	151	108.424	0
5	checked	30	29	reset	152	141.236	0
5	checked	30	29	reset	153	104.678	0
5	checked	30	29	reset	154	123.463	0
5	checked	30	29	reset	155	107.493	0
5	checked	30	29	reset	156	105.479	0
5	checked	30	29	reset	157	104.777	0
5	checked	30	29	reset	158	95.791	0
5	checked	30	29	reset	159	325.695	0
5	checked	30	29	reset	160	285.779	0
5	checked	30	29	reset	161	119.686	0
5	checked	30	29	reset	162	125.477	0
5	checked	30	29	reset	163	112.032	0
5	checked	30	29	reset	164	108.916	0
5	checked	30	29	reset	165	106.22	0
5	checked	30	29	reset	166	113.233	0
5	checked	30	29	reset	167	103.345	0
5	checked	30	29	reset	168	101.671	0
5	checked	30	29	reset	169	106.511	0
5	checked	30	29	reset	170	113.053	0
5	checked	30	29	reset	171	104.567	0
5	checked	30	29	reset	172	112.853	0
5	checked	30	29	reset	173	101.993	0
5	checked	30	29	reset	174	101.702	0
5	checked	30	29	reset	175	99.528	0
5	checked	30	29	reset	176	107.533	0
5	checked	30	29	reset	177	94.448	0
5	checked	30	29	reset	178	116.54	0
5	checked	30	29	reset	179	111.37	0
5	checked	30	29	reset	180	97.023	0
5	checked	30	29	reset	181	101.241	0
5	checked	30	29	reset	182	108.064	0
5	checked	30	29	reset	183	114.315	0
5	checked	30	29	reset	184	3816.64	0
5	checked	30	29	reset	185	3240.723	0
5	checked	30	29	reset	186	120.707	0
5	checked	30	29	reset	187	112.432	0
5	checked	30	29	reset	188	100.6	0
5	checked	30	29	reset	189	114.807	0
5	checked	30	29	reset	190	100.45	0
5	checked	30	29	reset	191	99.477	0
5	checked	30	29	reset	192	111.801	0
5	checked	30	29	reset	193	271.192	0
5	checked	30	29	reset	194	135.215	0
5	checked	30	29	reset	195	120.287	0
5	checked	30	29	reset	196	106.05	0
5	checked	30	29	reset	197	114.386	0
5	checked	30	29	reset	198	194.958	0
5	checked	30	29	reset	199	133.272	0
5	checked	30	29	reset	200	119.385	0
5	checked	30	29	stall	1	1072.754	0
5	checked	30	29	stall	2	1848.276	0
5	checked	30	29	stall	3	2983.999	0
5	checked	30	29	stall	4	984.016	0
5	checked	30	29	stall	5	1851.122	0
5	checked	30	29	stall	6	1952.202	0
5	checked	30	29	stall	7	1834.36	0
5	checked	30	29	stall	8	971.623	0
5	checked	30	29	stall	9	2038.826	0
5	checked	30	29	stall	10	2262.928	0
5	checked	30	29	stall	11	981.251	0
5	checked	30	29	stall	12	1588.065	0
5	checked	30	29	stall	13	2229.646	0
5	checked	30	29	stall	14	2728.838	0
5	checked	30	29	stall	15	1622.461	0
5	checked	30	29	stall	16	1810.155	0
5	checked	30	29	stall	17	1844.73	0
5	checked	30	29	stall	18	983.775	0
5	checked	30	29	stall	19	980.219	0
5	checked	30	29	stall	20	1162.362	0
5	checked	30	29	stall	21	1162.092	0
5	checked	30	29	stall	22	3652.66	0
5	checked	30	29	stall	23	1048.067	0
5	checked	30	29	stall	24	980.41	0
5	checked	30	29	stall	25	1892.52	0
5	checked	30	29	stall	26	4513.143	0
5	checked	30	29	stall	27	1127.727	0
5	checked	30	29	stall	28	979.849	0
5	checked	30	29	stall	29	1850.591	0
5	unsafe	30	29	reset	1	0.161	0
5	unsafe	30	29	reset	2	0.08	0
5	unsafe	30	29	reset	3	0.08	0
5	unsafe	30	29	reset	4	0.08	0
5	unsafe	30	29	reset	5	0.07	0
5	unsafe	30	29	reset	6	0.08	0
5	unsafe	30	29	reset	7	0.16	0
5	unsafe	30	29	reset	8	0.17	0
5	unsafe	30	29	reset	9	0.571	0
5	unsafe	30	29	reset	10	0.13	0
5	unsafe	30	29	reset	11	0.571	0
5	unsafe	30	29	reset	12	0.12	0
5	unsafe	30	29	reset	13	0.08	0
5	unsafe	30	29	reset	14	0.15	0
5	unsafe	30	29	reset	15	0.531	0
5	unsafe	30	29	reset	16	0.1	0
5	unsafe	30	29	reset	17	0.07	0
5	unsafe	30	29	reset	18	0.541	0
5	unsafe	30	29	reset	19	0.131	0
5	unsafe	30	29	reset	20	0.07	0
5	unsafe	30	29	reset	21	0.08	0
5	unsafe	30	29	reset	22	0.08	0
5	unsafe	30	29	reset	23	0.08	0
5	unsafe	30	29	reset	24	0.081	0
5	unsafe	30	29	reset	25	0.071	0
5	unsafe	30	29	reset	26	0.09	0
5	unsafe	30	29	reset	27	0.08	0
5	unsafe	30	29	reset	28	0.08	0
5	unsafe	30	29	reset	29	0.081	0
5	unsafe	30	29	reset	30	0.08	0
5	unsafe	30	29	reset	31	0.07	0
5	unsafe	30	29	reset	32	0.08	0
5	unsafe	30	29	reset	33	0.08	0
5	unsafe	30	29	reset	34	0.131	0
5	unsafe	30	29	reset	35	0.08	0
5	unsafe	30	29	reset	36	0.081	0
5	unsafe	30	29	reset	37	0.08	0
5	unsafe	30	29	reset	38	0.08	0
5	unsafe	30	29	reset	39	0.09	0
5	unsafe	30	29	reset	40	0.081	0
5	unsafe	30	29	reset	41	0.07	0
5	unsafe	30	29	reset	42	0.121	0
5	unsafe	30	29	reset	43	0.13	0
5	unsafe	30	29	reset	44	0.12	0
5	unsafe	30	29	reset	45	0.12	0
5	unsafe	30	29	reset	46	0.14	0
5	unsafe	30	29	reset	47	0.13	0
5	unsafe	30	29	reset	48	0.13	0
5	unsafe	30	29	reset	49	0.12	0
5	unsafe	30	29	reset	50	0.13	0
5	unsafe	30	29	reset	51	0.15	0
5	unsafe	30	29	reset	52	0.13	0
5	unsafe	30	29	reset	53	0.12	0
5	unsafe	30	29	reset	54	0.13	0
5	unsafe	30	29	reset	55	0.12	0
5	unsafe	30	29	reset	56	0.12	0
5	unsafe	30	29	reset	57	0.12	0
5	unsafe	30	29	reset	58	0.13	0
5	unsafe	30	29	reset	59	0.13	0
5	unsafe	30	29	reset	60	0.13	0
5	unsafe	30	29	reset	61	0.12	0
5	unsafe	30	29	reset	62	0.12	0
5	unsafe	30	29	reset	63	0.12	0
5	unsafe	30	29	reset	64	0.13	0
5	unsafe	30	29	reset	65	0.12	0
5	unsafe	30	29	reset	66	0.15	0
5	unsafe	30	29	reset	67	0.121	0
5	unsafe	30	29	reset	68	0.12	0
5	unsafe	30	29	reset	69	0.13	0
5	unsafe	30	29	reset	70	0.13	0
5	unsafe	30	29	reset	71	0.12	0
5	unsafe	30	29	reset	72	0.14	0
5	unsafe	30	29	reset	73	0.151	0
5	unsafe	30	29	reset	74	0.121	0
5	unsafe	30	29	reset	75	0.13	0
5	unsafe	30	29	reset	76	0.13	0
5	unsafe	30	29	reset	77	0.13	0
5	unsafe	30	29	reset	78	0.12	0
5	unsafe	30	29	reset	79	0.13	0
5	unsafe	30	29	reset	80	0.12	0
5	unsafe	30	29	reset	81	0.131	0
5	unsafe	30	29	reset	82	0.12	0
5	unsafe	30	29	reset	83	0.151	0
5	unsafe	30	29	reset	84	0.12	0
5	unsafe	30	29	reset	85	0.121	0
5	unsafe	30	29	reset	86	0.131	0
5	unsafe	30	29	reset	87	0.121	0
5	unsafe	30	29	reset	88	0.131	0
5	unsafe	30	29	reset	89	0.13	0
5	unsafe	30	29	reset	90	0.13	0
5	unsafe	30	29	reset	91	0.12	0
5	unsafe	30	29	reset	92	0.13	0
5	unsafe	30	29	reset	93	0.13	0
5	unsafe	30	29	reset	94	0.13	0
5	unsafe	30	29	reset	95	0.13	0
5	unsafe	30	29	reset	96	0.121	0
5	unsafe	30	29	reset	97	0.15	0
5	unsafe	30	29	reset	98	0.12	0
5	unsafe	30	29	reset	99	0.121	0
5	unsafe	30	29	reset	100	0.12	0
5	unsafe	30	29	reset	101	0.13	0
5	unsafe	30	29	reset	102	0.12	0
5	unsafe	30	29	reset	103	0.13	0
5	unsafe	30	29	reset	104	0.12	0
5	unsafe	30	29	reset	105	0.12	0
5	unsafe	30	29	reset	106	0.12	0
5	unsafe	30	29	reset	107	0.12	0
5	unsafe	30	29	reset	108	0.13	0
5	unsafe	30	29	reset	109	0.131	0
5	unsafe	30	29	reset	110	0.12	0
5	unsafe	30	29	reset	111	0.12	0
5	unsafe	30	29	reset	112	0.13	0
5	unsafe	30	29	reset	113	0.12	0
5	unsafe	30	29	reset	114	0.12	0
5	unsafe	30	29	reset	115	0.13	0
5	unsafe	30	29	reset	116	0.131	0
5	unsafe	30	29	reset	117	0.12	0
5	unsafe	30	29	reset	118	0.12	0
5	unsafe	30	29	reset	119	0.13	0
5	unsafe	30	29	reset	120	0.13	0
5	unsafe	30	29	reset	121	0.12	0
5	unsafe	30	29	reset	122	0.12	0
5	unsafe	30	29	reset	123	0.12	0
5	unsafe	30	29	reset	124	0.12	0
5	unsafe	30	29	reset	125	0.13	0
5	unsafe	30	29	reset	126	0.13	0
5	unsafe	30	29	reset	127	0.12	0
5	unsafe	30	29	reset	128	0.12	0
5	unsafe	30	29	reset	129	0.12	0
5	unsafe	30	29	reset	130	0.12	0
5	unsafe	30	29	reset	131	0.12	0
5	unsafe	30	29	reset	132	0.13	0
5	unsafe	30	29	reset	133	0.13	0
5	unsafe	30	29	reset	134	0.131	0
5	unsafe	30	29	reset	135	0.13	0
5	unsafe	30	29	reset	136	0.12	0
5	unsafe	30	29	reset	137	0.12	0
5	unsafe	30	29	reset	138	0.121	0
5	unsafe	30	29	reset	139	0.13	0
5	unsafe	30	29	reset	140	0.12	0
5	unsafe	30	29	reset	141	0.13	0
5	unsafe	30	29	reset	142	0.13	0
5	unsafe	30	29	reset	143	0.12	0
5	unsafe	30	29	reset	144	0.13	0
5	unsafe	30	29	reset	145	0.13	0
5	unsafe	30	29	reset	146	0.131	0
5	unsafe	30	29	reset	147	0.12	0
5	unsafe	30	29	reset	148	0.15	0
5	unsafe	30	29	reset	149	0.131	0
5	unsafe	30	29	reset	150	0.16	0
5	unsafe	30	29	reset	151	0.13	0
5	unsafe	30	29	reset	152	0.12	0
5	unsafe	30	29	reset	153	0.12	0
5	unsafe	30	29	reset	154	0.12	0
5	unsafe	30	29	reset	155	0.13	0
5	unsafe	30	29	reset	156	0.12	0
5	unsafe	30	29	reset	157	0.12	0
5	unsafe	30	29	reset	158	0.13	0
5	unsafe	30	29	reset	159	0.12	0
5	unsafe	30	29	reset	160	0.13	0
5	unsafe	30	29	reset	161	0.13	0
5	unsafe	30	29	reset	162	0.121	0
5	unsafe	30	29	reset	163	0.13	0
5	unsafe	30	29	reset	164	0.121	0
5	unsafe	30	29	reset	165	0.121	0
5	unsafe	30	29	reset	166	0.15	0
5	unsafe	30	29	reset	167	0.12	0
5	unsafe	30	29	reset	168	0.131	0
5	unsafe	30	29	reset	169	0.151	0
5	unsafe	30	29	reset	170	0.13	0
5	unsafe	30	29	reset	171	0.121	0
5	unsafe	30	29	reset	172	0.12	0
5	unsafe	30	29	reset	173	0.12	0
5	unsafe	30	29	reset	174	0.13	0
5	unsafe	30	29	reset	175	0.13	0
5	unsafe	30	29	reset	176	0.13	0
5	unsafe	30	29	reset	177	0.12	0
5	unsafe	30	29	reset	178	0.151	0
5	unsafe	30	29	reset	179	0.12	0
5	unsafe	30	29	reset	180	0.131	0
5	unsafe	30	29	reset	181	0.13	0
5	unsafe	30	29	reset	182	0.13	0
5	unsafe	30	29	reset	183	0.12	0
5	unsafe	30	29	reset	184	0.12	0
5	unsafe	30	29	reset	185	0.131	0
5	unsafe	30	29	reset	186	0.13	0
5	unsafe	30	29	reset	187	0.12	0
5	unsafe	30	29	reset	188	0.121	0
5	unsafe	30	29	reset	189	0.12	0
5	unsafe	30	29	reset	190	0.13	0
5	unsafe	30	29	reset	191	0.13	0
5	unsafe	30	29	reset	192	0.13	0
5	unsafe	30	29	reset	193	0.121	0
5	unsafe	30	29	reset	194	0.12	0
5	unsafe	30	29	reset	195	0.12	0
5	unsafe	30	29	reset	196	0.12	0
5	unsafe	30	29	reset	197	0.121	0
5	unsafe	30	29	reset	198	0.13	0
5	unsafe	30	29	reset	199	0.12	0
5	unsafe	30	29	reset	200	0.121	0
5	unsafe	30	29	stall	1	0.0	0
5	unsafe	30	29	stall	2	4003.932	0
5	unsafe	30	29	stall	3	187.503	0
5	unsafe	30	29	stall	4	0.0	0
5	unsafe	30	29	stall	5	0.0	0
5	unsafe	30	29	stall	6	349.199	0
5	unsafe	30	29	stall	7	0.0	0
5	unsafe	30	29	stall	8	0.0	0
5	unsafe	30	29	stall	9	0.0	0
5	unsafe	30	29	stall	10	0.0	0
5	unsafe	30	29	stall	11	0.0	0
5	unsafe	30	29	stall	12	0.0	0
5	unsafe	30	29	stall	13	0.0	0
5	unsafe	30	29	stall	14	0.0	0
5	unsafe	30	29	stall	15	0.0	0
5	unsafe	30	29	stall	16	0.0	0
5	unsafe	30	29	stall	17	0.0	0
5	unsafe	30	29	stall	18	0.0	0
5	unsafe	30	29	stall	19	0.0	0
5	unsafe	30	29	stall	20	0.0	0
5	unsafe	30	29	stall	21	0.0	0
5	unsafe	30	29	stall	22	79.27	0
5	unsafe	30	29	stall	23	0.0	0
5	unsafe	30	29	stall	24	38.753	0
5	unsafe	30	29	stall	25	0.0	0
5	unsafe	30	29	stall	26	3004.658	0
5	unsafe	30	29	stall	27	0.0	0
5	unsafe	30	29	stall	28	429.811	0
5	unsafe	30	29	stall	29	0.0	0
6	checked	1	0	reset	1	28.855	0
6	checked	1	0	reset	2	27.742	0
6	checked	1	0	reset	3	27.532	0
6	checked	1	0	reset	4	27.362	0
6	checked	1	0	reset	5	27.392	0
6	checked	1	0	reset	6	27.361	0
6	checked	1	0	reset	7	27.963	0
6	checked	1	0	reset	8	26.871	0
6	checked	1	0	reset	9	27.442	0
6	checked	1	0	reset	10	27.312	0
6	checked	1	0	reset	11	33.934	0
6	checked	1	0	reset	12	26.821	0
6	checked	1	0	reset	13	28.233	0
6	checked	1	0	reset	14	27.331	0
6	checked	1	0	reset	15	27.081	0
6	checked	1	0	reset	16	26.681	0
6	checked	1	0	reset	17	27.472	0
6	checked	1	0	reset	18	27.782	0
6	checked	1	0	reset	19	27.612	0
6	checked	1	0	reset	20	28.815	0
6	checked	1	0	reset	21	27.602	0
6	checked	1	0	reset	22	26.781	0
6	checked	1	0	reset	23	27.522	0
6	checked	1	0	reset	24	26.399	0
6	checked	1	0	reset	25	26.781	0
6	checked	1	0	reset	26	26.4	0
6	checked	1	0	reset	27	26.981	0
6	checked	1	0	reset	28	26.821	0
6	checked	1	0	reset	29	28.925	0
6	checked	1	0	reset	30	26.36	0
6	checked	1	0	reset	31	26.761	0
6	checked	1	0	reset	32	26.72	0
6	checked	1	0	reset	33	26.721	0
6	checked	1	0	reset	34	26.5	0
6	checked	1	0	reset	35	26.851	0
6	checked	1	0	reset	36	26.45	0
6	checked	1	0	reset	37	26.701	0
6	checked	1	0	reset	38	26.5	0
6	checked	1	0	reset	39	26.821	0
6	checked	1	0	reset	40	26.409	0
6	checked	1	0	reset	41	26.731	0
6	checked	1	0	reset	42	26.36	0
6	checked	1	0	reset	43	27.412	0
6	checked	1	0	reset	44	26.76	0
6	checked	1	0	reset	45	26.901	0
6	checked	1	0	reset	46	26.54	0
6	checked	1	0	reset	47	27.141	0
6	checked	1	0	reset	48	26.45	0
6	checked	1	0	reset	49	26.891	0
6	checked	1	0	reset	50	26.49	0
6	checked	1	0	reset	51	26.72	0
6	checked	1	0	reset	52	26.53	0
6	checked	1	0	reset	53	26.83	0
6	checked	1	0	reset	54	26.63	0
6	checked	1	0	reset	55	27.111	0
6	checked	1	0	reset	56	26.71	0
6	checked	1	0	reset	57	26.771	0
6	checked	1	0	reset	58	26.55	0
6	checked	1	0	reset	59	26.911	0
6	checked	1	0	reset	60	26.78	0
6	checked	1	0	reset	61	26.821	0
6	checked	1	0	reset	62	26.62	0
6	checked	1	0	reset	63	26.921	0
6	checked	1	0	reset	64	26.44	0
6	checked	1	0	reset	65	26.921	0
6	checked	1	0	reset	66	26.81	0
6	checked	1	0	reset	67	30.076	0
6	checked	1	0	reset	68	26.54	0
6	checked	1	0	reset	69	26.74	0
6	checked	1	0	reset	70	26.75	0
6	checked	1	0	reset	71	26.8	0
6	checked	1	0	reset	72	26.54	0
6	checked	1	0	reset	73	26.88	0
6	checked	1	0	reset	74	26.79	0
6	checked	1	0	reset	75	26.811	0
6	checked	1	0	reset	76	29.456	0
6	checked	1	0	reset	77	27.201	0
6	checked	1	0	reset	78	27.061	0
6	checked	1	0	reset	79	27.191	0
6	checked	1	0	reset	80	26.961	0
6	checked	1	0	reset	81	28.083	0
6	checked	1	0	reset	82	27.131	0
6	checked	1	0	reset	83	27.512	0
6	checked	1	0	reset	84	27.091	0
6	checked	1	0	reset	85	27.161	0
6	checked	1	0	reset	86	26.971	0
6	checked	1	0	reset	87	27.021	0
6	checked	1	0	reset	88	26.911	0
6	checked	1	0	reset	89	26.781	0
6	checked	1	0	reset	90	26.61	0
6	checked	1	0	reset	91	26.791	0
6	checked	1	0	reset	92	26.71	0
6	checked	1	0	reset	93	28.874	0
6	checked	1	0	reset	94	26.57	0
6	checked	1	0	reset	95	27.071	0
6	checked	1	0	reset	96	26.74	0
6	checked	1	0	reset	97	27.041	0
6	checked	1	0	reset	98	26.69	0
6	checked	1	0	reset	99	26.831	0
6	checked	1	0	reset	100	27.071	0
6	checked	1	0	reset	101	26.911	0
6	checked	1	0	reset	102	26.66	0
6	checked	1	0	reset	103	26.97	0
6	checked	1	0	reset	104	26.58	0
6	checked	1	0	reset	105	26.78	0
6	checked	1	0	reset	106	26.53	0
6	checked	1	0	reset	107	26.79	0
6	checked	1	0	reset	108	26.54	0
6	checked	1	0	reset	109	26.921	0
6	checked	1	0	reset	110	26.64	0
6	checked	1	0	reset	111	26.74	0
6	checked	1	0	reset	112	26.59	0
6	checked	1	0	reset	113	26.84	0
6	checked	1	0	reset	114	26.62	0
6	checked	1	0	reset	115	26.84	0
6	checked	1	0	reset	116	26.39	0
6	checked	1	0	reset	117	27.061	0
6	checked	1	0	reset	118	26.59	0
6	checked	1	0	reset	119	26.88	0
6	checked	1	0	reset	120	26.581	0
6	checked	1	0	reset	121	26.791	0
6	checked	1	0	reset	122	26.43	0
6	checked	1	0	reset	123	26.801	0
6	checked	1	0	reset	124	26.63	0
6	checked	1	0	reset	125	26.741	0
6	checked	1	0	reset	126	26.6	0
6	checked	1	0	reset	127	26.86	0
6	checked	1	0	reset	128	26.591	0
6	checked	1	0	reset	129	26.76	0
6	checked	1	0	reset	130	26.61	0
6	checked	1	0	reset	131	26.861	0
6	checked	1	0	reset	132	26.531	0
6	checked	1	0	reset	133	26.981	0
6	checked	1	0	reset	134	26.53	0
6	checked	1	0	reset	135	26.81	0
6	checked	1	0	reset	136	26.631	0
6	checked	1	0	reset	137	26.901	0
6	checked	1	0	reset	138	26.811	0
6	checked	1	0	reset	139	26.831	0
6	checked	1	0	reset	140	26.58	0
6	checked	1	0	reset	141	27.322	0
6	checked	1	0	reset	142	26.52	0
6	checked	1	0	reset	143	26.69	0
6	checked	1	0	reset	144	26.68	0
6	checked	1	0	reset	145	26.8	0
6	checked	1	0	reset	146	26.38	0
6	checked	1	0	reset	147	26.741	0
6	checked	1	0	reset	148	26.52	0
6	checked	1	0	reset	149	26.821	0
6	checked	1	0	reset	150	30.126	0
6	checked	1	0	reset	151	26.611	0
6	checked	1	0	reset	152	26.49	0
6	checked	1	0	reset	153	26.84	0
6	checked	1	0	reset	154	26.47	0
6	checked	1	0	reset	155	26.981	0
6	checked	1	0	reset	156	26.54	0
6	checked	1	0	reset	157	26.861	0
6	checked	1	0	reset	158	26.43	0
6	checked	1	0	reset	159	27.381	0
6	checked	1	0	reset	160	26.64	0
6	checked	1	0	reset	161	26.761	0
6	checked	1	0	reset	162	26.701	0
6	checked	1	0	reset	163	26.701	0
6	checked	1	0	reset	164	26.59	0
6	checked	1	0	reset	165	26.781	0
6	checked	1	0	reset	166	26.64	0
6	checked	1	0	reset	167	26.911	0
6	checked	1	0	reset	168	29.094	0
6	checked	1	0	reset	169	26.671	0
6	checked	1	0	reset	170	26.58	0
6	checked	1	0	reset	171	26.991	0
6	checked	1	0	reset	172	26.38	0
6	checked	1	0	reset	173	27.021	0
6	checked	1	0	reset	174	26.52	0
6	checked	1	0	reset	175	26.871	0
6	checked	1	0	reset	176	26.47	0
6	checked	1	0	reset	177	29.595	0
6	checked	1	0	reset	178	26.43	0
6	checked	1	0	reset	179	26.7	0
6	checked	1	0	reset	180	26.57	0
6	checked	1	0	reset	181	26.771	0
6	checked	1	0	reset	182	26.71	0
6	checked	1	0	reset	183	26.79	0
6	checked	1	0	reset	184	26.57	0
6	checked	1	0	reset	185	26.73	0
6	checked	1	0	reset	186	29.025	0
6	checked	1	0	reset	187	26.9	0
6	checked	1	0	reset	188	26.55	0
6	checked	1	0	reset	189	26.881	0
6	checked	1	0	reset	190	26.53	0
6	checked	1	0	reset	191	26.84	0
6	checked	1	0	reset	192	26.76	0
6	checked	1	0	reset	193	27.001	0
6	checked	1	0	reset	194	26.781	0
6	checked	1	0	reset	195	31.379	0
6	checked	1	0	reset	196	26.48	0
6	checked	1	0	reset	197	26.761	0
6	checked	1	0	reset	198	26.419	0
6	checked	1	0	reset	199	26.75	0
6	checked	1	0	reset	200	26.51	0
6	unsafe	1	0	reset	1	0.1	0
6	unsafe	1	0	reset	2	0.05	0
6	unsafe	1	0	reset	3	0.04	0
6	unsafe	1	0	reset	4	0.06	0
6	unsafe	1	0	reset	5	0.06	0
6	unsafe	1	0	reset	6	0.05	0
6	unsafe	1	0	reset	7	0.05	0
6	unsafe	1	0	reset	8	0.05	0
6	unsafe	1	0	reset	9	0.05	0
6	unsafe	1	0	reset	10	0.05	0
6	unsafe	1	0	reset	11	0.05	0
6	unsafe	1	0	reset	12	0.05	0
6	unsafe	1	0	reset	13	0.05	0
6	unsafe	1	0	reset	14	0.06	0
6	unsafe	1	0	reset	15	0.05	0
6	unsafe	1	0	reset	16	0.06	0
6	unsafe	1	0	reset	17	0.05	0
6	unsafe	1	0	reset	18	0.06	0
6	unsafe	1	0	reset	19	0.05	0
6	unsafe	1	0	reset	20	0.05	0
6	unsafe	1	0	reset	21	0.06	0
6	unsafe	1	0	reset	22	0.08	0
6	unsafe	1	0	reset	23	0.071	0
6	unsafe	1	0	reset	24	0.05	0
6	unsafe	1	0	reset	25	0.051	0
6	unsafe	1	0	reset	26	0.06	0
6	unsafe	1	0	reset	27	0.05	0
6	unsafe	1	0	reset	28	0.06	0
6	unsafe	1	0	reset	29	0.06	0
6	unsafe	1	0	reset	30	0.05	0
6	unsafe	1	0	reset	31	0.061	0
6	unsafe	1	0	reset	32	0.05	0
6	unsafe	1	0	reset	33	0.05	0
6	unsafe	1	0	reset	34	0.05	0
6	unsafe	1	0	reset	35	0.06	0
6	unsafe	1	0	reset	36	0.07	0
6	unsafe	1	0	reset	37	0.06	0
6	unsafe	1	0	reset	38	0.071	0
6	unsafe	1	0	reset	39	0.06	0
6	unsafe	1	0	reset	40	0.05	0
6	unsafe	1	0	reset	41	0.08	0
6	unsafe	1	0	reset	42	0.06	0
6	unsafe	1	0	reset	43	0.07	0
6	unsafe	1	0	reset	44	0.07	0
6	unsafe	1	0	reset	45	0.06	0
6	unsafe	1	0	reset	46	0.07	0
6	unsafe	1	0	reset	47	0.051	0
6	unsafe	1	0	reset	48	0.08	0
6	unsafe	1	0	reset	49	0.06	0
6	unsafe	1	0	reset	50	0.07	0
6	unsafe	1	0	reset	51	0.071	0
6	unsafe	1	0	reset	52	0.06	0
6	unsafe	1	0	reset	53	0.07	0
6	unsafe	1	0	reset	54	0.05	0
6	unsafe	1	0	reset	55	0.06	0
6	unsafe	1	0	reset	56	0.08	0
6	unsafe	1	0	reset	57	0.05	0
6	unsafe	1	0	reset	58	0.07	0
6	unsafe	1	0	reset	59	0.05	0
6	unsafe	1	0	reset	60	0.07	0
6	unsafe	1	0	reset	61	0.07	0
6	unsafe	1	0	reset	62	0.06	0
6	unsafe	1	0	reset	63	0.08	0
6	unsafe	1	0	reset	64	0.05	0
6	unsafe	1	0	reset	65	0.07	0
6	unsafe	1	0	reset	66	0.05	0
6	unsafe	1	0	reset	67	0.07	0
6	unsafe	1	0	reset	68	0.08	0
6	unsafe	1	0	reset	69	0.05	0
6	unsafe	1	0	reset	70	0.07	0
6	unsafe	1	0	reset	71	0.06	0
6	unsafe	1	0	reset	72	0.051	0
6	unsafe	1	0	reset	73	0.07	0
6	unsafe	1	0	reset	74	0.05	0
6	unsafe	1	0	reset	75	0.08	0
6	unsafe	1	0	reset	76	0.05	0
6	unsafe	1	0	reset	77	0.07	0
6	unsafe	1	0	reset	78	0.08	0
6	unsafe	1	0	reset	79	0.06	0
6	unsafe	1	0	reset	80	0.06	0
6	unsafe	1	0	reset	81	0.06	0
6	unsafe	1	0	reset	82	0.06	0
6	unsafe	1	0	reset	83	0.07	0
6	unsafe	1	0	reset	84	0.05	0
6	unsafe	1	0	reset	85	0.07	0
6	unsafe	1	0	reset	86	0.05	0
6	unsafe	1	0	reset	87	0.09	0
6	unsafe	1	0	reset	88	0.06	0
6	unsafe	1	0	reset	89	0.05	0
6	unsafe	1	0	reset	90	0.06	0
6	unsafe	1	0	reset	91	0.05	0
6	unsafe	1	0	reset	92	0.07	0
6	unsafe	1	0	reset	93	0.05	0
6	unsafe	1	0	reset	94	0.061	0
6	unsafe	1	0	reset	95	0.07	0
6	unsafe	1	0	reset	96	0.05	0
6	unsafe	1	0	reset	97	0.08	0
6	unsafe	1	0	reset	98	0.061	0
6	unsafe	1	0	reset	99	0.06	0
6	unsafe	1	0	reset	100	0.06	0
6	unsafe	1	0	reset	101	0.06	0
6	unsafe	1	0	reset	102	0.08	0
6	unsafe	1	0	reset	103	0.05	0
6	unsafe	1	0	reset	104	0.07	0
6	unsafe	1	0	reset	105	0.08	0
6	unsafe	1	0	reset	106	0.06	0
6	unsafe	1	0	reset	107	0.07	0
6	unsafe	1	0	reset	108	0.06	0
6	unsafe	1	0	reset	109	0.071	0
6	unsafe	1	0	reset	110	0.06	0
6	unsafe	1	0	reset	111	0.05	0
6	unsafe	1	0	reset	112	0.07	0
6	unsafe	1	0	reset	113	0.06	0
6	unsafe	1	0	reset	114	0.07	0
6	unsafe	1	0	reset	115	0.06	0
6	unsafe	1	0	reset	116	0.07	0
6	unsafe	1	0	reset	117	0.08	0
6	unsafe	1	0	reset	118	0.06	0
6	unsafe	1	0	reset	119	0.07	0
6	unsafe	1	0	reset	120	0.05	0
6	unsafe	1	0	reset	121	0.06	0
6	unsafe	1	0	reset	122	0.08	0
6	unsafe	1	0	reset	123	0.05	0
6	unsafe	1	0	reset	124	0.06	0
6	unsafe	1	0	reset	125	0.06	0
6	unsafe	1	0	reset	126	0.07	0
6	unsafe	1	0	reset	127	0.071	0
6	unsafe	1	0	reset	128	0.061	0
6	unsafe	1	0	reset	129	0.06	0
6	unsafe	1	0	reset	130	0.07	0
6	unsafe	1	0	reset	131	0.061	0
6	unsafe	1	0	reset	132	0.06	0
6	unsafe	1	0	reset	133	0.061	0
6	unsafe	1	0	reset	134	0.07	0
6	unsafe	1	0	reset	135	0.06	0
6	unsafe	1	0	reset	136	0.06	0
6	unsafe	1	0	reset	137	0.06	0
6	unsafe	1	0	reset	138	0.05	0
6	unsafe	1	0	reset	139	0.06	0
6	unsafe	1	0	reset	140	0.06	0
6	unsafe	1	0	reset	141	0.05	0
6	unsafe	1	0	reset	142	0.07	0
6	unsafe	1	0	reset	143	0.06	0
6	unsafe	1	0	reset	144	0.07	0
6	unsafe	1	0	reset	145	0.05	0
6	unsafe	1	0	reset	146	0.06	0
6	unsafe	1	0	reset	147	0.07	0
6	unsafe	1	0	reset	148	0.06	0
6	unsafe	1	0	reset	149	0.07	0
6	unsafe	1	0	reset	150	0.07	0
6	unsafe	1	0	reset	151	0.06	0
6	unsafe	1	0	reset	152	0.08	0
6	unsafe	1	0	reset	153	0.06	0
6	unsafe	1	0	reset	154	0.07	0
6	unsafe	1	0	reset	155	0.06	0
6	unsafe	1	0	reset	156	0.07	0
6	unsafe	1	0	reset	157	0.06	0
6	unsafe	1	0	reset	158	0.05	0
6	unsafe	1	0	reset	159	0.07	0
6	unsafe	1	0	reset	160	0.06	0
6	unsafe	1	0	reset	161	0.08	0
6	unsafe	1	0	reset	162	0.06	0
6	unsafe	1	0	reset	163	0.07	0
6	unsafe	1	0	reset	164	0.07	0
6	unsafe	1	0	reset	165	0.05	0
6	unsafe	1	0	reset	166	0.08	0
6	unsafe	1	0	reset	167	0.05	0
6	unsafe	1	0	reset	168	0.13	0
6	unsafe	1	0	reset	169	0.07	0
6	unsafe	1	0	reset	170	0.05	0
6	unsafe	1	0	reset	171	0.08	0
6	unsafe	1	0	reset	172	0.05	0
6	unsafe	1	0	reset	173	0.06	0
6	unsafe	1	0	reset	174	0.07	0
6	unsafe	1	0	reset	175	0.04	0
6	unsafe	1	0	reset	176	0.08	0
6	unsafe	1	0	reset	177	0.06	0
6	unsafe	1	0	reset	178	0.07	0
6	unsafe	1	0	reset	179	0.06	0
6	unsafe	1	0	reset	180	0.07	0
6	unsafe	1	0	reset	181	0.07	0
6	unsafe	1	0	reset	182	0.05	0
6	unsafe	1	0	reset	183	0.07	0
6	unsafe	1	0	reset	184	0.06	0
6	unsafe	1	0	reset	185	0.061	0
6	unsafe	1	0	reset	186	0.07	0
6	unsafe	1	0	reset	187	0.06	0
6	unsafe	1	0	reset	188	0.07	0
6	unsafe	1	0	reset	189	0.06	0
6	unsafe	1	0	reset	190	0.06	0
6	unsafe	1	0	reset	191	0.08	0
6	unsafe	1	0	reset	192	0.071	0
6	unsafe	1	0	reset	193	0.08	0
6	unsafe	1	0	reset	194	0.06	0
6	unsafe	1	0	reset	195	0.07	0
6	unsafe	1	0	reset	196	0.07	0
6	unsafe	1	0	reset	197	0.05	0
6	unsafe	1	0	reset	198	0.08	0
6	unsafe	1	0	reset	199	0.05	0
6	unsafe	1	0	reset	200	0.07	0
6	checked	4	3	reset	1	74.601	0
6	checked	4	3	reset	2	63.88	0
6	checked	4	3	reset	3	44.094	0
6	checked	4	3	reset	4	60.794	0
6	checked	4	3	reset	5	272.705	0
6	checked	4	3	reset	6	41.078	0
6	checked	4	3	reset	7	45.276	0
6	checked	4	3	reset	8	37.822	0
6	checked	4	3	reset	9	37.19	0
6	checked	4	3	reset	10	36.189	0
6	checked	4	3	reset	11	36.679	0
6	checked	4	3	reset	12	37.12	0
6	checked	4	3	reset	13	45.816	0
6	checked	4	3	reset	14	39.815	0
6	checked	4	3	reset	15	37.3	0
6	checked	4	3	reset	16	37.07	0
6	checked	4	3	reset	17	35.867	0
6	checked	4	3	reset	18	35.026	0
6	checked	4	3	reset	19	37.982	0
6	checked	4	3	reset	20	36.739	0
6	checked	4	3	reset	21	37.32	0
6	checked	4	3	reset	22	36.609	0
6	checked	4	3	reset	23	36.118	0
6	checked	4	3	reset	24	42.86	0
6	checked	4	3	reset	25	46.348	0
6	checked	4	3	reset	26	38.403	0
6	checked	4	3	reset	27	37.45	0
6	checked	4	3	reset	28	37.45	0
6	checked	4	3	reset	29	37.17	0
6	checked	4	3	reset	30	35.467	0
6	checked	4	3	reset	31	36.83	0
6	checked	4	3	reset	32	36.619	0
6	checked	4	3	reset	33	35.928	0
6	checked	4	3	reset	34	37.36	0
6	checked	4	3	reset	35	36.669	0
6	checked	4	3	reset	36	39.946	0
6	checked	4	3	reset	37	36.438	0
6	checked	4	3	reset	38	35.907	0
6	checked	4	3	reset	39	36.098	0
6	checked	4	3	reset	40	37.16	0
6	checked	4	3	reset	41	35.347	0
6	checked	4	3	reset	42	35.728	0
6	checked	4	3	reset	43	37.03	0
6	checked	4	3	reset	44	35.527	0
6	checked	4	3	reset	45	35.627	0
6	checked	4	3	reset	46	36.84	0
6	checked	4	3	reset	47	39.134	0
6	checked	4	3	reset	48	39.445	0
6	checked	4	3	reset	49	38.673	0
6	checked	4	3	reset	50	35.877	0
6	checked	4	3	reset	51	38.262	0
6	checked	4	3	reset	52	37.922	0
6	checked	4	3	reset	53	38.833	0
6	checked	4	3	reset	54	36.869	0
6	checked	4	3	reset	55	36.679	0
6	checked	4	3	reset	56	40.817	0
6	checked	4	3	reset	57	38.252	0
6	checked	4	3	reset	58	36.639	0
6	checked	4	3	reset	59	35.928	0
6	checked	4	3	reset	60	35.467	0
6	checked	4	3	reset	61	36.87	0
6	checked	4	3	reset	62	35.998	0
6	checked	4	3	reset	63	36.219	0
6	checked	4	3	reset	64	36.259	0
6	checked	4	3	reset	65	37.13	0
6	checked	4	3	reset	66	35.106	0
6	checked	4	3	reset	67	35.317	0
6	checked	4	3	reset	68	35.948	0
6	checked	4	3	reset	69	36.88	0
6	checked	4	3	reset	70	36.689	0
6	checked	4	3	reset	71	37.421	0
6	checked	4	3	reset	72	36.709	0
6	checked	4	3	reset	73	38.252	0
6	checked	4	3	reset	74	36.689	0
6	checked	4	3	reset	75	36.789	0
6	checked	4	3	reset	76	37.681	0
6	checked	4	3	reset	77	38.362	0
6	checked	4	3	reset	78	38.172	0
6	checked	4	3	reset	79	37.491	0
6	checked	4	3	reset	80	35.237	0
6	checked	4	3	reset	81	37.431	0
6	checked	4	3	reset	82	35.036	0
6	checked	4	3	reset	83	35.657	0
6	checked	4	3	reset	84	35.226	0
6	checked	4	3	reset	85	35.988	0
6	checked	4	3	reset	86	36.128	0
6	checked	4	3	reset	87	37.791	0
6	checked	4	3	reset	88	48.953	0
6	checked	4	3	reset	89	35.707	0
6	checked	4	3	reset	90	36.74	0
6	checked	4	3	reset	91	35.577	0
6	checked	4	3	reset	92	36.128	0
6	checked	4	3	reset	93	35.797	0
6	checked	4	3	reset	94	36.779	0
6	checked	4	3	reset	95	35.157	0
6	checked	4	3	reset	96	35.667	0
6	checked	4	3	reset	97	36.919	0
6	checked	4	3	reset	98	35.507	0
6	checked	4	3	reset	99	35.226	0
6	checked	4	3	reset	100	35.447	0
6	checked	4	3	reset	101	36.299	0
6	checked	4	3	reset	102	34.966	0
6	checked	4	3	reset	103	36.85	0
6	checked	4	3	reset	104	36.439	0
6	checked	4	3	reset	105	36.319	0
6	checked	4	3	reset	106	35.818	0
6	checked	4	3	reset	107	36.739	0
6	checked	4	3	reset	108	35.898	0
6	checked	4	3	reset	109	35.818	0
6	checked	4	3	reset	110	36.338	0
6	checked	4	3	reset	111	35.306	0
6	checked	4	3	reset	112	35.628	0
6	checked	4	3	reset	113	35.568	0
6	checked	4	3	reset	114	35.517	0
6	checked	4	3	reset	115	35.256	0
6	checked	4	3	reset	116	35.928	0
6	checked	4	3	reset	117	35.958	0
6	checked	4	3	reset	118	36.428	0
6	checked	4	3	reset	119	35.437	0
6	checked	4	3	reset	120	36.058	0
6	checked	4	3	reset	121	37.762	0
6	checked	4	3	reset	122	36.479	0
6	checked	4	3	reset	123	36.929	0
6	checked	4	3	reset	124	36.078	0
6	checked	4	3	reset	125	38.042	0
6	checked	4	3	reset	126	38.462	0
6	checked	4	3	reset	127	34.616	0
6	checked	4	3	reset	128	36.048	0
6	checked	4	3	reset	129	35.207	0
6	checked	4	3	reset	130	34.796	0
6	checked	4	3	reset	131	36.689	0
6	checked	4	3	reset	132	35.497	0
6	checked	4	3	reset	133	35.938	0
6	checked	4	3	reset	134	43.061	0
6	checked	4	3	reset	135	37.16	0
6	checked	4	3	reset	136	37.45	0
6	checked	4	3	reset	137	37.471	0
6	checked	4	3	reset	138	40.547	0
6	checked	4	3	reset	139	37.15	0
6	checked	4	3	reset	140	36.119	0
6	checked	4	3	reset	141	36.259	0
6	checked	4	3	reset	142	35.306	0
6	checked	4	3	reset	143	37.2	0
6	checked	4	3	reset	144	36.599	0
6	checked	4	3	reset	145	36.72	0
6	checked	4	3	reset	146	37.451	0
6	checked	4	3	reset	147	37.08	0
6	checked	4	3	reset	148	36.93	0
6	checked	4	3	reset	149	38.442	0
6	checked	4	3	reset	150	37.692	0
6	checked	4	3	reset	151	39.405	0
6	checked	4	3	reset	152	38.152	0
6	checked	4	3	reset	153	35.898	0
6	checked	4	3	reset	154	36.89	0
6	checked	4	3	reset	155	38.894	0
6	checked	4	3	reset	156	36.69	0
6	checked	4	3	reset	157	36.599	0
6	checked	4	3	reset	158	35.687	0
6	checked	4	3	reset	159	35.918	0
6	checked	4	3	reset	160	35.998	0
6	checked	4	3	reset	161	37.46	0
6	checked	4	3	reset	162	35.918	0
6	checked	4	3	reset	163	35.798	0
6	checked	4	3	reset	164	34.295	0
6	checked	4	3	reset	165	37.38	0
6	checked	4	3	reset	166	38.543	0
6	checked	4	3	reset	167	35.667	0
6	checked	4	3	reset	168	35.577	0
6	checked	4	3	reset	169	35.888	0
6	checked	4	3	reset	170	35.527	0
6	checked	4	3	reset	171	35.877	0
6	checked	4	3	reset	172	35.006	0
6	checked	4	3	reset	173	36.319	0
6	checked	4	3	reset	174	37.591	0
6	checked	4	3	reset	175	35.537	0
6	checked	4	3	reset	176	35.477	0
6	checked	4	3	reset	177	36.509	0
6	checked	4	3	reset	178	37.33	0
6	checked	4	3	reset	179	38.713	0
6	checked	4	3	reset	180	37.13	0
6	checked	4	3	reset	181	35.978	0
6	checked	4	3	reset	182	36.139	0
6	checked	4	3	reset	183	36.499	0
6	checked	4	3	reset	184	38.162	0
6	checked	4	3	reset	185	36.579	0
6	checked	4	3	reset	186	36.469	0
6	checked	4	3	reset	187	35.036	0
6	checked	4	3	reset	188	36.418	0
6	checked	4	3	reset	189	36.028	0
6	checked	4	3	reset	190	38.152	0
6	checked	4	3	reset	191	37.411	0
6	checked	4	3	reset	192	36.459	0
6	checked	4	3	reset	193	35.978	0
6	checked	4	3	reset	194	35.287	0
6	checked	4	3	reset	195	37.05	0
6	checked	4	3	reset	196	35.617	0
6	checked	4	3	reset	197	35.667	0
6	checked	4	3	reset	198	34.756	0
6	checked	4	3	reset	199	36.89	0
6	checked	4	3	reset	200	35.176	0
6	checked	4	3	stall	1	47.149	0
6	checked	4	3	stall	2	65.473	0
6	checked	4	3	stall	3	47.32	0
6	unsafe	4	3	reset	1	0.151	0
6	unsafe	4	3	reset	2	0.08	0
6	unsafe	4	3	reset	3	0.12	0
6	unsafe	4	3	reset	4	0.07	0
6	unsafe	4	3	reset	5	0.091	0
6	unsafe	4	3	reset	6	0.07	0
6	unsafe	4	3	reset	7	0.09	0
6	unsafe	4	3	reset	8	0.07	0
6	unsafe	4	3	reset	9	0.17	0
6	unsafe	4	3	reset	10	0.07	0
6	unsafe	4	3	reset	11	0.071	0
6	unsafe	4	3	reset	12	0.08	0
6	unsafe	4	3	reset	13	0.07	0
6	unsafe	4	3	reset	14	0.07	0
6	unsafe	4	3	reset	15	0.08	0
6	unsafe	4	3	reset	16	0.07	0
6	unsafe	4	3	reset	17	0.07	0
6	unsafe	4	3	reset	18	0.08	0
6	unsafe	4	3	reset	19	0.07	0
6	unsafe	4	3	reset	20	0.08	0
6	unsafe	4	3	reset	21	0.07	0
6	unsafe	4	3	reset	22	0.07	0
6	unsafe	4	3	reset	23	0.07	0
6	unsafe	4	3	reset	24	0.07	0
6	unsafe	4	3	reset	25	0.08	0
6	unsafe	4	3	reset	26	0.07	0
6	unsafe	4	3	reset	27	0.07	0
6	unsafe	4	3	reset	28	0.07	0
6	unsafe	4	3	reset	29	0.07	0
6	unsafe	4	3	reset	30	0.07	0
6	unsafe	4	3	reset	31	0.08	0
6	unsafe	4	3	reset	32	0.07	0
6	unsafe	4	3	reset	33	0.07	0
6	unsafe	4	3	reset	34	0.07	0
6	unsafe	4	3	reset	35	0.071	0
6	unsafe	4	3	reset	36	0.071	0
6	unsafe	4	3	reset	37	0.07	0
6	unsafe	4	3	reset	38	0.07	0
6	unsafe	4	3	reset	39	0.08	0
6	unsafe	4	3	reset	40	0.07	0
6	unsafe	4	3	reset	41	0.07	0
6	unsafe	4	3	reset	42	0.08	0
6	unsafe	4	3	reset	43	0.07	0
6	unsafe	4	3	reset	44	0.1	0
6	unsafe	4	3	reset	45	0.09	0
6	unsafe	4	3	reset	46	0.111	0
6	unsafe	4	3	reset	47	0.08	0
6	unsafe	4	3	reset	48	0.07	0
6	unsafe	4	3	reset	49	0.11	0
6	unsafe	4	3	reset	50	0.07	0
6	unsafe	4	3	reset	51	0.07	0
6	unsafe	4	3	reset	52	0.071	0
6	unsafe	4	3	reset	53	0.07	0
6	unsafe	4	3	reset	54	0.07	0
6	unsafe	4	3	reset	55	0.071	0
6	unsafe	4	3	reset	56	0.07	0
6	unsafe	4	3	reset	57	0.07	0
6	unsafe	4	3	reset	58	0.1	0
6	unsafe	4	3	reset	59	0.07	0
6	unsafe	4	3	reset	60	0.071	0
6	unsafe	4	3	reset	61	0.07	0
6	unsafe	4	3	reset	62	0.08	0
6	unsafe	4	3	reset	63	0.081	0
6	unsafe	4	3	reset	64	0.08	0
6	unsafe	4	3	reset	65	0.07	0
6	unsafe	4	3	reset	66	0.07	0
6	unsafe	4	3	reset	67	0.08	0
6	unsafe	4	3	reset	68	0.07	0
6	unsafe	4	3	reset	69	0.07	0
6	unsafe	4	3	reset	70	0.07	0
6	unsafe	4	3	reset	71	0.07	0
6	unsafe	4	3	reset	72	0.07	0
6	unsafe	4	3	reset	73	0.07	0
6	unsafe	4	3	reset	74	0.08	0
6	unsafe	4	3	reset	75	0.071	0
6	unsafe	4	3	reset	76	0.07	0
6	unsafe	4	3	reset	77	0.08	0
6	unsafe	4	3	reset	78	0.07	0
6	unsafe	4	3	reset	79	0.06	0
6	unsafe	4	3	reset	80	0.07	0
6	unsafe	4	3	reset	81	0.07	0
6	unsafe	4	3	reset	82	0.07	0
6	unsafe	4	3	reset	83	0.07	0
6	unsafe	4	3	reset	84	0.071	0
6	unsafe	4	3	reset	85	0.07	0
6	unsafe	4	3	reset	86	0.081	0
6	unsafe	4	3	reset	87	0.07	0
6	unsafe	4	3	reset	88	0.08	0
6	unsafe	4	3	reset	89	0.07	0
6	unsafe	4	3	reset	90	0.07	0
6	unsafe	4	3	reset	91	0.07	0
6	unsafe	4	3	reset	92	0.07	0
6	unsafe	4	3	reset	93	0.071	0
6	unsafe	4	3	reset	94	0.07	0
6	unsafe	4	3	reset	95	0.07	0
6	unsafe	4	3	reset	96	0.07	0
6	unsafe	4	3	reset	97	0.07	0
6	unsafe	4	3	reset	98	0.07	0
6	unsafe	4	3	reset	99	0.07	0
6	unsafe	4	3	reset	100	0.07	0
6	unsafe	4	3	reset	101	0.08	0
6	unsafe	4	3	reset	102	0.07	0
6	unsafe	4	3	reset	103	0.15	0
6	unsafe	4	3	reset	104	0.071	0
6	unsafe	4	3	reset	105	0.07	0
6	unsafe	4	3	reset	106	0.07	0
6	unsafe	4	3	reset	107	0.08	0
6	unsafe	4	3	reset	108	0.07	0
6	unsafe	4	3	reset	109	0.07	0
6	unsafe	4	3	reset	110	0.07	0
6	unsafe	4	3	reset	111	0.071	0
6	unsafe	4	3	reset	112	0.07	0
6	unsafe	4	3	reset	113	0.07	0
6	unsafe	4	3	reset	114	0.07	0
6	unsafe	4	3	reset	115	0.07	0
6	unsafe	4	3	reset	116	0.07	0
6	unsafe	4	3	reset	117	0.07	0
6	unsafe	4	3	reset	118	0.08	0
6	unsafe	4	3	reset	119	0.07	0
6	unsafe	4	3	reset	120	0.07	0
6	unsafe	4	3	reset	121	0.081	0
6	unsafe	4	3	reset	122	0.07	0
6	unsafe	4	3	reset	123	0.07	0
6	unsafe	4	3	reset	124	0.07	0
6	unsafe	4	3	reset	125	0.07	0
6	unsafe	4	3	reset	126	0.071	0
6	unsafe	4	3	reset	127	0.08	0
6	unsafe	4	3	reset	128	0.07	0
6	unsafe	4	3	reset	129	0.07	0
6	unsafe	4	3	reset	130	0.19	0
6	unsafe	4	3	reset	131	0.17	0
6	unsafe	4	3	reset	132	0.07	0
6	unsafe	4	3	reset	133	0.07	0
6	unsafe	4	3	reset	134	0.07	0
6	unsafe	4	3	reset	135	0.07	0
6	unsafe	4	3	reset	136	0.08	0
6	unsafe	4	3	reset	137	0.07	0
6	unsafe	4	3	reset	138	0.07	0
6	unsafe	4	3	reset	139	0.07	0
6	unsafe	4	3	reset	140	0.07	0
6	unsafe	4	3	reset	141	0.07	0
6	unsafe	4	3	reset	142	0.08	0
6	unsafe	4	3	reset	143	0.07	0
6	unsafe	4	3	reset	144	0.101	0
6	unsafe	4	3	reset	145	0.06	0
6	unsafe	4	3	reset	146	0.071	0
6	unsafe	4	3	reset	147	0.07	0
6	unsafe	4	3	reset	148	0.07	0
6	unsafe	4	3	reset	149	0.081	0
6	unsafe	4	3	reset	150	0.07	0
6	unsafe	4	3	reset	151	0.07	0
6	unsafe	4	3	reset	152	0.07	0
6	unsafe	4	3	reset	153	0.07	0
6	unsafe	4	3	reset	154	0.07	0
6	unsafe	4	3	reset	155	0.071	0
6	unsafe	4	3	reset	156	0.07	0
6	unsafe	4	3	reset	157	0.06	0
6	unsafe	4	3	reset	158	0.07	0
6	unsafe	4	3	reset	159	0.07	0
6	unsafe	4	3	reset	160	0.08	0
6	unsafe	4	3	reset	161	0.07	0
6	unsafe	4	3	reset	162	0.08	0
6	unsafe	4	3	reset	163	0.07	0
6	unsafe	4	3	reset	164	0.08	0
6	unsafe	4	3	reset	165	0.071	0
6	unsafe	4	3	reset	166	0.07	0
6	unsafe	4	3	reset	167	0.071	0
6	unsafe	4	3	reset	168	0.07	0
6	unsafe	4	3	reset	169	0.07	0
6	unsafe	4	3	reset	170	0.06	0
6	unsafe	4	3	reset	171	0.07	0
6	unsafe	4	3	reset	172	0.07	0
6	unsafe	4	3	reset	173	0.06	0
6	unsafe	4	3	reset	174	0.08	0
6	unsafe	4	3	reset	175	0.07	0
6	unsafe	4	3	reset	176	0.07	0
6	unsafe	4	3	reset	177	0.07	0
6	unsafe	4	3	reset	178	0.07	0
6	unsafe	4	3	reset	179	0.07	0
6	unsafe	4	3	reset	180	0.07	0
6	unsafe	4	3	reset	181	0.07	0
6	unsafe	4	3	reset	182	0.08	0
6	unsafe	4	3	reset	183	0.07	0
6	unsafe	4	3	reset	184	0.07	0
6	unsafe	4	3	reset	185	0.071	0
6	unsafe	4	3	reset	186	0.07	0
6	unsafe	4	3	reset	187	0.07	0
6	unsafe	4	3	reset	188	0.07	0
6	unsafe	4	3	reset	189	0.07	0
6	unsafe	4	3	reset	190	0.07	0
6	unsafe	4	3	reset	191	0.06	0
6	unsafe	4	3	reset	192	0.07	0
6	unsafe	4	3	reset	193	0.07	0
6	unsafe	4	3	reset	194	0.08	0
6	unsafe	4	3	reset	195	0.071	0
6	unsafe	4	3	reset	196	0.07	0
6	unsafe	4	3	reset	197	0.07	0
6	unsafe	4	3	reset	198	0.07	0
6	unsafe	4	3	reset	199	0.07	0
6	unsafe	4	3	reset	200	0.081	0
6	unsafe	4	3	stall	1	0.0	0
6	unsafe	4	3	stall	2	0.0	0
6	unsafe	4	3	stall	3	0.0	0
6	checked	8	7	reset	1	49.163	0
6	checked	8	7	reset	2	43.642	0
6	checked	8	7	reset	3	69.191	0
6	checked	8	7	reset	4	57.058	0
6	checked	8	7	reset	5	104.357	0
6	checked	8	7	reset	6	64.061	0
6	checked	8	7	reset	7	63.87	0
6	checked	8	7	reset	8	58.651	0
6	checked	8	7	reset	9	56.847	0
6	checked	8	7	reset	10	55.225	0
6	checked	8	7	reset	11	48.872	0
6	checked	8	7	reset	12	48.802	0
6	checked	8	7	reset	13	46.227	0
6	checked	8	7	reset	14	46.347	0
6	checked	8	7	reset	15	45.906	0
6	checked	8	7	reset	16	45.275	0
6	checked	8	7	reset	17	45.455	0
6	checked	8	7	reset	18	44.824	0
6	checked	8	7	reset	19	44.724	0
6	checked	8	7	reset	20	46.688	0
6	checked	8	7	reset	21	44.835	0
6	checked	8	7	reset	22	45.075	0
6	checked	8	7	reset	23	45.877	0
6	checked	8	7	reset	24	43.773	0
6	checked	8	7	reset	25	46.258	0
6	checked	8	7	reset	26	47.389	0
6	checked	8	7	reset	27	47.479	0
6	checked	8	7	reset	28	45.495	0
6	checked	8	7	reset	29	44.744	0
6	checked	8	7	reset	30	43.351	0
6	checked	8	7	reset	31	44.093	0
6	checked	8	7	reset	32	44.975	0
6	checked	8	7	reset	33	43.302	0
6	checked	8	7	reset	34	44.935	0
6	checked	8	7	reset	35	45.365	0
6	checked	8	7	reset	36	43.873	0
6	checked	8	7	reset	37	43.603	0
6	checked	8	7	reset	38	43.212	0
6	checked	8	7	reset	39	43.873	0
6	checked	8	7	reset	40	44.294	0
6	checked	8	7	reset	41	44.143	0
6	checked	8	7	reset	42	43.312	0
6	checked	8	7	reset	43	44.404	0
6	checked	8	7	reset	44	44.053	0
6	checked	8	7	reset	45	44.955	0
6	checked	8	7	reset	46	44.594	0
6	checked	8	7	reset	47	45.526	0
6	checked	8	7	reset	48	44.564	0
6	checked	8	7	reset	49	45.486	0
6	checked	8	7	reset	50	46.097	0
6	checked	8	7	reset	51	59.042	0
6	checked	8	7	reset	52	55.554	0
6	checked	8	7	reset	53	48.932	0
6	checked	8	7	reset	54	44.143	0
6	checked	8	7	reset	55	43.863	0
6	checked	8	7	reset	56	43.742	0
6	checked	8	7	reset	57	44.404	0
6	checked	8	7	reset	58	46.217	0
6	checked	8	7	reset	59	44.223	0
6	checked	8	7	reset	60	46.117	0
6	checked	8	7	reset	61	47.239	0
6	checked	8	7	reset	62	44.253	0
6	checked	8	7	reset	63	43.983	0
6	checked	8	7	reset	64	44.063	0
6	checked	8	7	reset	65	45.335	0
6	checked	8	7	reset	66	44.774	0
6	checked	8	7	reset	67	43.873	0
6	checked	8	7	reset	68	42.49	0
6	checked	8	7	reset	69	42.841	0
6	checked	8	7	reset	70	44.093	0
6	checked	8	7	reset	71	43.833	0
6	checked	8	7	reset	72	42.29	0
6	checked	8	7	reset	73	44.584	0
6	checked	8	7	reset	74	43.632	0
6	checked	8	7	reset	75	43.883	0
6	checked	8	7	reset	76	42.81	0
6	checked	8	7	reset	77	42.801	0
6	checked	8	7	reset	78	42.43	0
6	checked	8	7	reset	79	45.626	0
6	checked	8	7	reset	80	43.081	0
6	checked	8	7	reset	81	44.233	0
6	checked	8	7	reset	82	42.059	0
6	checked	8	7	reset	83	43.371	0
6	checked	8	7	reset	84	47.099	0
6	checked	8	7	reset	85	43.893	0
6	checked	8	7	reset	86	45.346	0
6	checked	8	7	reset	87	42.74	0
6	checked	8	7	reset	88	43.181	0
6	checked	8	7	reset	89	43.331	0
6	checked	8	7	reset	90	43.412	0
6	checked	8	7	reset	91	43.291	0
6	checked	8	7	reset	92	45.866	0
6	checked	8	7	reset	93	42.67	0
6	checked	8	7	reset	94	41.749	0
6	checked	8	7	reset	95	43.402	0
6	checked	8	7	reset	96	42.641	0
6	checked	8	7	reset	97	42.731	0
6	checked	8	7	reset	98	45.025	0
6	checked	8	7	reset	99	44.023	0
6	checked	8	7	reset	100	42.25	0
6	checked	8	7	reset	101	43.763	0
6	checked	8	7	reset	102	42.59	0
6	checked	8	7	reset	103	42.49	0
6	checked	8	7	reset	104	42.42	0
6	checked	8	7	reset	105	44.634	0
6	checked	8	7	reset	106	42.851	0
6	checked	8	7	reset	107	43.893	0
6	checked	8	7	reset	108	41.749	0
6	checked	8	7	reset	109	42.731	0
6	checked	8	7	reset	110	42.49	0
6	checked	8	7	reset	111	43.722	0
6	checked	8	7	reset	112	48.081	0
6	checked	8	7	reset	113	43.111	0
6	checked	8	7	reset	114	46.979	0
6	checked	8	7	reset	115	45.115	0
6	checked	8	7	reset	116	45.296	0
6	checked	8	7	reset	117	43.652	0
6	checked	8	7	reset	118	43.051	0
6	checked	8	7	reset	119	42.239	0
6	checked	8	7	reset	120	44.844	0
6	checked	8	7	reset	121	44.715	0
6	checked	8	7	reset	122	42.31	0
6	checked	8	7	reset	123	44.243	0
6	checked	8	7	reset	124	42.921	0
6	checked	8	7	reset	125	44.945	0
6	checked	8	7	reset	126	44.194	0
6	checked	8	7	reset	127	43.182	0
6	checked	8	7	reset	128	43.743	0
6	checked	8	7	reset	129	43.693	0
6	checked	8	7	reset	130	42.501	0
6	checked	8	7	reset	131	46.188	0
6	checked	8	7	reset	132	44.684	0
6	checked	8	7	reset	133	42.981	0
6	checked	8	7	reset	134	44.113	0
6	checked	8	7	reset	135	43.172	0
6	checked	8	7	reset	136	42.7	0
6	checked	8	7	reset	137	43.292	0
6	checked	8	7	reset	138	42.1	0
6	checked	8	7	reset	139	42.751	0
6	checked	8	7	reset	140	44.775	0
6	checked	8	7	reset	141	43.933	0
6	checked	8	7	reset	142	42.55	0
6	checked	8	7	reset	143	44.233	0
6	checked	8	7	reset	144	46.258	0
6	checked	8	7	reset	145	44.785	0
6	checked	8	7	reset	146	46.177	0
6	checked	8	7	reset	147	43.272	0
6	checked	8	7	reset	148	54.272	0
6	checked	8	7	reset	149	42.32	0
6	checked	8	7	reset	150	44.594	0
6	checked	8	7	reset	151	58.159	0
6	checked	8	7	reset	152	41.258	0
6	checked	8	7	reset	153	50.375	0
6	checked	8	7	reset	154	43.152	0
6	checked	8	7	reset	155	57.098	0
6	checked	8	7	reset	156	50.636	0
6	checked	8	7	reset	157	53.641	0
6	checked	8	7	reset	158	46.769	0
6	checked	8	7	reset	159	47.579	0
6	checked	8	7	reset	160	49.404	0
6	checked	8	7	reset	161	55.034	0
6	checked	8	7	reset	162	55.634	0
6	checked	8	7	reset	163	46.808	0
6	checked	8	7	reset	164	43.863	0
6	checked	8	7	reset	165	44.264	0
6	checked	8	7	reset	166	44.324	0
6	checked	8	7	reset	167	52.419	0
6	checked	8	7	reset	168	45.516	0
6	checked	8	7	reset	169	46.478	0
6	checked	8	7	reset	170	42.81	0
6	checked	8	7	reset	171	46.337	0
6	checked	8	7	reset	172	44.243	0
6	checked	8	7	reset	173	42.7	0
6	checked	8	7	reset	174	42.35	0
6	checked	8	7	reset	175	44.905	0
6	checked	8	7	reset	176	42.38	0
6	checked	8	7	reset	177	44.795	0
6	checked	8	7	reset	178	44.454	0
6	checked	8	7	reset	179	43.993	0
6	checked	8	7	reset	180	43.993	0
6	checked	8	7	reset	181	70.293	0
6	checked	8	7	reset	182	55.314	0
6	checked	8	7	reset	183	139.573	0
6	checked	8	7	reset	184	45.987	0
6	checked	8	7	reset	185	60.344	0
6	checked	8	7	reset	186	42.29	0
6	checked	8	7	reset	187	42.199	0
6	checked	8	7	reset	188	39.044	0
6	checked	8	7	reset	189	46.447	0
6	checked	8	7	reset	190	39.184	0
6	checked	8	7	reset	191	41.158	0
6	checked	8	7	reset	192	42.36	0
6	checked	8	7	reset	193	43.833	0
6	checked	8	7	reset	194	41.548	0
6	checked	8	7	reset	195	39.795	0
6	checked	8	7	reset	196	52.74	0
6	checked	8	7	reset	197	39.595	0
6	checked	8	7	reset	198	39.304	0
6	checked	8	7	reset	199	39.274	0
6	checked	8	7	reset	200	38.883	0
6	checked	8	7	stall	1	136.277	0
6	checked	8	7	stall	2	135.025	0
6	checked	8	7	stall	3	136.507	0
6	checked	8	7	stall	4	134.454	0
6	checked	8	7	stall	5	134.474	0
6	checked	8	7	stall	6	150.013	0
6	checked	8	7	stall	7	403.902	0
6	unsafe	8	7	reset	1	0.17	1
6	unsafe	8	7	reset	2	0.08	1
6	unsafe	8	7	reset	3	0.08	1
6	unsafe	8	7	reset	4	0.081	1
6	unsafe	8	7	reset	5	0.11	1
6	unsafe	8	7	reset	6	0.1	1
6	unsafe	8	7	reset	7	0.401	1
6	unsafe	8	7	reset	8	0.161	1
6	unsafe	8	7	reset	9	0.09	1
6	unsafe	8	7	reset	10	0.08	1
6	unsafe	8	7	reset	11	0.07	1
6	unsafe	8	7	reset	12	0.08	1
6	unsafe	8	7	reset	13	0.07	1
6	unsafe	8	7	reset	14	0.08	1
6	unsafe	8	7	reset	15	0.08	1
6	unsafe	8	7	reset	16	0.07	1
6	unsafe	8	7	reset	17	0.08	1
6	unsafe	8	7	reset	18	0.07	1
6	unsafe	8	7	reset	19	0.08	1
6	unsafe	8	7	reset	20	0.08	1
6	unsafe	8	7	reset	21	0.08	1
6	unsafe	8	7	reset	22	0.06	1
6	unsafe	8	7	reset	23	0.081	1
6	unsafe	8	7	reset	24	0.08	1
6	unsafe	8	7	reset	25	0.07	1
6	unsafe	8	7	reset	26	0.08	1
6	unsafe	8	7	reset	27	0.071	1
6	unsafe	8	7	reset	28	0.07	1
6	unsafe	8	7	reset	29	0.08	1
6	unsafe	8	7	reset	30	0.07	1
6	unsafe	8	7	reset	31	0.07	1
6	unsafe	8	7	reset	32	0.07	1
6	unsafe	8	7	reset	33	0.07	1
6	unsafe	8	7	reset	34	0.071	1
6	unsafe	8	7	reset	35	0.06	1
6	unsafe	8	7	reset	36	0.081	1
6	unsafe	8	7	reset	37	0.081	1
6	unsafe	8	7	reset	38	0.08	1
6	unsafe	8	7	reset	39	0.07	1
6	unsafe	8	7	reset	40	0.08	1
6	unsafe	8	7	reset	41	0.07	1
6	unsafe	8	7	reset	42	0.07	1
6	unsafe	8	7	reset	43	0.07	1
6	unsafe	8	7	reset	44	0.08	1
6	unsafe	8	7	reset	45	0.08	1
6	unsafe	8	7	reset	46	0.07	1
6	unsafe	8	7	reset	47	0.07	1
6	unsafe	8	7	reset	48	0.081	1
6	unsafe	8	7	reset	49	0.06	1
6	unsafe	8	7	reset	50	0.08	1
6	unsafe	8	7	reset	51	0.08	1
6	unsafe	8	7	reset	52	0.08	1
6	unsafe	8	7	reset	53	0.07	1
6	unsafe	8	7	reset	54	0.07	1
6	unsafe	8	7	reset	55	0.07	1
6	unsafe	8	7	reset	56	0.08	1
6	unsafe	8	7	reset	57	0.08	1
6	unsafe	8	7	reset	58	0.07	1
6	unsafe	8	7	reset	59	0.08	1
6	unsafe	8	7	reset	60	0.07	1
6	unsafe	8	7	reset	61	0.08	1
6	unsafe	8	7	reset	62	0.06	1
6	unsafe	8	7	reset	63	0.08	1
6	unsafe	8	7	reset	64	0.071	1
6	unsafe	8	7	reset	65	0.081	1
6	unsafe	8	7	reset	66	0.08	1
6	unsafe	8	7	reset	67	0.08	1
6	unsafe	8	7	reset	68	0.07	1
6	unsafe	8	7	reset	69	0.08	1
6	unsafe	8	7	reset	70	0.07	1
6	unsafe	8	7	reset	71	0.08	1
6	unsafe	8	7	reset	72	0.071	1
6	unsafe	8	7	reset	73	0.07	1
6	unsafe	8	7	reset	74	0.07	1
6	unsafe	8	7	reset	75	0.07	1
6	unsafe	8	7	reset	76	0.07	1
6	unsafe	8	7	reset	77	0.081	1
6	unsafe	8	7	reset	78	0.07	1
6	unsafe	8	7	reset	79	0.07	1
6	unsafe	8	7	reset	80	0.07	1
6	unsafe	8	7	reset	81	0.08	1
6	unsafe	8	7	reset	82	0.08	1
6	unsafe	8	7	reset	83	0.07	1
6	unsafe	8	7	reset	84	0.071	1
6	unsafe	8	7	reset	85	0.07	1
6	unsafe	8	7	reset	86	0.07	1
6	unsafe	8	7	reset	87	0.081	1
6	unsafe	8	7	reset	88	0.07	1
6	unsafe	8	7	reset	89	0.07	1
6	unsafe	8	7	reset	90	0.07	1
6	unsafe	8	7	reset	91	0.08	1
6	unsafe	8	7	reset	92	0.07	1
6	unsafe	8	7	reset	93	0.08	1
6	unsafe	8	7	reset	94	0.07	1
6	unsafe	8	7	reset	95	0.07	1
6	unsafe	8	7	reset	96	0.08	1
6	unsafe	8	7	reset	97	0.08	1
6	unsafe	8	7	reset	98	0.071	1
6	unsafe	8	7	reset	99	0.07	1
6	unsafe	8	7	reset	100	0.07	1
6	unsafe	8	7	reset	101	0.08	1
6	unsafe	8	7	reset	102	0.07	1
6	unsafe	8	7	reset	103	0.08	1
6	unsafe	8	7	reset	104	0.081	1
6	unsafe	8	7	reset	105	0.08	1
6	unsafe	8	7	reset	106	0.07	1
6	unsafe	8	7	reset	107	0.07	1
6	unsafe	8	7	reset	108	0.07	1
6	unsafe	8	7	reset	109	0.071	1
6	unsafe	8	7	reset	110	0.08	1
6	unsafe	8	7	reset	111	0.081	1
6	unsafe	8	7	reset	112	0.081	1
6	unsafe	8	7	reset	113	0.08	1
6	unsafe	8	7	reset	114	0.08	1
6	unsafe	8	7	reset	115	0.06	1
6	unsafe	8	7	reset	116	0.08	1
6	unsafe	8	7	reset	117	0.07	1
6	unsafe	8	7	reset	118	0.07	1
6	unsafe	8	7	reset	119	0.07	1
6	unsafe	8	7	reset	120	0.07	1
6	unsafe	8	7	reset	121	0.08	1
6	unsafe	8	7	reset	122	0.07	1
6	unsafe	8	7	reset	123	0.1	1
6	unsafe	8	7	reset	124	0.07	1
6	unsafe	8	7	reset	125	0.07	1
6	unsafe	8	7	reset	126	0.08	1
6	unsafe	8	7	reset	127	0.07	1
6	unsafe	8	7	reset	128	0.07	1
6	unsafe	8	7	reset	129	0.08	1
6	unsafe	8	7	reset	130	0.08	1
6	unsafe	8	7	reset	131	0.071	1
6	unsafe	8	7	reset	132	0.07	1
6	unsafe	8	7	reset	133	0.08	1
6	unsafe	8	7	reset	134	0.07	1
6	unsafe	8	7	reset	135	0.08	1
6	unsafe	8	7	reset	136	0.08	1
6	unsafe	8	7	reset	137	0.111	1
6	unsafe	8	7	reset	138	0.07	1
6	unsafe	8	7	reset	139	0.07	1
6	unsafe	8	7	reset	140	0.07	1
6	unsafe	8	7	reset	141	0.08	1
6	unsafe	8	7	reset	142	0.07	1
6	unsafe	8	7	reset	143	0.07	1
6	unsafe	8	7	reset	144	0.08	1
6	unsafe	8	7	reset	145	0.07	1
6	unsafe	8	7	reset	146	0.071	1
6	unsafe	8	7	reset	147	0.08	1
6	unsafe	8	7	reset	148	0.07	1
6	unsafe	8	7	reset	149	0.07	1
6	unsafe	8	7	reset	150	0.08	1
6	unsafe	8	7	reset	151	0.07	1
6	unsafe	8	7	reset	152	0.08	1
6	unsafe	8	7	reset	153	0.07	1
6	unsafe	8	7	reset	154	0.081	1
6	unsafe	8	7	reset	155	0.08	1
6	unsafe	8	7	reset	156	0.08	1
6	unsafe	8	7	reset	157	0.07	1
6	unsafe	8	7	reset	158	0.07	1
6	unsafe	8	7	reset	159	0.06	1
6	unsafe	8	7	reset	160	0.08	1
6	unsafe	8	7	reset	161	0.07	1
6	unsafe	8	7	reset	162	0.07	1
6	unsafe	8	7	reset	163	0.07	1
6	unsafe	8	7	reset	164	0.07	1
6	unsafe	8	7	reset	165	0.07	1
6	unsafe	8	7	reset	166	0.08	1
6	unsafe	8	7	reset	167	0.07	1
6	unsafe	8	7	reset	168	0.08	1
6	unsafe	8	7	reset	169	0.07	1
6	unsafe	8	7	reset	170	0.071	1
6	unsafe	8	7	reset	171	0.08	1
6	unsafe	8	7	reset	172	0.08	1
6	unsafe	8	7	reset	173	0.09	1
6	unsafe	8	7	reset	174	0.07	1
6	unsafe	8	7	reset	175	0.081	1
6	unsafe	8	7	reset	176	0.08	1
6	unsafe	8	7	reset	177	0.08	1
6	unsafe	8	7	reset	178	0.07	1
6	unsafe	8	7	reset	179	0.09	1
6	unsafe	8	7	reset	180	0.06	1
6	unsafe	8	7	reset	181	0.07	1
6	unsafe	8	7	reset	182	0.07	1
6	unsafe	8	7	reset	183	0.07	1
6	unsafe	8	7	reset	184	0.07	1
6	unsafe	8	7	reset	185	0.08	1
6	unsafe	8	7	reset	186	0.07	1
6	unsafe	8	7	reset	187	0.08	1
6	unsafe	8	7	reset	188	0.07	1
6	unsafe	8	7	reset	189	0.07	1
6	unsafe	8	7	reset	190	0.06	1
6	unsafe	8	7	reset	191	0.07	1
6	unsafe	8	7	reset	192	0.081	1
6	unsafe	8	7	reset	193	0.07	1
6	unsafe	8	7	reset	194	0.07	1
6	unsafe	8	7	reset	195	0.08	1
6	unsafe	8	7	reset	196	0.09	1
6	unsafe	8	7	reset	197	0.07	1
6	unsafe	8	7	reset	198	0.07	1
6	unsafe	8	7	reset	199	0.07	1
6	unsafe	8	7	reset	200	0.07	1
6	unsafe	8	7	stall	1	0.0	1
6	unsafe	8	7	stall	2	0.0	1
6	unsafe	8	7	stall	3	0.0	1
6	unsafe	8	7	stall	4	0.0	1
6	unsafe	8	7	stall	5	0.0	1
6	unsafe	8	7	stall	6	0.0	1
6	unsafe	8	7	stall	7	0.0	1
6	checked	16	15	reset	1	64.311	0
6	checked	16	15	reset	2	49.624	0
6	checked	16	15	reset	3	48.442	0
6	checked	16	15	reset	4	99.798	0
6	checked	16	15	reset	5	388.513	0
6	checked	16	15	reset	6	61.025	0
6	checked	16	15	reset	7	71.675	0
6	checked	16	15	reset	8	108.054	0
6	checked	16	15	reset	9	76.725	0
6	checked	16	15	reset	10	73.83	0
6	checked	16	15	reset	11	57.659	0
6	checked	16	15	reset	12	65.904	0
6	checked	16	15	reset	13	61.266	0
6	checked	16	15	reset	14	58.169	0
6	checked	16	15	reset	15	61.656	0
6	checked	16	15	reset	16	58.761	0
6	checked	16	15	reset	17	62.478	0
6	checked	16	15	reset	18	59.252	0
6	checked	16	15	reset	19	60.945	0
6	checked	16	15	reset	20	59.642	0
6	checked	16	15	reset	21	72.016	0
6	checked	16	15	reset	22	69.491	0
6	checked	16	15	reset	23	57.669	0
6	checked	16	15	reset	24	62.518	0
6	checked	16	15	reset	25	117.171	0
6	checked	16	15	reset	26	68.359	0
6	checked	16	15	reset	27	62.337	0
6	checked	16	15	reset	28	54.052	0
6	checked	16	15	reset	29	59.703	0
6	checked	16	15	reset	30	54.653	0
6	checked	16	15	reset	31	53.792	0
6	checked	16	15	reset	32	59.442	0
6	checked	16	15	reset	33	61.325	0
6	checked	16	15	reset	34	91.493	0
6	checked	16	15	reset	35	59.101	0
6	checked	16	15	reset	36	60.023	0
6	checked	16	15	reset	37	85.842	0
6	checked	16	15	reset	38	55.865	0
6	checked	16	15	reset	39	60.214	0
6	checked	16	15	reset	40	54.012	0
6	checked	16	15	reset	41	52.84	0
6	checked	16	15	reset	42	55.094	0
6	checked	16	15	reset	43	147.488	0
6	checked	16	15	reset	44	68.96	0
6	checked	16	15	reset	45	55.384	0
6	checked	16	15	reset	46	57.258	0
6	checked	16	15	reset	47	56.086	0
6	checked	16	15	reset	48	331.144	0
6	checked	16	15	reset	49	58.13	0
6	checked	16	15	reset	50	59.463	0
6	checked	16	15	reset	51	57.449	0
6	checked	16	15	reset	52	3126.768	0
6	checked	16	15	reset	53	59.683	0
6	checked	16	15	reset	54	72.176	0
6	checked	16	15	reset	55	67.006	0
6	checked	16	15	reset	56	54.463	0
6	checked	16	15	reset	57	59.282	0
6	checked	16	15	reset	58	59.482	0
6	checked	16	15	reset	59	63.641	0
6	checked	16	15	reset	60	54.703	0
6	checked	16	15	reset	61	55.485	0
6	checked	16	15	reset	62	56.296	0
6	checked	16	15	reset	63	55.835	0
6	checked	16	15	reset	64	53.981	0
6	checked	16	15	reset	65	54.703	0
6	checked	16	15	reset	66	58.8	0
6	checked	16	15	reset	67	55.194	0
6	checked	16	15	reset	68	55.625	0
6	checked	16	15	reset	69	63.46	0
6	checked	16	15	reset	70	55.705	0
6	checked	16	15	reset	71	54.603	0
6	checked	16	15	reset	72	53.441	0
6	checked	16	15	reset	73	116.68	0
6	checked	16	15	reset	74	71.314	0
6	checked	16	15	reset	75	65.563	0
6	checked	16	15	reset	76	70.513	0
6	checked	16	15	reset	77	59.903	0
6	checked	16	15	reset	78	171.433	0
6	checked	16	15	reset	79	96.873	0
6	checked	16	15	reset	80	59.933	0
6	checked	16	15	reset	81	62.317	0
6	checked	16	15	reset	82	55.875	0
6	checked	16	15	reset	83	66.516	0
6	checked	16	15	reset	84	58.991	0
6	checked	16	15	reset	85	59.041	0
6	checked	16	15	reset	86	61.196	0
6	checked	16	15	reset	87	56.476	0
6	checked	16	15	reset	88	56.808	0
6	checked	16	15	reset	89	58.38	0
6	checked	16	15	reset	90	639.626	0
6	checked	16	15	reset	91	60.234	0
6	checked	16	15	reset	92	56.998	0
6	checked	16	15	reset	93	66.275	0
6	checked	16	15	reset	94	63.199	0
6	checked	16	15	reset	95	69.281	0
6	checked	16	15	reset	96	64.071	0
6	checked	16	15	reset	97	62.428	0
6	checked	16	15	reset	98	65.303	0
6	checked	16	15	reset	99	63.149	0
6	checked	16	15	reset	100	62.067	0
6	checked	16	15	reset	101	59.743	0
6	checked	16	15	reset	102	63.62	0
6	checked	16	15	reset	103	77.917	0
6	checked	16	15	reset	104	63.56	0
6	checked	16	15	reset	105	63.229	0
6	checked	16	15	reset	106	59.953	0
6	checked	16	15	reset	107	63.891	0
6	checked	16	15	reset	108	60.414	0
6	checked	16	15	reset	109	62.047	0
6	checked	16	15	reset	110	63.139	0
6	checked	16	15	reset	111	63.69	0
6	checked	16	15	reset	112	65.303	0
6	checked	16	15	reset	113	61.947	0
6	checked	16	15	reset	114	64.301	0
6	checked	16	15	reset	115	67.828	0
6	checked	16	15	reset	116	68.94	0
6	checked	16	15	reset	117	57.528	0
6	checked	16	15	reset	118	54.323	0
6	checked	16	15	reset	119	56.226	0
6	checked	16	15	reset	120	53.19	0
6	checked	16	15	reset	121	55.314	0
6	checked	16	15	reset	122	55.695	0
6	checked	16	15	reset	123	55.565	0
6	checked	16	15	reset	124	55.054	0
6	checked	16	15	reset	125	54.092	0
6	checked	16	15	reset	126	54.863	0
6	checked	16	15	reset	127	54.663	0
6	checked	16	15	reset	128	54.903	0
6	checked	16	15	reset	129	75.362	0
6	checked	16	15	reset	130	250.052	0
6	checked	16	15	reset	131	64.501	0
6	checked	16	15	reset	132	58.581	0
6	checked	16	15	reset	133	58.981	0
6	checked	16	15	reset	134	63.309	0
6	checked	16	15	reset	135	62.748	0
6	checked	16	15	reset	136	54.302	0
6	checked	16	15	reset	137	53.431	0
6	checked	16	15	reset	138	55.374	0
6	checked	16	15	reset	139	55.425	0
6	checked	16	15	reset	140	67.638	0
6	checked	16	15	reset	141	54.443	0
6	checked	16	15	reset	142	57.198	0
6	checked	16	15	reset	143	53.451	0
6	checked	16	15	reset	144	56.557	0
6	checked	16	15	reset	145	55.394	0
6	checked	16	15	reset	146	54.984	0
6	checked	16	15	reset	147	54.493	0
6	checked	16	15	reset	148	58.811	0
6	checked	16	15	reset	149	265.491	0
6	checked	16	15	reset	150	81.454	0
6	checked	16	15	reset	151	65.383	0
6	checked	16	15	reset	152	63.89	0
6	checked	16	15	reset	153	58.65	0
6	checked	16	15	reset	154	55.334	0
6	checked	16	15	reset	155	56.788	0
6	checked	16	15	reset	156	56.186	0
6	checked	16	15	reset	157	57.549	0
6	checked	16	15	reset	158	55.124	0
6	checked	16	15	reset	159	63.37	0
6	checked	16	15	reset	160	61.947	0
6	checked	16	15	reset	161	79.44	0
6	checked	16	15	reset	162	63.62	0
6	checked	16	15	reset	163	57.469	0
6	checked	16	15	reset	164	54.583	0
6	checked	16	15	reset	165	53.762	0
6	checked	16	15	reset	166	54.032	0
6	checked	16	15	reset	167	58.49	0
6	checked	16	15	reset	168	53.341	0
6	checked	16	15	reset	169	59.813	0
6	checked	16	15	reset	170	60.474	0
6	checked	16	15	reset	171	61.245	0
6	checked	16	15	reset	172	55.185	0
6	checked	16	15	reset	173	61.597	0
6	checked	16	15	reset	174	58.69	0
6	checked	16	15	reset	175	55.114	0
6	checked	16	15	reset	176	54.633	0
6	checked	16	15	reset	177	62.478	0
6	checked	16	15	reset	178	56.186	0
6	checked	16	15	reset	179	56.838	0
6	checked	16	15	reset	180	56.296	0
6	checked	16	15	reset	181	56.005	0
6	checked	16	15	reset	182	55.445	0
6	checked	16	15	reset	183	54.813	0
6	checked	16	15	reset	184	52.599	0
6	checked	16	15	reset	185	97.644	0
6	checked	16	15	reset	186	78.678	0
6	checked	16	15	reset	187	72.807	0
6	checked	16	15	reset	188	55.395	0
6	checked	16	15	reset	189	54.253	0
6	checked	16	15	reset	190	53.441	0
6	checked	16	15	reset	191	57.708	0
6	checked	16	15	reset	192	54.312	0
6	checked	16	15	reset	193	55.996	0
6	checked	16	15	reset	194	52.539	0
6	checked	16	15	reset	195	53.441	0
6	checked	16	15	reset	196	56.867	0
6	checked	16	15	reset	197	52.148	0
6	checked	16	15	reset	198	53.501	0
6	checked	16	15	reset	199	53.972	0
6	checked	16	15	reset	200	53.511	0
6	checked	16	15	stall	1	1719.493	0
6	checked	16	15	stall	2	1284.443	0
6	checked	16	15	stall	3	1112.388	0
6	checked	16	15	stall	4	2579.165	0
6	checked	16	15	stall	5	908.914	0
6	checked	16	15	stall	6	908.814	0
6	checked	16	15	stall	7	1705.728	0
6	checked	16	15	stall	8	1709.093	0
6	checked	16	15	stall	9	2044.827	0
6	checked	16	15	stall	10	1725.846	0
6	checked	16	15	stall	11	1705.137	0
6	checked	16	15	stall	12	2318.984	0
6	checked	16	15	stall	13	1084.786	0
6	checked	16	15	stall	14	1917.557	0
6	checked	16	15	stall	15	3124.294	0
6	unsafe	16	15	reset	1	0.15	0
6	unsafe	16	15	reset	2	0.05	0
6	unsafe	16	15	reset	3	0.051	0
6	unsafe	16	15	reset	4	0.071	0
6	unsafe	16	15	reset	5	0.05	0
6	unsafe	16	15	reset	6	0.21	0
6	unsafe	16	15	reset	7	0.08	0
6	unsafe	16	15	reset	8	0.07	0
6	unsafe	16	15	reset	9	0.08	0
6	unsafe	16	15	reset	10	0.07	0
6	unsafe	16	15	reset	11	0.07	0
6	unsafe	16	15	reset	12	0.08	0
6	unsafe	16	15	reset	13	0.07	0
6	unsafe	16	15	reset	14	0.08	0
6	unsafe	16	15	reset	15	0.08	0
6	unsafe	16	15	reset	16	0.09	0
6	unsafe	16	15	reset	17	0.091	0
6	unsafe	16	15	reset	18	0.08	0
6	unsafe	16	15	reset	19	0.091	0
6	unsafe	16	15	reset	20	0.091	0
6	unsafe	16	15	reset	21	0.09	0
6	unsafe	16	15	reset	22	0.08	0
6	unsafe	16	15	reset	23	0.1	0
6	unsafe	16	15	reset	24	0.091	0
6	unsafe	16	15	reset	25	0.08	0
6	unsafe	16	15	reset	26	0.08	0
6	unsafe	16	15	reset	27	0.1	0
6	unsafe	16	15	reset	28	0.111	0
6	unsafe	16	15	reset	29	0.1	0
6	unsafe	16	15	reset	30	0.09	0
6	unsafe	16	15	reset	31	0.07	0
6	unsafe	16	15	reset	32	0.101	0
6	unsafe	16	15	reset	33	0.09	0
6	unsafe	16	15	reset	34	0.1	0
6	unsafe	16	15	reset	35	0.09	0
6	unsafe	16	15	reset	36	0.1	0
6	unsafe	16	15	reset	37	0.1	0
6	unsafe	16	15	reset	38	0.1	0
6	unsafe	16	15	reset	39	0.08	0
6	unsafe	16	15	reset	40	0.101	0
6	unsafe	16	15	reset	41	0.1	0
6	unsafe	16	15	reset	42	0.11	0
6	unsafe	16	15	reset	43	0.1	0
6	unsafe	16	15	reset	44	0.08	0
6	unsafe	16	15	reset	45	0.1	0
6	unsafe	16	15	reset	46	0.09	0
6	unsafe	16	15	reset	47	0.091	0
6	unsafe	16	15	reset	48	0.09	0
6	unsafe	16	15	reset	49	0.1	0
6	unsafe	16	15	reset	50	0.1	0
6	unsafe	16	15	reset	51	0.1	0
6	unsafe	16	15	reset	52	0.081	0
6	unsafe	16	15	reset	53	0.09	0
6	unsafe	16	15	reset	54	0.101	0
6	unsafe	16	15	reset	55	0.09	0
6	unsafe	16	15	reset	56	0.09	0
6	unsafe	16	15	reset	57	0.121	0
6	unsafe	16	15	reset	58	0.11	0
6	unsafe	16	15	reset	59	1.744	0
6	unsafe	16	15	reset	60	0.161	0
6	unsafe	16	15	reset	61	0.08	0
6	unsafe	16	15	reset	62	0.08	0
6	unsafe	16	15	reset	63	0.09	0
6	unsafe	16	15	reset	64	0.09	0
6	unsafe	16	15	reset	65	0.091	0
6	unsafe	16	15	reset	66	0.081	0
6	unsafe	16	15	reset	67	0.1	0
6	unsafe	16	15	reset	68	0.1	0
6	unsafe	16	15	reset	69	0.11	0
6	unsafe	16	15	reset	70	0.11	0
6	unsafe	16	15	reset	71	0.08	0
6	unsafe	16	15	reset	72	0.07	0
6	unsafe	16	15	reset	73	0.09	0
6	unsafe	16	15	reset	74	0.09	0
6	unsafe	16	15	reset	75	0.081	0
6	unsafe	16	15	reset	76	0.09	0
6	unsafe	16	15	reset	77	0.081	0
6	unsafe	16	15	reset	78	0.09	0
6	unsafe	16	15	reset	79	0.09	0
6	unsafe	16	15	reset	80	0.09	0
6	unsafe	16	15	reset	81	0.08	0
6	unsafe	16	15	reset	82	0.071	0
6	unsafe	16	15	reset	83	0.081	0
6	unsafe	16	15	reset	84	0.09	0
6	unsafe	16	15	reset	85	0.08	0
6	unsafe	16	15	reset	86	0.08	0
6	unsafe	16	15	reset	87	0.07	0
6	unsafe	16	15	reset	88	0.1	0
6	unsafe	16	15	reset	89	0.08	0
6	unsafe	16	15	reset	90	0.09	0
6	unsafe	16	15	reset	91	0.091	0
6	unsafe	16	15	reset	92	0.09	0
6	unsafe	16	15	reset	93	0.08	0
6	unsafe	16	15	reset	94	0.091	0
6	unsafe	16	15	reset	95	0.08	0
6	unsafe	16	15	reset	96	0.08	0
6	unsafe	16	15	reset	97	0.09	0
6	unsafe	16	15	reset	98	0.09	0
6	unsafe	16	15	reset	99	0.09	0
6	unsafe	16	15	reset	100	0.08	0
6	unsafe	16	15	reset	101	0.08	0
6	unsafe	16	15	reset	102	0.09	0
6	unsafe	16	15	reset	103	0.09	0
6	unsafe	16	15	reset	104	0.09	0
6	unsafe	16	15	reset	105	0.08	0
6	unsafe	16	15	reset	106	0.08	0
6	unsafe	16	15	reset	107	0.08	0
6	unsafe	16	15	reset	108	0.1	0
6	unsafe	16	15	reset	109	0.09	0
6	unsafe	16	15	reset	110	0.1	0
6	unsafe	16	15	reset	111	0.1	0
6	unsafe	16	15	reset	112	0.09	0
6	unsafe	16	15	reset	113	0.141	0
6	unsafe	16	15	reset	114	0.08	0
6	unsafe	16	15	reset	115	0.08	0
6	unsafe	16	15	reset	116	0.09	0
6	unsafe	16	15	reset	117	0.09	0
6	unsafe	16	15	reset	118	0.091	0
6	unsafe	16	15	reset	119	0.09	0
6	unsafe	16	15	reset	120	0.09	0
6	unsafe	16	15	reset	121	0.08	0
6	unsafe	16	15	reset	122	0.08	0
6	unsafe	16	15	reset	123	0.09	0
6	unsafe	16	15	reset	124	0.09	0
6	unsafe	16	15	reset	125	0.081	0
6	unsafe	16	15	reset	126	0.07	0
6	unsafe	16	15	reset	127	0.09	0
6	unsafe	16	15	reset	128	0.09	0
6	unsafe	16	15	reset	129	0.081	0
6	unsafe	16	15	reset	130	0.09	0
6	unsafe	16	15	reset	131	0.091	0
6	unsafe	16	15	reset	132	0.08	0
6	unsafe	16	15	reset	133	0.09	0
6	unsafe	16	15	reset	134	0.1	0
6	unsafe	16	15	reset	135	0.161	0
6	unsafe	16	15	reset	136	0.07	0
6	unsafe	16	15	reset	137	0.08	0
6	unsafe	16	15	reset	138	0.09	0
6	unsafe	16	15	reset	139	0.09	0
6	unsafe	16	15	reset	140	0.09	0
6	unsafe	16	15	reset	141	0.08	0
6	unsafe	16	15	reset	142	0.111	0
6	unsafe	16	15	reset	143	0.09	0
6	unsafe	16	15	reset	144	0.08	0
6	unsafe	16	15	reset	145	0.09	0
6	unsafe	16	15	reset	146	0.09	0
6	unsafe	16	15	reset	147	0.09	0
6	unsafe	16	15	reset	148	0.08	0
6	unsafe	16	15	reset	149	0.09	0
6	unsafe	16	15	reset	150	0.091	0
6	unsafe	16	15	reset	151	0.081	0
6	unsafe	16	15	reset	152	0.11	0
6	unsafe	16	15	reset	153	0.09	0
6	unsafe	16	15	reset	154	0.09	0
6	unsafe	16	15	reset	155	0.08	0
6	unsafe	16	15	reset	156	0.08	0
6	unsafe	16	15	reset	157	0.09	0
6	unsafe	16	15	reset	158	0.081	0
6	unsafe	16	15	reset	159	0.08	0
6	unsafe	16	15	reset	160	0.1	0
6	unsafe	16	15	reset	161	0.071	0
6	unsafe	16	15	reset	162	0.09	0
6	unsafe	16	15	reset	163	0.08	0
6	unsafe	16	15	reset	164	0.08	0
6	unsafe	16	15	reset	165	0.1	0
6	unsafe	16	15	reset	166	0.08	0
6	unsafe	16	15	reset	167	0.09	0
6	unsafe	16	15	reset	168	0.1	0
6	unsafe	16	15	reset	169	0.101	0
6	unsafe	16	15	reset	170	0.1	0
6	unsafe	16	15	reset	171	0.09	0
6	unsafe	16	15	reset	172	0.08	0
6	unsafe	16	15	reset	173	0.1	0
6	unsafe	16	15	reset	174	0.09	0
6	unsafe	16	15	reset	175	0.08	0
6	unsafe	16	15	reset	176	0.08	0
6	unsafe	16	15	reset	177	0.08	0
6	unsafe	16	15	reset	178	0.09	0
6	unsafe	16	15	reset	179	0.08	0
6	unsafe	16	15	reset	180	0.11	0
6	unsafe	16	15	reset	181	0.09	0
6	unsafe	16	15	reset	182	0.08	0
6	unsafe	16	15	reset	183	0.1	0
6	unsafe	16	15	reset	184	0.08	0
6	unsafe	16	15	reset	185	0.08	0
6	unsafe	16	15	reset	186	0.08	0
6	unsafe	16	15	reset	187	0.1	0
6	unsafe	16	15	reset	188	0.1	0
6	unsafe	16	15	reset	189	0.081	0
6	unsafe	16	15	reset	190	0.08	0
6	unsafe	16	15	reset	191	0.08	0
6	unsafe	16	15	reset	192	0.08	0
6	unsafe	16	15	reset	193	0.09	0
6	unsafe	16	15	reset	194	0.08	0
6	unsafe	16	15	reset	195	0.08	0
6	unsafe	16	15	reset	196	0.131	0
6	unsafe	16	15	reset	197	0.08	0
6	unsafe	16	15	reset	198	0.09	0
6	unsafe	16	15	reset	199	0.1	0
6	unsafe	16	15	reset	200	0.09	0
6	unsafe	16	15	stall	1	0.0	0
6	unsafe	16	15	stall	2	0.0	0
6	unsafe	16	15	stall	3	0.0	0
6	unsafe	16	15	stall	4	0.0	0
6	unsafe	16	15	stall	5	0.0	0
6	unsafe	16	15	stall	6	0.0	0
6	unsafe	16	15	stall	7	0.0	0
6	unsafe	16	15	stall	8	0.0	0
6	unsafe	16	15	stall	9	0.0	0
6	unsafe	16	15	stall	10	0.0	0
6	unsafe	16	15	stall	11	0.0	0
6	unsafe	16	15	stall	12	0.0	0
6	unsafe	16	15	stall	13	0.0	0
6	unsafe	16	15	stall	14	0.0	0
6	unsafe	16	15	stall	15	0.0	0
6	checked	30	29	reset	1	67.808	0
6	checked	30	29	reset	2	56.116	0
6	checked	30	29	reset	3	112.202	0
6	checked	30	29	reset	4	58.45	0
6	checked	30	29	reset	5	81.103	0
6	checked	30	29	reset	6	158.789	0
6	checked	30	29	reset	7	108.234	0
6	checked	30	29	reset	8	167.466	0
6	checked	30	29	reset	9	109.637	0
6	checked	30	29	reset	10	100.7	0
6	checked	30	29	reset	11	106.852	0
6	checked	30	29	reset	12	109.887	0
6	checked	30	29	reset	13	118.243	0
6	checked	30	29	reset	14	112.933	0
6	checked	30	29	reset	15	116.579	0
6	checked	30	29	reset	16	97.594	0
6	checked	30	29	reset	17	106.491	0
6	checked	30	29	reset	18	111.07	0
6	checked	30	29	reset	19	103.445	0
6	checked	30	29	reset	20	95.009	0
6	checked	30	29	reset	21	102.313	0
6	checked	30	29	reset	22	97.584	0
6	checked	30	29	reset	23	104.798	0
6	checked	30	29	reset	24	100.96	0
6	checked	30	29	reset	25	104.528	0
6	checked	30	29	reset	26	94.298	0
6	checked	30	29	reset	27	96.743	0
6	checked	30	29	reset	28	100.419	0
6	checked	30	29	reset	29	103.615	0
6	checked	30	29	reset	30	103.465	0
6	checked	30	29	reset	31	95.139	0
6	checked	30	29	reset	32	102.463	0
6	checked	30	29	reset	33	264.119	0
6	checked	30	29	reset	34	130.215	0
6	checked	30	29	reset	35	116.089	0
6	checked	30	29	reset	36	123.844	0
6	checked	30	29	reset	37	104.577	0
6	checked	30	29	reset	38	118.544	0
6	checked	30	29	reset	39	194.317	0
6	checked	30	29	reset	40	102.564	0
6	checked	30	29	reset	41	122.962	0
6	checked	30	29	reset	42	122.962	0
6	checked	30	29	reset	43	108.705	0
6	checked	30	29	reset	44	102.163	0
6	checked	30	29	reset	45	106.16	0
6	checked	30	29	reset	46	101.241	0
6	checked	30	29	reset	47	120.066	0
6	checked	30	29	reset	48	113.584	0
6	checked	30	29	reset	49	118.413	0
6	checked	30	29	reset	50	119.556	0
6	checked	30	29	reset	51	101.201	0
6	checked	30	29	reset	52	106.691	0
6	checked	30	29	reset	53	104.157	0
6	checked	30	29	reset	54	110.428	0
6	checked	30	29	reset	55	3371.41	0
6	checked	30	29	reset	56	105.92	0
6	checked	30	29	reset	57	457.122	0
6	checked	30	29	reset	58	98.516	0
6	checked	30	29	reset	59	113.504	0
6	checked	30	29	reset	60	105.199	0
6	checked	30	29	reset	61	104.437	0
6	checked	30	29	reset	62	103.695	0
6	checked	30	29	reset	63	104.637	0
6	checked	30	29	reset	64	103.085	0
6	checked	30	29	reset	65	107.352	0
6	checked	30	29	reset	66	101.0	0
6	checked	30	29	reset	67	96.151	0
6	checked	30	29	reset	68	103.095	0
6	checked	30	29	reset	69	105.739	0
6	checked	30	29	reset	70	98.486	0
6	checked	30	29	reset	71	101.101	0
6	checked	30	29	reset	72	126.77	0
6	checked	30	29	reset	73	116.009	0
6	checked	30	29	reset	74	103.536	0
6	checked	30	29	reset	75	105.098	0
6	checked	30	29	reset	76	109.767	0
6	checked	30	29	reset	77	98.395	0
6	checked	30	29	reset	78	94.859	0
6	checked	30	29	reset	79	103.605	0
6	checked	30	29	reset	80	120.407	0
6	checked	30	29	reset	81	448.887	0
6	checked	30	29	reset	82	102.483	0
6	checked	30	29	reset	83	98.566	0
6	checked	30	29	reset	84	90.07	0
6	checked	30	29	reset	85	93.948	0
6	checked	30	29	reset	86	109.036	0
6	checked	30	29	reset	87	94.158	0
6	checked	30	29	reset	88	95.711	0
6	checked	30	29	reset	89	107.072	0
6	checked	30	29	reset	90	102.183	0
6	checked	30	29	reset	91	103.295	0
6	checked	30	29	reset	92	99.217	0
6	checked	30	29	reset	93	98.175	0
6	checked	30	29	reset	94	100.59	0
6	checked	30	29	reset	95	91.542	0
6	checked	30	29	reset	96	104.377	0
6	checked	30	29	reset	97	101.261	0
6	checked	30	29	reset	98	123.843	0
6	checked	30	29	reset	99	107.663	0
6	checked	30	29	reset	100	102.223	0
6	checked	30	29	reset	101	125.797	0
6	checked	30	29	reset	102	102.714	0
6	checked	30	29	reset	103	107.262	0
6	checked	30	29	reset	104	98.065	0
6	checked	30	29	reset	105	102.804	0
6	checked	30	29	reset	106	110.969	0
6	checked	30	29	reset	107	95.19	0
6	checked	30	29	reset	108	101.802	0
6	checked	30	29	reset	109	101.843	0
6	checked	30	29	reset	110	157.697	0
6	checked	30	29	reset	111	100.639	0
6	checked	30	29	reset	112	103.846	0
6	checked	30	29	reset	113	97.143	0
6	checked	30	29	reset	114	103.515	0
6	checked	30	29	reset	115	95.259	0
6	checked	30	29	reset	116	119.054	0
6	checked	30	29	reset	117	97.725	0
6	checked	30	29	reset	118	105.249	0
6	checked	30	29	reset	119	102.533	0
6	checked	30	29	reset	120	108.434	0
6	checked	30	29	reset	121	100.81	0
6	checked	30	29	reset	122	99.027	0
6	checked	30	29	reset	123	108.886	0
6	checked	30	29	reset	124	100.309	0
6	checked	30	29	reset	125	105.339	0
6	checked	30	29	reset	126	102.593	0
6	checked	30	29	reset	127	98.536	0
6	checked	30	29	reset	128	93.446	0
6	checked	30	29	reset	129	106.501	0
6	checked	30	29	reset	130	95.841	0
6	checked	30	29	reset	131	98.546	0
6	checked	30	29	reset	132	103.575	0
6	checked	30	29	reset	133	103.735	0
6	checked	30	29	reset	134	96.152	0
6	checked	30	29	reset	135	97.223	0
6	checked	30	29	reset	136	95.319	0
6	checked	30	29	reset	137	98.215	0
6	checked	30	29	reset	138	103.746	0
6	checked	30	29	reset	139	102.353	0
6	checked	30	29	reset	140	102.333	0
6	checked	30	29	reset	141	102.924	0
6	checked	30	29	reset	142	101.211	0
6	checked	30	29	reset	143	102.052	0
6	checked	30	29	reset	144	103.095	0
6	checked	30	29	reset	145	98.987	0
6	checked	30	29	reset	146	91.162	0
6	checked	30	29	reset	147	105.209	0
6	checked	30	29	reset	148	97.514	0
6	checked	30	29	reset	149	97.624	0
6	checked	30	29	reset	150	99.247	0
6	checked	30	29	reset	151	100.059	0
6	checked	30	29	reset	152	104.557	0
6	checked	30	29	reset	153	108.154	0
6	checked	30	29	reset	154	106.14	0
6	checked	30	29	reset	155	123.603	0
6	checked	30	29	reset	156	102.323	0
6	checked	30	29	reset	157	102.143	0
6	checked	30	29	reset	158	101.832	0
6	checked	30	29	reset	159	103.305	0
6	checked	30	29	reset	160	101.281	0
6	checked	30	29	reset	161	103.735	0
6	checked	30	29	reset	162	96.642	0
6	checked	30	29	reset	163	106.07	0
6	checked	30	29	reset	164	100.65	0
6	checked	30	29	reset	165	102.644	0
6	checked	30	29	reset	166	97.634	0
6	checked	30	29	reset	167	95.29	0
6	checked	30	29	reset	168	96.873	0
6	checked	30	29	reset	169	102.654	0
6	checked	30	29	reset	170	100.439	0
6	checked	30	29	reset	171	101.361	0
6	checked	30	29	reset	172	100.279	0
6	checked	30	29	reset	173	102.133	0
6	checked	30	29	reset	174	94.719	0
6	checked	30	29	reset	175	95.971	0
6	checked	30	29	reset	176	102.443	0
6	checked	30	29	reset	177	97.684	0
6	checked	30	29	reset	178	100.399	0
6	checked	30	29	reset	179	98.075	0
6	checked	30	29	reset	180	94.688	0
6	checked	30	29	reset	181	108.755	0
6	checked	30	29	reset	182	102.603	0
6	checked	30	29	reset	183	124.906	0
6	checked	30	29	reset	184	125.387	0
6	checked	30	29	reset	185	98.205	0
6	checked	30	29	reset	186	120.598	0
6	checked	30	29	reset	187	112.021	0
6	checked	30	29	reset	188	6350.439	0
6	checked	30	29	reset	189	121.419	0
6	checked	30	29	reset	190	108.625	0
6	checked	30	29	reset	191	101.651	0
6	checked	30	29	reset	192	104.608	0
6	checked	30	29	reset	193	114.857	0
6	checked	30	29	reset	194	98.556	0
6	checked	30	29	reset	195	122.211	0
6	checked	30	29	reset	196	104.306	0
6	checked	30	29	reset	197	2263.57	0
6	checked	30	29	reset	198	114.045	0
6	checked	30	29	reset	199	114.225	0
6	checked	30	29	reset	200	99.037	0
6	checked	30	29	stall	1	3336.413	0
6	checked	30	29	stall	2	2666.269	0
6	checked	30	29	stall	3	3778.618	0
6	checked	30	29	stall	4	1825.143	0
6	checked	30	29	stall	5	1842.916	0
6	checked	30	29	stall	6	3536.761	0
6	checked	30	29	stall	7	2712.997	0
6	checked	30	29	stall	8	985.92	0
6	checked	30	29	stall	9	2367.816	0
6	checked	30	29	stall	10	1307.817	0
6	checked	30	29	stall	11	2849.565	0
6	checked	30	29	stall	12	2665.899	0
6	checked	30	29	stall	13	1799.935	0
6	checked	30	29	stall	14	3359.557	0
6	checked	30	29	stall	15	2021.243	0
6	checked	30	29	stall	16	1806.608	0
6	checked	30	29	stall	17	1834.05	0
6	checked	30	29	stall	18	1269.164	0
6	checked	30	29	stall	19	1826.586	0
6	checked	30	29	stall	20	3101.19	0
6	checked	30	29	stall	21	1795.187	0
6	checked	30	29	stall	22	3012.001	0
6	checked	30	29	stall	23	2012.035	0
6	checked	30	29	stall	24	1854.649	0
6	checked	30	29	stall	25	2046.31	0
6	checked	30	29	stall	26	1292.457	0
6	checked	30	29	stall	27	1813.832	0
6	checked	30	29	stall	28	2142.852	0
6	checked	30	29	stall	29	2161.587	0
6	unsafe	30	29	reset	1	0.15	0
6	unsafe	30	29	reset	2	0.08	0
6	unsafe	30	29	reset	3	0.12	0
6	unsafe	30	29	reset	4	0.08	0
6	unsafe	30	29	reset	5	0.561	0
6	unsafe	30	29	reset	6	0.12	0
6	unsafe	30	29	reset	7	0.15	0
6	unsafe	30	29	reset	8	0.13	0
6	unsafe	30	29	reset	9	0.13	0
6	unsafe	30	29	reset	10	0.13	0
6	unsafe	30	29	reset	11	0.14	0
6	unsafe	30	29	reset	12	0.12	0
6	unsafe	30	29	reset	13	0.13	0
6	unsafe	30	29	reset	14	0.13	0
6	unsafe	30	29	reset	15	0.131	0
6	unsafe	30	29	reset	16	0.13	0
6	unsafe	30	29	reset	17	0.14	0
6	unsafe	30	29	reset	18	0.131	0
6	unsafe	30	29	reset	19	0.12	0
6	unsafe	30	29	reset	20	0.14	0
6	unsafe	30	29	reset	21	0.14	0
6	unsafe	30	29	reset	22	0.14	0
6	unsafe	30	29	reset	23	0.13	0
6	unsafe	30	29	reset	24	0.13	0
6	unsafe	30	29	reset	25	0.13	0
6	unsafe	30	29	reset	26	0.131	0
6	unsafe	30	29	reset	27	0.14	0
6	unsafe	30	29	reset	28	0.13	0
6	unsafe	30	29	reset	29	0.13	0
6	unsafe	30	29	reset	30	0.13	0
6	unsafe	30	29	reset	31	0.14	0
6	unsafe	30	29	reset	32	0.14	0
6	unsafe	30	29	reset	33	0.13	0
6	unsafe	30	29	reset	34	0.14	0
6	unsafe	30	29	reset	35	0.141	0
6	unsafe	30	29	reset	36	0.14	0
6	unsafe	30	29	reset	37	0.131	0
6	unsafe	30	29	reset	38	0.13	0
6	unsafe	30	29	reset	39	0.14	0
6	unsafe	30	29	reset	40	0.14	0
6	unsafe	30	29	reset	41	0.131	0
6	unsafe	30	29	reset	42	0.141	0
6	unsafe	30	29	reset	43	0.14	0
6	unsafe	30	29	reset	44	0.131	0
6	unsafe	30	29	reset	45	0.131	0
6	unsafe	30	29	reset	46	0.131	0
6	unsafe	30	29	reset	47	0.13	0
6	unsafe	30	29	reset	48	0.13	0
6	unsafe	30	29	reset	49	0.591	0
6	unsafe	30	29	reset	50	0.12	0
6	unsafe	30	29	reset	51	0.121	0
6	unsafe	30	29	reset	52	0.13	0
6	unsafe	30	29	reset	53	0.13	0
6	unsafe	30	29	reset	54	0.13	0
6	unsafe	30	29	reset	55	0.141	0
6	unsafe	30	29	reset	56	0.12	0
6	unsafe	30	29	reset	57	0.12	0
6	unsafe	30	29	reset	58	0.13	0
6	unsafe	30	29	reset	59	0.12	0
6	unsafe	30	29	reset	60	0.13	0
6	unsafe	30	29	reset	61	0.14	0
6	unsafe	30	29	reset	62	0.13	0
6	unsafe	30	29	reset	63	0.13	0
6	unsafe	30	29	reset	64	0.16	0
6	unsafe	30	29	reset	65	0.12	0
6	unsafe	30	29	reset	66	0.13	0
6	unsafe	30	29	reset	67	0.12	0
6	unsafe	30	29	reset	68	0.141	0
6	unsafe	30	29	reset	69	0.13	0
6	unsafe	30	29	reset	70	0.13	0
6	unsafe	30	29	reset	71	0.141	0
6	unsafe	30	29	reset	72	0.131	0
6	unsafe	30	29	reset	73	0.13	0
6	unsafe	30	29	reset	74	0.131	0
6	unsafe	30	29	reset	75	0.13	0
6	unsafe	30	29	reset	76	0.141	0
6	unsafe	30	29	reset	77	0.131	0
6	unsafe	30	29	reset	78	0.13	0
6	unsafe	30	29	reset	79	0.12	0
6	unsafe	30	29	reset	80	0.13	0
6	unsafe	30	29	reset	81	0.13	0
6	unsafe	30	29	reset	82	0.13	0
6	unsafe	30	29	reset	83	0.13	0
6	unsafe	30	29	reset	84	0.13	0
6	unsafe	30	29	reset	85	0.13	0
6	unsafe	30	29	reset	86	0.14	0
6	unsafe	30	29	reset	87	0.12	0
6	unsafe	30	29	reset	88	0.131	0
6	unsafe	30	29	reset	89	0.14	0
6	unsafe	30	29	reset	90	0.14	0
6	unsafe	30	29	reset	91	0.13	0
6	unsafe	30	29	reset	92	0.12	0
6	unsafe	30	29	reset	93	0.121	0
6	unsafe	30	29	reset	94	0.13	0
6	unsafe	30	29	reset	95	0.13	0
6	unsafe	30	29	reset	96	0.13	0
6	unsafe	30	29	reset	97	0.141	0
6	unsafe	30	29	reset	98	0.13	0
6	unsafe	30	29	reset	99	0.13	0
6	unsafe	30	29	reset	100	0.121	0
6	unsafe	30	29	reset	101	0.12	0
6	unsafe	30	29	reset	102	0.13	0
6	unsafe	30	29	reset	103	0.13	0
6	unsafe	30	29	reset	104	0.13	0
6	unsafe	30	29	reset	105	0.131	0
6	unsafe	30	29	reset	106	0.13	0
6	unsafe	30	29	reset	107	0.13	0
6	unsafe	30	29	reset	108	0.14	0
6	unsafe	30	29	reset	109	0.13	0
6	unsafe	30	29	reset	110	0.13	0
6	unsafe	30	29	reset	111	0.131	0
6	unsafe	30	29	reset	112	0.12	0
6	unsafe	30	29	reset	113	0.131	0
6	unsafe	30	29	reset	114	0.13	0
6	unsafe	30	29	reset	115	0.13	0
6	unsafe	30	29	reset	116	0.13	0
6	unsafe	30	29	reset	117	0.14	0
6	unsafe	30	29	reset	118	0.141	0
6	unsafe	30	29	reset	119	0.12	0
6	unsafe	30	29	reset	120	0.13	0
6	unsafe	30	29	reset	121	0.12	0
6	unsafe	30	29	reset	122	0.14	0
6	unsafe	30	29	reset	123	0.121	0
6	unsafe	30	29	reset	124	0.131	0
6	unsafe	30	29	reset	125	0.131	0
6	unsafe	30	29	reset	126	0.13	0
6	unsafe	30	29	reset	127	0.14	0
6	unsafe	30	29	reset	128	0.13	0
6	unsafe	30	29	reset	129	0.14	0
6	unsafe	30	29	reset	130	0.14	0
6	unsafe	30	29	reset	131	0.13	0
6	unsafe	30	29	reset	132	0.13	0
6	unsafe	30	29	reset	133	0.13	0
6	unsafe	30	29	reset	134	0.131	0
6	unsafe	30	29	reset	135	0.13	0
6	unsafe	30	29	reset	136	0.12	0
6	unsafe	30	29	reset	137	0.14	0
6	unsafe	30	29	reset	138	0.13	0
6	unsafe	30	29	reset	139	0.13	0
6	unsafe	30	29	reset	140	0.13	0
6	unsafe	30	29	reset	141	0.14	0
6	unsafe	30	29	reset	142	0.12	0
6	unsafe	30	29	reset	143	0.14	0
6	unsafe	30	29	reset	144	0.13	0
6	unsafe	30	29	reset	145	0.13	0
6	unsafe	30	29	reset	146	0.13	0
6	unsafe	30	29	reset	147	0.15	0
6	unsafe	30	29	reset	148	0.14	0
6	unsafe	30	29	reset	149	0.13	0
6	unsafe	30	29	reset	150	0.14	0
6	unsafe	30	29	reset	151	0.13	0
6	unsafe	30	29	reset	152	0.141	0
6	unsafe	30	29	reset	153	0.14	0
6	unsafe	30	29	reset	154	0.12	0
6	unsafe	30	29	reset	155	0.14	0
6	unsafe	30	29	reset	156	0.14	0
6	unsafe	30	29	reset	157	0.14	0
6	unsafe	30	29	reset	158	0.141	0
6	unsafe	30	29	reset	159	0.12	0
6	unsafe	30	29	reset	160	0.13	0
6	unsafe	30	29	reset	161	0.13	0
6	unsafe	30	29	reset	162	0.13	0
6	unsafe	30	29	reset	163	0.141	0
6	unsafe	30	29	reset	164	0.14	0
6	unsafe	30	29	reset	165	0.14	0
6	unsafe	30	29	reset	166	0.13	0
6	unsafe	30	29	reset	167	0.13	0
6	unsafe	30	29	reset	168	0.131	0
6	unsafe	30	29	reset	169	0.14	0
6	unsafe	30	29	reset	170	0.14	0
6	unsafe	30	29	reset	171	0.14	0
6	unsafe	30	29	reset	172	0.14	0
6	unsafe	30	29	reset	173	0.13	0
6	unsafe	30	29	reset	174	0.14	0
6	unsafe	30	29	reset	175	0.141	0
6	unsafe	30	29	reset	176	0.13	0
6	unsafe	30	29	reset	177	0.19	0
6	unsafe	30	29	reset	178	0.131	0
6	unsafe	30	29	reset	179	0.131	0
6	unsafe	30	29	reset	180	0.14	0
6	unsafe	30	29	reset	181	0.13	0
6	unsafe	30	29	reset	182	0.13	0
6	unsafe	30	29	reset	183	0.13	0
6	unsafe	30	29	reset	184	0.131	0
6	unsafe	30	29	reset	185	0.14	0
6	unsafe	30	29	reset	186	0.13	0
6	unsafe	30	29	reset	187	0.131	0
6	unsafe	30	29	reset	188	0.13	0
6	unsafe	30	29	reset	189	0.14	0
6	unsafe	30	29	reset	190	0.13	0
6	unsafe	30	29	reset	191	0.13	0
6	unsafe	30	29	reset	192	0.13	0
6	unsafe	30	29	reset	193	0.13	0
6	unsafe	30	29	reset	194	0.14	0
6	unsafe	30	29	reset	195	0.13	0
6	unsafe	30	29	reset	196	0.121	0
6	unsafe	30	29	reset	197	0.14	0
6	unsafe	30	29	reset	198	0.13	0
6	unsafe	30	29	reset	199	0.14	0
6	unsafe	30	29	reset	200	0.13	0
6	unsafe	30	29	stall	1	6003.594	0
6	unsafe	30	29	stall	2	10003.259	0
6	unsafe	30	29	stall	3	3003.025	0
6	unsafe	30	29	stall	4	6003.505	0
6	unsafe	30	29	stall	5	0.0	0
6	unsafe	30	29	stall	6	3003.946	0
6	unsafe	30	29	stall	7	6003.114	0
6	unsafe	30	29	stall	8	2048.965	0
6	unsafe	30	29	stall	9	6002.132	0
6	unsafe	30	29	stall	10	0.0	0
6	unsafe	30	29	stall	11	3003.275	0
6	unsafe	30	29	stall	12	3003.616	0
6	unsafe	30	29	stall	13	7003.601	0
6	unsafe	30	29	stall	14	6002.222	0
6	unsafe	30	29	stall	15	6003.103	0
6	unsafe	30	29	stall	16	7002.659	0
6	unsafe	30	29	stall	17	6003.905	0
6	unsafe	30	29	stall	18	70.934	0
6	unsafe	30	29	stall	19	3003.325	0
6	unsafe	30	29	stall	20	0.0	0
6	unsafe	30	29	stall	21	4002.88	0
6	unsafe	30	29	stall	22	6003.655	0
6	unsafe	30	29	stall	23	0.0	0
6	unsafe	30	29	stall	24	5112.343	0
6	unsafe	30	29	stall	25	0.0	0
6	unsafe	30	29	stall	26	6012.752	0
6	unsafe	30	29	stall	27	0.0	0
6	unsafe	30	29	stall	28	3051.476	0
6	unsafe	30	29	stall	29	9003.633	0
7	checked	1	0	reset	1	45.275	0
7	checked	1	0	reset	2	35.677	0
7	checked	1	0	reset	3	32.24	0
7	checked	1	0	reset	4	29.576	0
7	checked	1	0	reset	5	29.776	0
7	checked	1	0	reset	6	28.393	0
7	checked	1	0	reset	7	28.925	0
7	checked	1	0	reset	8	28.324	0
7	checked	1	0	reset	9	27.832	0
7	checked	1	0	reset	10	27.652	0
7	checked	1	0	reset	11	27.422	0
7	checked	1	0	reset	12	28.423	0
7	checked	1	0	reset	13	28.514	0
7	checked	1	0	reset	14	30.157	0
7	checked	1	0	reset	15	27.452	0
7	checked	1	0	reset	16	27.502	0
7	checked	1	0	reset	17	27.452	0
7	checked	1	0	reset	18	27.111	0
7	checked	1	0	reset	19	27.712	0
7	checked	1	0	reset	20	26.851	0
7	checked	1	0	reset	21	27.722	0
7	checked	1	0	reset	22	27.141	0
7	checked	1	0	reset	23	27.542	0
7	checked	1	0	reset	24	26.71	0
7	checked	1	0	reset	25	27.161	0
7	checked	1	0	reset	26	26.57	0
7	checked	1	0	reset	27	27.201	0
7	checked	1	0	reset	28	27.021	0
7	checked	1	0	reset	29	27.362	0
7	checked	1	0	reset	30	26.831	0
7	checked	1	0	reset	31	27.072	0
7	checked	1	0	reset	32	28.955	0
7	checked	1	0	reset	33	27.412	0
7	checked	1	0	reset	34	27.993	0
7	checked	1	0	reset	35	27.773	0
7	checked	1	0	reset	36	27.182	0
7	checked	1	0	reset	37	27.592	0
7	checked	1	0	reset	38	28.514	0
7	checked	1	0	reset	39	27.572	0
7	checked	1	0	reset	40	27.321	0
7	checked	1	0	reset	41	27.752	0
7	checked	1	0	reset	42	27.953	0
7	checked	1	0	reset	43	27.822	0
7	checked	1	0	reset	44	28.093	0
7	checked	1	0	reset	45	27.051	0
7	checked	1	0	reset	46	26.7	0
7	checked	1	0	reset	47	26.951	0
7	checked	1	0	reset	48	27.041	0
7	checked	1	0	reset	49	26.891	0
7	checked	1	0	reset	50	26.86	0
7	checked	1	0	reset	51	27.011	0
7	checked	1	0	reset	52	26.74	0
7	checked	1	0	reset	53	27.041	0
7	checked	1	0	reset	54	26.68	0
7	checked	1	0	reset	55	27.041	0
7	checked	1	0	reset	56	26.69	0
7	checked	1	0	reset	57	26.961	0
7	checked	1	0	reset	58	26.711	0
7	checked	1	0	reset	59	27.041	0
7	checked	1	0	reset	60	26.841	0
7	checked	1	0	reset	61	27.342	0
7	checked	1	0	reset	62	26.72	0
7	checked	1	0	reset	63	26.92	0
7	checked	1	0	reset	64	26.78	0
7	checked	1	0	reset	65	27.081	0
7	checked	1	0	reset	66	26.761	0
7	checked	1	0	reset	67	26.961	0
7	checked	1	0	reset	68	26.691	0
7	checked	1	0	reset	69	27.051	0
7	checked	1	0	reset	70	27.672	0
7	checked	1	0	reset	71	26.981	0
7	checked	1	0	reset	72	27.011	0
7	checked	1	0	reset	73	26.941	0
7	checked	1	0	reset	74	26.61	0
7	checked	1	0	reset	75	26.941	0
7	checked	1	0	reset	76	26.91	0
7	checked	1	0	reset	77	26.901	0
7	checked	1	0	reset	78	26.93	0
7	checked	1	0	reset	79	30.657	0
7	checked	1	0	reset	80	27.091	0
7	checked	1	0	reset	81	27.101	0
7	checked	1	0	reset	82	26.831	0
7	checked	1	0	reset	83	27.031	0
7	checked	1	0	reset	84	26.67	0
7	checked	1	0	reset	85	27.061	0
7	checked	1	0	reset	86	26.791	0
7	checked	1	0	reset	87	27.041	0
7	checked	1	0	reset	88	28.453	0
7	checked	1	0	reset	89	27.071	0
7	checked	1	0	reset	90	26.741	0
7	checked	1	0	reset	91	26.971	0
7	checked	1	0	reset	92	26.811	0
7	checked	1	0	reset	93	27.152	0
7	checked	1	0	reset	94	26.771	0
7	checked	1	0	reset	95	27.011	0
7	checked	1	0	reset	96	26.75	0
7	checked	1	0	reset	97	27.722	0
7	checked	1	0	reset	98	26.81	0
7	checked	1	0	reset	99	27.261	0
7	checked	1	0	reset	100	26.711	0
7	checked	1	0	reset	101	27.031	0
7	checked	1	0	reset	102	26.76	0
7	checked	1	0	reset	103	27.061	0
7	checked	1	0	reset	104	26.761	0
7	checked	1	0	reset	105	27.062	0
7	checked	1	0	reset	106	26.78	0
7	checked	1	0	reset	107	27.021	0
7	checked	1	0	reset	108	26.881	0
7	checked	1	0	reset	109	27.021	0
7	checked	1	0	reset	110	26.76	0
7	checked	1	0	reset	111	27.031	0
7	checked	1	0	reset	112	26.711	0
7	checked	1	0	reset	113	27.151	0
7	checked	1	0	reset	114	26.73	0
7	checked	1	0	reset	115	27.111	0
7	checked	1	0	reset	116	26.75	0
7	checked	1	0	reset	117	27.392	0
7	checked	1	0	reset	118	26.761	0
7	checked	1	0	reset	119	27.291	0
7	checked	1	0	reset	120	26.82	0
7	checked	1	0	reset	121	27.141	0
7	checked	1	0	reset	122	26.731	0
7	checked	1	0	reset	123	27.021	0
7	checked	1	0	reset	124	26.771	0
7	checked	1	0	reset	125	27.131	0
7	checked	1	0	reset	126	29.456	0
7	checked	1	0	reset	127	27.031	0
7	checked	1	0	reset	128	26.701	0
7	checked	1	0	reset	129	27.041	0
7	checked	1	0	reset	130	26.84	0
7	checked	1	0	reset	131	27.362	0
7	checked	1	0	reset	132	26.771	0
7	checked	1	0	reset	133	27.051	0
7	checked	1	0	reset	134	26.761	0
7	checked	1	0	reset	135	28.593	0
7	checked	1	0	reset	136	26.821	0
7	checked	1	0	reset	137	26.971	0
7	checked	1	0	reset	138	26.761	0
7	checked	1	0	reset	139	27.131	0
7	checked	1	0	reset	140	26.87	0
7	checked	1	0	reset	141	27.162	0
7	checked	1	0	reset	142	26.68	0
7	checked	1	0	reset	143	27.182	0
7	checked	1	0	reset	144	26.73	0
7	checked	1	0	reset	145	27.021	0
7	checked	1	0	reset	146	26.731	0
7	checked	1	0	reset	147	26.971	0
7	checked	1	0	reset	148	26.721	0
7	checked	1	0	reset	149	26.931	0
7	checked	1	0	reset	150	26.671	0
7	checked	1	0	reset	151	27.121	0
7	checked	1	0	reset	152	26.72	0
7	checked	1	0	reset	153	27.041	0
7	checked	1	0	reset	154	26.781	0
7	checked	1	0	reset	155	27.471	0
7	checked	1	0	reset	156	26.811	0
7	checked	1	0	reset	157	27.001	0
7	checked	1	0	reset	158	26.73	0
7	checked	1	0	reset	159	27.071	0
7	checked	1	0	reset	160	26.75	0
7	checked	1	0	reset	161	27.101	0
7	checked	1	0	reset	162	28.183	0
7	checked	1	0	reset	163	28.123	0
7	checked	1	0	reset	164	30.237	0
7	checked	1	0	reset	165	28.173	0
7	checked	1	0	reset	166	27.642	0
7	checked	1	0	reset	167	28.023	0
7	checked	1	0	reset	168	27.071	0
7	checked	1	0	reset	169	27.883	0
7	checked	1	0	reset	170	27.813	0
7	checked	1	0	reset	171	27.702	0
7	checked	1	0	reset	172	27.892	0
7	checked	1	0	reset	173	27.081	0
7	checked	1	0	reset	174	26.721	0
7	checked	1	0	reset	175	27.011	0
7	checked	1	0	reset	176	26.761	0
7	checked	1	0	reset	177	27.071	0
7	checked	1	0	reset	178	26.791	0
7	checked	1	0	reset	179	27.011	0
7	checked	1	0	reset	180	26.781	0
7	checked	1	0	reset	181	27.031	0
7	checked	1	0	reset	182	28.754	0
7	checked	1	0	reset	183	27.091	0
7	checked	1	0	reset	184	26.79	0
7	checked	1	0	reset	185	27.061	0
7	checked	1	0	reset	186	26.81	0
7	checked	1	0	reset	187	27.021	0
7	checked	1	0	reset	188	26.831	0
7	checked	1	0	reset	189	27.121	0
7	checked	1	0	reset	190	26.731	0
7	checked	1	0	reset	191	28.814	0
7	checked	1	0	reset	192	26.721	0
7	checked	1	0	reset	193	27.021	0
7	checked	1	0	reset	194	26.941	0
7	checked	1	0	reset	195	27.051	0
7	checked	1	0	reset	196	26.781	0
7	checked	1	0	reset	197	26.981	0
7	checked	1	0	reset	198	26.77	0
7	checked	1	0	reset	199	27.011	0
7	checked	1	0	reset	200	27.171	0
7	unsafe	1	0	reset	1	0.09	0
7	unsafe	1	0	reset	2	0.06	0
7	unsafe	1	0	reset	3	0.05	0
7	unsafe	1	0	reset	4	0.05	0
7	unsafe	1	0	reset	5	0.06	0
7	unsafe	1	0	reset	6	0.06	0
7	unsafe	1	0	reset	7	0.06	0
7	unsafe	1	0	reset	8	0.051	0
7	unsafe	1	0	reset	9	0.051	0
7	unsafe	1	0	reset	10	0.05	0
7	unsafe	1	0	reset	11	0.04	0
7	unsafe	1	0	reset	12	0.06	0
7	unsafe	1	0	reset	13	0.04	0
7	unsafe	1	0	reset	14	0.06	0
7	unsafe	1	0	reset	15	0.06	0
7	unsafe	1	0	reset	16	0.06	0
7	unsafe	1	0	reset	17	0.05	0
7	unsafe	1	0	reset	18	0.05	0
7	unsafe	1	0	reset	19	0.05	0
7	unsafe	1	0	reset	20	0.06	0
7	unsafe	1	0	reset	21	0.04	0
7	unsafe	1	0	reset	22	0.061	0
7	unsafe	1	0	reset	23	0.05	0
7	unsafe	1	0	reset	24	0.061	0
7	unsafe	1	0	reset	25	0.05	0
7	unsafe	1	0	reset	26	0.05	0
7	unsafe	1	0	reset	27	0.06	0
7	unsafe	1	0	reset	28	0.051	0
7	unsafe	1	0	reset	29	0.24	0
7	unsafe	1	0	reset	30	0.06	0
7	unsafe	1	0	reset	31	0.05	0
7	unsafe	1	0	reset	32	0.07	0
7	unsafe	1	0	reset	33	0.05	0
7	unsafe	1	0	reset	34	0.07	0
7	unsafe	1	0	reset	35	0.051	0
7	unsafe	1	0	reset	36	0.05	0
7	unsafe	1	0	reset	37	0.06	0
7	unsafe	1	0	reset	38	0.05	0
7	unsafe	1	0	reset	39	0.06	0
7	unsafe	1	0	reset	40	0.061	0
7	unsafe	1	0	reset	41	0.06	0
7	unsafe	1	0	reset	42	0.06	0
7	unsafe	1	0	reset	43	0.061	0
7	unsafe	1	0	reset	44	0.07	0
7	unsafe	1	0	reset	45	0.05	0
7	unsafe	1	0	reset	46	0.06	0
7	unsafe	1	0	reset	47	0.051	0
7	unsafe	1	0	reset	48	0.06	0
7	unsafe	1	0	reset	49	0.06	0
7	unsafe	1	0	reset	50	0.05	0
7	unsafe	1	0	reset	51	0.06	0
7	unsafe	1	0	reset	52	0.06	0
7	unsafe	1	0	reset	53	0.05	0
7	unsafe	1	0	reset	54	0.06	0
7	unsafe	1	0	reset	55	0.05	0
7	unsafe	1	0	reset	56	0.06	0
7	unsafe	1	0	reset	57	0.05	0
7	unsafe	1	0	reset	58	0.061	0
7	unsafe	1	0	reset	59	0.081	0
7	unsafe	1	0	reset	60	0.05	0
7	unsafe	1	0	reset	61	0.07	0
7	unsafe	1	0	reset	62	0.06	0
7	unsafe	1	0	reset	63	0.05	0
7	unsafe	1	0	reset	64	0.07	0
7	unsafe	1	0	reset	65	0.05	0
7	unsafe	1	0	reset	66	0.06	0
7	unsafe	1	0	reset	67	0.06	0
7	unsafe	1	0	reset	68	0.09	0
7	unsafe	1	0	reset	69	0.06	0
7	unsafe	1	0	reset	70	0.06	0
7	unsafe	1	0	reset	71	0.06	0
7	unsafe	1	0	reset	72	0.06	0
7	unsafe	1	0	reset	73	0.07	0
7	unsafe	1	0	reset	74	0.06	0
7	unsafe	1	0	reset	75	0.06	0
7	unsafe	1	0	reset	76	0.07	0
7	unsafe	1	0	reset	77	0.06	0
7	unsafe	1	0	reset	78	0.06	0
7	unsafe	1	0	reset	79	0.06	0
7	unsafe	1	0	reset	80	0.05	0
7	unsafe	1	0	reset	81	0.06	0
7	unsafe	1	0	reset	82	0.06	0
7	unsafe	1	0	reset	83	0.06	0
7	unsafe	1	0	reset	84	0.06	0
7	unsafe	1	0	reset	85	0.06	0
7	unsafe	1	0	reset	86	0.05	0
7	unsafe	1	0	reset	87	0.061	0
7	unsafe	1	0	reset	88	0.08	0
7	unsafe	1	0	reset	89	0.04	0
7	unsafe	1	0	reset	90	0.07	0
7	unsafe	1	0	reset	91	0.04	0
7	unsafe	1	0	reset	92	0.051	0
7	unsafe	1	0	reset	93	0.11	0
7	unsafe	1	0	reset	94	0.05	0
7	unsafe	1	0	reset	95	0.06	0
7	unsafe	1	0	reset	96	0.051	0
7	unsafe	1	0	reset	97	0.07	0
7	unsafe	1	0	reset	98	0.05	0
7	unsafe	1	0	reset	99	0.06	0
7	unsafe	1	0	reset	100	0.06	0
7	unsafe	1	0	reset	101	0.06	0
7	unsafe	1	0	reset	102	0.06	0
7	unsafe	1	0	reset	103	0.051	0
7	unsafe	1	0	reset	104	0.05	0
7	unsafe	1	0	reset	105	0.081	0
7	unsafe	1	0	reset	106	0.051	0
7	unsafe	1	0	reset	107	0.07	0
7	unsafe	1	0	reset	108	0.06	0
7	unsafe	1	0	reset	109	0.07	0
7	unsafe	1	0	reset	110	0.05	0
7	unsafe	1	0	reset	111	0.05	0
7	unsafe	1	0	reset	112	0.071	0
7	unsafe	1	0	reset	113	0.06	0
7	unsafe	1	0	reset	114	0.07	0
7	unsafe	1	0	reset	115	0.06	0
7	unsafe	1	0	reset	116	0.051	0
7	unsafe	1	0	reset	117	0.06	0
7	unsafe	1	0	reset	118	0.05	0
7	unsafe	1	0	reset	119	0.06	0
7	unsafe	1	0	reset	120	0.05	0
7	unsafe	1	0	reset	121	0.061	0
7	unsafe	1	0	reset	122	0.06	0
7	unsafe	1	0	reset	123	0.06	0
7	unsafe	1	0	reset	124	0.07	0
7	unsafe	1	0	reset	125	0.05	0
7	unsafe	1	0	reset	126	0.07	0
7	unsafe	1	0	reset	127	0.05	0
7	unsafe	1	0	reset	128	0.06	0
7	unsafe	1	0	reset	129	0.06	0
7	unsafe	1	0	reset	130	0.06	0
7	unsafe	1	0	reset	131	0.06	0
7	unsafe	1	0	reset	132	0.05	0
7	unsafe	1	0	reset	133	0.061	0
7	unsafe	1	0	reset	134	0.06	0
7	unsafe	1	0	reset	135	0.06	0
7	unsafe	1	0	reset	136	0.06	0
7	unsafe	1	0	reset	137	0.05	0
7	unsafe	1	0	reset	138	0.07	0
7	unsafe	1	0	reset	139	0.06	0
7	unsafe	1	0	reset	140	0.06	0
7	unsafe	1	0	reset	141	0.06	0
7	unsafe	1	0	reset	142	0.07	0
7	unsafe	1	0	reset	143	0.07	0
7	unsafe	1	0	reset	144	0.06	0
7	unsafe	1	0	reset	145	0.06	0
7	unsafe	1	0	reset	146	0.08	0
7	unsafe	1	0	reset	147	0.05	0
7	unsafe	1	0	reset	148	0.071	0
7	unsafe	1	0	reset	149	0.06	0
7	unsafe	1	0	reset	150	0.06	0
7	unsafe	1	0	reset	151	0.06	0
7	unsafe	1	0	reset	152	0.06	0
7	unsafe	1	0	reset	153	0.06	0
7	unsafe	1	0	reset	154	0.05	0
7	unsafe	1	0	reset	155	0.07	0
7	unsafe	1	0	reset	156	0.06	0
7	unsafe	1	0	reset	157	0.05	0
7	unsafe	1	0	reset	158	0.07	0
7	unsafe	1	0	reset	159	0.06	0
7	unsafe	1	0	reset	160	0.06	0
7	unsafe	1	0	reset	161	0.05	0
7	unsafe	1	0	reset	162	0.051	0
7	unsafe	1	0	reset	163	0.07	0
7	unsafe	1	0	reset	164	0.061	0
7	unsafe	1	0	reset	165	0.05	0
7	unsafe	1	0	reset	166	0.06	0
7	unsafe	1	0	reset	167	0.061	0
7	unsafe	1	0	reset	168	0.06	0
7	unsafe	1	0	reset	169	0.05	0
7	unsafe	1	0	reset	170	0.06	0
7	unsafe	1	0	reset	171	0.04	0
7	unsafe	1	0	reset	172	0.06	0
7	unsafe	1	0	reset	173	0.06	0
7	unsafe	1	0	reset	174	0.06	0
7	unsafe	1	0	reset	175	0.06	0
7	unsafe	1	0	reset	176	0.05	0
7	unsafe	1	0	reset	177	0.07	0
7	unsafe	1	0	reset	178	0.06	0
7	unsafe	1	0	reset	179	0.06	0
7	unsafe	1	0	reset	180	0.05	0
7	unsafe	1	0	reset	181	0.06	0
7	unsafe	1	0	reset	182	0.06	0
7	unsafe	1	0	reset	183	0.05	0
7	unsafe	1	0	reset	184	0.07	0
7	unsafe	1	0	reset	185	0.06	0
7	unsafe	1	0	reset	186	0.06	0
7	unsafe	1	0	reset	187	0.07	0
7	unsafe	1	0	reset	188	0.06	0
7	unsafe	1	0	reset	189	0.06	0
7	unsafe	1	0	reset	190	0.05	0
7	unsafe	1	0	reset	191	0.071	0
7	unsafe	1	0	reset	192	0.05	0
7	unsafe	1	0	reset	193	0.07	0
7	unsafe	1	0	reset	194	0.08	0
7	unsafe	1	0	reset	195	0.06	0
7	unsafe	1	0	reset	196	0.06	0
7	unsafe	1	0	reset	197	0.06	0
7	unsafe	1	0	reset	198	0.06	0
7	unsafe	1	0	reset	199	0.07	0
7	unsafe	1	0	reset	200	0.05	0
7	checked	4	3	reset	1	59.152	0
7	checked	4	3	reset	2	49.934	0
7	checked	4	3	reset	3	42.11	0
7	checked	4	3	reset	4	67.688	0
7	checked	4	3	reset	5	198.024	0
7	checked	4	3	reset	6	40.656	0
7	checked	4	3	reset	7	39.765	0
7	checked	4	3	reset	8	35.067	0
7	checked	4	3	reset	9	84.841	0
7	checked	4	3	reset	10	44.233	0
7	checked	4	3	reset	11	37.08	0
7	checked	4	3	reset	12	36.609	0
7	checked	4	3	reset	13	35.417	0
7	checked	4	3	reset	14	35.167	0
7	checked	4	3	reset	15	34.906	0
7	checked	4	3	reset	16	34.515	0
7	checked	4	3	reset	17	35.387	0
7	checked	4	3	reset	18	34.856	0
7	checked	4	3	reset	19	36.589	0
7	checked	4	3	reset	20	36.699	0
7	checked	4	3	reset	21	36.388	0
7	checked	4	3	reset	22	46.878	0
7	checked	4	3	reset	23	35.867	0
7	checked	4	3	reset	24	35.086	0
7	checked	4	3	reset	25	34.746	0
7	checked	4	3	reset	26	34.515	0
7	checked	4	3	reset	27	36.629	0
7	checked	4	3	reset	28	35.096	0
7	checked	4	3	reset	29	36.9	0
7	checked	4	3	reset	30	35.297	0
7	checked	4	3	reset	31	37.34	0
7	checked	4	3	reset	32	35.547	0
7	checked	4	3	reset	33	36.389	0
7	checked	4	3	reset	34	35.878	0
7	checked	4	3	reset	35	35.387	0
7	checked	4	3	reset	36	35.527	0
7	checked	4	3	reset	37	35.898	0
7	checked	4	3	reset	38	38.062	0
7	checked	4	3	reset	39	35.677	0
7	checked	4	3	reset	40	35.497	0
7	checked	4	3	reset	41	36.559	0
7	checked	4	3	reset	42	33.954	0
7	checked	4	3	reset	43	35.306	0
7	checked	4	3	reset	44	36.128	0
7	checked	4	3	reset	45	34.305	0
7	checked	4	3	reset	46	34.325	0
7	checked	4	3	reset	47	34.816	0
7	checked	4	3	reset	48	36.299	0
7	checked	4	3	reset	49	34.726	0
7	checked	4	3	reset	50	37.1	0
7	checked	4	3	reset	51	35.166	0
7	checked	4	3	reset	52	35.116	0
7	checked	4	3	reset	53	35.226	0
7	checked	4	3	reset	54	34.956	0
7	checked	4	3	reset	55	35.056	0
7	checked	4	3	reset	56	35.447	0
7	checked	4	3	reset	57	34.796	0
7	checked	4	3	reset	58	36.8	0
7	checked	4	3	reset	59	36.85	0
7	checked	4	3	reset	60	36.83	0
7	checked	4	3	reset	61	36.138	0
7	checked	4	3	reset	62	35.077	0
7	checked	4	3	reset	63	34.805	0
7	checked	4	3	reset	64	36.419	0
7	checked	4	3	reset	65	34.876	0
7	checked	4	3	reset	66	35.857	0
7	checked	4	3	reset	67	34.255	0
7	checked	4	3	reset	68	40.125	0
7	checked	4	3	reset	69	35.066	0
7	checked	4	3	reset	70	37.15	0
7	checked	4	3	reset	71	33.714	0
7	checked	4	3	reset	72	35.287	0
7	checked	4	3	reset	73	35.517	0
7	checked	4	3	reset	74	48.081	0
7	checked	4	3	reset	75	35.407	0
7	checked	4	3	reset	76	35.988	0
7	checked	4	3	reset	77	34.865	0
7	checked	4	3	reset	78	35.487	0
7	checked	4	3	reset	79	33.643	0
7	checked	4	3	reset	80	35.587	0
7	checked	4	3	reset	81	35.897	0
7	checked	4	3	reset	82	35.207	0
7	checked	4	3	reset	83	34.305	0
7	checked	4	3	reset	84	35.517	0
7	checked	4	3	reset	85	35.086	0
7	checked	4	3	reset	86	34.596	0
7	checked	4	3	reset	87	35.127	0
7	checked	4	3	reset	88	34.605	0
7	checked	4	3	reset	89	35.497	0
7	checked	4	3	reset	90	36.308	0
7	checked	4	3	reset	91	35.637	0
7	checked	4	3	reset	92	34.565	0
7	checked	4	3	reset	93	36.249	0
7	checked	4	3	reset	94	37.04	0
7	checked	4	3	reset	95	34.855	0
7	checked	4	3	reset	96	35.708	0
7	checked	4	3	reset	97	45.176	0
7	checked	4	3	reset	98	35.457	0
7	checked	4	3	reset	99	36.75	0
7	checked	4	3	reset	100	35.357	0
7	checked	4	3	reset	101	33.974	0
7	checked	4	3	reset	102	34.966	0
7	checked	4	3	reset	103	35.638	0
7	checked	4	3	reset	104	34.395	0
7	checked	4	3	reset	105	35.377	0
7	checked	4	3	reset	106	34.745	0
7	checked	4	3	reset	107	34.996	0
7	checked	4	3	reset	108	37.941	0
7	checked	4	3	reset	109	34.245	0
7	checked	4	3	reset	110	35.517	0
7	checked	4	3	reset	111	35.026	0
7	checked	4	3	reset	112	36.239	0
7	checked	4	3	reset	113	35.437	0
7	checked	4	3	reset	114	33.974	0
7	checked	4	3	reset	115	35.737	0
7	checked	4	3	reset	116	37.891	0
7	checked	4	3	reset	117	35.156	0
7	checked	4	3	reset	118	35.788	0
7	checked	4	3	reset	119	35.437	0
7	checked	4	3	reset	120	35.257	0
7	checked	4	3	reset	121	34.986	0
7	checked	4	3	reset	122	35.417	0
7	checked	4	3	reset	123	34.005	0
7	checked	4	3	reset	124	34.405	0
7	checked	4	3	reset	125	35.898	0
7	checked	4	3	reset	126	33.163	0
7	checked	4	3	reset	127	37.35	0
7	checked	4	3	reset	128	34.274	0
7	checked	4	3	reset	129	34.796	0
7	checked	4	3	reset	130	33.984	0
7	checked	4	3	reset	131	34.224	0
7	checked	4	3	reset	132	35.016	0
7	checked	4	3	reset	133	35.717	0
7	checked	4	3	reset	134	35.417	0
7	checked	4	3	reset	135	34.866	0
7	checked	4	3	reset	136	34.475	0
7	checked	4	3	reset	137	35.467	0
7	checked	4	3	reset	138	38.472	0
7	checked	4	3	reset	139	36.759	0
7	checked	4	3	reset	140	35.106	0
7	checked	4	3	reset	141	35.847	0
7	checked	4	3	reset	142	37.02	0
7	checked	4	3	reset	143	36.419	0
7	checked	4	3	reset	144	35.237	0
7	checked	4	3	reset	145	36.048	0
7	checked	4	3	reset	146	36.418	0
7	checked	4	3	reset	147	35.347	0
7	checked	4	3	reset	148	35.256	0
7	checked	4	3	reset	149	36.399	0
7	checked	4	3	reset	150	35.177	0
7	checked	4	3	reset	151	35.457	0
7	checked	4	3	reset	152	35.006	0
7	checked	4	3	reset	153	34.906	0
7	checked	4	3	reset	154	34.585	0
7	checked	4	3	reset	155	34.405	0
7	checked	4	3	reset	156	34.545	0
7	checked	4	3	reset	157	35.547	0
7	checked	4	3	reset	158	34.445	0
7	checked	4	3	reset	159	34.155	0
7	checked	4	3	reset	160	34.365	0
7	checked	4	3	reset	161	35.657	0
7	checked	4	3	reset	162	34.975	0
7	checked	4	3	reset	163	36.97	0
7	checked	4	3	reset	164	35.898	0
7	checked	4	3	reset	165	34.646	0
7	checked	4	3	reset	166	35.156	0
7	checked	4	3	reset	167	36.659	0
7	checked	4	3	reset	168	34.295	0
7	checked	4	3	reset	169	34.696	0
7	checked	4	3	reset	170	34.766	0
7	checked	4	3	reset	171	34.114	0
7	checked	4	3	reset	172	34.044	0
7	checked	4	3	reset	173	36.429	0
7	checked	4	3	reset	174	35.627	0
7	checked	4	3	reset	175	34.425	0
7	checked	4	3	reset	176	35.357	0
7	checked	4	3	reset	177	34.234	0
7	checked	4	3	reset	178	35.587	0
7	checked	4	3	reset	179	108.695	0
7	checked	4	3	reset	180	54.042	0
7	checked	4	3	reset	181	35.086	0
7	checked	4	3	reset	182	36.519	0
7	checked	4	3	reset	183	34.115	0
7	checked	4	3	reset	184	34.415	0
7	checked	4	3	reset	185	34.194	0
7	checked	4	3	reset	186	35.617	0
7	checked	4	3	reset	187	33.884	0
7	checked	4	3	reset	188	34.365	0
7	checked	4	3	reset	189	35.127	0
7	checked	4	3	reset	190	38.402	0
7	checked	4	3	reset	191	35.386	0
7	checked	4	3	reset	192	34.785	0
7	checked	4	3	reset	193	34.836	0
7	checked	4	3	reset	194	34.525	0
7	checked	4	3	reset	195	34.856	0
7	checked	4	3	reset	196	34.745	0
7	checked	4	3	reset	197	34.054	0
7	checked	4	3	reset	198	35.396	0
7	checked	4	3	reset	199	35.818	0
7	checked	4	3	reset	200	34.685	0
7	checked	4	3	stall	1	105.159	0
7	checked	4	3	stall	2	119.395	0
7	checked	4	3	stall	3	104.968	0
7	unsafe	4	3	reset	1	0.171	0
7	unsafe	4	3	reset	2	0.11	0
7	unsafe	4	3	reset	3	0.081	0
7	unsafe	4	3	reset	4	0.08	0
7	unsafe	4	3	reset	5	0.14	0
7	unsafe	4	3	reset	6	0.09	0
7	unsafe	4	3	reset	7	0.11	0
7	unsafe	4	3	reset	8	0.221	0
7	unsafe	4	3	reset	9	0.07	0
7	unsafe	4	3	reset	10	0.07	0
7	unsafe	4	3	reset	11	0.11	0
7	unsafe	4	3	reset	12	0.07	0
7	unsafe	4	3	reset	13	0.07	0
7	unsafe	4	3	reset	14	0.07	0
7	unsafe	4	3	reset	15	0.071	0
7	unsafe	4	3	reset	16	0.07	0
7	unsafe	4	3	reset	17	0.07	0
7	unsafe	4	3	reset	18	0.07	0
7	unsafe	4	3	reset	19	0.07	0
7	unsafe	4	3	reset	20	0.07	0
7	unsafe	4	3	reset	21	0.07	0
7	unsafe	4	3	reset	22	0.08	0
7	unsafe	4	3	reset	23	0.11	0
7	unsafe	4	3	reset	24	0.07	0
7	unsafe	4	3	reset	25	0.07	0
7	unsafe	4	3	reset	26	0.07	0
7	unsafe	4	3	reset	27	0.07	0
7	unsafe	4	3	reset	28	0.07	0
7	unsafe	4	3	reset	29	0.07	0
7	unsafe	4	3	reset	30	0.07	0
7	unsafe	4	3	reset	31	0.07	0
7	unsafe	4	3	reset	32	0.07	0
7	unsafe	4	3	reset	33	0.071	0
7	unsafe	4	3	reset	34	0.07	0
7	unsafe	4	3	reset	35	0.07	0
7	unsafe	4	3	reset	36	0.07	0
7	unsafe	4	3	reset	37	0.07	0
7	unsafe	4	3	reset	38	0.081	0
7	unsafe	4	3	reset	39	0.08	0
7	unsafe	4	3	reset	40	0.07	0
7	unsafe	4	3	reset	41	0.07	0
7	unsafe	4	3	reset	42	0.07	0
7	unsafe	4	3	reset	43	0.07	0
7	unsafe	4	3	reset	44	0.08	0
7	unsafe	4	3	reset	45	0.101	0
7	unsafe	4	3	reset	46	0.07	0
7	unsafe	4	3	reset	47	0.06	0
7	unsafe	4	3	reset	48	0.08	0
7	unsafe	4	3	reset	49	0.07	0
7	unsafe	4	3	reset	50	0.07	0
7	unsafe	4	3	reset	51	0.08	0
7	unsafe	4	3	reset	52	0.07	0
7	unsafe	4	3	reset	53	0.07	0
7	unsafe	4	3	reset	54	0.08	0
7	unsafe	4	3	reset	55	0.08	0
7	unsafe	4	3	reset	56	0.07	0
7	unsafe	4	3	reset	57	0.09	0
7	unsafe	4	3	reset	58	0.08	0
7	unsafe	4	3	reset	59	0.071	0
7	unsafe	4	3	reset	60	0.08	0
7	unsafe	4	3	reset	61	0.07	0
7	unsafe	4	3	reset	62	0.07	0
7	unsafe	4	3	reset	63	0.08	0
7	unsafe	4	3	reset	64	0.07	0
7	unsafe	4	3	reset	65	0.07	0
7	unsafe	4	3	reset	66	0.07	0
7	unsafe	4	3	reset	67	0.07	0
7	unsafe	4	3	reset	68	0.08	0
7	unsafe	4	3	reset	69	0.07	0
7	unsafe	4	3	reset	70	0.07	0
7	unsafe	4	3	reset	71	0.081	0
7	unsafe	4	3	reset	72	0.07	0
7	unsafe	4	3	reset	73	0.07	0
7	unsafe	4	3	reset	74	0.07	0
7	unsafe	4	3	reset	75	0.07	0
7	unsafe	4	3	reset	76	0.1	0
7	unsafe	4	3	reset	77	0.07	0
7	unsafe	4	3	reset	78	0.08	0
7	unsafe	4	3	reset	79	0.06	0
7	unsafe	4	3	reset	80	0.07	0
7	unsafe	4	3	reset	81	0.07	0
7	unsafe	4	3	reset	82	0.07	0
7	unsafe	4	3	reset	83	0.07	0
7	unsafe	4	3	reset	84	0.07	0
7	unsafe	4	3	reset	85	0.07	0
7	unsafe	4	3	reset	86	0.071	0
7	unsafe	4	3	reset	87	0.07	0
7	unsafe	4	3	reset	88	0.07	0
7	unsafe	4	3	reset	89	0.081	0
7	unsafe	4	3	reset	90	0.07	0
7	unsafe	4	3	reset	91	0.08	0
7	unsafe	4	3	reset	92	0.07	0
7	unsafe	4	3	reset	93	0.07	0
7	unsafe	4	3	reset	94	0.07	0
7	unsafe	4	3	reset	95	0.1	0
7	unsafe	4	3	reset	96	0.08	0
7	unsafe	4	3	reset	97	0.11	0
7	unsafe	4	3	reset	98	0.081	0
7	unsafe	4	3	reset	99	0.081	0
7	unsafe	4	3	reset	100	0.08	0
7	unsafe	4	3	reset	101	0.07	0
7	unsafe	4	3	reset	102	0.06	0
7	unsafe	4	3	reset	103	0.11	0
7	unsafe	4	3	reset	104	0.07	0
7	unsafe	4	3	reset	105	0.08	0
7	unsafe	4	3	reset	106	0.081	0
7	unsafe	4	3	reset	107	0.07	0
7	unsafe	4	3	reset	108	0.07	0
7	unsafe	4	3	reset	109	0.07	0
7	unsafe	4	3	reset	110	0.08	0
7	unsafe	4	3	reset	111	0.091	0
7	unsafe	4	3	reset	112	0.08	0
7	unsafe	4	3	reset	113	0.07	0
7	unsafe	4	3	reset	114	0.07	0
7	unsafe	4	3	reset	115	0.07	0
7	unsafe	4	3	reset	116	0.07	0
7	unsafe	4	3	reset	117	0.07	0
7	unsafe	4	3	reset	118	0.081	0
7	unsafe	4	3	reset	119	0.07	0
7	unsafe	4	3	reset	120	0.07	0
7	unsafe	4	3	reset	121	0.07	0
7	unsafe	4	3	reset	122	0.07	0
7	unsafe	4	3	reset	123	0.07	0
7	unsafe	4	3	reset	124	0.081	0
7	unsafe	4	3	reset	125	0.07	0
7	unsafe	4	3	reset	126	0.08	0
7	unsafe	4	3	reset	127	0.07	0
7	unsafe	4	3	reset	128	0.07	0
7	unsafe	4	3	reset	129	0.08	0
7	unsafe	4	3	reset	130	0.07	0
7	unsafe	4	3	reset	131	0.07	0
7	unsafe	4	3	reset	132	0.07	0
7	unsafe	4	3	reset	133	0.08	0
7	unsafe	4	3	reset	134	0.07	0
7	unsafe	4	3	reset	135	0.08	0
7	unsafe	4	3	reset	136	0.08	0
7	unsafe	4	3	reset	137	0.07	0
7	unsafe	4	3	reset	138	0.08	0
7	unsafe	4	3	reset	139	0.07	0
7	unsafe	4	3	reset	140	0.071	0
7	unsafe	4	3	reset	141	0.08	0
7	unsafe	4	3	reset	142	0.071	0
7	unsafe	4	3	reset	143	0.07	0
7	unsafe	4	3	reset	144	0.07	0
7	unsafe	4	3	reset	145	0.09	0
7	unsafe	4	3	reset	146	0.08	0
7	unsafe	4	3	reset	147	0.07	0
7	unsafe	4	3	reset	148	0.07	0
7	unsafe	4	3	reset	149	0.07	0
7	unsafe	4	3	reset	150	0.07	0
7	unsafe	4	3	reset	151	0.07	0
7	unsafe	4	3	reset	152	0.08	0
7	unsafe	4	3	reset	153	0.081	0
7	unsafe	4	3	reset	154	0.1	0
7	unsafe	4	3	reset	155	0.07	0
7	unsafe	4	3	reset	156	0.07	0
7	unsafe	4	3	reset	157	0.07	0
7	unsafe	4	3	reset	158	0.07	0
7	unsafe	4	3	reset	159	0.07	0
7	unsafe	4	3	reset	160	0.081	0
7	unsafe	4	3	reset	161	0.08	0
7	unsafe	4	3	reset	162	0.07	0
7	unsafe	4	3	reset	163	0.07	0
7	unsafe	4	3	reset	164	0.07	0
7	unsafe	4	3	reset	165	0.08	0
7	unsafe	4	3	reset	166	0.071	0
7	unsafe	4	3	reset	167	0.07	0
7	unsafe	4	3	reset	168	0.07	0
7	unsafe	4	3	reset	169	0.081	0
7	unsafe	4	3	reset	170	0.07	0
7	unsafe	4	3	reset	171	0.07	0
7	unsafe	4	3	reset	172	0.11	0
7	unsafe	4	3	reset	173	0.07	0
7	unsafe	4	3	reset	174	0.07	0
7	unsafe	4	3	reset	175	0.08	0
7	unsafe	4	3	reset	176	0.071	0
7	unsafe	4	3	reset	177	0.08	0
7	unsafe	4	3	reset	178	0.08	0
7	unsafe	4	3	reset	179	0.09	0
7	unsafe	4	3	reset	180	0.07	0
7	unsafe	4	3	reset	181	0.08	0
7	unsafe	4	3	reset	182	0.07	0
7	unsafe	4	3	reset	183	0.08	0
7	unsafe	4	3	reset	184	0.09	0
7	unsafe	4	3	reset	185	0.08	0
7	unsafe	4	3	reset	186	0.07	0
7	unsafe	4	3	reset	187	0.08	0
7	unsafe	4	3	reset	188	0.07	0
7	unsafe	4	3	reset	189	0.07	0
7	unsafe	4	3	reset	190	0.071	0
7	unsafe	4	3	reset	191	0.08	0
7	unsafe	4	3	reset	192	0.07	0
7	unsafe	4	3	reset	193	0.07	0
7	unsafe	4	3	reset	194	0.111	0
7	unsafe	4	3	reset	195	0.071	0
7	unsafe	4	3	reset	196	0.07	0
7	unsafe	4	3	reset	197	0.07	0
7	unsafe	4	3	reset	198	0.07	0
7	unsafe	4	3	reset	199	0.07	0
7	unsafe	4	3	reset	200	0.08	0
7	unsafe	4	3	stall	1	0.0	0
7	unsafe	4	3	stall	2	0.0	0
7	unsafe	4	3	stall	3	0.0	0
7	checked	8	7	reset	1	80.702	1
7	checked	8	7	reset	2	53.731	1
7	checked	8	7	reset	3	120.537	1
7	checked	8	7	reset	4	339.531	1
7	checked	8	7	reset	5	60.163	1
7	checked	8	7	reset	6	48.322	1
7	checked	8	7	reset	7	42.009	1
7	checked	8	7	reset	8	94.117	1
7	checked	8	7	reset	9	58.771	1
7	checked	8	7	reset	10	60.133	1
7	checked	8	7	reset	11	58.961	1
7	checked	8	7	reset	12	45.155	1
7	checked	8	7	reset	13	45.686	1
7	checked	8	7	reset	14	51.858	1
7	checked	8	7	reset	15	45.065	1
7	checked	8	7	reset	16	45.746	1
7	checked	8	7	reset	17	45.606	1
7	checked	8	7	reset	18	51.307	1
7	checked	8	7	reset	19	44.364	1
7	checked	8	7	reset	20	44.725	1
7	checked	8	7	reset	21	44.985	1
7	checked	8	7	reset	22	46.739	1
7	checked	8	7	reset	23	44.735	1
7	checked	8	7	reset	24	46.037	1
7	checked	8	7	reset	25	46.888	1
7	checked	8	7	reset	26	44.234	1
7	checked	8	7	reset	27	47.88	1
7	checked	8	7	reset	28	46.779	1
7	checked	8	7	reset	29	48.111	1
7	checked	8	7	reset	30	43.923	1
7	checked	8	7	reset	31	44.834	1
7	checked	8	7	reset	32	66.896	1
7	checked	8	7	reset	33	57.558	1
7	checked	8	7	reset	34	59.422	1
7	checked	8	7	reset	35	57.348	1
7	checked	8	7	reset	36	44.934	1
7	checked	8	7	reset	37	58.31	1
7	checked	8	7	reset	38	43.893	1
7	checked	8	7	reset	39	47.079	1
7	checked	8	7	reset	40	49.563	1
7	checked	8	7	reset	41	43.942	1
7	checked	8	7	reset	42	43.462	1
7	checked	8	7	reset	43	44.825	1
7	checked	8	7	reset	44	45.205	1
7	checked	8	7	reset	45	42.911	1
7	checked	8	7	reset	46	44.254	1
7	checked	8	7	reset	47	44.344	1
7	checked	8	7	reset	48	44.784	1
7	checked	8	7	reset	49	44.133	1
7	checked	8	7	reset	50	44.965	1
7	checked	8	7	reset	51	45.456	1
7	checked	8	7	reset	52	45.406	1
7	checked	8	7	reset	53	46.277	1
7	checked	8	7	reset	54	44.895	1
7	checked	8	7	reset	55	44.344	1
7	checked	8	7	reset	56	43.653	1
7	checked	8	7	reset	57	44.664	1
7	checked	8	7	reset	58	51.347	1
7	checked	8	7	reset	59	59.923	1
7	checked	8	7	reset	60	43.943	1
7	checked	8	7	reset	61	46.408	1
7	checked	8	7	reset	62	46.107	1
7	checked	8	7	reset	63	49.634	1
7	checked	8	7	reset	64	51.147	1
7	checked	8	7	reset	65	48.532	1
7	checked	8	7	reset	66	47.039	1
7	checked	8	7	reset	67	45.616	1
7	checked	8	7	reset	68	43.181	1
7	checked	8	7	reset	69	46.037	1
7	checked	8	7	reset	70	44.714	1
7	checked	8	7	reset	71	44.203	1
7	checked	8	7	reset	72	43.842	1
7	checked	8	7	reset	73	43.462	1
7	checked	8	7	reset	74	42.169	1
7	checked	8	7	reset	75	44.333	1
7	checked	8	7	reset	76	50.646	1
7	checked	8	7	reset	77	43.041	1
7	checked	8	7	reset	78	44.223	1
7	checked	8	7	reset	79	41.969	1
7	checked	8	7	reset	80	44.284	1
7	checked	8	7	reset	81	44.383	1
7	checked	8	7	reset	82	41.98	1
7	checked	8	7	reset	83	47.7	1
7	checked	8	7	reset	84	68.029	1
7	checked	8	7	reset	85	48.211	1
7	checked	8	7	reset	86	56.717	1
7	checked	8	7	reset	87	40.697	1
7	checked	8	7	reset	88	46.308	1
7	checked	8	7	reset	89	40.917	1
7	checked	8	7	reset	90	40.526	1
7	checked	8	7	reset	91	40.466	1
7	checked	8	7	reset	92	39.104	1
7	checked	8	7	reset	93	39.574	1
7	checked	8	7	reset	94	39.354	1
7	checked	8	7	reset	95	39.936	1
7	checked	8	7	reset	96	40.256	1
7	checked	8	7	reset	97	39.865	1
7	checked	8	7	reset	98	39.034	1
7	checked	8	7	reset	99	38.753	1
7	checked	8	7	reset	100	39.064	1
7	checked	8	7	reset	101	40.256	1
7	checked	8	7	reset	102	40.156	1
7	checked	8	7	reset	103	39.133	1
7	checked	8	7	reset	104	39.434	1
7	checked	8	7	reset	105	39.675	1
7	checked	8	7	reset	106	40.807	1
7	checked	8	7	reset	107	38.973	1
7	checked	8	7	reset	108	39.805	1
7	checked	8	7	reset	109	39.905	1
7	checked	8	7	reset	110	40.416	1
7	checked	8	7	reset	111	39.174	1
7	checked	8	7	reset	112	40.176	1
7	checked	8	7	reset	113	39.124	1
7	checked	8	7	reset	114	39.604	1
7	checked	8	7	reset	115	39.535	1
7	checked	8	7	reset	116	39.044	1
7	checked	8	7	reset	117	39.264	1
7	checked	8	7	reset	118	39.224	1
7	checked	8	7	reset	119	39.605	1
7	checked	8	7	reset	120	39.976	1
7	checked	8	7	reset	121	38.873	1
7	checked	8	7	reset	122	39.033	1
7	checked	8	7	reset	123	39.655	1
7	checked	8	7	reset	124	38.914	1
7	checked	8	7	reset	125	39.445	1
7	checked	8	7	reset	126	39.565	1
7	checked	8	7	reset	127	38.893	1
7	checked	8	7	reset	128	39.104	1
7	checked	8	7	reset	129	39.013	1
7	checked	8	7	reset	130	38.843	1
7	checked	8	7	reset	131	39.304	1
7	checked	8	7	reset	132	39.124	1
7	checked	8	7	reset	133	39.554	1
7	checked	8	7	reset	134	39.455	1
7	checked	8	7	reset	135	39.985	1
7	checked	8	7	reset	136	38.643	1
7	checked	8	7	reset	137	40.126	1
7	checked	8	7	reset	138	38.833	1
7	checked	8	7	reset	139	39.594	1
7	checked	8	7	reset	140	40.045	1
7	checked	8	7	reset	141	39.504	1
7	checked	8	7	reset	142	41.077	1
7	checked	8	7	reset	143	39.575	1
7	checked	8	7	reset	144	38.623	1
7	checked	8	7	reset	145	39.635	1
7	checked	8	7	reset	146	40.968	1
7	checked	8	7	reset	147	39.405	1
7	checked	8	7	reset	148	39.003	1
7	checked	8	7	reset	149	39.575	1
7	checked	8	7	reset	150	39.354	1
7	checked	8	7	reset	151	39.876	1
7	checked	8	7	reset	152	39.645	1
7	checked	8	7	reset	153	40.246	1
7	checked	8	7	reset	154	39.605	1
7	checked	8	7	reset	155	38.914	1
7	checked	8	7	reset	156	39.123	1
7	checked	8	7	reset	157	38.883	1
7	checked	8	7	reset	158	39.204	1
7	checked	8	7	reset	159	39.143	1
7	checked	8	7	reset	160	40.236	1
7	checked	8	7	reset	161	39.735	1
7	checked	8	7	reset	162	38.904	1
7	checked	8	7	reset	163	38.793	1
7	checked	8	7	reset	164	39.194	1
7	checked	8	7	reset	165	39.454	1
7	checked	8	7	reset	166	38.753	1
7	checked	8	7	reset	167	39.285	1
7	checked	8	7	reset	168	38.933	1
7	checked	8	7	reset	169	39.354	1
7	checked	8	7	reset	170	39.304	1
7	checked	8	7	reset	171	39.825	1
7	checked	8	7	reset	172	39.275	1
7	checked	8	7	reset	173	39.194	1
7	checked	8	7	reset	174	39.565	1
7	checked	8	7	reset	175	38.642	1
7	checked	8	7	reset	176	39.545	1
7	checked	8	7	reset	177	39.284	1
7	checked	8	7	reset	178	38.934	1
7	checked	8	7	reset	179	40.015	1
7	checked	8	7	reset	180	39.094	1
7	checked	8	7	reset	181	40.477	1
7	checked	8	7	reset	182	39.374	1
7	checked	8	7	reset	183	40.596	1
7	checked	8	7	reset	184	38.944	1
7	checked	8	7	reset	185	41.658	1
7	checked	8	7	reset	186	38.673	1
7	checked	8	7	reset	187	38.082	1
7	checked	8	7	reset	188	39.184	1
7	checked	8	7	reset	189	38.272	1
7	checked	8	7	reset	190	38.553	1
7	checked	8	7	reset	191	40.476	1
7	checked	8	7	reset	192	38.723	1
7	checked	8	7	reset	193	38.884	1
7	checked	8	7	reset	194	39.364	1
7	checked	8	7	reset	195	41.749	1
7	checked	8	7	reset	196	38.733	1
7	checked	8	7	reset	197	38.914	1
7	checked	8	7	reset	198	38.633	1
7	checked	8	7	reset	199	38.643	1
7	checked	8	7	reset	200	45.045	1
7	checked	8	7	stall	1	91.403	1
7	checked	8	7	stall	2	90.5	1
7	checked	8	7	stall	3	90.922	1
7	checked	8	7	stall	4	91.804	1
7	checked	8	7	stall	5	87.144	1
7	checked	8	7	stall	6	88.136	1
7	checked	8	7	stall	7	103.475	1
7	unsafe	8	7	reset	1	0.12	1
7	unsafe	8	7	reset	2	0.08	1
7	unsafe	8	7	reset	3	0.101	1
7	unsafe	8	7	reset	4	0.091	1
7	unsafe	8	7	reset	5	0.09	1
7	unsafe	8	7	reset	6	0.982	1
7	unsafe	8	7	reset	7	0.17	1
7	unsafe	8	7	reset	8	0.071	1
7	unsafe	8	7	reset	9	0.08	1
7	unsafe	8	7	reset	10	0.081	1
7	unsafe	8	7	reset	11	0.08	1
7	unsafe	8	7	reset	12	0.08	1
7	unsafe	8	7	reset	13	0.08	1
7	unsafe	8	7	reset	14	0.07	1
7	unsafe	8	7	reset	15	0.08	1
7	unsafe	8	7	reset	16	0.13	1
7	unsafe	8	7	reset	17	0.07	1
7	unsafe	8	7	reset	18	0.07	1
7	unsafe	8	7	reset	19	0.07	1
7	unsafe	8	7	reset	20	0.07	1
7	unsafe	8	7	reset	21	0.08	1
7	unsafe	8	7	reset	22	0.07	1
7	unsafe	8	7	reset	23	0.081	1
7	unsafe	8	7	reset	24	0.07	1
7	unsafe	8	7	reset	25	0.081	1
7	unsafe	8	7	reset	26	0.08	1
7	unsafe	8	7	reset	27	0.07	1
7	unsafe	8	7	reset	28	0.071	1
7	unsafe	8	7	reset	29	0.08	1
7	unsafe	8	7	reset	30	0.081	1
7	unsafe	8	7	reset	31	0.07	1
7	unsafe	8	7	reset	32	0.08	1
7	unsafe	8	7	reset	33	0.08	1
7	unsafe	8	7	reset	34	0.08	1
7	unsafe	8	7	reset	35	0.081	1
7	unsafe	8	7	reset	36	0.11	1
7	unsafe	8	7	reset	37	0.08	1
7	unsafe	8	7	reset	38	0.071	1
7	unsafe	8	7	reset	39	0.13	1
7	unsafe	8	7	reset	40	0.08	1
7	unsafe	8	7	reset	41	0.081	1
7	unsafe	8	7	reset	42	0.07	1
7	unsafe	8	7	reset	43	0.11	1
7	unsafe	8	7	reset	44	0.12	1
7	unsafe	8	7	reset	45	0.071	1
7	unsafe	8	7	reset	46	0.08	1
7	unsafe	8	7	reset	47	0.081	1
7	unsafe	8	7	reset	48	0.06	1
7	unsafe	8	7	reset	49	0.07	1
7	unsafe	8	7	reset	50	0.08	1
7	unsafe	8	7	reset	51	0.07	1
7	unsafe	8	7	reset	52	0.07	1
7	unsafe	8	7	reset	53	0.07	1
7	unsafe	8	7	reset	54	0.07	1
7	unsafe	8	7	reset	55	0.07	1
7	unsafe	8	7	reset	56	0.07	1
7	unsafe	8	7	reset	57	0.08	1
7	unsafe	8	7	reset	58	0.07	1
7	unsafe	8	7	reset	59	0.07	1
7	unsafe	8	7	reset	60	0.081	1
7	unsafe	8	7	reset	61	0.081	1
7	unsafe	8	7	reset	62	0.08	1
7	unsafe	8	7	reset	63	0.1	1
7	unsafe	8	7	reset	64	0.07	1
7	unsafe	8	7	reset	65	0.07	1
7	unsafe	8	7	reset	66	0.08	1
7	unsafe	8	7	reset	67	0.1	1
7	unsafe	8	7	reset	68	0.071	1
7	unsafe	8	7	reset	69	0.06	1
7	unsafe	8	7	reset	70	0.09	1
7	unsafe	8	7	reset	71	0.08	1
7	unsafe	8	7	reset	72	0.07	1
7	unsafe	8	7	reset	73	0.09	1
7	unsafe	8	7	reset	74	0.09	1
7	unsafe	8	7	reset	75	0.08	1
7	unsafe	8	7	reset	76	0.09	1
7	unsafe	8	7	reset	77	0.081	1
7	unsafe	8	7	reset	78	0.07	1
7	unsafe	8	7	reset	79	0.08	1
7	unsafe	8	7	reset	80	0.08	1
7	unsafe	8	7	reset	81	0.081	1
7	unsafe	8	7	reset	82	0.08	1
7	unsafe	8	7	reset	83	0.081	1
7	unsafe	8	7	reset	84	0.07	1
7	unsafe	8	7	reset	85	0.07	1
7	unsafe	8	7	reset	86	0.071	1
7	unsafe	8	7	reset	87	0.08	1
7	unsafe	8	7	reset	88	0.07	1
7	unsafe	8	7	reset	89	0.08	1
7	unsafe	8	7	reset	90	0.08	1
7	unsafe	8	7	reset	91	0.09	1
7	unsafe	8	7	reset	92	0.07	1
7	unsafe	8	7	reset	93	0.07	1
7	unsafe	8	7	reset	94	0.08	1
7	unsafe	8	7	reset	95	0.08	1
7	unsafe	8	7	reset	96	0.07	1
7	unsafe	8	7	reset	97	0.1	1
7	unsafe	8	7	reset	98	0.1	1
7	unsafe	8	7	reset	99	0.07	1
7	unsafe	8	7	reset	100	0.08	1
7	unsafe	8	7	reset	101	0.07	1
7	unsafe	8	7	reset	102	0.08	1
7	unsafe	8	7	reset	103	0.071	1
7	unsafe	8	7	reset	104	0.07	1
7	unsafe	8	7	reset	105	0.08	1
7	unsafe	8	7	reset	106	0.09	1
7	unsafe	8	7	reset	107	0.081	1
7	unsafe	8	7	reset	108	0.09	1
7	unsafe	8	7	reset	109	0.08	1
7	unsafe	8	7	reset	110	0.07	1
7	unsafe	8	7	reset	111	0.1	1
7	unsafe	8	7	reset	112	0.08	1
7	unsafe	8	7	reset	113	0.08	1
7	unsafe	8	7	reset	114	0.09	1
7	unsafe	8	7	reset	115	0.07	1
7	unsafe	8	7	reset	116	0.07	1
7	unsafe	8	7	reset	117	0.08	1
7	unsafe	8	7	reset	118	0.07	1
7	unsafe	8	7	reset	119	0.071	1
7	unsafe	8	7	reset	120	0.07	1
7	unsafe	8	7	reset	121	0.08	1
7	unsafe	8	7	reset	122	0.091	1
7	unsafe	8	7	reset	123	0.08	1
7	unsafe	8	7	reset	124	0.09	1
7	unsafe	8	7	reset	125	0.08	1
7	unsafe	8	7	reset	126	0.07	1
7	unsafe	8	7	reset	127	0.07	1
7	unsafe	8	7	reset	128	0.07	1
7	unsafe	8	7	reset	129	0.08	1
7	unsafe	8	7	reset	130	0.08	1
7	unsafe	8	7	reset	131	0.07	1
7	unsafe	8	7	reset	132	0.08	1
7	unsafe	8	7	reset	133	0.07	1
7	unsafe	8	7	reset	134	0.08	1
7	unsafe	8	7	reset	135	0.07	1
7	unsafe	8	7	reset	136	0.06	1
7	unsafe	8	7	reset	137	0.07	1
7	unsafe	8	7	reset	138	0.08	1
7	unsafe	8	7	reset	139	0.08	1
7	unsafe	8	7	reset	140	0.621	1
7	unsafe	8	7	reset	141	0.08	1
7	unsafe	8	7	reset	142	0.08	1
7	unsafe	8	7	reset	143	0.08	1
7	unsafe	8	7	reset	144	0.1	1
7	unsafe	8	7	reset	145	0.07	1
7	unsafe	8	7	reset	146	0.09	1
7	unsafe	8	7	reset	147	0.08	1
7	unsafe	8	7	reset	148	0.08	1
7	unsafe	8	7	reset	149	0.09	1
7	unsafe	8	7	reset	150	0.09	1
7	unsafe	8	7	reset	151	0.071	1
7	unsafe	8	7	reset	152	0.09	1
7	unsafe	8	7	reset	153	0.091	1
7	unsafe	8	7	reset	154	0.08	1
7	unsafe	8	7	reset	155	0.1	1
7	unsafe	8	7	reset	156	0.08	1
7	unsafe	8	7	reset	157	0.07	1
7	unsafe	8	7	reset	158	0.08	1
7	unsafe	8	7	reset	159	0.09	1
7	unsafe	8	7	reset	160	0.091	1
7	unsafe	8	7	reset	161	0.08	1
7	unsafe	8	7	reset	162	0.08	1
7	unsafe	8	7	reset	163	0.09	1
7	unsafe	8	7	reset	164	0.08	1
7	unsafe	8	7	reset	165	0.07	1
7	unsafe	8	7	reset	166	0.08	1
7	unsafe	8	7	reset	167	0.08	1
7	unsafe	8	7	reset	168	0.09	1
7	unsafe	8	7	reset	169	0.09	1
7	unsafe	8	7	reset	170	0.08	1
7	unsafe	8	7	reset	171	0.091	1
7	unsafe	8	7	reset	172	0.09	1
7	unsafe	8	7	reset	173	0.081	1
7	unsafe	8	7	reset	174	0.08	1
7	unsafe	8	7	reset	175	0.08	1
7	unsafe	8	7	reset	176	0.08	1
7	unsafe	8	7	reset	177	0.08	1
7	unsafe	8	7	reset	178	0.08	1
7	unsafe	8	7	reset	179	0.081	1
7	unsafe	8	7	reset	180	0.09	1
7	unsafe	8	7	reset	181	0.091	1
7	unsafe	8	7	reset	182	0.08	1
7	unsafe	8	7	reset	183	0.09	1
7	unsafe	8	7	reset	184	0.07	1
7	unsafe	8	7	reset	185	0.09	1
7	unsafe	8	7	reset	186	0.08	1
7	unsafe	8	7	reset	187	0.09	1
7	unsafe	8	7	reset	188	0.08	1
7	unsafe	8	7	reset	189	0.08	1
7	unsafe	8	7	reset	190	0.08	1
7	unsafe	8	7	reset	191	0.09	1
7	unsafe	8	7	reset	192	0.09	1
7	unsafe	8	7	reset	193	0.08	1
7	unsafe	8	7	reset	194	0.08	1
7	unsafe	8	7	reset	195	0.09	1
7	unsafe	8	7	reset	196	0.09	1
7	unsafe	8	7	reset	197	0.07	1
7	unsafe	8	7	reset	198	0.07	1
7	unsafe	8	7	reset	199	0.08	1
7	unsafe	8	7	reset	200	0.08	1
7	unsafe	8	7	stall	1	0.0	1
7	unsafe	8	7	stall	2	0.0	1
7	unsafe	8	7	stall	3	0.0	1
7	unsafe	8	7	stall	4	0.0	1
7	unsafe	8	7	stall	5	31.359	1
7	unsafe	8	7	stall	6	0.0	1
7	unsafe	8	7	stall	7	0.0	1
7	checked	16	15	reset	1	106.251	0
7	checked	16	15	reset	2	64.983	0
7	checked	16	15	reset	3	264.599	0
7	checked	16	15	reset	4	51.627	0
7	checked	16	15	reset	5	90.822	0
7	checked	16	15	reset	6	123.764	0
7	checked	16	15	reset	7	134.234	0
7	checked	16	15	reset	8	77.537	0
7	checked	16	15	reset	9	66.004	0
7	checked	16	15	reset	10	67.608	0
7	checked	16	15	reset	11	64.852	0
7	checked	16	15	reset	12	67.156	0
7	checked	16	15	reset	13	69.251	0
7	checked	16	15	reset	14	68.008	0
7	checked	16	15	reset	15	93.707	0
7	checked	16	15	reset	16	77.466	0
7	checked	16	15	reset	17	66.716	0
7	checked	16	15	reset	18	75.112	0
7	checked	16	15	reset	19	71.295	0
7	checked	16	15	reset	20	71.785	0
7	checked	16	15	reset	21	78.818	0
7	checked	16	15	reset	22	83.628	0
7	checked	16	15	reset	23	71.696	0
7	checked	16	15	reset	24	73.188	0
7	checked	16	15	reset	25	69.722	0
7	checked	16	15	reset	26	91.592	0
7	checked	16	15	reset	27	61.616	0
7	checked	16	15	reset	28	77.777	0
7	checked	16	15	reset	29	63.971	0
7	checked	16	15	reset	30	66.997	0
7	checked	16	15	reset	31	61.827	0
7	checked	16	15	reset	32	59.733	0
7	checked	16	15	reset	33	64.361	0
7	checked	16	15	reset	34	66.736	0
7	checked	16	15	reset	35	61.767	0
7	checked	16	15	reset	36	65.142	0
7	checked	16	15	reset	37	61.626	0
7	checked	16	15	reset	38	87.154	0
7	checked	16	15	reset	39	74.35	0
7	checked	16	15	reset	40	70.002	0
7	checked	16	15	reset	41	95.019	0
7	checked	16	15	reset	42	87.195	0
7	checked	16	15	reset	43	75.592	0
7	checked	16	15	reset	44	77.195	0
7	checked	16	15	reset	45	72.817	0
7	checked	16	15	reset	46	66.335	0
7	checked	16	15	reset	47	69.461	0
7	checked	16	15	reset	48	70.874	0
7	checked	16	15	reset	49	82.636	0
7	checked	16	15	reset	50	76.615	0
7	checked	16	15	reset	51	73.949	0
7	checked	16	15	reset	52	67.427	0
7	checked	16	15	reset	53	64.922	0
7	checked	16	15	reset	54	66.565	0
7	checked	16	15	reset	55	68.719	0
7	checked	16	15	reset	56	65.904	0
7	checked	16	15	reset	57	66.816	0
7	checked	16	15	reset	58	65.904	0
7	checked	16	15	reset	59	63.871	0
7	checked	16	15	reset	60	74.301	0
7	checked	16	15	reset	61	73.709	0
7	checked	16	15	reset	62	79.8	0
7	checked	16	15	reset	63	70.513	0
7	checked	16	15	reset	64	67.748	0
7	checked	16	15	reset	65	67.257	0
7	checked	16	15	reset	66	150.824	0
7	checked	16	15	reset	67	923.011	0
7	checked	16	15	reset	68	154.401	0
7	checked	16	15	reset	69	85.982	0
7	checked	16	15	reset	70	85.02	0
7	checked	16	15	reset	71	73.158	0
7	checked	16	15	reset	72	85.952	0
7	checked	16	15	reset	73	71.745	0
7	checked	16	15	reset	74	76.254	0
7	checked	16	15	reset	75	66.876	0
7	checked	16	15	reset	76	71.004	0
7	checked	16	15	reset	77	69.751	0
7	checked	16	15	reset	78	69.661	0
7	checked	16	15	reset	79	70.422	0
7	checked	16	15	reset	80	73.298	0
7	checked	16	15	reset	81	84.149	0
7	checked	16	15	reset	82	74.36	0
7	checked	16	15	reset	83	107.302	0
7	checked	16	15	reset	84	77.035	0
7	checked	16	15	reset	85	71.895	0
7	checked	16	15	reset	86	80.943	0
7	checked	16	15	reset	87	72.196	0
7	checked	16	15	reset	88	68.729	0
7	checked	16	15	reset	89	70.043	0
7	checked	16	15	reset	90	70.213	0
7	checked	16	15	reset	91	76.124	0
7	checked	16	15	reset	92	68.78	0
7	checked	16	15	reset	93	71.865	0
7	checked	16	15	reset	94	72.046	0
7	checked	16	15	reset	95	68.149	0
7	checked	16	15	reset	96	71.735	0
7	checked	16	15	reset	97	69.922	0
7	checked	16	15	reset	98	78.348	0
7	checked	16	15	reset	99	74.27	0
7	checked	16	15	reset	100	69.752	0
7	checked	16	15	reset	101	72.046	0
7	checked	16	15	reset	102	71.665	0
7	checked	16	15	reset	103	66.415	0
7	checked	16	15	reset	104	70.543	0
7	checked	16	15	reset	105	69.701	0
7	checked	16	15	reset	106	69.782	0
7	checked	16	15	reset	107	69.271	0
7	checked	16	15	reset	108	76.634	0
7	checked	16	15	reset	109	70.583	0
7	checked	16	15	reset	110	73.448	0
7	checked	16	15	reset	111	71.215	0
7	checked	16	15	reset	112	71.815	0
7	checked	16	15	reset	113	72.797	0
7	checked	16	15	reset	114	75.082	0
7	checked	16	15	reset	115	64.261	0
7	checked	16	15	reset	116	69.831	0
7	checked	16	15	reset	117	71.605	0
7	checked	16	15	reset	118	67.598	0
7	checked	16	15	reset	119	70.833	0
7	checked	16	15	reset	120	70.984	0
7	checked	16	15	reset	121	69.111	0
7	checked	16	15	reset	122	70.443	0
7	checked	16	15	reset	123	70.723	0
7	checked	16	15	reset	124	69.25	0
7	checked	16	15	reset	125	70.603	0
7	checked	16	15	reset	126	68.809	0
7	checked	16	15	reset	127	75.452	0
7	checked	16	15	reset	128	70.613	0
7	checked	16	15	reset	129	74.551	0
7	checked	16	15	reset	130	151.505	0
7	checked	16	15	reset	131	75.423	0
7	checked	16	15	reset	132	77.346	0
7	checked	16	15	reset	133	78.208	0
7	checked	16	15	reset	134	706.001	0
7	checked	16	15	reset	135	95.87	0
7	checked	16	15	reset	136	92.775	0
7	checked	16	15	reset	137	75.202	0
7	checked	16	15	reset	138	77.616	0
7	checked	16	15	reset	139	73.649	0
7	checked	16	15	reset	140	73.218	0
7	checked	16	15	reset	141	75.853	0
7	checked	16	15	reset	142	68.8	0
7	checked	16	15	reset	143	73.048	0
7	checked	16	15	reset	144	72.778	0
7	checked	16	15	reset	145	71.364	0
7	checked	16	15	reset	146	75.443	0
7	checked	16	15	reset	147	74.791	0
7	checked	16	15	reset	148	78.247	0
7	checked	16	15	reset	149	76.163	0
7	checked	16	15	reset	150	177.385	0
7	checked	16	15	reset	151	130.296	0
7	checked	16	15	reset	152	83.888	0
7	checked	16	15	reset	153	72.527	0
7	checked	16	15	reset	154	70.703	0
7	checked	16	15	reset	155	61.947	0
7	checked	16	15	reset	156	66.746	0
7	checked	16	15	reset	157	65.463	0
7	checked	16	15	reset	158	68.059	0
7	checked	16	15	reset	159	60.655	0
7	checked	16	15	reset	160	74.471	0
7	checked	16	15	reset	161	70.272	0
7	checked	16	15	reset	162	65.564	0
7	checked	16	15	reset	163	66.125	0
7	checked	16	15	reset	164	63.329	0
7	checked	16	15	reset	165	69.812	0
7	checked	16	15	reset	166	69.321	0
7	checked	16	15	reset	167	70.914	0
7	checked	16	15	reset	168	68.85	0
7	checked	16	15	reset	169	68.199	0
7	checked	16	15	reset	170	68.449	0
7	checked	16	15	reset	171	68.86	0
7	checked	16	15	reset	172	68.238	0
7	checked	16	15	reset	173	64.953	0
7	checked	16	15	reset	174	64.522	0
7	checked	16	15	reset	175	67.166	0
7	checked	16	15	reset	176	65.744	0
7	checked	16	15	reset	177	67.567	0
7	checked	16	15	reset	178	62.808	0
7	checked	16	15	reset	179	66.816	0
7	checked	16	15	reset	180	65.363	0
7	checked	16	15	reset	181	68.93	0
7	checked	16	15	reset	182	64.331	0
7	checked	16	15	reset	183	67.327	0
7	checked	16	15	reset	184	68.078	0
7	checked	16	15	reset	185	71.175	0
7	checked	16	15	reset	186	65.123	0
7	checked	16	15	reset	187	62.358	0
7	checked	16	15	reset	188	66.736	0
7	checked	16	15	reset	189	71.655	0
7	checked	16	15	reset	190	74.54	0
7	checked	16	15	reset	191	62.078	0
7	checked	16	15	reset	192	66.044	0
7	checked	16	15	reset	193	67.157	0
7	checked	16	15	reset	194	70.463	0
7	checked	16	15	reset	195	72.857	0
7	checked	16	15	reset	196	83.858	0
7	checked	16	15	reset	197	68.268	0
7	checked	16	15	reset	198	71.425	0
7	checked	16	15	reset	199	71.134	0
7	checked	16	15	reset	200	68.459	0
7	checked	16	15	stall	1	159.101	0
7	checked	16	15	stall	2	166.093	0
7	checked	16	15	stall	3	164.771	0
7	checked	16	15	stall	4	164.23	0
7	checked	16	15	stall	5	164.31	0
7	checked	16	15	stall	6	164.029	0
7	checked	16	15	stall	7	160.964	0
7	checked	16	15	stall	8	175.161	0
7	checked	16	15	stall	9	162.867	0
7	checked	16	15	stall	10	163.438	0
7	checked	16	15	stall	11	1091.689	0
7	checked	16	15	stall	12	162.426	0
7	checked	16	15	stall	13	903.585	0
7	checked	16	15	stall	14	160.502	0
7	checked	16	15	stall	15	159.681	0
7	unsafe	16	15	reset	1	0.151	0
7	unsafe	16	15	reset	2	0.07	0
7	unsafe	16	15	reset	3	0.21	0
7	unsafe	16	15	reset	4	0.391	0
7	unsafe	16	15	reset	5	0.571	0
7	unsafe	16	15	reset	6	0.14	0
7	unsafe	16	15	reset	7	0.13	0
7	unsafe	16	15	reset	8	0.13	0
7	unsafe	16	15	reset	9	0.12	0
7	unsafe	16	15	reset	10	0.13	0
7	unsafe	16	15	reset	11	0.12	0
7	unsafe	16	15	reset	12	0.12	0
7	unsafe	16	15	reset	13	0.12	0
7	unsafe	16	15	reset	14	0.12	0
7	unsafe	16	15	reset	15	0.13	0
7	unsafe	16	15	reset	16	0.12	0
7	unsafe	16	15	reset	17	0.121	0
7	unsafe	16	15	reset	18	0.12	0
7	unsafe	16	15	reset	19	0.13	0
7	unsafe	16	15	reset	20	0.12	0
7	unsafe	16	15	reset	21	0.13	0
7	unsafe	16	15	reset	22	0.13	0
7	unsafe	16	15	reset	23	0.12	0
7	unsafe	16	15	reset	24	0.131	0
7	unsafe	16	15	reset	25	0.12	0
7	unsafe	16	15	reset	26	0.12	0
7	unsafe	16	15	reset	27	0.14	0
7	unsafe	16	15	reset	28	0.12	0
7	unsafe	16	15	reset	29	0.12	0
7	unsafe	16	15	reset	30	0.12	0
7	unsafe	16	15	reset	31	0.12	0
7	unsafe	16	15	reset	32	0.12	0
7	unsafe	16	15	reset	33	0.121	0
7	unsafe	16	15	reset	34	0.13	0
7	unsafe	16	15	reset	35	0.12	0
7	unsafe	16	15	reset	36	0.13	0
7	unsafe	16	15	reset	37	0.13	0
7	unsafe	16	15	reset	38	0.13	0
7	unsafe	16	15	reset	39	0.131	0
7	unsafe	16	15	reset	40	0.12	0
7	unsafe	16	15	reset	41	0.13	0
7	unsafe	16	15	reset	42	0.13	0
7	unsafe	16	15	reset	43	0.12	0
7	unsafe	16	15	reset	44	0.13	0
7	unsafe	16	15	reset	45	0.12	0
7	unsafe	16	15	reset	46	0.131	0
7	unsafe	16	15	reset	47	0.13	0
7	unsafe	16	15	reset	48	0.12	0
7	unsafe	16	15	reset	49	0.12	0
7	unsafe	16	15	reset	50	0.12	0
7	unsafe	16	15	reset	51	0.13	0
7	unsafe	16	15	reset	52	0.12	0
7	unsafe	16	15	reset	53	0.121	0
7	unsafe	16	15	reset	54	0.13	0
7	unsafe	16	15	reset	55	0.12	0
7	unsafe	16	15	reset	56	0.131	0
7	unsafe	16	15	reset	57	0.12	0
7	unsafe	16	15	reset	58	0.12	0
7	unsafe	16	15	reset	59	0.13	0
7	unsafe	16	15	reset	60	0.12	0
7	unsafe	16	15	reset	61	0.13	0
7	unsafe	16	15	reset	62	0.12	0
7	unsafe	16	15	reset	63	0.13	0
7	unsafe	16	15	reset	64	0.13	0
7	unsafe	16	15	reset	65	0.12	0
7	unsafe	16	15	reset	66	0.12	0
7	unsafe	16	15	reset	67	0.12	0
7	unsafe	16	15	reset	68	0.12	0
7	unsafe	16	15	reset	69	0.13	0
7	unsafe	16	15	reset	70	0.12	0
7	unsafe	16	15	reset	71	0.12	0
7	unsafe	16	15	reset	72	0.12	0
7	unsafe	16	15	reset	73	0.13	0
7	unsafe	16	15	reset	74	0.12	0
7	unsafe	16	15	reset	75	0.12	0
7	unsafe	16	15	reset	76	0.13	0
7	unsafe	16	15	reset	77	0.13	0
7	unsafe	16	15	reset	78	0.131	0
7	unsafe	16	15	reset	79	0.121	0
7	unsafe	16	15	reset	80	0.121	0
7	unsafe	16	15	reset	81	0.13	0
7	unsafe	16	15	reset	82	0.13	0
7	unsafe	16	15	reset	83	0.12	0
7	unsafe	16	15	reset	84	0.12	0
7	unsafe	16	15	reset	85	0.13	0
7	unsafe	16	15	reset	86	0.13	0
7	unsafe	16	15	reset	87	0.13	0
7	unsafe	16	15	reset	88	0.131	0
7	unsafe	16	15	reset	89	0.12	0
7	unsafe	16	15	reset	90	0.13	0
7	unsafe	16	15	reset	91	0.131	0
7	unsafe	16	15	reset	92	0.13	0
7	unsafe	16	15	reset	93	0.12	0
7	unsafe	16	15	reset	94	0.12	0
7	unsafe	16	15	reset	95	0.131	0
7	unsafe	16	15	reset	96	0.12	0
7	unsafe	16	15	reset	97	0.121	0
7	unsafe	16	15	reset	98	0.12	0
7	unsafe	16	15	reset	99	0.12	0
7	unsafe	16	15	reset	100	0.121	0
7	unsafe	16	15	reset	101	0.12	0
7	unsafe	16	15	reset	102	0.12	0
7	unsafe	16	15	reset	103	0.12	0
7	unsafe	16	15	reset	104	0.13	0
7	unsafe	16	15	reset	105	0.12	0
7	unsafe	16	15	reset	106	0.14	0
7	unsafe	16	15	reset	107	0.12	0
7	unsafe	16	15	reset	108	0.12	0
7	unsafe	16	15	reset	109	0.131	0
7	unsafe	16	15	reset	110	0.12	0
7	unsafe	16	15	reset	111	0.12	0
7	unsafe	16	15	reset	112	0.12	0
7	unsafe	16	15	reset	113	0.12	0
7	unsafe	16	15	reset	114	0.12	0
7	unsafe	16	15	reset	115	0.12	0
7	unsafe	16	15	reset	116	0.12	0
7	unsafe	16	15	reset	117	0.13	0
7	unsafe	16	15	reset	118	0.12	0
7	unsafe	16	15	reset	119	0.12	0
7	unsafe	16	15	reset	120	0.13	0
7	unsafe	16	15	reset	121	0.12	0
7	unsafe	16	15	reset	122	0.11	0
7	unsafe	16	15	reset	123	0.13	0
7	unsafe	16	15	reset	124	0.131	0
7	unsafe	16	15	reset	125	0.13	0
7	unsafe	16	15	reset	126	0.13	0
7	unsafe	16	15	reset	127	0.12	0
7	unsafe	16	15	reset	128	0.13	0
7	unsafe	16	15	reset	129	0.13	0
7	unsafe	16	15	reset	130	0.13	0
7	unsafe	16	15	reset	131	0.121	0
7	unsafe	16	15	reset	132	0.12	0
7	unsafe	16	15	reset	133	0.13	0
7	unsafe	16	15	reset	134	0.13	0
7	unsafe	16	15	reset	135	0.12	0
7	unsafe	16	15	reset	136	0.12	0
7	unsafe	16	15	reset	137	0.131	0
7	unsafe	16	15	reset	138	0.13	0
7	unsafe	16	15	reset	139	0.13	0
7	unsafe	16	15	reset	140	0.12	0
7	unsafe	16	15	reset	141	0.12	0
7	unsafe	16	15	reset	142	0.131	0
7	unsafe	16	15	reset	143	0.12	0
7	unsafe	16	15	reset	144	0.12	0
7	unsafe	16	15	reset	145	0.13	0
7	unsafe	16	15	reset	146	0.131	0
7	unsafe	16	15	reset	147	0.121	0
7	unsafe	16	15	reset	148	0.12	0
7	unsafe	16	15	reset	149	0.13	0
7	unsafe	16	15	reset	150	0.12	0
7	unsafe	16	15	reset	151	0.12	0
7	unsafe	16	15	reset	152	0.12	0
7	unsafe	16	15	reset	153	0.121	0
7	unsafe	16	15	reset	154	0.12	0
7	unsafe	16	15	reset	155	0.12	0
7	unsafe	16	15	reset	156	0.12	0
7	unsafe	16	15	reset	157	0.131	0
7	unsafe	16	15	reset	158	0.12	0
7	unsafe	16	15	reset	159	0.13	0
7	unsafe	16	15	reset	160	0.13	0
7	unsafe	16	15	reset	161	0.12	0
7	unsafe	16	15	reset	162	0.12	0
7	unsafe	16	15	reset	163	0.12	0
7	unsafe	16	15	reset	164	0.131	0
7	unsafe	16	15	reset	165	0.13	0
7	unsafe	16	15	reset	166	0.12	0
7	unsafe	16	15	reset	167	0.12	0
7	unsafe	16	15	reset	168	0.12	0
7	unsafe	16	15	reset	169	0.12	0
7	unsafe	16	15	reset	170	0.12	0
7	unsafe	16	15	reset	171	0.12	0
7	unsafe	16	15	reset	172	0.12	0
7	unsafe	16	15	reset	173	0.13	0
7	unsafe	16	15	reset	174	0.12	0
7	unsafe	16	15	reset	175	0.13	0
7	unsafe	16	15	reset	176	0.12	0
7	unsafe	16	15	reset	177	0.121	0
7	unsafe	16	15	reset	178	0.13	0
7	unsafe	16	15	reset	179	0.121	0
7	unsafe	16	15	reset	180	0.131	0
7	unsafe	16	15	reset	181	0.13	0
7	unsafe	16	15	reset	182	0.13	0
7	unsafe	16	15	reset	183	0.13	0
7	unsafe	16	15	reset	184	0.13	0
7	unsafe	16	15	reset	185	0.12	0
7	unsafe	16	15	reset	186	0.12	0
7	unsafe	16	15	reset	187	0.12	0
7	unsafe	16	15	reset	188	0.131	0
7	unsafe	16	15	reset	189	0.13	0
7	unsafe	16	15	reset	190	0.12	0
7	unsafe	16	15	reset	191	0.12	0
7	unsafe	16	15	reset	192	0.12	0
7	unsafe	16	15	reset	193	0.13	0
7	unsafe	16	15	reset	194	0.13	0
7	unsafe	16	15	reset	195	0.12	0
7	unsafe	16	15	reset	196	0.13	0
7	unsafe	16	15	reset	197	0.12	0
7	unsafe	16	15	reset	198	0.14	0
7	unsafe	16	15	reset	199	0.13	0
7	unsafe	16	15	reset	200	0.13	0
7	unsafe	16	15	stall	1	0.0	0
7	unsafe	16	15	stall	2	0.0	0
7	unsafe	16	15	stall	3	0.0	0
7	unsafe	16	15	stall	4	0.0	0
7	unsafe	16	15	stall	5	0.0	0
7	unsafe	16	15	stall	6	0.0	0
7	unsafe	16	15	stall	7	0.0	0
7	unsafe	16	15	stall	8	0.0	0
7	unsafe	16	15	stall	9	0.0	0
7	unsafe	16	15	stall	10	0.0	0
7	unsafe	16	15	stall	11	29.786	0
7	unsafe	16	15	stall	12	0.0	0
7	unsafe	16	15	stall	13	0.0	0
7	unsafe	16	15	stall	14	0.0	0
7	unsafe	16	15	stall	15	0.0	0
7	checked	30	29	reset	1	96.833	0
7	checked	30	29	reset	2	57.048	0
7	checked	30	29	reset	3	135.165	0
7	checked	30	29	reset	4	472.782	0
7	checked	30	29	reset	5	62.147	0
7	checked	30	29	reset	6	66.125	0
7	checked	30	29	reset	7	137.099	0
7	checked	30	29	reset	8	100.44	0
7	checked	30	29	reset	9	112.191	0
7	checked	30	29	reset	10	1998.83	0
7	checked	30	29	reset	11	189.958	0
7	checked	30	29	reset	12	171.553	0
7	checked	30	29	reset	13	109.706	0
7	checked	30	29	reset	14	107.082	0
7	checked	30	29	reset	15	112.723	0
7	checked	30	29	reset	16	203.774	0
7	checked	30	29	reset	17	127.21	0
7	checked	30	29	reset	18	106.11	0
7	checked	30	29	reset	19	100.249	0
7	checked	30	29	reset	20	102.503	0
7	checked	30	29	reset	21	217.571	0
7	checked	30	29	reset	22	3047.819	0
7	checked	30	29	reset	23	123.574	0
7	checked	30	29	reset	24	109.306	0
7	checked	30	29	reset	25	108.334	0
7	checked	30	29	reset	26	109.075	0
7	checked	30	29	reset	27	103.966	0
7	checked	30	29	reset	28	101.221	0
7	checked	30	29	reset	29	195.629	0
7	checked	30	29	reset	30	101.111	0
7	checked	30	29	reset	31	122.291	0
7	checked	30	29	reset	32	106.391	0
7	checked	30	29	reset	33	101.532	0
7	checked	30	29	reset	34	117.652	0
7	checked	30	29	reset	35	109.357	0
7	checked	30	29	reset	36	97.163	0
7	checked	30	29	reset	37	109.356	0
7	checked	30	29	reset	38	131.108	0
7	checked	30	29	reset	39	103.035	0
7	checked	30	29	reset	40	104.518	0
7	checked	30	29	reset	41	133.101	0
7	checked	30	29	reset	42	101.021	0
7	checked	30	29	reset	43	98.545	0
7	checked	30	29	reset	44	99.197	0
7	checked	30	29	reset	45	101.291	0
7	checked	30	29	reset	46	97.614	0
7	checked	30	29	reset	47	120.878	0
7	checked	30	29	reset	48	106.35	0
7	checked	30	29	reset	49	109.136	0
7	checked	30	29	reset	50	113.003	0
7	checked	30	29	reset	51	101.572	0
7	checked	30	29	reset	52	95.901	0
7	checked	30	29	reset	53	95.611	0
7	checked	30	29	reset	54	109.386	0
7	checked	30	29	reset	55	97.995	0
7	checked	30	29	reset	56	100.079	0
7	checked	30	29	reset	57	97.013	0
7	checked	30	29	reset	58	102.944	0
7	checked	30	29	reset	59	103.014	0
7	checked	30	29	reset	60	99.377	0
7	checked	30	29	reset	61	105.899	0
7	checked	30	29	reset	62	103.766	0
7	checked	30	29	reset	63	209.806	0
7	checked	30	29	reset	64	3527.423	0
7	checked	30	29	reset	65	203.413	0
7	checked	30	29	reset	66	113.394	0
7	checked	30	29	reset	67	122.16	0
7	checked	30	29	reset	68	120.748	0
7	checked	30	29	reset	69	116.64	0
7	checked	30	29	reset	70	99.277	0
7	checked	30	29	reset	71	1873.194	0
7	checked	30	29	reset	72	119.275	0
7	checked	30	29	reset	73	112.583	0
7	checked	30	29	reset	74	108.123	0
7	checked	30	29	reset	75	108.034	0
7	checked	30	29	reset	76	189.467	0
7	checked	30	29	reset	77	108.215	0
7	checked	30	29	reset	78	104.477	0
7	checked	30	29	reset	79	105.149	0
7	checked	30	29	reset	80	96.412	0
7	checked	30	29	reset	81	103.625	0
7	checked	30	29	reset	82	98.326	0
7	checked	30	29	reset	83	100.44	0
7	checked	30	29	reset	84	99.207	0
7	checked	30	29	reset	85	98.966	0
7	checked	30	29	reset	86	100.47	0
7	checked	30	29	reset	87	106.541	0
7	checked	30	29	reset	88	101.842	0
7	checked	30	29	reset	89	100.73	0
7	checked	30	29	reset	90	100.75	0
7	checked	30	29	reset	91	197.553	0
7	checked	30	29	reset	92	124.836	0
7	checked	30	29	reset	93	107.292	0
7	checked	30	29	reset	94	97.023	0
7	checked	30	29	reset	95	95.1	0
7	checked	30	29	reset	96	100.349	0
7	checked	30	29	reset	97	107.703	0
7	checked	30	29	reset	98	98.116	0
7	checked	30	29	reset	99	100.87	0
7	checked	30	29	reset	100	119.125	0
7	checked	30	29	reset	101	104.267	0
7	checked	30	29	reset	102	108.364	0
7	checked	30	29	reset	103	100.179	0
7	checked	30	29	reset	104	107.183	0
7	checked	30	29	reset	105	95.85	0
7	checked	30	29	reset	106	101.231	0
7	checked	30	29	reset	107	92.745	0
7	checked	30	29	reset	108	106.641	0
7	checked	30	29	reset	109	188.155	0
7	checked	30	29	reset	110	114.647	0
7	checked	30	29	reset	111	111.73	0
7	checked	30	29	reset	112	104.828	0
7	checked	30	29	reset	113	97.273	0
7	checked	30	29	reset	114	107.933	0
7	checked	30	29	reset	115	191.993	0
7	checked	30	29	reset	116	686.385	0
7	checked	30	29	reset	117	110.138	0
7	checked	30	29	reset	118	98.395	0
7	checked	30	29	reset	119	97.243	0
7	checked	30	29	reset	120	95.309	0
7	checked	30	29	reset	121	101.872	0
7	checked	30	29	reset	122	114.867	0
7	checked	30	29	reset	123	113.744	0
7	checked	30	29	reset	124	111.179	0
7	checked	30	29	reset	125	107.634	0
7	checked	30	29	reset	126	97.795	0
7	checked	30	29	reset	127	99.858	0
7	checked	30	29	reset	128	105.348	0
7	checked	30	29	reset	129	98.396	0
7	checked	30	29	reset	130	97.343	0
7	checked	30	29	reset	131	114.416	0
7	checked	30	29	reset	132	3213.732	0
7	checked	30	29	reset	133	3233.8	0
7	checked	30	29	reset	134	138.802	0
7	checked	30	29	reset	135	125.567	0
7	checked	30	29	reset	136	3473.703	0
7	checked	30	29	reset	137	118.093	0
7	checked	30	29	reset	138	120.076	0
7	checked	30	29	reset	139	120.227	0
7	checked	30	29	reset	140	112.112	0
7	checked	30	29	reset	141	125.167	0
7	checked	30	29	reset	142	102.484	0
7	checked	30	29	reset	143	113.244	0
7	checked	30	29	reset	144	99.557	0
7	checked	30	29	reset	145	100.289	0
7	checked	30	29	reset	146	95.74	0
7	checked	30	29	reset	147	104.637	0
7	checked	30	29	reset	148	202.071	0
7	checked	30	29	reset	149	152.948	0
7	checked	30	29	reset	150	202.792	0
7	checked	30	29	reset	151	105.158	0
7	checked	30	29	reset	152	109.807	0
7	checked	30	29	reset	153	106.982	0
7	checked	30	29	reset	154	100.78	0
7	checked	30	29	reset	155	101.211	0
7	checked	30	29	reset	156	108.985	0
7	checked	30	29	reset	157	97.274	0
7	checked	30	29	reset	158	103.115	0
7	checked	30	29	reset	159	105.64	0
7	checked	30	29	reset	160	115.328	0
7	checked	30	29	reset	161	102.473	0
7	checked	30	29	reset	162	98.365	0
7	checked	30	29	reset	163	124.124	0
7	checked	30	29	reset	164	135.886	0
7	checked	30	29	reset	165	134.584	0
7	checked	30	29	reset	166	112.562	0
7	checked	30	29	reset	167	111.2	0
7	checked	30	29	reset	168	110.499	0
7	checked	30	29	reset	169	103.676	0
7	checked	30	29	reset	170	99.718	0
7	checked	30	29	reset	171	113.855	0
7	checked	30	29	reset	172	98.306	0
7	checked	30	29	reset	173	100.911	0
7	checked	30	29	reset	174	104.697	0
7	checked	30	29	reset	175	100.079	0
7	checked	30	29	reset	176	103.065	0
7	checked	30	29	reset	177	101.131	0
7	checked	30	29	reset	178	106.341	0
7	checked	30	29	reset	179	111.631	0
7	checked	30	29	reset	180	102.905	0
7	checked	30	29	reset	181	105.87	0
7	checked	30	29	reset	182	104.908	0
7	checked	30	29	reset	183	183.866	0
7	checked	30	29	reset	184	112.071	0
7	checked	30	29	reset	185	107.944	0
7	checked	30	29	reset	186	97.895	0
7	checked	30	29	reset	187	105.038	0
7	checked	30	29	reset	188	118.033	0
7	checked	30	29	reset	189	103.836	0
7	checked	30	29	reset	190	100.55	0
7	checked	30	29	reset	191	105.349	0
7	checked	30	29	reset	192	96.441	0
7	checked	30	29	reset	193	107.453	0
7	checked	30	29	reset	194	118.303	0
7	checked	30	29	reset	195	109.898	0
7	checked	30	29	reset	196	97.414	0
7	checked	30	29	reset	197	104.958	0
7	checked	30	29	reset	198	106.17	0
7	checked	30	29	reset	199	115.467	0
7	checked	30	29	reset	200	116.25	0
7	checked	30	29	stall	1	1832.727	0
7	checked	30	29	stall	2	1908.38	0
7	checked	30	29	stall	3	1907.718	0
7	checked	30	29	stall	4	3201.078	0
7	checked	30	29	stall	5	2719.49	0
7	checked	30	29	stall	6	1280.876	0
7	checked	30	29	stall	7	1998.33	0
7	checked	30	29	stall	8	1355.918	0
7	checked	30	29	stall	9	1521.55	0
7	checked	30	29	stall	10	1754.87	0
7	checked	30	29	stall	11	1816.096	0
7	checked	30	29	stall	12	2869.413	0
7	checked	30	29	stall	13	1126.525	0
7	checked	30	29	stall	14	1840.983	0
7	checked	30	29	stall	15	1135.081	0
7	checked	30	29	stall	16	1893.492	0
7	checked	30	29	stall	17	983.214	0
7	checked	30	29	stall	18	3202.972	0
7	checked	30	29	stall	19	1922.186	0
7	checked	30	29	stall	20	1148.787	0
7	checked	30	29	stall	21	3222.589	0
7	checked	30	29	stall	22	1015.615	0
7	checked	30	29	stall	23	2686.137	0
7	checked	30	29	stall	24	3459.476	0
7	checked	30	29	stall	25	3200.597	0
7	checked	30	29	stall	26	2724.008	0
7	checked	30	29	stall	27	1010.476	0
7	checked	30	29	stall	28	1468.631	0
7	checked	30	29	stall	29	1066.943	0
7	unsafe	30	29	reset	1	0.12	0
7	unsafe	30	29	reset	2	0.05	0
7	unsafe	30	29	reset	3	0.06	0
7	unsafe	30	29	reset	4	0.091	0
7	unsafe	30	29	reset	5	0.291	0
7	unsafe	30	29	reset	6	0.271	0
7	unsafe	30	29	reset	7	0.07	0
7	unsafe	30	29	reset	8	0.09	0
7	unsafe	30	29	reset	9	0.08	0
7	unsafe	30	29	reset	10	0.08	0
7	unsafe	30	29	reset	11	0.08	0
7	unsafe	30	29	reset	12	0.08	0
7	unsafe	30	29	reset	13	0.08	0
7	unsafe	30	29	reset	14	0.1	0
7	unsafe	30	29	reset	15	0.09	0
7	unsafe	30	29	reset	16	0.09	0
7	unsafe	30	29	reset	17	0.08	0
7	unsafe	30	29	reset	18	0.101	0
7	unsafe	30	29	reset	19	0.1	0
7	unsafe	30	29	reset	20	0.1	0
7	unsafe	30	29	reset	21	0.08	0
7	unsafe	30	29	reset	22	0.1	0
7	unsafe	30	29	reset	23	0.1	0
7	unsafe	30	29	reset	24	0.09	0
7	unsafe	30	29	reset	25	0.1	0
7	unsafe	30	29	reset	26	0.11	0
7	unsafe	30	29	reset	27	0.1	0
7	unsafe	30	29	reset	28	0.09	0
7	unsafe	30	29	reset	29	0.1	0
7	unsafe	30	29	reset	30	0.091	0
7	unsafe	30	29	reset	31	0.11	0
7	unsafe	30	29	reset	32	0.11	0
7	unsafe	30	29	reset	33	0.091	0
7	unsafe	30	29	reset	34	0.09	0
7	unsafe	30	29	reset	35	0.101	0
7	unsafe	30	29	reset	36	0.1	0
7	unsafe	30	29	reset	37	0.111	0
7	unsafe	30	29	reset	38	0.09	0
7	unsafe	30	29	reset	39	0.111	0
7	unsafe	30	29	reset	40	0.1	0
7	unsafe	30	29	reset	41	0.1	0
7	unsafe	30	29	reset	42	0.101	0
7	unsafe	30	29	reset	43	0.081	0
7	unsafe	30	29	reset	44	0.111	0
7	unsafe	30	29	reset	45	0.09	0
7	unsafe	30	29	reset	46	0.09	0
7	unsafe	30	29	reset	47	0.09	0
7	unsafe	30	29	reset	48	0.11	0
7	unsafe	30	29	reset	49	0.11	0
7	unsafe	30	29	reset	50	0.09	0
7	unsafe	30	29	reset	51	0.09	0
7	unsafe	30	29	reset	52	0.11	0
7	unsafe	30	29	reset	53	0.09	0
7	unsafe	30	29	reset	54	0.1	0
7	unsafe	30	29	reset	55	0.1	0
7	unsafe	30	29	reset	56	0.08	0
7	unsafe	30	29	reset	57	0.11	0
7	unsafe	30	29	reset	58	0.12	0
7	unsafe	30	29	reset	59	0.101	0
7	unsafe	30	29	reset	60	0.121	0
7	unsafe	30	29	reset	61	0.151	0
7	unsafe	30	29	reset	62	0.1	0
7	unsafe	30	29	reset	63	0.1	0
7	unsafe	30	29	reset	64	0.09	0
7	unsafe	30	29	reset	65	0.111	0
7	unsafe	30	29	reset	66	0.11	0
7	unsafe	30	29	reset	67	0.11	0
7	unsafe	30	29	reset	68	0.08	0
7	unsafe	30	29	reset	69	0.11	0
7	unsafe	30	29	reset	70	0.11	0
7	unsafe	30	29	reset	71	0.1	0
7	unsafe	30	29	reset	72	0.1	0
7	unsafe	30	29	reset	73	0.091	0
7	unsafe	30	29	reset	74	0.11	0
7	unsafe	30	29	reset	75	0.1	0
7	unsafe	30	29	reset	76	0.111	0
7	unsafe	30	29	reset	77	0.08	0
7	unsafe	30	29	reset	78	0.11	0
7	unsafe	30	29	reset	79	0.121	0
7	unsafe	30	29	reset	80	0.11	0
7	unsafe	30	29	reset	81	0.1	0
7	unsafe	30	29	reset	82	0.121	0
7	unsafe	30	29	reset	83	0.09	0
7	unsafe	30	29	reset	84	0.111	0
7	unsafe	30	29	reset	85	0.09	0
7	unsafe	30	29	reset	86	0.11	0
7	unsafe	30	29	reset	87	0.09	0
7	unsafe	30	29	reset	88	0.09	0
7	unsafe	30	29	reset	89	0.1	0
7	unsafe	30	29	reset	90	0.09	0
7	unsafe	30	29	reset	91	0.12	0
7	unsafe	30	29	reset	92	0.111	0
7	unsafe	30	29	reset	93	0.1	0
7	unsafe	30	29	reset	94	0.09	0
7	unsafe	30	29	reset	95	0.1	0
7	unsafe	30	29	reset	96	0.11	0
7	unsafe	30	29	reset	97	0.09	0
7	unsafe	30	29	reset	98	0.09	0
7	unsafe	30	29	reset	99	0.11	0
7	unsafe	30	29	reset	100	0.1	0
7	unsafe	30	29	reset	101	0.1	0
7	unsafe	30	29	reset	102	0.1	0
7	unsafe	30	29	reset	103	0.081	0
7	unsafe	30	29	reset	104	0.121	0
7	unsafe	30	29	reset	105	0.09	0
7	unsafe	30	29	reset	106	0.09	0
7	unsafe	30	29	reset	107	0.09	0
7	unsafe	30	29	reset	108	0.11	0
7	unsafe	30	29	reset	109	0.11	0
7	unsafe	30	29	reset	110	0.1	0
7	unsafe	30	29	reset	111	0.08	0
7	unsafe	30	29	reset	112	0.11	0
7	unsafe	30	29	reset	113	0.111	0
7	unsafe	30	29	reset	114	0.09	0
7	unsafe	30	29	reset	115	0.1	0
7	unsafe	30	29	reset	116	0.11	0
7	unsafe	30	29	reset	117	0.111	0
7	unsafe	30	29	reset	118	0.1	0
7	unsafe	30	29	reset	119	0.111	0
7	unsafe	30	29	reset	120	0.09	0
7	unsafe	30	29	reset	121	0.1	0
7	unsafe	30	29	reset	122	0.11	0
7	unsafe	30	29	reset	123	0.11	0
7	unsafe	30	29	reset	124	0.09	0
7	unsafe	30	29	reset	125	0.12	0
7	unsafe	30	29	reset	126	0.1	0
7	unsafe	30	29	reset	127	0.11	0
7	unsafe	30	29	reset	128	0.08	0
7	unsafe	30	29	reset	129	0.11	0
7	unsafe	30	29	reset	130	0.11	0
7	unsafe	30	29	reset	131	0.11	0
7	unsafe	30	29	reset	132	0.12	0
7	unsafe	30	29	reset	133	0.1	0
7	unsafe	30	29	reset	134	0.11	0
7	unsafe	30	29	reset	135	0.101	0
7	unsafe	30	29	reset	136	0.1	0
7	unsafe	30	29	reset	137	0.08	0
7	unsafe	30	29	reset	138	0.12	0
7	unsafe	30	29	reset	139	0.11	0
7	unsafe	30	29	reset	140	0.09	0
7	unsafe	30	29	reset	141	0.09	0
7	unsafe	30	29	reset	142	0.101	0
7	unsafe	30	29	reset	143	0.101	0
7	unsafe	30	29	reset	144	0.121	0
7	unsafe	30	29	reset	145	0.08	0
7	unsafe	30	29	reset	146	0.13	0
7	unsafe	30	29	reset	147	0.1	0
7	unsafe	30	29	reset	148	0.12	0
7	unsafe	30	29	reset	149	0.09	0
7	unsafe	30	29	reset	150	0.09	0
7	unsafe	30	29	reset	151	0.11	0
7	unsafe	30	29	reset	152	0.11	0
7	unsafe	30	29	reset	153	0.1	0
7	unsafe	30	29	reset	154	0.09	0
7	unsafe	30	29	reset	155	0.11	0
7	unsafe	30	29	reset	156	0.12	0
7	unsafe	30	29	reset	157	0.12	0
7	unsafe	30	29	reset	158	0.08	0
7	unsafe	30	29	reset	159	0.12	0
7	unsafe	30	29	reset	160	0.11	0
7	unsafe	30	29	reset	161	0.09	0
7	unsafe	30	29	reset	162	0.1	0
7	unsafe	30	29	reset	163	0.09	0
7	unsafe	30	29	reset	164	0.11	0
7	unsafe	30	29	reset	165	0.11	0
7	unsafe	30	29	reset	166	0.09	0
7	unsafe	30	29	reset	167	0.08	0
7	unsafe	30	29	reset	168	0.12	0
7	unsafe	30	29	reset	169	0.101	0
7	unsafe	30	29	reset	170	0.11	0
7	unsafe	30	29	reset	171	0.101	0
7	unsafe	30	29	reset	172	0.11	0
7	unsafe	30	29	reset	173	0.12	0
7	unsafe	30	29	reset	174	0.101	0
7	unsafe	30	29	reset	175	0.1	0
7	unsafe	30	29	reset	176	0.1	0
7	unsafe	30	29	reset	177	0.11	0
7	unsafe	30	29	reset	178	0.09	0
7	unsafe	30	29	reset	179	0.1	0
7	unsafe	30	29	reset	180	0.09	0
7	unsafe	30	29	reset	181	0.12	0
7	unsafe	30	29	reset	182	0.111	0
7	unsafe	30	29	reset	183	0.11	0
7	unsafe	30	29	reset	184	0.081	0
7	unsafe	30	29	reset	185	0.11	0
7	unsafe	30	29	reset	186	0.111	0
7	unsafe	30	29	reset	187	0.14	0
7	unsafe	30	29	reset	188	0.091	0
7	unsafe	30	29	reset	189	0.111	0
7	unsafe	30	29	reset	190	0.091	0
7	unsafe	30	29	reset	191	0.081	0
7	unsafe	30	29	reset	192	0.1	0
7	unsafe	30	29	reset	193	0.09	0
7	unsafe	30	29	reset	194	0.11	0
7	unsafe	30	29	reset	195	0.111	0
7	unsafe	30	29	reset	196	0.12	0
7	unsafe	30	29	reset	197	0.09	0
7	unsafe	30	29	reset	198	0.111	0
7	unsafe	30	29	reset	199	0.1	0
7	unsafe	30	29	reset	200	0.1	0
7	unsafe	30	29	stall	1	0.0	0
7	unsafe	30	29	stall	2	0.0	0
7	unsafe	30	29	stall	3	0.0	0
7	unsafe	30	29	stall	4	0.0	0
7	unsafe	30	29	stall	5	4003.211	0
7	unsafe	30	29	stall	6	986.29	0
7	unsafe	30	29	stall	7	0.0	0
7	unsafe	30	29	stall	8	0.0	0
7	unsafe	30	29	stall	9	0.0	0
7	unsafe	30	29	stall	10	0.0	0
7	unsafe	30	29	stall	11	0.0	0
7	unsafe	30	29	stall	12	589.201	0
7	unsafe	30	29	stall	13	0.0	0
7	unsafe	30	29	stall	14	3002.784	0
7	unsafe	30	29	stall	15	0.0	0
7	unsafe	30	29	stall	16	0.0	0
7	unsafe	30	29	stall	17	0.0	0
7	unsafe	30	29	stall	18	84.77	0
7	unsafe	30	29	stall	19	64.301	0
7	unsafe	30	29	stall	20	0.0	0
7	unsafe	30	29	stall	21	0.0	0
7	unsafe	30	29	stall	22	0.0	0
7	unsafe	30	29	stall	23	0.0	0
7	unsafe	30	29	stall	24	0.0	0
7	unsafe	30	29	stall	25	0.0	0
7	unsafe	30	29	stall	26	0.0	0
7	unsafe	30	29	stall	27	355.611	0
7	unsafe	30	29	stall	28	0.0	0
7	unsafe	30	29	stall	29	1819.943	0
8	checked	1	0	reset	1	28.594	0
8	checked	1	0	reset	2	27.342	0
8	checked	1	0	reset	3	27.292	0
8	checked	1	0	reset	4	27.452	0
8	checked	1	0	reset	5	27.262	0
8	checked	1	0	reset	6	26.971	0
8	checked	1	0	reset	7	27.242	0
8	checked	1	0	reset	8	28.754	0
8	checked	1	0	reset	9	27.021	0
8	checked	1	0	reset	10	28.354	0
8	checked	1	0	reset	11	27.081	0
8	checked	1	0	reset	12	26.811	0
8	checked	1	0	reset	13	29.125	0
8	checked	1	0	reset	14	27.302	0
8	checked	1	0	reset	15	27.712	0
8	checked	1	0	reset	16	27.612	0
8	checked	1	0	reset	17	28.324	0
8	checked	1	0	reset	18	27.301	0
8	checked	1	0	reset	19	27.542	0
8	checked	1	0	reset	20	27.402	0
8	checked	1	0	reset	21	27.261	0
8	checked	1	0	reset	22	26.901	0
8	checked	1	0	reset	23	27.521	0
8	checked	1	0	reset	24	26.601	0
8	checked	1	0	reset	25	26.871	0
8	checked	1	0	reset	26	29.325	0
8	checked	1	0	reset	27	27.001	0
8	checked	1	0	reset	28	26.64	0
8	checked	1	0	reset	29	27.081	0
8	checked	1	0	reset	30	26.72	0
8	checked	1	0	reset	31	27.331	0
8	checked	1	0	reset	32	26.66	0
8	checked	1	0	reset	33	27.672	0
8	checked	1	0	reset	34	28.613	0
8	checked	1	0	reset	35	27.872	0
8	checked	1	0	reset	36	26.71	0
8	checked	1	0	reset	37	27.031	0
8	checked	1	0	reset	38	26.74	0
8	checked	1	0	reset	39	26.971	0
8	checked	1	0	reset	40	26.721	0
8	checked	1	0	reset	41	26.991	0
8	checked	1	0	reset	42	26.68	0
8	checked	1	0	reset	43	26.941	0
8	checked	1	0	reset	44	28.453	0
8	checked	1	0	reset	45	27.091	0
8	checked	1	0	reset	46	26.781	0
8	checked	1	0	reset	47	26.981	0
8	checked	1	0	reset	48	26.871	0
8	checked	1	0	reset	49	26.951	0
8	checked	1	0	reset	50	26.701	0
8	checked	1	0	reset	51	26.921	0
8	checked	1	0	reset	52	26.831	0
8	checked	1	0	reset	53	28.714	0
8	checked	1	0	reset	54	26.731	0
8	checked	1	0	reset	55	27.061	0
8	checked	1	0	reset	56	26.731	0
8	checked	1	0	reset	57	27.021	0
8	checked	1	0	reset	58	26.791	0
8	checked	1	0	reset	59	27.171	0
8	checked	1	0	reset	60	27.382	0
8	checked	1	0	reset	61	26.991	0
8	checked	1	0	reset	62	26.861	0
8	checked	1	0	reset	63	27.041	0
8	checked	1	0	reset	64	26.711	0
8	checked	1	0	reset	65	27.031	0
8	checked	1	0	reset	66	26.861	0
8	checked	1	0	reset	67	27.001	0
8	checked	1	0	reset	68	26.8	0
8	checked	1	0	reset	69	27.111	0
8	checked	1	0	reset	70	26.77	0
8	checked	1	0	reset	71	27.061	0
8	checked	1	0	reset	72	26.791	0
8	checked	1	0	reset	73	27.011	0
8	checked	1	0	reset	74	26.841	0
8	checked	1	0	reset	75	26.961	0
8	checked	1	0	reset	76	26.741	0
8	checked	1	0	reset	77	27.101	0
8	checked	1	0	reset	78	26.791	0
8	checked	1	0	reset	79	27.102	0
8	checked	1	0	reset	80	26.96	0
8	checked	1	0	reset	81	27.061	0
8	checked	1	0	reset	82	29.696	0
8	checked	1	0	reset	83	26.981	0
8	checked	1	0	reset	84	26.69	0
8	checked	1	0	reset	85	26.971	0
8	checked	1	0	reset	86	26.79	0
8	checked	1	0	reset	87	27.202	0
8	checked	1	0	reset	88	26.81	0
8	checked	1	0	reset	89	27.101	0
8	checked	1	0	reset	90	26.88	0
8	checked	1	0	reset	91	29.666	0
8	checked	1	0	reset	92	26.931	0
8	checked	1	0	reset	93	27.101	0
8	checked	1	0	reset	94	26.761	0
8	checked	1	0	reset	95	27.011	0
8	checked	1	0	reset	96	26.931	0
8	checked	1	0	reset	97	27.121	0
8	checked	1	0	reset	98	26.971	0
8	checked	1	0	reset	99	27.061	0
8	checked	1	0	reset	100	28.303	0
8	checked	1	0	reset	101	27.201	0
8	checked	1	0	reset	102	27.222	0
8	checked	1	0	reset	103	27.171	0
8	checked	1	0	reset	104	26.92	0
8	checked	1	0	reset	105	27.121	0
8	checked	1	0	reset	106	26.99	0
8	checked	1	0	reset	107	27.252	0
8	checked	1	0	reset	108	26.931	0
8	checked	1	0	reset	109	28.444	0
8	checked	1	0	reset	110	27.432	0
8	checked	1	0	reset	111	27.432	0
8	checked	1	0	reset	112	27.251	0
8	checked	1	0	reset	113	27.742	0
8	checked	1	0	reset	114	27.292	0
8	checked	1	0	reset	115	27.272	0
8	checked	1	0	reset	116	27.783	0
8	checked	1	0	reset	117	27.642	0
8	checked	1	0	reset	118	27.121	0
8	checked	1	0	reset	119	27.732	0
8	checked	1	0	reset	120	26.901	0
8	checked	1	0	reset	121	27.151	0
8	checked	1	0	reset	122	26.951	0
8	checked	1	0	reset	123	27.201	0
8	checked	1	0	reset	124	27.001	0
8	checked	1	0	reset	125	27.121	0
8	checked	1	0	reset	126	26.901	0
8	checked	1	0	reset	127	27.141	0
8	checked	1	0	reset	128	26.991	0
8	checked	1	0	reset	129	30.458	0
8	checked	1	0	reset	130	26.98	0
8	checked	1	0	reset	131	27.061	0
8	checked	1	0	reset	132	26.891	0
8	checked	1	0	reset	133	27.141	0
8	checked	1	0	reset	134	26.85	0
8	checked	1	0	reset	135	27.151	0
8	checked	1	0	reset	136	26.941	0
8	checked	1	0	reset	137	27.161	0
8	checked	1	0	reset	138	29.406	0
8	checked	1	0	reset	139	27.141	0
8	checked	1	0	reset	140	26.941	0
8	checked	1	0	reset	141	27.211	0
8	checked	1	0	reset	142	27.001	0
8	checked	1	0	reset	143	27.222	0
8	checked	1	0	reset	144	27.121	0
8	checked	1	0	reset	145	27.181	0
8	checked	1	0	reset	146	26.871	0
8	checked	1	0	reset	147	27.842	0
8	checked	1	0	reset	148	27.021	0
8	checked	1	0	reset	149	27.171	0
8	checked	1	0	reset	150	26.96	0
8	checked	1	0	reset	151	27.152	0
8	checked	1	0	reset	152	26.961	0
8	checked	1	0	reset	153	27.542	0
8	checked	1	0	reset	154	26.901	0
8	checked	1	0	reset	155	27.161	0
8	checked	1	0	reset	156	26.881	0
8	checked	1	0	reset	157	27.262	0
8	checked	1	0	reset	158	26.951	0
8	checked	1	0	reset	159	27.111	0
8	checked	1	0	reset	160	27.121	0
8	checked	1	0	reset	161	27.112	0
8	checked	1	0	reset	162	27.031	0
8	checked	1	0	reset	163	27.182	0
8	checked	1	0	reset	164	27.051	0
8	checked	1	0	reset	165	27.352	0
8	checked	1	0	reset	166	27.011	0
8	checked	1	0	reset	167	29.896	0
8	checked	1	0	reset	168	26.941	0
8	checked	1	0	reset	169	27.151	0
8	checked	1	0	reset	170	26.921	0
8	checked	1	0	reset	171	27.141	0
8	checked	1	0	reset	172	26.941	0
8	checked	1	0	reset	173	27.262	0
8	checked	1	0	reset	174	26.941	0
8	checked	1	0	reset	175	27.172	0
8	checked	1	0	reset	176	27.101	0
8	checked	1	0	reset	177	27.171	0
8	checked	1	0	reset	178	27.021	0
8	checked	1	0	reset	179	27.131	0
8	checked	1	0	reset	180	26.951	0
8	checked	1	0	reset	181	27.112	0
8	checked	1	0	reset	182	26.95	0
8	checked	1	0	reset	183	27.211	0
8	checked	1	0	reset	184	26.931	0
8	checked	1	0	reset	185	28.634	0
8	checked	1	0	reset	186	27.051	0
8	checked	1	0	reset	187	27.191	0
8	checked	1	0	reset	188	26.951	0
8	checked	1	0	reset	189	27.141	0
8	checked	1	0	reset	190	26.991	0
8	checked	1	0	reset	191	27.102	0
8	checked	1	0	reset	192	26.921	0
8	checked	1	0	reset	193	27.131	0
8	checked	1	0	reset	194	28.113	0
8	checked	1	0	reset	195	28.483	0
8	checked	1	0	reset	196	28.754	0
8	checked	1	0	reset	197	28.604	0
8	checked	1	0	reset	198	27.852	0
8	checked	1	0	reset	199	28.093	0
8	checked	1	0	reset	200	27.893	0
8	unsafe	1	0	reset	1	0.151	0
8	unsafe	1	0	reset	2	0.08	0
8	unsafe	1	0	reset	3	0.08	0
8	unsafe	1	0	reset	4	0.08	0
8	unsafe	1	0	reset	5	0.08	0
8	unsafe	1	0	reset	6	0.07	0
8	unsafe	1	0	reset	7	0.08	0
8	unsafe	1	0	reset	8	0.07	0
8	unsafe	1	0	reset	9	0.07	0
8	unsafe	1	0	reset	10	0.06	0
8	unsafe	1	0	reset	11	0.07	0
8	unsafe	1	0	reset	12	0.07	0
8	unsafe	1	0	reset	13	0.071	0
8	unsafe	1	0	reset	14	0.08	0
8	unsafe	1	0	reset	15	0.07	0
8	unsafe	1	0	reset	16	0.07	0
8	unsafe	1	0	reset	17	0.071	0
8	unsafe	1	0	reset	18	0.08	0
8	unsafe	1	0	reset	19	0.12	0
8	unsafe	1	0	reset	20	0.071	0
8	unsafe	1	0	reset	21	0.08	0
8	unsafe	1	0	reset	22	0.07	0
8	unsafe	1	0	reset	23	0.071	0
8	unsafe	1	0	reset	24	0.07	0
8	unsafe	1	0	reset	25	0.08	0
8	unsafe	1	0	reset	26	0.081	0
8	unsafe	1	0	reset	27	0.08	0
8	unsafe	1	0	reset	28	0.08	0
8	unsafe	1	0	reset	29	0.08	0
8	unsafe	1	0	reset	30	0.07	0
8	unsafe	1	0	reset	31	0.08	0
8	unsafe	1	0	reset	32	0.071	0
8	unsafe	1	0	reset	33	0.08	0
8	unsafe	1	0	reset	34	0.08	0
8	unsafe	1	0	reset	35	0.06	0
8	unsafe	1	0	reset	36	0.07	0
8	unsafe	1	0	reset	37	0.07	0
8	unsafe	1	0	reset	38	0.07	0
8	unsafe	1	0	reset	39	0.07	0
8	unsafe	1	0	reset	40	0.08	0
8	unsafe	1	0	reset	41	0.07	0
8	unsafe	1	0	reset	42	0.07	0
8	unsafe	1	0	reset	43	0.07	0
8	unsafe	1	0	reset	44	0.08	0
8	unsafe	1	0	reset	45	0.08	0
8	unsafe	1	0	reset	46	0.08	0
8	unsafe	1	0	reset	47	0.07	0
8	unsafe	1	0	reset	48	0.07	0
8	unsafe	1	0	reset	49	0.07	0
8	unsafe	1	0	reset	50	0.07	0
8	unsafe	1	0	reset	51	0.08	0
8	unsafe	1	0	reset	52	0.07	0
8	unsafe	1	0	reset	53	0.081	0
8	unsafe	1	0	reset	54	0.07	0
8	unsafe	1	0	reset	55	0.07	0
8	unsafe	1	0	reset	56	0.07	0
8	unsafe	1	0	reset	57	0.07	0
8	unsafe	1	0	reset	58	0.06	0
8	unsafe	1	0	reset	59	0.06	0
8	unsafe	1	0	reset	60	0.07	0
8	unsafe	1	0	reset	61	0.08	0
8	unsafe	1	0	reset	62	0.08	0
8	unsafe	1	0	reset	63	0.401	0
8	unsafe	1	0	reset	64	0.07	0
8	unsafe	1	0	reset	65	0.08	0
8	unsafe	1	0	reset	66	0.08	0
8	unsafe	1	0	reset	67	0.08	0
8	unsafe	1	0	reset	68	0.08	0
8	unsafe	1	0	reset	69	0.08	0
8	unsafe	1	0	reset	70	0.07	0
8	unsafe	1	0	reset	71	0.08	0
8	unsafe	1	0	reset	72	0.07	0
8	unsafe	1	0	reset	73	0.07	0
8	unsafe	1	0	reset	74	0.08	0
8	unsafe	1	0	reset	75	0.07	0
8	unsafe	1	0	reset	76	0.07	0
8	unsafe	1	0	reset	77	0.08	0
8	unsafe	1	0	reset	78	0.07	0
8	unsafe	1	0	reset	79	0.07	0
8	unsafe	1	0	reset	80	0.08	0
8	unsafe	1	0	reset	81	0.07	0
8	unsafe	1	0	reset	82	0.08	0
8	unsafe	1	0	reset	83	0.08	0
8	unsafe	1	0	reset	84	0.07	0
8	unsafe	1	0	reset	85	0.08	0
8	unsafe	1	0	reset	86	0.08	0
8	unsafe	1	0	reset	87	0.07	0
8	unsafe	1	0	reset	88	0.07	0
8	unsafe	1	0	reset	89	0.081	0
8	unsafe	1	0	reset	90	0.07	0
8	unsafe	1	0	reset	91	0.08	0
8	unsafe	1	0	reset	92	0.07	0
8	unsafe	1	0	reset	93	0.07	0
8	unsafe	1	0	reset	94	0.07	0
8	unsafe	1	0	reset	95	0.07	0
8	unsafe	1	0	reset	96	0.07	0
8	unsafe	1	0	reset	97	0.08	0
8	unsafe	1	0	reset	98	0.071	0
8	unsafe	1	0	reset	99	0.07	0
8	unsafe	1	0	reset	100	0.06	0
8	unsafe	1	0	reset	101	0.08	0
8	unsafe	1	0	reset	102	0.071	0
8	unsafe	1	0	reset	103	0.07	0
8	unsafe	1	0	reset	104	0.08	0
8	unsafe	1	0	reset	105	0.06	0
8	unsafe	1	0	reset	106	0.08	0
8	unsafe	1	0	reset	107	0.08	0
8	unsafe	1	0	reset	108	0.07	0
8	unsafe	1	0	reset	109	0.07	0
8	unsafe	1	0	reset	110	0.06	0
8	unsafe	1	0	reset	111	0.071	0
8	unsafe	1	0	reset	112	0.07	0
8	unsafe	1	0	reset	113	0.071	0
8	unsafe	1	0	reset	114	0.07	0
8	unsafe	1	0	reset	115	0.081	0
8	unsafe	1	0	reset	116	0.07	0
8	unsafe	1	0	reset	117	0.08	0
8	unsafe	1	0	reset	118	0.07	0
8	unsafe	1	0	reset	119	0.07	0
8	unsafe	1	0	reset	120	0.08	0
8	unsafe	1	0	reset	121	0.08	0
8	unsafe	1	0	reset	122	0.08	0
8	unsafe	1	0	reset	123	0.08	0
8	unsafe	1	0	reset	124	0.07	0
8	unsafe	1	0	reset	125	0.071	0
8	unsafe	1	0	reset	126	0.081	0
8	unsafe	1	0	reset	127	0.07	0
8	unsafe	1	0	reset	128	0.08	0
8	unsafe	1	0	reset	129	0.07	0
8	unsafe	1	0	reset	130	0.07	0
8	unsafe	1	0	reset	131	0.07	0
8	unsafe	1	0	reset	132	0.07	0
8	unsafe	1	0	reset	133	0.1	0
8	unsafe	1	0	reset	134	0.08	0
8	unsafe	1	0	reset	135	0.07	0
8	unsafe	1	0	reset	136	0.081	0
8	unsafe	1	0	reset	137	0.07	0
8	unsafe	1	0	reset	138	0.07	0
8	unsafe	1	0	reset	139	0.08	0
8	unsafe	1	0	reset	140	0.07	0
8	unsafe	1	0	reset	141	0.06	0
8	unsafe	1	0	reset	142	0.06	0
8	unsafe	1	0	reset	143	0.08	0
8	unsafe	1	0	reset	144	0.081	0
8	unsafe	1	0	reset	145	0.07	0
8	unsafe	1	0	reset	146	0.07	0
8	unsafe	1	0	reset	147	0.07	0
8	unsafe	1	0	reset	148	0.081	0
8	unsafe	1	0	reset	149	0.06	0
8	unsafe	1	0	reset	150	0.081	0
8	unsafe	1	0	reset	151	0.07	0
8	unsafe	1	0	reset	152	0.07	0
8	unsafe	1	0	reset	153	0.08	0
8	unsafe	1	0	reset	154	0.07	0
8	unsafe	1	0	reset	155	0.08	0
8	unsafe	1	0	reset	156	0.07	0
8	unsafe	1	0	reset	157	0.08	0
8	unsafe	1	0	reset	158	0.07	0
8	unsafe	1	0	reset	159	0.07	0
8	unsafe	1	0	reset	160	0.081	0
8	unsafe	1	0	reset	161	0.07	0
8	unsafe	1	0	reset	162	0.08	0
8	unsafe	1	0	reset	163	0.07	0
8	unsafe	1	0	reset	164	0.08	0
8	unsafe	1	0	reset	165	0.07	0
8	unsafe	1	0	reset	166	0.07	0
8	unsafe	1	0	reset	167	0.071	0
8	unsafe	1	0	reset	168	0.08	0
8	unsafe	1	0	reset	169	0.07	0
8	unsafe	1	0	reset	170	0.08	0
8	unsafe	1	0	reset	171	0.08	0
8	unsafe	1	0	reset	172	0.07	0
8	unsafe	1	0	reset	173	0.08	0
8	unsafe	1	0	reset	174	0.07	0
8	unsafe	1	0	reset	175	0.07	0
8	unsafe	1	0	reset	176	0.07	0
8	unsafe	1	0	reset	177	0.07	0
8	unsafe	1	0	reset	178	0.08	0
8	unsafe	1	0	reset	179	0.08	0
8	unsafe	1	0	reset	180	0.07	0
8	unsafe	1	0	reset	181	0.07	0
8	unsafe	1	0	reset	182	0.08	0
8	unsafe	1	0	reset	183	0.08	0
8	unsafe	1	0	reset	184	0.091	0
8	unsafe	1	0	reset	185	0.07	0
8	unsafe	1	0	reset	186	0.08	0
8	unsafe	1	0	reset	187	0.08	0
8	unsafe	1	0	reset	188	0.091	0
8	unsafe	1	0	reset	189	0.15	0
8	unsafe	1	0	reset	190	0.07	0
8	unsafe	1	0	reset	191	0.07	0
8	unsafe	1	0	reset	192	0.08	0
8	unsafe	1	0	reset	193	0.08	0
8	unsafe	1	0	reset	194	0.07	0
8	unsafe	1	0	reset	195	0.081	0
8	unsafe	1	0	reset	196	0.08	0
8	unsafe	1	0	reset	197	0.07	0
8	unsafe	1	0	reset	198	0.07	0
8	unsafe	1	0	reset	199	0.07	0
8	unsafe	1	0	reset	200	0.07	0
8	checked	4	3	reset	1	46.257	0
8	checked	4	3	reset	2	43.562	0
8	checked	4	3	reset	3	90.31	0
8	checked	4	3	reset	4	193.926	0
8	checked	4	3	reset	5	71.134	0
8	checked	4	3	reset	6	178.667	0
8	checked	4	3	reset	7	49.874	0
8	checked	4	3	reset	8	62.808	0
8	checked	4	3	reset	9	54.683	0
8	checked	4	3	reset	10	52.459	0
8	checked	4	3	reset	11	51.147	0
8	checked	4	3	reset	12	40.146	0
8	checked	4	3	reset	13	61.546	0
8	checked	4	3	reset	14	41.358	0
8	checked	4	3	reset	15	43.622	0
8	checked	4	3	reset	16	39.355	0
8	checked	4	3	reset	17	43.392	0
8	checked	4	3	reset	18	40.366	0
8	checked	4	3	reset	19	38.633	0
8	checked	4	3	reset	20	39.795	0
8	checked	4	3	reset	21	38.292	0
8	checked	4	3	reset	22	82.506	0
8	checked	4	3	reset	23	43.733	0
8	checked	4	3	reset	24	41.418	0
8	checked	4	3	reset	25	44.244	0
8	checked	4	3	reset	26	39.525	0
8	checked	4	3	reset	27	123.103	0
8	checked	4	3	reset	28	40.507	0
8	checked	4	3	reset	29	36.459	0
8	checked	4	3	reset	30	49.864	0
8	checked	4	3	reset	31	50.024	0
8	checked	4	3	reset	32	35.016	0
8	checked	4	3	reset	33	36.078	0
8	checked	4	3	reset	34	34.906	0
8	checked	4	3	reset	35	36.159	0
8	checked	4	3	reset	36	34.835	0
8	checked	4	3	reset	37	35.767	0
8	checked	4	3	reset	38	35.307	0
8	checked	4	3	reset	39	36.449	0
8	checked	4	3	reset	40	36.158	0
8	checked	4	3	reset	41	36.339	0
8	checked	4	3	reset	42	36.208	0
8	checked	4	3	reset	43	36.048	0
8	checked	4	3	reset	44	35.077	0
8	checked	4	3	reset	45	35.446	0
8	checked	4	3	reset	46	36.399	0
8	checked	4	3	reset	47	45.796	0
8	checked	4	3	reset	48	48.281	0
8	checked	4	3	reset	49	37.04	0
8	checked	4	3	reset	50	36.889	0
8	checked	4	3	reset	51	36.369	0
8	checked	4	3	reset	52	35.386	0
8	checked	4	3	reset	53	36.288	0
8	checked	4	3	reset	54	34.966	0
8	checked	4	3	reset	55	35.598	0
8	checked	4	3	reset	56	35.577	0
8	checked	4	3	reset	57	35.687	0
8	checked	4	3	reset	58	35.607	0
8	checked	4	3	reset	59	36.098	0
8	checked	4	3	reset	60	35.456	0
8	checked	4	3	reset	61	34.806	0
8	checked	4	3	reset	62	34.796	0
8	checked	4	3	reset	63	34.545	0
8	checked	4	3	reset	64	33.923	0
8	checked	4	3	reset	65	34.705	0
8	checked	4	3	reset	66	34.655	0
8	checked	4	3	reset	67	34.084	0
8	checked	4	3	reset	68	34.275	0
8	checked	4	3	reset	69	33.112	0
8	checked	4	3	reset	70	34.856	0
8	checked	4	3	reset	71	34.716	0
8	checked	4	3	reset	72	34.565	0
8	checked	4	3	reset	73	34.835	0
8	checked	4	3	reset	74	35.096	0
8	checked	4	3	reset	75	35.627	0
8	checked	4	3	reset	76	35.116	0
8	checked	4	3	reset	77	35.397	0
8	checked	4	3	reset	78	35.387	0
8	checked	4	3	reset	79	35.617	0
8	checked	4	3	reset	80	34.825	0
8	checked	4	3	reset	81	36.388	0
8	checked	4	3	reset	82	35.136	0
8	checked	4	3	reset	83	34.024	0
8	checked	4	3	reset	84	34.505	0
8	checked	4	3	reset	85	36.298	0
8	checked	4	3	reset	86	34.004	0
8	checked	4	3	reset	87	35.316	0
8	checked	4	3	reset	88	34.565	0
8	checked	4	3	reset	89	34.836	0
8	checked	4	3	reset	90	34.415	0
8	checked	4	3	reset	91	33.874	0
8	checked	4	3	reset	92	33.894	0
8	checked	4	3	reset	93	33.984	0
8	checked	4	3	reset	94	35.747	0
8	checked	4	3	reset	95	37.08	0
8	checked	4	3	reset	96	33.894	0
8	checked	4	3	reset	97	34.635	0
8	checked	4	3	reset	98	34.625	0
8	checked	4	3	reset	99	34.535	0
8	checked	4	3	reset	100	36.038	0
8	checked	4	3	reset	101	35.176	0
8	checked	4	3	reset	102	36.108	0
8	checked	4	3	reset	103	35.136	0
8	checked	4	3	reset	104	34.275	0
8	checked	4	3	reset	105	35.137	0
8	checked	4	3	reset	106	35.747	0
8	checked	4	3	reset	107	35.246	0
8	checked	4	3	reset	108	36.018	0
8	checked	4	3	reset	109	34.745	0
8	checked	4	3	reset	110	33.773	0
8	checked	4	3	reset	111	36.619	0
8	checked	4	3	reset	112	35.778	0
8	checked	4	3	reset	113	34.205	0
8	checked	4	3	reset	114	34.625	0
8	checked	4	3	reset	115	34.154	0
8	checked	4	3	reset	116	34.846	0
8	checked	4	3	reset	117	34.265	0
8	checked	4	3	reset	118	33.985	0
8	checked	4	3	reset	119	37.03	0
8	checked	4	3	reset	120	34.696	0
8	checked	4	3	reset	121	36.239	0
8	checked	4	3	reset	122	34.835	0
8	checked	4	3	reset	123	37.361	0
8	checked	4	3	reset	124	34.875	0
8	checked	4	3	reset	125	35.447	0
8	checked	4	3	reset	126	34.896	0
8	checked	4	3	reset	127	35.687	0
8	checked	4	3	reset	128	34.906	0
8	checked	4	3	reset	129	34.726	0
8	checked	4	3	reset	130	32.882	0
8	checked	4	3	reset	131	34.565	0
8	checked	4	3	reset	132	36.649	0
8	checked	4	3	reset	133	35.396	0
8	checked	4	3	reset	134	34.305	0
8	checked	4	3	reset	135	33.353	0
8	checked	4	3	reset	136	34.385	0
8	checked	4	3	reset	137	35.597	0
8	checked	4	3	reset	138	33.684	0
8	checked	4	3	reset	139	34.335	0
8	checked	4	3	reset	140	35.126	0
8	checked	4	3	reset	141	35.997	0
8	checked	4	3	reset	142	33.724	0
8	checked	4	3	reset	143	34.896	0
8	checked	4	3	reset	144	33.533	0
8	checked	4	3	reset	145	33.643	0
8	checked	4	3	reset	146	34.395	0
8	checked	4	3	reset	147	34.635	0
8	checked	4	3	reset	148	34.526	0
8	checked	4	3	reset	149	33.994	0
8	checked	4	3	reset	150	33.573	0
8	checked	4	3	reset	151	34.786	0
8	checked	4	3	reset	152	35.276	0
8	checked	4	3	reset	153	34.495	0
8	checked	4	3	reset	154	34.535	0
8	checked	4	3	reset	155	33.734	0
8	checked	4	3	reset	156	34.996	0
8	checked	4	3	reset	157	33.814	0
8	checked	4	3	reset	158	34.695	0
8	checked	4	3	reset	159	34.045	0
8	checked	4	3	reset	160	34.676	0
8	checked	4	3	reset	161	34.435	0
8	checked	4	3	reset	162	33.763	0
8	checked	4	3	reset	163	34.345	0
8	checked	4	3	reset	164	33.944	0
8	checked	4	3	reset	165	34.525	0
8	checked	4	3	reset	166	34.115	0
8	checked	4	3	reset	167	34.626	0
8	checked	4	3	reset	168	34.305	0
8	checked	4	3	reset	169	33.764	0
8	checked	4	3	reset	170	36.789	0
8	checked	4	3	reset	171	34.295	0
8	checked	4	3	reset	172	33.473	0
8	checked	4	3	reset	173	35.106	0
8	checked	4	3	reset	174	33.503	0
8	checked	4	3	reset	175	34.435	0
8	checked	4	3	reset	176	33.603	0
8	checked	4	3	reset	177	33.783	0
8	checked	4	3	reset	178	34.916	0
8	checked	4	3	reset	179	37.34	0
8	checked	4	3	reset	180	33.653	0
8	checked	4	3	reset	181	34.716	0
8	checked	4	3	reset	182	34.285	0
8	checked	4	3	reset	183	33.693	0
8	checked	4	3	reset	184	33.784	0
8	checked	4	3	reset	185	35.157	0
8	checked	4	3	reset	186	34.055	0
8	checked	4	3	reset	187	34.695	0
8	checked	4	3	reset	188	35.247	0
8	checked	4	3	reset	189	35.336	0
8	checked	4	3	reset	190	34.405	0
8	checked	4	3	reset	191	33.804	0
8	checked	4	3	reset	192	33.594	0
8	checked	4	3	reset	193	33.563	0
8	checked	4	3	reset	194	33.603	0
8	checked	4	3	reset	195	34.916	0
8	checked	4	3	reset	196	33.583	0
8	checked	4	3	reset	197	34.525	0
8	checked	4	3	reset	198	33.743	0
8	checked	4	3	reset	199	34.865	0
8	checked	4	3	reset	200	33.653	0
8	checked	4	3	stall	1	172.966	0
8	checked	4	3	stall	2	182.474	0
8	checked	4	3	stall	3	130.807	0
8	unsafe	4	3	reset	1	0.11	0
8	unsafe	4	3	reset	2	0.04	0
8	unsafe	4	3	reset	3	0.05	0
8	unsafe	4	3	reset	4	0.04	0
8	unsafe	4	3	reset	5	0.29	0
8	unsafe	4	3	reset	6	0.31	0
8	unsafe	4	3	reset	7	0.291	0
8	unsafe	4	3	reset	8	0.161	0
8	unsafe	4	3	reset	9	0.301	0
8	unsafe	4	3	reset	10	0.06	0
8	unsafe	4	3	reset	11	0.05	0
8	unsafe	4	3	reset	12	0.05	0
8	unsafe	4	3	reset	13	0.05	0
8	unsafe	4	3	reset	14	0.05	0
8	unsafe	4	3	reset	15	0.05	0
8	unsafe	4	3	reset	16	0.07	0
8	unsafe	4	3	reset	17	0.05	0
8	unsafe	4	3	reset	18	0.05	0
8	unsafe	4	3	reset	19	0.04	0
8	unsafe	4	3	reset	20	0.051	0
8	unsafe	4	3	reset	21	0.04	0
8	unsafe	4	3	reset	22	0.05	0
8	unsafe	4	3	reset	23	0.05	0
8	unsafe	4	3	reset	24	0.05	0
8	unsafe	4	3	reset	25	0.061	0
8	unsafe	4	3	reset	26	0.05	0
8	unsafe	4	3	reset	27	0.05	0
8	unsafe	4	3	reset	28	0.06	0
8	unsafe	4	3	reset	29	0.05	0
8	unsafe	4	3	reset	30	0.06	0
8	unsafe	4	3	reset	31	0.04	0
8	unsafe	4	3	reset	32	0.06	0
8	unsafe	4	3	reset	33	0.06	0
8	unsafe	4	3	reset	34	0.05	0
8	unsafe	4	3	reset	35	0.05	0
8	unsafe	4	3	reset	36	0.05	0
8	unsafe	4	3	reset	37	0.05	0
8	unsafe	4	3	reset	38	0.06	0
8	unsafe	4	3	reset	39	0.05	0
8	unsafe	4	3	reset	40	0.06	0
8	unsafe	4	3	reset	41	0.05	0
8	unsafe	4	3	reset	42	0.06	0
8	unsafe	4	3	reset	43	0.04	0
8	unsafe	4	3	reset	44	0.06	0
8	unsafe	4	3	reset	45	0.06	0
8	unsafe	4	3	reset	46	0.041	0
8	unsafe	4	3	reset	47	0.06	0
8	unsafe	4	3	reset	48	0.101	0
8	unsafe	4	3	reset	49	0.05	0
8	unsafe	4	3	reset	50	0.05	0
8	unsafe	4	3	reset	51	0.051	0
8	unsafe	4	3	reset	52	0.06	0
8	unsafe	4	3	reset	53	0.05	0
8	unsafe	4	3	reset	54	0.11	0
8	unsafe	4	3	reset	55	0.06	0
8	unsafe	4	3	reset	56	0.05	0
8	unsafe	4	3	reset	57	0.061	0
8	unsafe	4	3	reset	58	0.05	0
8	unsafe	4	3	reset	59	0.05	0
8	unsafe	4	3	reset	60	0.06	0
8	unsafe	4	3	reset	61	0.05	0
8	unsafe	4	3	reset	62	0.07	0
8	unsafe	4	3	reset	63	0.05	0
8	unsafe	4	3	reset	64	0.06	0
8	unsafe	4	3	reset	65	0.05	0
8	unsafe	4	3	reset	66	0.05	0
8	unsafe	4	3	reset	67	0.061	0
8	unsafe	4	3	reset	68	0.06	0
8	unsafe	4	3	reset	69	0.05	0
8	unsafe	4	3	reset	70	0.08	0
8	unsafe	4	3	reset	71	0.05	0
8	unsafe	4	3	reset	72	0.06	0
8	unsafe	4	3	reset	73	0.05	0
8	unsafe	4	3	reset	74	0.05	0
8	unsafe	4	3	reset	75	0.06	0
8	unsafe	4	3	reset	76	0.06	0
8	unsafe	4	3	reset	77	0.09	0
8	unsafe	4	3	reset	78	0.05	0
8	unsafe	4	3	reset	79	0.05	0
8	unsafe	4	3	reset	80	0.06	0
8	unsafe	4	3	reset	81	0.04	0
8	unsafe	4	3	reset	82	0.07	0
8	unsafe	4	3	reset	83	0.04	0
8	unsafe	4	3	reset	84	0.07	0
8	unsafe	4	3	reset	85	0.05	0
8	unsafe	4	3	reset	86	0.05	0
8	unsafe	4	3	reset	87	0.06	0
8	unsafe	4	3	reset	88	0.05	0
8	unsafe	4	3	reset	89	0.06	0
8	unsafe	4	3	reset	90	0.04	0
8	unsafe	4	3	reset	91	0.05	0
8	unsafe	4	3	reset	92	0.07	0
8	unsafe	4	3	reset	93	0.05	0
8	unsafe	4	3	reset	94	0.07	0
8	unsafe	4	3	reset	95	0.05	0
8	unsafe	4	3	reset	96	0.06	0
8	unsafe	4	3	reset	97	0.061	0
8	unsafe	4	3	reset	98	0.051	0
8	unsafe	4	3	reset	99	0.07	0
8	unsafe	4	3	reset	100	0.05	0
8	unsafe	4	3	reset	101	0.05	0
8	unsafe	4	3	reset	102	0.08	0
8	unsafe	4	3	reset	103	0.05	0
8	unsafe	4	3	reset	104	0.06	0
8	unsafe	4	3	reset	105	0.051	0
8	unsafe	4	3	reset	106	0.05	0
8	unsafe	4	3	reset	107	0.05	0
8	unsafe	4	3	reset	108	0.05	0
8	unsafe	4	3	reset	109	0.061	0
8	unsafe	4	3	reset	110	0.04	0
8	unsafe	4	3	reset	111	0.051	0
8	unsafe	4	3	reset	112	0.07	0
8	unsafe	4	3	reset	113	0.05	0
8	unsafe	4	3	reset	114	0.06	0
8	unsafe	4	3	reset	115	0.04	0
8	unsafe	4	3	reset	116	0.05	0
8	unsafe	4	3	reset	117	0.06	0
8	unsafe	4	3	reset	118	0.05	0
8	unsafe	4	3	reset	119	0.05	0
8	unsafe	4	3	reset	120	0.06	0
8	unsafe	4	3	reset	121	0.05	0
8	unsafe	4	3	reset	122	0.05	0
8	unsafe	4	3	reset	123	0.06	0
8	unsafe	4	3	reset	124	0.06	0
8	unsafe	4	3	reset	125	0.04	0
8	unsafe	4	3	reset	126	0.06	0
8	unsafe	4	3	reset	127	0.05	0
8	unsafe	4	3	reset	128	0.06	0
8	unsafe	4	3	reset	129	0.05	0
8	unsafe	4	3	reset	130	0.05	0
8	unsafe	4	3	reset	131	0.05	0
8	unsafe	4	3	reset	132	0.04	0
8	unsafe	4	3	reset	133	0.051	0
8	unsafe	4	3	reset	134	0.05	0
8	unsafe	4	3	reset	135	0.05	0
8	unsafe	4	3	reset	136	0.06	0
8	unsafe	4	3	reset	137	0.05	0
8	unsafe	4	3	reset	138	0.061	0
8	unsafe	4	3	reset	139	0.041	0
8	unsafe	4	3	reset	140	0.06	0
8	unsafe	4	3	reset	141	0.06	0
8	unsafe	4	3	reset	142	0.06	0
8	unsafe	4	3	reset	143	0.061	0
8	unsafe	4	3	reset	144	0.051	0
8	unsafe	4	3	reset	145	0.05	0
8	unsafe	4	3	reset	146	0.071	0
8	unsafe	4	3	reset	147	0.04	0
8	unsafe	4	3	reset	148	0.06	0
8	unsafe	4	3	reset	149	0.05	0
8	unsafe	4	3	reset	150	0.06	0
8	unsafe	4	3	reset	151	0.06	0
8	unsafe	4	3	reset	152	0.05	0
8	unsafe	4	3	reset	153	0.05	0
8	unsafe	4	3	reset	154	0.06	0
8	unsafe	4	3	reset	155	0.05	0
8	unsafe	4	3	reset	156	0.05	0
8	unsafe	4	3	reset	157	0.04	0
8	unsafe	4	3	reset	158	0.05	0
8	unsafe	4	3	reset	159	0.04	0
8	unsafe	4	3	reset	160	0.06	0
8	unsafe	4	3	reset	161	0.05	0
8	unsafe	4	3	reset	162	0.06	0
8	unsafe	4	3	reset	163	0.06	0
8	unsafe	4	3	reset	164	0.06	0
8	unsafe	4	3	reset	165	0.07	0
8	unsafe	4	3	reset	166	0.06	0
8	unsafe	4	3	reset	167	0.071	0
8	unsafe	4	3	reset	168	0.06	0
8	unsafe	4	3	reset	169	0.06	0
8	unsafe	4	3	reset	170	0.06	0
8	unsafe	4	3	reset	171	0.04	0
8	unsafe	4	3	reset	172	0.06	0
8	unsafe	4	3	reset	173	0.04	0
8	unsafe	4	3	reset	174	0.06	0
8	unsafe	4	3	reset	175	0.05	0
8	unsafe	4	3	reset	176	0.05	0
8	unsafe	4	3	reset	177	0.06	0
8	unsafe	4	3	reset	178	0.05	0
8	unsafe	4	3	reset	179	0.06	0
8	unsafe	4	3	reset	180	0.07	0
8	unsafe	4	3	reset	181	0.04	0
8	unsafe	4	3	reset	182	0.05	0
8	unsafe	4	3	reset	183	0.04	0
8	unsafe	4	3	reset	184	0.07	0
8	unsafe	4	3	reset	185	0.05	0
8	unsafe	4	3	reset	186	0.09	0
8	unsafe	4	3	reset	187	0.07	0
8	unsafe	4	3	reset	188	0.05	0
8	unsafe	4	3	reset	189	0.06	0
8	unsafe	4	3	reset	190	0.05	0
8	unsafe	4	3	reset	191	0.05	0
8	unsafe	4	3	reset	192	0.06	0
8	unsafe	4	3	reset	193	0.051	0
8	unsafe	4	3	reset	194	0.06	0
8	unsafe	4	3	reset	195	0.04	0
8	unsafe	4	3	reset	196	0.091	0
8	unsafe	4	3	reset	197	0.07	0
8	unsafe	4	3	reset	198	0.05	0
8	unsafe	4	3	reset	199	0.06	0
8	unsafe	4	3	reset	200	0.05	0
8	unsafe	4	3	stall	1	0.0	0
8	unsafe	4	3	stall	2	0.0	0
8	unsafe	4	3	stall	3	0.0	0
8	checked	8	7	reset	1	54.423	1
8	checked	8	7	reset	2	43.552	1
8	checked	8	7	reset	3	59.392	1
8	checked	8	7	reset	4	47.319	1
8	checked	8	7	reset	5	217.511	1
8	checked	8	7	reset	6	43.672	1
8	checked	8	7	reset	7	129.855	1
8	checked	8	7	reset	8	84.079	1
8	checked	8	7	reset	9	171.293	1
8	checked	8	7	reset	10	61.295	1
8	checked	8	7	reset	11	58.35	1
8	checked	8	7	reset	12	134.755	1
8	checked	8	7	reset	13	85.09	1
8	checked	8	7	reset	14	55.836	1
8	checked	8	7	reset	15	55.635	1
8	checked	8	7	reset	16	57.318	1
8	checked	8	7	reset	17	56.156	1
8	checked	8	7	reset	18	52.349	1
8	checked	8	7	reset	19	54.352	1
8	checked	8	7	reset	20	55.705	1
8	checked	8	7	reset	21	54.884	1
8	checked	8	7	reset	22	52.89	1
8	checked	8	7	reset	23	49.744	1
8	checked	8	7	reset	24	51.767	1
8	checked	8	7	reset	25	52.659	1
8	checked	8	7	reset	26	51.988	1
8	checked	8	7	reset	27	53.641	1
8	checked	8	7	reset	28	52.659	1
8	checked	8	7	reset	29	50.876	1
8	checked	8	7	reset	30	53.842	1
8	checked	8	7	reset	31	53.211	1
8	checked	8	7	reset	32	55.735	1
8	checked	8	7	reset	33	53.641	1
8	checked	8	7	reset	34	51.487	1
8	checked	8	7	reset	35	52.118	1
8	checked	8	7	reset	36	56.046	1
8	checked	8	7	reset	37	50.706	1
8	checked	8	7	reset	38	55.685	1
8	checked	8	7	reset	39	52.109	1
8	checked	8	7	reset	40	54.843	1
8	checked	8	7	reset	41	52.639	1
8	checked	8	7	reset	42	53.942	1
8	checked	8	7	reset	43	49.844	1
8	checked	8	7	reset	44	52.339	1
8	checked	8	7	reset	45	52.729	1
8	checked	8	7	reset	46	55.755	1
8	checked	8	7	reset	47	53.491	1
8	checked	8	7	reset	48	140.144	1
8	checked	8	7	reset	49	57.509	1
8	checked	8	7	reset	50	49.854	1
8	checked	8	7	reset	51	58.46	1
8	checked	8	7	reset	52	53.802	1
8	checked	8	7	reset	53	47.5	1
8	checked	8	7	reset	54	47.85	1
8	checked	8	7	reset	55	61.847	1
8	checked	8	7	reset	56	49.473	1
8	checked	8	7	reset	57	49.223	1
8	checked	8	7	reset	58	64.813	1
8	checked	8	7	reset	59	53.04	1
8	checked	8	7	reset	60	49.684	1
8	checked	8	7	reset	61	47.931	1
8	checked	8	7	reset	62	59.993	1
8	checked	8	7	reset	63	54.773	1
8	checked	8	7	reset	64	50.836	1
8	checked	8	7	reset	65	47.419	1
8	checked	8	7	reset	66	45.556	1
8	checked	8	7	reset	67	47.269	1
8	checked	8	7	reset	68	48.932	1
8	checked	8	7	reset	69	63.52	1
8	checked	8	7	reset	70	52.429	1
8	checked	8	7	reset	71	51.237	1
8	checked	8	7	reset	72	56.316	1
8	checked	8	7	reset	73	57.058	1
8	checked	8	7	reset	74	47.169	1
8	checked	8	7	reset	75	50.675	1
8	checked	8	7	reset	76	48.341	1
8	checked	8	7	reset	77	47.7	1
8	checked	8	7	reset	78	48.451	1
8	checked	8	7	reset	79	49.112	1
8	checked	8	7	reset	80	55.535	1
8	checked	8	7	reset	81	49.935	1
8	checked	8	7	reset	82	52.079	1
8	checked	8	7	reset	83	48.091	1
8	checked	8	7	reset	84	49.624	1
8	checked	8	7	reset	85	48.712	1
8	checked	8	7	reset	86	47.209	1
8	checked	8	7	reset	87	48.892	1
8	checked	8	7	reset	88	47.089	1
8	checked	8	7	reset	89	51.427	1
8	checked	8	7	reset	90	47.991	1
8	checked	8	7	reset	91	54.102	1
8	checked	8	7	reset	92	48.732	1
8	checked	8	7	reset	93	49.964	1
8	checked	8	7	reset	94	47.72	1
8	checked	8	7	reset	95	47.299	1
8	checked	8	7	reset	96	49.103	1
8	checked	8	7	reset	97	48.912	1
8	checked	8	7	reset	98	46.778	1
8	checked	8	7	reset	99	53.39	1
8	checked	8	7	reset	100	47.8	1
8	checked	8	7	reset	101	50.885	1
8	checked	8	7	reset	102	49.593	1
8	checked	8	7	reset	103	48.041	1
8	checked	8	7	reset	104	54.443	1
8	checked	8	7	reset	105	48.742	1
8	checked	8	7	reset	106	47.95	1
8	checked	8	7	reset	107	49.313	1
8	checked	8	7	reset	108	49.233	1
8	checked	8	7	reset	109	50.866	1
8	checked	8	7	reset	110	50.415	1
8	checked	8	7	reset	111	46.628	1
8	checked	8	7	reset	112	50.155	1
8	checked	8	7	reset	113	47.58	1
8	checked	8	7	reset	114	46.658	1
8	checked	8	7	reset	115	66.636	1
8	checked	8	7	reset	116	53.13	1
8	checked	8	7	reset	117	74.681	1
8	checked	8	7	reset	118	60.184	1
8	checked	8	7	reset	119	50.846	1
8	checked	8	7	reset	120	49.784	1
8	checked	8	7	reset	121	46.648	1
8	checked	8	7	reset	122	44.844	1
8	checked	8	7	reset	123	44.814	1
8	checked	8	7	reset	124	41.268	1
8	checked	8	7	reset	125	45.126	1
8	checked	8	7	reset	126	46.427	1
8	checked	8	7	reset	127	42.77	1
8	checked	8	7	reset	128	42.15	1
8	checked	8	7	reset	129	42.59	1
8	checked	8	7	reset	130	49.182	1
8	checked	8	7	reset	131	46.498	1
8	checked	8	7	reset	132	46.759	1
8	checked	8	7	reset	133	42.921	1
8	checked	8	7	reset	134	40.456	1
8	checked	8	7	reset	135	40.306	1
8	checked	8	7	reset	136	39.324	1
8	checked	8	7	reset	137	52.178	1
8	checked	8	7	reset	138	39.193	1
8	checked	8	7	reset	139	39.144	1
8	checked	8	7	reset	140	39.645	1
8	checked	8	7	reset	141	40.236	1
8	checked	8	7	reset	142	39.504	1
8	checked	8	7	reset	143	39.725	1
8	checked	8	7	reset	144	38.794	1
8	checked	8	7	reset	145	39.625	1
8	checked	8	7	reset	146	38.974	1
8	checked	8	7	reset	147	41.128	1
8	checked	8	7	reset	148	39.354	1
8	checked	8	7	reset	149	39.064	1
8	checked	8	7	reset	150	40.036	1
8	checked	8	7	reset	151	38.973	1
8	checked	8	7	reset	152	39.785	1
8	checked	8	7	reset	153	39.564	1
8	checked	8	7	reset	154	39.324	1
8	checked	8	7	reset	155	39.124	1
8	checked	8	7	reset	156	39.284	1
8	checked	8	7	reset	157	39.454	1
8	checked	8	7	reset	158	39.695	1
8	checked	8	7	reset	159	40.176	1
8	checked	8	7	reset	160	49.914	1
8	checked	8	7	reset	161	38.673	1
8	checked	8	7	reset	162	39.114	1
8	checked	8	7	reset	163	40.066	1
8	checked	8	7	reset	164	38.913	1
8	checked	8	7	reset	165	38.793	1
8	checked	8	7	reset	166	38.763	1
8	checked	8	7	reset	167	38.392	1
8	checked	8	7	reset	168	39.705	1
8	checked	8	7	reset	169	38.863	1
8	checked	8	7	reset	170	38.854	1
8	checked	8	7	reset	171	38.843	1
8	checked	8	7	reset	172	39.295	1
8	checked	8	7	reset	173	39.014	1
8	checked	8	7	reset	174	39.454	1
8	checked	8	7	reset	175	39.174	1
8	checked	8	7	reset	176	39.425	1
8	checked	8	7	reset	177	39.505	1
8	checked	8	7	reset	178	39.004	1
8	checked	8	7	reset	179	38.934	1
8	checked	8	7	reset	180	38.944	1
8	checked	8	7	reset	181	39.434	1
8	checked	8	7	reset	182	39.074	1
8	checked	8	7	reset	183	39.244	1
8	checked	8	7	reset	184	39.174	1
8	checked	8	7	reset	185	39.354	1
8	checked	8	7	reset	186	39.454	1
8	checked	8	7	reset	187	39.014	1
8	checked	8	7	reset	188	39.604	1
8	checked	8	7	reset	189	39.665	1
8	checked	8	7	reset	190	38.643	1
8	checked	8	7	reset	191	39.845	1
8	checked	8	7	reset	192	39.525	1
8	checked	8	7	reset	193	39.765	1
8	checked	8	7	reset	194	41.448	1
8	checked	8	7	reset	195	40.175	1
8	checked	8	7	reset	196	39.674	1
8	checked	8	7	reset	197	40.957	1
8	checked	8	7	reset	198	40.005	1
8	checked	8	7	reset	199	40.557	1
8	checked	8	7	reset	200	40.636	1
8	checked	8	7	stall	1	141.767	1
8	checked	8	7	stall	2	136.368	1
8	checked	8	7	stall	3	149.933	1
8	checked	8	7	stall	4	133.181	1
8	checked	8	7	stall	5	133.151	1
8	checked	8	7	stall	6	640.658	1
8	checked	8	7	stall	7	138.24	1
8	unsafe	8	7	reset	1	0.17	1
8	unsafe	8	7	reset	2	0.07	1
8	unsafe	8	7	reset	3	0.12	1
8	unsafe	8	7	reset	4	0.061	1
8	unsafe	8	7	reset	5	0.09	1
8	unsafe	8	7	reset	6	0.11	1
8	unsafe	8	7	reset	7	0.33	1
8	unsafe	8	7	reset	8	0.08	1
8	unsafe	8	7	reset	9	0.301	1
8	unsafe	8	7	reset	10	0.08	1
8	unsafe	8	7	reset	11	0.06	1
8	unsafe	8	7	reset	12	0.06	1
8	unsafe	8	7	reset	13	0.071	1
8	unsafe	8	7	reset	14	0.07	1
8	unsafe	8	7	reset	15	0.07	1
8	unsafe	8	7	reset	16	0.071	1
8	unsafe	8	7	reset	17	0.07	1
8	unsafe	8	7	reset	18	0.06	1
8	unsafe	8	7	reset	19	0.061	1
8	unsafe	8	7	reset	20	0.06	1
8	unsafe	8	7	reset	21	0.07	1
8	unsafe	8	7	reset	22	0.07	1
8	unsafe	8	7	reset	23	0.07	1
8	unsafe	8	7	reset	24	0.07	1
8	unsafe	8	7	reset	25	0.07	1
8	unsafe	8	7	reset	26	0.08	1
8	unsafe	8	7	reset	27	0.081	1
8	unsafe	8	7	reset	28	0.071	1
8	unsafe	8	7	reset	29	0.07	1
8	unsafe	8	7	reset	30	0.071	1
8	unsafe	8	7	reset	31	0.071	1
8	unsafe	8	7	reset	32	0.07	1
8	unsafe	8	7	reset	33	0.06	1
8	unsafe	8	7	reset	34	0.06	1
8	unsafe	8	7	reset	35	0.06	1
8	unsafe	8	7	reset	36	0.07	1
8	unsafe	8	7	reset	37	0.08	1
8	unsafe	8	7	reset	38	0.07	1
8	unsafe	8	7	reset	39	0.06	1
8	unsafe	8	7	reset	40	0.06	1
8	unsafe	8	7	reset	41	0.06	1
8	unsafe	8	7	reset	42	0.06	1
8	unsafe	8	7	reset	43	0.07	1
8	unsafe	8	7	reset	44	0.08	1
8	unsafe	8	7	reset	45	0.06	1
8	unsafe	8	7	reset	46	0.07	1
8	unsafe	8	7	reset	47	0.07	1
8	unsafe	8	7	reset	48	0.07	1
8	unsafe	8	7	reset	49	0.08	1
8	unsafe	8	7	reset	50	0.07	1
8	unsafe	8	7	reset	51	0.07	1
8	unsafe	8	7	reset	52	0.061	1
8	unsafe	8	7	reset	53	0.09	1
8	unsafe	8	7	reset	54	0.061	1
8	unsafe	8	7	reset	55	0.07	1
8	unsafe	8	7	reset	56	0.071	1
8	unsafe	8	7	reset	57	0.07	1
8	unsafe	8	7	reset	58	0.07	1
8	unsafe	8	7	reset	59	0.08	1
8	unsafe	8	7	reset	60	0.06	1
8	unsafe	8	7	reset	61	0.07	1
8	unsafe	8	7	reset	62	0.071	1
8	unsafe	8	7	reset	63	0.07	1
8	unsafe	8	7	reset	64	0.06	1
8	unsafe	8	7	reset	65	0.08	1
8	unsafe	8	7	reset	66	0.08	1
8	unsafe	8	7	reset	67	0.06	1
8	unsafe	8	7	reset	68	0.07	1
8	unsafe	8	7	reset	69	0.06	1
8	unsafe	8	7	reset	70	0.07	1
8	unsafe	8	7	reset	71	0.07	1
8	unsafe	8	7	reset	72	0.07	1
8	unsafe	8	7	reset	73	0.06	1
8	unsafe	8	7	reset	74	0.071	1
8	unsafe	8	7	reset	75	0.08	1
8	unsafe	8	7	reset	76	0.08	1
8	unsafe	8	7	reset	77	0.06	1
8	unsafe	8	7	reset	78	0.07	1
8	unsafe	8	7	reset	79	0.08	1
8	unsafe	8	7	reset	80	0.07	1
8	unsafe	8	7	reset	81	0.08	1
8	unsafe	8	7	reset	82	0.07	1
8	unsafe	8	7	reset	83	0.07	1
8	unsafe	8	7	reset	84	0.071	1
8	unsafe	8	7	reset	85	0.07	1
8	unsafe	8	7	reset	86	0.07	1
8	unsafe	8	7	reset	87	0.061	1
8	unsafe	8	7	reset	88	0.071	1
8	unsafe	8	7	reset	89	0.071	1
8	unsafe	8	7	reset	90	0.07	1
8	unsafe	8	7	reset	91	0.07	1
8	unsafe	8	7	reset	92	0.081	1
8	unsafe	8	7	reset	93	0.07	1
8	unsafe	8	7	reset	94	0.07	1
8	unsafe	8	7	reset	95	0.07	1
8	unsafe	8	7	reset	96	0.071	1
8	unsafe	8	7	reset	97	0.071	1
8	unsafe	8	7	reset	98	0.07	1
8	unsafe	8	7	reset	99	0.061	1
8	unsafe	8	7	reset	100	0.06	1
8	unsafe	8	7	reset	101	0.071	1
8	unsafe	8	7	reset	102	0.07	1
8	unsafe	8	7	reset	103	0.07	1
8	unsafe	8	7	reset	104	0.07	1
8	unsafe	8	7	reset	105	0.06	1
8	unsafe	8	7	reset	106	0.06	1
8	unsafe	8	7	reset	107	0.07	1
8	unsafe	8	7	reset	108	0.07	1
8	unsafe	8	7	reset	109	0.07	1
8	unsafe	8	7	reset	110	0.06	1
8	unsafe	8	7	reset	111	0.07	1
8	unsafe	8	7	reset	112	0.07	1
8	unsafe	8	7	reset	113	0.08	1
8	unsafe	8	7	reset	114	0.081	1
8	unsafe	8	7	reset	115	0.061	1
8	unsafe	8	7	reset	116	0.06	1
8	unsafe	8	7	reset	117	0.07	1
8	unsafe	8	7	reset	118	0.06	1
8	unsafe	8	7	reset	119	0.071	1
8	unsafe	8	7	reset	120	0.07	1
8	unsafe	8	7	reset	121	0.08	1
8	unsafe	8	7	reset	122	0.08	1
8	unsafe	8	7	reset	123	0.07	1
8	unsafe	8	7	reset	124	0.06	1
8	unsafe	8	7	reset	125	0.07	1
8	unsafe	8	7	reset	126	0.061	1
8	unsafe	8	7	reset	127	0.07	1
8	unsafe	8	7	reset	128	0.07	1
8	unsafe	8	7	reset	129	0.06	1
8	unsafe	8	7	reset	130	0.07	1
8	unsafe	8	7	reset	131	0.07	1
8	unsafe	8	7	reset	132	0.07	1
8	unsafe	8	7	reset	133	0.06	1
8	unsafe	8	7	reset	134	0.07	1
8	unsafe	8	7	reset	135	0.081	1
8	unsafe	8	7	reset	136	0.06	1
8	unsafe	8	7	reset	137	0.07	1
8	unsafe	8	7	reset	138	0.07	1
8	unsafe	8	7	reset	139	0.07	1
8	unsafe	8	7	reset	140	0.08	1
8	unsafe	8	7	reset	141	0.08	1
8	unsafe	8	7	reset	142	0.07	1
8	unsafe	8	7	reset	143	0.1	1
8	unsafe	8	7	reset	144	0.08	1
8	unsafe	8	7	reset	145	0.06	1
8	unsafe	8	7	reset	146	0.071	1
8	unsafe	8	7	reset	147	0.071	1
8	unsafe	8	7	reset	148	0.07	1
8	unsafe	8	7	reset	149	0.06	1
8	unsafe	8	7	reset	150	0.071	1
8	unsafe	8	7	reset	151	0.07	1
8	unsafe	8	7	reset	152	0.06	1
8	unsafe	8	7	reset	153	0.08	1
8	unsafe	8	7	reset	154	0.07	1
8	unsafe	8	7	reset	155	0.07	1
8	unsafe	8	7	reset	156	0.06	1
8	unsafe	8	7	reset	157	0.06	1
8	unsafe	8	7	reset	158	0.07	1
8	unsafe	8	7	reset	159	0.07	1
8	unsafe	8	7	reset	160	0.07	1
8	unsafe	8	7	reset	161	0.06	1
8	unsafe	8	7	reset	162	0.07	1
8	unsafe	8	7	reset	163	0.1	1
8	unsafe	8	7	reset	164	0.07	1
8	unsafe	8	7	reset	165	0.06	1
8	unsafe	8	7	reset	166	0.07	1
8	unsafe	8	7	reset	167	0.07	1
8	unsafe	8	7	reset	168	0.06	1
8	unsafe	8	7	reset	169	0.06	1
8	unsafe	8	7	reset	170	0.07	1
8	unsafe	8	7	reset	171	0.07	1
8	unsafe	8	7	reset	172	0.071	1
8	unsafe	8	7	reset	173	0.07	1
8	unsafe	8	7	reset	174	0.07	1
8	unsafe	8	7	reset	175	0.071	1
8	unsafe	8	7	reset	176	0.06	1
8	unsafe	8	7	reset	177	0.08	1
8	unsafe	8	7	reset	178	0.07	1
8	unsafe	8	7	reset	179	0.07	1
8	unsafe	8	7	reset	180	0.07	1
8	unsafe	8	7	reset	181	0.07	1
8	unsafe	8	7	reset	182	0.06	1
8	unsafe	8	7	reset	183	0.07	1
8	unsafe	8	7	reset	184	0.071	1
8	unsafe	8	7	reset	185	0.06	1
8	unsafe	8	7	reset	186	0.07	1
8	unsafe	8	7	reset	187	0.06	1
8	unsafe	8	7	reset	188	0.07	1
8	unsafe	8	7	reset	189	0.07	1
8	unsafe	8	7	reset	190	0.071	1
8	unsafe	8	7	reset	191	0.061	1
8	unsafe	8	7	reset	192	0.061	1
8	unsafe	8	7	reset	193	0.07	1
8	unsafe	8	7	reset	194	0.07	1
8	unsafe	8	7	reset	195	0.06	1
8	unsafe	8	7	reset	196	0.07	1
8	unsafe	8	7	reset	197	0.07	1
8	unsafe	8	7	reset	198	0.071	1
8	unsafe	8	7	reset	199	0.08	1
8	unsafe	8	7	reset	200	0.07	1
8	unsafe	8	7	stall	1	0.0	1
8	unsafe	8	7	stall	2	0.0	1
8	unsafe	8	7	stall	3	0.0	1
8	unsafe	8	7	stall	4	0.0	1
8	unsafe	8	7	stall	5	0.0	1
8	unsafe	8	7	stall	6	0.0	1
8	unsafe	8	7	stall	7	0.0	1
8	checked	16	15	reset	1	75.552	0
8	checked	16	15	reset	2	47.84	0
8	checked	16	15	reset	3	48.892	0
8	checked	16	15	reset	4	90.6	0
8	checked	16	15	reset	5	476.528	0
8	checked	16	15	reset	6	58.47	0
8	checked	16	15	reset	7	87.805	0
8	checked	16	15	reset	8	72.797	0
8	checked	16	15	reset	9	68.419	0
8	checked	16	15	reset	10	65.924	0
8	checked	16	15	reset	11	69.721	0
8	checked	16	15	reset	12	65.373	0
8	checked	16	15	reset	13	71.746	0
8	checked	16	15	reset	14	71.485	0
8	checked	16	15	reset	15	68.279	0
8	checked	16	15	reset	16	68.088	0
8	checked	16	15	reset	17	78.628	0
8	checked	16	15	reset	18	64.813	0
8	checked	16	15	reset	19	67.297	0
8	checked	16	15	reset	20	69.772	0
8	checked	16	15	reset	21	68.5	0
8	checked	16	15	reset	22	65.043	0
8	checked	16	15	reset	23	92.505	0
8	checked	16	15	reset	24	78.458	0
8	checked	16	15	reset	25	85.231	0
8	checked	16	15	reset	26	87.285	0
8	checked	16	15	reset	27	73.438	0
8	checked	16	15	reset	28	210.897	0
8	checked	16	15	reset	29	81.964	0
8	checked	16	15	reset	30	97.323	0
8	checked	16	15	reset	31	147.869	0
8	checked	16	15	reset	32	70.373	0
8	checked	16	15	reset	33	72.036	0
8	checked	16	15	reset	34	70.884	0
8	checked	16	15	reset	35	70.503	0
8	checked	16	15	reset	36	74.691	0
8	checked	16	15	reset	37	73.488	0
8	checked	16	15	reset	38	61.296	0
8	checked	16	15	reset	39	74.03	0
8	checked	16	15	reset	40	60.955	0
8	checked	16	15	reset	41	68.329	0
8	checked	16	15	reset	42	69.751	0
8	checked	16	15	reset	43	67.016	0
8	checked	16	15	reset	44	66.045	0
8	checked	16	15	reset	45	67.888	0
8	checked	16	15	reset	46	66.486	0
8	checked	16	15	reset	47	70.743	0
8	checked	16	15	reset	48	90.521	0
8	checked	16	15	reset	49	76.514	0
8	checked	16	15	reset	50	68.059	0
8	checked	16	15	reset	51	75.011	0
8	checked	16	15	reset	52	69.101	0
8	checked	16	15	reset	53	65.553	0
8	checked	16	15	reset	54	65.965	0
8	checked	16	15	reset	55	71.725	0
8	checked	16	15	reset	56	68.159	0
8	checked	16	15	reset	57	73.058	0
8	checked	16	15	reset	58	101.111	0
8	checked	16	15	reset	59	76.615	0
8	checked	16	15	reset	60	107.673	0
8	checked	16	15	reset	61	74.09	0
8	checked	16	15	reset	62	74.651	0
8	checked	16	15	reset	63	70.313	0
8	checked	16	15	reset	64	68.6	0
8	checked	16	15	reset	65	69.381	0
8	checked	16	15	reset	66	63.189	0
8	checked	16	15	reset	67	69.801	0
8	checked	16	15	reset	68	69.702	0
8	checked	16	15	reset	69	65.213	0
8	checked	16	15	reset	70	64.581	0
8	checked	16	15	reset	71	74.059	0
8	checked	16	15	reset	72	67.598	0
8	checked	16	15	reset	73	65.734	0
8	checked	16	15	reset	74	72.076	0
8	checked	16	15	reset	75	67.216	0
8	checked	16	15	reset	76	64.993	0
8	checked	16	15	reset	77	65.394	0
8	checked	16	15	reset	78	68.499	0
8	checked	16	15	reset	79	64.632	0
8	checked	16	15	reset	80	69.451	0
8	checked	16	15	reset	81	66.195	0
8	checked	16	15	reset	82	67.407	0
8	checked	16	15	reset	83	71.475	0
8	checked	16	15	reset	84	76.915	0
8	checked	16	15	reset	85	87.645	0
8	checked	16	15	reset	86	70.343	0
8	checked	16	15	reset	87	69.702	0
8	checked	16	15	reset	88	72.166	0
8	checked	16	15	reset	89	71.635	0
8	checked	16	15	reset	90	67.618	0
8	checked	16	15	reset	91	65.424	0
8	checked	16	15	reset	92	79.821	0
8	checked	16	15	reset	93	68.86	0
8	checked	16	15	reset	94	63.109	0
8	checked	16	15	reset	95	67.236	0
8	checked	16	15	reset	96	67.147	0
8	checked	16	15	reset	97	69.301	0
8	checked	16	15	reset	98	68.78	0
8	checked	16	15	reset	99	69.031	0
8	checked	16	15	reset	100	65.213	0
8	checked	16	15	reset	101	67.828	0
8	checked	16	15	reset	102	63.43	0
8	checked	16	15	reset	103	70.433	0
8	checked	16	15	reset	104	65.363	0
8	checked	16	15	reset	105	77.757	0
8	checked	16	15	reset	106	67.537	0
8	checked	16	15	reset	107	71.144	0
8	checked	16	15	reset	108	70.894	0
8	checked	16	15	reset	109	70.202	0
8	checked	16	15	reset	110	63.339	0
8	checked	16	15	reset	111	75.602	0
8	checked	16	15	reset	112	64.111	0
8	checked	16	15	reset	113	70.152	0
8	checked	16	15	reset	114	65.163	0
8	checked	16	15	reset	115	64.041	0
8	checked	16	15	reset	116	66.736	0
8	checked	16	15	reset	117	66.997	0
8	checked	16	15	reset	118	63.41	0
8	checked	16	15	reset	119	71.415	0
8	checked	16	15	reset	120	64.402	0
8	checked	16	15	reset	121	63.369	0
8	checked	16	15	reset	122	67.848	0
8	checked	16	15	reset	123	68.88	0
8	checked	16	15	reset	124	63.981	0
8	checked	16	15	reset	125	70.123	0
8	checked	16	15	reset	126	70.804	0
8	checked	16	15	reset	127	69.421	0
8	checked	16	15	reset	128	68.379	0
8	checked	16	15	reset	129	77.937	0
8	checked	16	15	reset	130	67.126	0
8	checked	16	15	reset	131	65.343	0
8	checked	16	15	reset	132	64.992	0
8	checked	16	15	reset	133	66.916	0
8	checked	16	15	reset	134	65.273	0
8	checked	16	15	reset	135	72.397	0
8	checked	16	15	reset	136	65.724	0
8	checked	16	15	reset	137	71.555	0
8	checked	16	15	reset	138	65.754	0
8	checked	16	15	reset	139	65.353	0
8	checked	16	15	reset	140	66.816	0
8	checked	16	15	reset	141	71.205	0
8	checked	16	15	reset	142	68.91	0
8	checked	16	15	reset	143	61.747	0
8	checked	16	15	reset	144	65.263	0
8	checked	16	15	reset	145	71.815	0
8	checked	16	15	reset	146	69.721	0
8	checked	16	15	reset	147	70.062	0
8	checked	16	15	reset	148	67.908	0
8	checked	16	15	reset	149	71.646	0
8	checked	16	15	reset	150	67.357	0
8	checked	16	15	reset	151	72.537	0
8	checked	16	15	reset	152	63.189	0
8	checked	16	15	reset	153	64.501	0
8	checked	16	15	reset	154	64.913	0
8	checked	16	15	reset	155	66.215	0
8	checked	16	15	reset	156	65.734	0
8	checked	16	15	reset	157	62.698	0
8	checked	16	15	reset	158	64.151	0
8	checked	16	15	reset	159	64.181	0
8	checked	16	15	reset	160	68.469	0
8	checked	16	15	reset	161	69.482	0
8	checked	16	15	reset	162	63.3	0
8	checked	16	15	reset	163	68.459	0
8	checked	16	15	reset	164	69.311	0
8	checked	16	15	reset	165	64.201	0
8	checked	16	15	reset	166	65.153	0
8	checked	16	15	reset	167	67.137	0
8	checked	16	15	reset	168	65.123	0
8	checked	16	15	reset	169	63.319	0
8	checked	16	15	reset	170	66.205	0
8	checked	16	15	reset	171	65.143	0
8	checked	16	15	reset	172	82.696	0
8	checked	16	15	reset	173	70.503	0
8	checked	16	15	reset	174	64.321	0
8	checked	16	15	reset	175	65.844	0
8	checked	16	15	reset	176	65.914	0
8	checked	16	15	reset	177	67.617	0
8	checked	16	15	reset	178	71.405	0
8	checked	16	15	reset	179	70.263	0
8	checked	16	15	reset	180	59.673	0
8	checked	16	15	reset	181	62.408	0
8	checked	16	15	reset	182	69.561	0
8	checked	16	15	reset	183	71.825	0
8	checked	16	15	reset	184	69.25	0
8	checked	16	15	reset	185	67.137	0
8	checked	16	15	reset	186	68.83	0
8	checked	16	15	reset	187	66.125	0
8	checked	16	15	reset	188	60.754	0
8	checked	16	15	reset	189	70.853	0
8	checked	16	15	reset	190	67.017	0
8	checked	16	15	reset	191	75.783	0
8	checked	16	15	reset	192	65.233	0
8	checked	16	15	reset	193	70.012	0
8	checked	16	15	reset	194	62.719	0
8	checked	16	15	reset	195	69.932	0
8	checked	16	15	reset	196	69.141	0
8	checked	16	15	reset	197	67.477	0
8	checked	16	15	reset	198	59.542	0
8	checked	16	15	reset	199	67.547	0
8	checked	16	15	reset	200	66.195	0
8	checked	16	15	stall	1	201.249	0
8	checked	16	15	stall	2	201.169	0
8	checked	16	15	stall	3	200.919	0
8	checked	16	15	stall	4	217.07	0
8	checked	16	15	stall	5	200.719	0
8	checked	16	15	stall	6	217.73	0
8	checked	16	15	stall	7	201.1	0
8	checked	16	15	stall	8	200.137	0
8	checked	16	15	stall	9	201.871	0
8	checked	16	15	stall	10	200.629	0
8	checked	16	15	stall	11	199.426	0
8	checked	16	15	stall	12	200.398	0
8	checked	16	15	stall	13	200.408	0
8	checked	16	15	stall	14	200.709	0
8	checked	16	15	stall	15	200.719	0
8	unsafe	16	15	reset	1	0.131	0
8	unsafe	16	15	reset	2	0.05	0
8	unsafe	16	15	reset	3	0.06	0
8	unsafe	16	15	reset	4	0.051	0
8	unsafe	16	15	reset	5	0.07	0
8	unsafe	16	15	reset	6	0.19	0
8	unsafe	16	15	reset	7	0.05	0
8	unsafe	16	15	reset	8	0.05	0
8	unsafe	16	15	reset	9	0.07	0
8	unsafe	16	15	reset	10	0.06	0
8	unsafe	16	15	reset	11	0.06	0
8	unsafe	16	15	reset	12	0.06	0
8	unsafe	16	15	reset	13	0.04	0
8	unsafe	16	15	reset	14	0.051	0
8	unsafe	16	15	reset	15	0.04	0
8	unsafe	16	15	reset	16	0.06	0
8	unsafe	16	15	reset	17	0.05	0
8	unsafe	16	15	reset	18	0.06	0
8	unsafe	16	15	reset	19	0.06	0
8	unsafe	16	15	reset	20	0.05	0
8	unsafe	16	15	reset	21	0.07	0
8	unsafe	16	15	reset	22	0.06	0
8	unsafe	16	15	reset	23	0.06	0
8	unsafe	16	15	reset	24	0.11	0
8	unsafe	16	15	reset	25	0.05	0
8	unsafe	16	15	reset	26	0.061	0
8	unsafe	16	15	reset	27	0.07	0
8	unsafe	16	15	reset	28	0.051	0
8	unsafe	16	15	reset	29	0.05	0
8	unsafe	16	15	reset	30	0.05	0
8	unsafe	16	15	reset	31	0.06	0
8	unsafe	16	15	reset	32	0.06	0
8	unsafe	16	15	reset	33	0.07	0
8	unsafe	16	15	reset	34	0.05	0
8	unsafe	16	15	reset	35	0.06	0
8	unsafe	16	15	reset	36	0.05	0
8	unsafe	16	15	reset	37	0.05	0
8	unsafe	16	15	reset	38	0.07	0
8	unsafe	16	15	reset	39	0.06	0
8	unsafe	16	15	reset	40	0.06	0
8	unsafe	16	15	reset	41	0.05	0
8	unsafe	16	15	reset	42	0.05	0
8	unsafe	16	15	reset	43	0.06	0
8	unsafe	16	15	reset	44	0.05	0
8	unsafe	16	15	reset	45	0.07	0
8	unsafe	16	15	reset	46	0.05	0
8	unsafe	16	15	reset	47	0.05	0
8	unsafe	16	15	reset	48	0.06	0
8	unsafe	16	15	reset	49	0.05	0
8	unsafe	16	15	reset	50	0.08	0
8	unsafe	16	15	reset	51	0.07	0
8	unsafe	16	15	reset	52	0.07	0
8	unsafe	16	15	reset	53	0.05	0
8	unsafe	16	15	reset	54	0.05	0
8	unsafe	16	15	reset	55	0.06	0
8	unsafe	16	15	reset	56	0.051	0
8	unsafe	16	15	reset	57	0.131	0
8	unsafe	16	15	reset	58	0.06	0
8	unsafe	16	15	reset	59	0.05	0
8	unsafe	16	15	reset	60	0.05	0
8	unsafe	16	15	reset	61	0.05	0
8	unsafe	16	15	reset	62	0.05	0
8	unsafe	16	15	reset	63	0.05	0
8	unsafe	16	15	reset	64	0.05	0
8	unsafe	16	15	reset	65	0.06	0
8	unsafe	16	15	reset	66	0.05	0
8	unsafe	16	15	reset	67	0.061	0
8	unsafe	16	15	reset	68	0.05	0
8	unsafe	16	15	reset	69	0.08	0
8	unsafe	16	15	reset	70	0.051	0
8	unsafe	16	15	reset	71	0.05	0
8	unsafe	16	15	reset	72	0.05	0
8	unsafe	16	15	reset	73	0.06	0
8	unsafe	16	15	reset	74	0.06	0
8	unsafe	16	15	reset	75	0.09	0
8	unsafe	16	15	reset	76	0.05	0
8	unsafe	16	15	reset	77	0.06	0
8	unsafe	16	15	reset	78	0.06	0
8	unsafe	16	15	reset	79	0.06	0
8	unsafe	16	15	reset	80	0.06	0
8	unsafe	16	15	reset	81	0.05	0
8	unsafe	16	15	reset	82	0.07	0
8	unsafe	16	15	reset	83	0.05	0
8	unsafe	16	15	reset	84	0.05	0
8	unsafe	16	15	reset	85	0.05	0
8	unsafe	16	15	reset	86	0.061	0
8	unsafe	16	15	reset	87	0.06	0
8	unsafe	16	15	reset	88	0.05	0
8	unsafe	16	15	reset	89	0.09	0
8	unsafe	16	15	reset	90	0.05	0
8	unsafe	16	15	reset	91	0.06	0
8	unsafe	16	15	reset	92	0.04	0
8	unsafe	16	15	reset	93	0.05	0
8	unsafe	16	15	reset	94	0.06	0
8	unsafe	16	15	reset	95	0.06	0
8	unsafe	16	15	reset	96	0.07	0
8	unsafe	16	15	reset	97	0.05	0
8	unsafe	16	15	reset	98	0.06	0
8	unsafe	16	15	reset	99	0.07	0
8	unsafe	16	15	reset	100	0.07	0
8	unsafe	16	15	reset	101	0.051	0
8	unsafe	16	15	reset	102	0.05	0
8	unsafe	16	15	reset	103	0.07	0
8	unsafe	16	15	reset	104	0.05	0
8	unsafe	16	15	reset	105	0.06	0
8	unsafe	16	15	reset	106	0.07	0
8	unsafe	16	15	reset	107	0.06	0
8	unsafe	16	15	reset	108	0.06	0
8	unsafe	16	15	reset	109	0.05	0
8	unsafe	16	15	reset	110	0.051	0
8	unsafe	16	15	reset	111	0.06	0
8	unsafe	16	15	reset	112	0.05	0
8	unsafe	16	15	reset	113	0.06	0
8	unsafe	16	15	reset	114	0.06	0
8	unsafe	16	15	reset	115	0.07	0
8	unsafe	16	15	reset	116	0.05	0
8	unsafe	16	15	reset	117	0.06	0
8	unsafe	16	15	reset	118	0.05	0
8	unsafe	16	15	reset	119	0.06	0
8	unsafe	16	15	reset	120	0.05	0
8	unsafe	16	15	reset	121	0.06	0
8	unsafe	16	15	reset	122	0.061	0
8	unsafe	16	15	reset	123	0.08	0
8	unsafe	16	15	reset	124	0.091	0
8	unsafe	16	15	reset	125	0.05	0
8	unsafe	16	15	reset	126	0.04	0
8	unsafe	16	15	reset	127	0.05	0
8	unsafe	16	15	reset	128	0.05	0
8	unsafe	16	15	reset	129	0.06	0
8	unsafe	16	15	reset	130	0.05	0
8	unsafe	16	15	reset	131	0.05	0
8	unsafe	16	15	reset	132	0.05	0
8	unsafe	16	15	reset	133	0.05	0
8	unsafe	16	15	reset	134	0.05	0
8	unsafe	16	15	reset	135	0.06	0
8	unsafe	16	15	reset	136	0.061	0
8	unsafe	16	15	reset	137	0.05	0
8	unsafe	16	15	reset	138	0.12	0
8	unsafe	16	15	reset	139	0.08	0
8	unsafe	16	15	reset	140	0.06	0
8	unsafe	16	15	reset	141	0.05	0
8	unsafe	16	15	reset	142	0.051	0
8	unsafe	16	15	reset	143	0.05	0
8	unsafe	16	15	reset	144	0.05	0
8	unsafe	16	15	reset	145	0.06	0
8	unsafe	16	15	reset	146	0.051	0
8	unsafe	16	15	reset	147	0.06	0
8	unsafe	16	15	reset	148	0.05	0
8	unsafe	16	15	reset	149	0.061	0
8	unsafe	16	15	reset	150	0.05	0
8	unsafe	16	15	reset	151	0.051	0
8	unsafe	16	15	reset	152	0.07	0
8	unsafe	16	15	reset	153	0.07	0
8	unsafe	16	15	reset	154	0.061	0
8	unsafe	16	15	reset	155	0.05	0
8	unsafe	16	15	reset	156	0.05	0
8	unsafe	16	15	reset	157	0.05	0
8	unsafe	16	15	reset	158	0.05	0
8	unsafe	16	15	reset	159	0.06	0
8	unsafe	16	15	reset	160	0.06	0
8	unsafe	16	15	reset	161	0.07	0
8	unsafe	16	15	reset	162	0.05	0
8	unsafe	16	15	reset	163	0.06	0
8	unsafe	16	15	reset	164	0.051	0
8	unsafe	16	15	reset	165	0.06	0
8	unsafe	16	15	reset	166	0.07	0
8	unsafe	16	15	reset	167	0.05	0
8	unsafe	16	15	reset	168	0.06	0
8	unsafe	16	15	reset	169	0.05	0
8	unsafe	16	15	reset	170	0.06	0
8	unsafe	16	15	reset	171	0.05	0
8	unsafe	16	15	reset	172	0.04	0
8	unsafe	16	15	reset	173	0.05	0
8	unsafe	16	15	reset	174	0.05	0
8	unsafe	16	15	reset	175	0.08	0
8	unsafe	16	15	reset	176	0.07	0
8	unsafe	16	15	reset	177	0.04	0
8	unsafe	16	15	reset	178	0.04	0
8	unsafe	16	15	reset	179	0.07	0
8	unsafe	16	15	reset	180	0.06	0
8	unsafe	16	15	reset	181	0.051	0
8	unsafe	16	15	reset	182	0.06	0
8	unsafe	16	15	reset	183	0.05	0
8	unsafe	16	15	reset	184	0.06	0
8	unsafe	16	15	reset	185	0.04	0
8	unsafe	16	15	reset	186	0.05	0
8	unsafe	16	15	reset	187	0.05	0
8	unsafe	16	15	reset	188	0.051	0
8	unsafe	16	15	reset	189	0.1	0
8	unsafe	16	15	reset	190	0.04	0
8	unsafe	16	15	reset	191	0.06	0
8	unsafe	16	15	reset	192	0.05	0
8	unsafe	16	15	reset	193	0.1	0
8	unsafe	16	15	reset	194	0.05	0
8	unsafe	16	15	reset	195	0.05	0
8	unsafe	16	15	reset	196	0.06	0
8	unsafe	16	15	reset	197	0.06	0
8	unsafe	16	15	reset	198	0.491	0
8	unsafe	16	15	reset	199	0.511	0
8	unsafe	16	15	reset	200	0.431	0
8	unsafe	16	15	stall	1	0.0	0
8	unsafe	16	15	stall	2	0.0	0
8	unsafe	16	15	stall	3	0.0	0
8	unsafe	16	15	stall	4	0.0	0
8	unsafe	16	15	stall	5	0.0	0
8	unsafe	16	15	stall	6	0.0	0
8	unsafe	16	15	stall	7	0.0	0
8	unsafe	16	15	stall	8	0.0	0
8	unsafe	16	15	stall	9	0.0	0
8	unsafe	16	15	stall	10	0.0	0
8	unsafe	16	15	stall	11	0.0	0
8	unsafe	16	15	stall	12	0.0	0
8	unsafe	16	15	stall	13	0.0	0
8	unsafe	16	15	stall	14	0.0	0
8	unsafe	16	15	stall	15	0.0	0
8	checked	30	29	reset	1	79.3	0
8	checked	30	29	reset	2	71.054	0
8	checked	30	29	reset	3	97.534	0
8	checked	30	29	reset	4	76.053	0
8	checked	30	29	reset	5	420.123	0
8	checked	30	29	reset	6	60.585	0
8	checked	30	29	reset	7	136.778	0
8	checked	30	29	reset	8	115.288	0
8	checked	30	29	reset	9	102.513	0
8	checked	30	29	reset	10	105.84	0
8	checked	30	29	reset	11	114.546	0
8	checked	30	29	reset	12	112.161	0
8	checked	30	29	reset	13	109.266	0
8	checked	30	29	reset	14	105.72	0
8	checked	30	29	reset	15	101.972	0
8	checked	30	29	reset	16	111.06	0
8	checked	30	29	reset	17	101.772	0
8	checked	30	29	reset	18	101.782	0
8	checked	30	29	reset	19	111.951	0
8	checked	30	29	reset	20	102.743	0
8	checked	30	29	reset	21	95.42	0
8	checked	30	29	reset	22	111.34	0
8	checked	30	29	reset	23	102.523	0
8	checked	30	29	reset	24	101.852	0
8	checked	30	29	reset	25	115.127	0
8	checked	30	29	reset	26	115.408	0
8	checked	30	29	reset	27	102.193	0
8	checked	30	29	reset	28	104.537	0
8	checked	30	29	reset	29	101.672	0
8	checked	30	29	reset	30	100.941	0
8	checked	30	29	reset	31	103.395	0
8	checked	30	29	reset	32	106.44	0
8	checked	30	29	reset	33	103.215	0
8	checked	30	29	reset	34	111.62	0
8	checked	30	29	reset	35	95.55	0
8	checked	30	29	reset	36	98.606	0
8	checked	30	29	reset	37	103.916	0
8	checked	30	29	reset	38	94.509	0
8	checked	30	29	reset	39	104.958	0
8	checked	30	29	reset	40	112.723	0
8	checked	30	29	reset	41	98.376	0
8	checked	30	29	reset	42	101.401	0
8	checked	30	29	reset	43	98.265	0
8	checked	30	29	reset	44	94.328	0
8	checked	30	29	reset	45	102.373	0
8	checked	30	29	reset	46	107.603	0
8	checked	30	29	reset	47	99.778	0
8	checked	30	29	reset	48	93.747	0
8	checked	30	29	reset	49	93.928	0
8	checked	30	29	reset	50	97.895	0
8	checked	30	29	reset	51	99.728	0
8	checked	30	29	reset	52	98.896	0
8	checked	30	29	reset	53	101.762	0
8	checked	30	29	reset	54	99.327	0
8	checked	30	29	reset	55	255.371	0
8	checked	30	29	reset	56	130.466	0
8	checked	30	29	reset	57	117.131	0
8	checked	30	29	reset	58	125.327	0
8	checked	30	29	reset	59	101.432	0
8	checked	30	29	reset	60	111.53	0
8	checked	30	29	reset	61	114.156	0
8	checked	30	29	reset	62	104.427	0
8	checked	30	29	reset	63	107.202	0
8	checked	30	29	reset	64	111.881	0
8	checked	30	29	reset	65	105.93	0
8	checked	30	29	reset	66	104.327	0
8	checked	30	29	reset	67	99.388	0
8	checked	30	29	reset	68	103.025	0
8	checked	30	29	reset	69	97.814	0
8	checked	30	29	reset	70	102.002	0
8	checked	30	29	reset	71	98.576	0
8	checked	30	29	reset	72	100.7	0
8	checked	30	29	reset	73	107.332	0
8	checked	30	29	reset	74	98.686	0
8	checked	30	29	reset	75	105.268	0
8	checked	30	29	reset	76	141.557	0
8	checked	30	29	reset	77	114.025	0
8	checked	30	29	reset	78	105.299	0
8	checked	30	29	reset	79	288.564	0
8	checked	30	29	reset	80	98.706	0
8	checked	30	29	reset	81	128.252	0
8	checked	30	29	reset	82	114.546	0
8	checked	30	29	reset	83	112.743	0
8	checked	30	29	reset	84	99.528	0
8	checked	30	29	reset	85	108.915	0
8	checked	30	29	reset	86	128.943	0
8	checked	30	29	reset	87	106.782	0
8	checked	30	29	reset	88	104.126	0
8	checked	30	29	reset	89	108.525	0
8	checked	30	29	reset	90	108.255	0
8	checked	30	29	reset	91	117.061	0
8	checked	30	29	reset	92	111.61	0
8	checked	30	29	reset	93	96.482	0
8	checked	30	29	reset	94	101.512	0
8	checked	30	29	reset	95	96.462	0
8	checked	30	29	reset	96	105.088	0
8	checked	30	29	reset	97	108.725	0
8	checked	30	29	reset	98	96.722	0
8	checked	30	29	reset	99	96.011	0
8	checked	30	29	reset	100	102.694	0
8	checked	30	29	reset	101	96.583	0
8	checked	30	29	reset	102	108.595	0
8	checked	30	29	reset	103	100.991	0
8	checked	30	29	reset	104	100.971	0
8	checked	30	29	reset	105	96.582	0
8	checked	30	29	reset	106	101.913	0
8	checked	30	29	reset	107	100.33	0
8	checked	30	29	reset	108	110.558	0
8	checked	30	29	reset	109	98.736	0
8	checked	30	29	reset	110	110.809	0
8	checked	30	29	reset	111	104.237	0
8	checked	30	29	reset	112	102.784	0
8	checked	30	29	reset	113	103.966	0
8	checked	30	29	reset	114	102.734	0
8	checked	30	29	reset	115	108.564	0
8	checked	30	29	reset	116	97.073	0
8	checked	30	29	reset	117	112.282	0
8	checked	30	29	reset	118	105.268	0
8	checked	30	29	reset	119	100.399	0
8	checked	30	29	reset	120	99.348	0
8	checked	30	29	reset	121	92.695	0
8	checked	30	29	reset	122	96.241	0
8	checked	30	29	reset	123	102.132	0
8	checked	30	29	reset	124	100.089	0
8	checked	30	29	reset	125	108.925	0
8	checked	30	29	reset	126	112.723	0
8	checked	30	29	reset	127	97.334	0
8	checked	30	29	reset	128	97.063	0
8	checked	30	29	reset	129	101.331	0
8	checked	30	29	reset	130	105.268	0
8	checked	30	29	reset	131	111.23	0
8	checked	30	29	reset	132	111.441	0
8	checked	30	29	reset	133	111.17	0
8	checked	30	29	reset	134	3231.255	0
8	checked	30	29	reset	135	133.401	0
8	checked	30	29	reset	136	3340.912	0
8	checked	30	29	reset	137	124.235	0
8	checked	30	29	reset	138	110.288	0
8	checked	30	29	reset	139	102.123	0
8	checked	30	29	reset	140	115.538	0
8	checked	30	29	reset	141	126.809	0
8	checked	30	29	reset	142	106.861	0
8	checked	30	29	reset	143	117.882	0
8	checked	30	29	reset	144	108.245	0
8	checked	30	29	reset	145	99.197	0
8	checked	30	29	reset	146	107.663	0
8	checked	30	29	reset	147	103.685	0
8	checked	30	29	reset	148	102.173	0
8	checked	30	29	reset	149	103.716	0
8	checked	30	29	reset	150	103.896	0
8	checked	30	29	reset	151	118.534	0
8	checked	30	29	reset	152	116.339	0
8	checked	30	29	reset	153	199.507	0
8	checked	30	29	reset	154	116.79	0
8	checked	30	29	reset	155	112.412	0
8	checked	30	29	reset	156	114.185	0
8	checked	30	29	reset	157	3384.915	0
8	checked	30	29	reset	158	124.484	0
8	checked	30	29	reset	159	114.245	0
8	checked	30	29	reset	160	102.954	0
8	checked	30	29	reset	161	104.928	0
8	checked	30	29	reset	162	105.98	0
8	checked	30	29	reset	163	105.659	0
8	checked	30	29	reset	164	118.183	0
8	checked	30	29	reset	165	108.425	0
8	checked	30	29	reset	166	112.031	0
8	checked	30	29	reset	167	119.425	0
8	checked	30	29	reset	168	149.712	0
8	checked	30	29	reset	169	103.715	0
8	checked	30	29	reset	170	150.113	0
8	checked	30	29	reset	171	267.103	0
8	checked	30	29	reset	172	107.552	0
8	checked	30	29	reset	173	104.347	0
8	checked	30	29	reset	174	105.479	0
8	checked	30	29	reset	175	100.109	0
8	checked	30	29	reset	176	118.263	0
8	checked	30	29	reset	177	3044.653	0
8	checked	30	29	reset	178	114.526	0
8	checked	30	29	reset	179	106.191	0
8	checked	30	29	reset	180	195.279	0
8	checked	30	29	reset	181	126.379	0
8	checked	30	29	reset	182	3435.31	0
8	checked	30	29	reset	183	117.883	0
8	checked	30	29	reset	184	134.323	0
8	checked	30	29	reset	185	3479.333	0
8	checked	30	29	reset	186	102.083	0
8	checked	30	29	reset	187	3380.998	0
8	checked	30	29	reset	188	129.724	0
8	checked	30	29	reset	189	122.491	0
8	checked	30	29	reset	190	108.385	0
8	checked	30	29	reset	191	106.23	0
8	checked	30	29	reset	192	107.944	0
8	checked	30	29	reset	193	106.46	0
8	checked	30	29	reset	194	104.527	0
8	checked	30	29	reset	195	110.779	0
8	checked	30	29	reset	196	107.884	0
8	checked	30	29	reset	197	106.07	0
8	checked	30	29	reset	198	110.288	0
8	checked	30	29	reset	199	107.203	0
8	checked	30	29	reset	200	111.42	0
8	checked	30	29	stall	1	1840.121	0
8	checked	30	29	stall	2	2357.867	0
8	checked	30	29	stall	3	3812.231	0
8	checked	30	29	stall	4	985.008	0
8	checked	30	29	stall	5	3463.473	0
8	checked	30	29	stall	6	1044.019	0
8	checked	30	29	stall	7	2024.298	0
8	checked	30	29	stall	8	991.541	0
8	checked	30	29	stall	9	3422.887	0
8	checked	30	29	stall	10	3033.482	0
8	checked	30	29	stall	11	3330.392	0
8	checked	30	29	stall	12	974.047	0
8	checked	30	29	stall	13	974.408	0
8	checked	30	29	stall	14	1825.894	0
8	checked	30	29	stall	15	2424.424	0
8	checked	30	29	stall	16	3465.076	0
8	checked	30	29	stall	17	968.196	0
8	checked	30	29	stall	18	1039.14	0
8	checked	30	29	stall	19	3369.145	0
8	checked	30	29	stall	20	3256.213	0
8	checked	30	29	stall	21	1780.77	0
8	checked	30	29	stall	22	1048.407	0
8	checked	30	29	stall	23	1050.071	0
8	checked	30	29	stall	24	1196.306	0
8	checked	30	29	stall	25	1033.93	0
8	checked	30	29	stall	26	3465.618	0
8	checked	30	29	stall	27	3370.137	0
8	checked	30	29	stall	28	5905.27	0
8	checked	30	29	stall	29	1901.126	0
8	unsafe	30	29	reset	1	0.161	0
8	unsafe	30	29	reset	2	0.1	0
8	unsafe	30	29	reset	3	0.091	0
8	unsafe	30	29	reset	4	0.09	0
8	unsafe	30	29	reset	5	0.09	0
8	unsafe	30	29	reset	6	0.2	0
8	unsafe	30	29	reset	7	0.131	0
8	unsafe	30	29	reset	8	0.12	0
8	unsafe	30	29	reset	9	0.13	0
8	unsafe	30	29	reset	10	0.13	0
8	unsafe	30	29	reset	11	0.121	0
8	unsafe	30	29	reset	12	0.12	0
8	unsafe	30	29	reset	13	0.13	0
8	unsafe	30	29	reset	14	0.13	0
8	unsafe	30	29	reset	15	0.12	0
8	unsafe	30	29	reset	16	0.131	0
8	unsafe	30	29	reset	17	0.12	0
8	unsafe	30	29	reset	18	0.12	0
8	unsafe	30	29	reset	19	0.13	0
8	unsafe	30	29	reset	20	0.13	0
8	unsafe	30	29	reset	21	0.13	0
8	unsafe	30	29	reset	22	0.12	0
8	unsafe	30	29	reset	23	0.121	0
8	unsafe	30	29	reset	24	0.13	0
8	unsafe	30	29	reset	25	0.13	0
8	unsafe	30	29	reset	26	0.121	0
8	unsafe	30	29	reset	27	0.121	0
8	unsafe	30	29	reset	28	0.13	0
8	unsafe	30	29	reset	29	0.121	0
8	unsafe	30	29	reset	30	0.131	0
8	unsafe	30	29	reset	31	0.13	0
8	unsafe	30	29	reset	32	0.12	0
8	unsafe	30	29	reset	33	0.13	0
8	unsafe	30	29	reset	34	0.12	0
8	unsafe	30	29	reset	35	0.12	0
8	unsafe	30	29	reset	36	0.12	0
8	unsafe	30	29	reset	37	0.13	0
8	unsafe	30	29	reset	38	0.13	0
8	unsafe	30	29	reset	39	0.12	0
8	unsafe	30	29	reset	40	0.12	0
8	unsafe	30	29	reset	41	0.13	0
8	unsafe	30	29	reset	42	0.12	0
8	unsafe	30	29	reset	43	0.12	0
8	unsafe	30	29	reset	44	0.121	0
8	unsafe	30	29	reset	45	0.12	0
8	unsafe	30	29	reset	46	0.12	0
8	unsafe	30	29	reset	47	0.12	0
8	unsafe	30	29	reset	48	0.13	0
8	unsafe	30	29	reset	49	0.13	0
8	unsafe	30	29	reset	50	0.13	0
8	unsafe	30	29	reset	51	0.13	0
8	unsafe	30	29	reset	52	0.12	0
8	unsafe	30	29	reset	53	0.13	0
8	unsafe	30	29	reset	54	0.13	0
8	unsafe	30	29	reset	55	0.13	0
8	unsafe	30	29	reset	56	0.13	0
8	unsafe	30	29	reset	57	0.12	0
8	unsafe	30	29	reset	58	0.13	0
8	unsafe	30	29	reset	59	0.12	0
8	unsafe	30	29	reset	60	0.131	0
8	unsafe	30	29	reset	61	0.12	0
8	unsafe	30	29	reset	62	0.12	0
8	unsafe	30	29	reset	63	0.13	0
8	unsafe	30	29	reset	64	0.13	0
8	unsafe	30	29	reset	65	0.12	0
8	unsafe	30	29	reset	66	0.13	0
8	unsafe	30	29	reset	67	0.12	0
8	unsafe	30	29	reset	68	0.13	0
8	unsafe	30	29	reset	69	0.13	0
8	unsafe	30	29	reset	70	0.13	0
8	unsafe	30	29	reset	71	0.13	0
8	unsafe	30	29	reset	72	0.12	0
8	unsafe	30	29	reset	73	0.12	0
8	unsafe	30	29	reset	74	0.13	0
8	unsafe	30	29	reset	75	0.13	0
8	unsafe	30	29	reset	76	0.121	0
8	unsafe	30	29	reset	77	0.131	0
8	unsafe	30	29	reset	78	0.13	0
8	unsafe	30	29	reset	79	0.13	0
8	unsafe	30	29	reset	80	0.13	0
8	unsafe	30	29	reset	81	0.12	0
8	unsafe	30	29	reset	82	0.13	0
8	unsafe	30	29	reset	83	0.12	0
8	unsafe	30	29	reset	84	0.12	0
8	unsafe	30	29	reset	85	0.13	0
8	unsafe	30	29	reset	86	0.13	0
8	unsafe	30	29	reset	87	0.131	0
8	unsafe	30	29	reset	88	0.12	0
8	unsafe	30	29	reset	89	0.131	0
8	unsafe	30	29	reset	90	0.13	0
8	unsafe	30	29	reset	91	0.131	0
8	unsafe	30	29	reset	92	0.13	0
8	unsafe	30	29	reset	93	0.13	0
8	unsafe	30	29	reset	94	0.121	0
8	unsafe	30	29	reset	95	0.13	0
8	unsafe	30	29	reset	96	0.13	0
8	unsafe	30	29	reset	97	0.131	0
8	unsafe	30	29	reset	98	0.121	0
8	unsafe	30	29	reset	99	0.13	0
8	unsafe	30	29	reset	100	0.13	0
8	unsafe	30	29	reset	101	0.13	0
8	unsafe	30	29	reset	102	0.12	0
8	unsafe	30	29	reset	103	0.13	0
8	unsafe	30	29	reset	104	0.12	0
8	unsafe	30	29	reset	105	0.131	0
8	unsafe	30	29	reset	106	0.12	0
8	unsafe	30	29	reset	107	0.13	0
8	unsafe	30	29	reset	108	0.13	0
8	unsafe	30	29	reset	109	0.131	0
8	unsafe	30	29	reset	110	0.131	0
8	unsafe	30	29	reset	111	0.12	0
8	unsafe	30	29	reset	112	0.12	0
8	unsafe	30	29	reset	113	0.13	0
8	unsafe	30	29	reset	114	0.13	0
8	unsafe	30	29	reset	115	0.13	0
8	unsafe	30	29	reset	116	0.13	0
8	unsafe	30	29	reset	117	0.13	0
8	unsafe	30	29	reset	118	0.13	0
8	unsafe	30	29	reset	119	0.13	0
8	unsafe	30	29	reset	120	0.13	0
8	unsafe	30	29	reset	121	0.13	0
8	unsafe	30	29	reset	122	0.12	0
8	unsafe	30	29	reset	123	0.13	0
8	unsafe	30	29	reset	124	0.121	0
8	unsafe	30	29	reset	125	0.12	0
8	unsafe	30	29	reset	126	0.12	0
8	unsafe	30	29	reset	127	0.13	0
8	unsafe	30	29	reset	128	0.13	0
8	unsafe	30	29	reset	129	0.131	0
8	unsafe	30	29	reset	130	0.13	0
8	unsafe	30	29	reset	131	0.12	0
8	unsafe	30	29	reset	132	0.12	0
8	unsafe	30	29	reset	133	0.141	0
8	unsafe	30	29	reset	134	0.13	0
8	unsafe	30	29	reset	135	0.13	0
8	unsafe	30	29	reset	136	0.13	0
8	unsafe	30	29	reset	137	0.121	0
8	unsafe	30	29	reset	138	0.131	0
8	unsafe	30	29	reset	139	0.13	0
8	unsafe	30	29	reset	140	0.12	0
8	unsafe	30	29	reset	141	0.13	0
8	unsafe	30	29	reset	142	0.121	0
8	unsafe	30	29	reset	143	0.121	0
8	unsafe	30	29	reset	144	0.12	0
8	unsafe	30	29	reset	145	0.131	0
8	unsafe	30	29	reset	146	0.12	0
8	unsafe	30	29	reset	147	0.13	0
8	unsafe	30	29	reset	148	0.131	0
8	unsafe	30	29	reset	149	0.12	0
8	unsafe	30	29	reset	150	0.131	0
8	unsafe	30	29	reset	151	0.12	0
8	unsafe	30	29	reset	152	0.13	0
8	unsafe	30	29	reset	153	0.12	0
8	unsafe	30	29	reset	154	0.131	0
8	unsafe	30	29	reset	155	0.12	0
8	unsafe	30	29	reset	156	0.13	0
8	unsafe	30	29	reset	157	0.13	0
8	unsafe	30	29	reset	158	0.12	0
8	unsafe	30	29	reset	159	0.13	0
8	unsafe	30	29	reset	160	0.12	0
8	unsafe	30	29	reset	161	0.13	0
8	unsafe	30	29	reset	162	0.13	0
8	unsafe	30	29	reset	163	0.12	0
8	unsafe	30	29	reset	164	0.12	0
8	unsafe	30	29	reset	165	0.12	0
8	unsafe	30	29	reset	166	0.13	0
8	unsafe	30	29	reset	167	0.12	0
8	unsafe	30	29	reset	168	0.131	0
8	unsafe	30	29	reset	169	0.12	0
8	unsafe	30	29	reset	170	0.12	0
8	unsafe	30	29	reset	171	0.12	0
8	unsafe	30	29	reset	172	0.131	0
8	unsafe	30	29	reset	173	0.121	0
8	unsafe	30	29	reset	174	0.12	0
8	unsafe	30	29	reset	175	0.13	0
8	unsafe	30	29	reset	176	0.12	0
8	unsafe	30	29	reset	177	0.13	0
8	unsafe	30	29	reset	178	0.13	0
8	unsafe	30	29	reset	179	0.131	0
8	unsafe	30	29	reset	180	0.131	0
8	unsafe	30	29	reset	181	0.13	0
8	unsafe	30	29	reset	182	0.13	0
8	unsafe	30	29	reset	183	0.121	0
8	unsafe	30	29	reset	184	0.12	0
8	unsafe	30	29	reset	185	0.14	0
8	unsafe	30	29	reset	186	0.12	0
8	unsafe	30	29	reset	187	0.131	0
8	unsafe	30	29	reset	188	0.121	0
8	unsafe	30	29	reset	189	0.12	0
8	unsafe	30	29	reset	190	0.131	0
8	unsafe	30	29	reset	191	0.12	0
8	unsafe	30	29	reset	192	0.12	0
8	unsafe	30	29	reset	193	0.13	0
8	unsafe	30	29	reset	194	0.131	0
8	unsafe	30	29	reset	195	0.13	0
8	unsafe	30	29	reset	196	0.12	0
8	unsafe	30	29	reset	197	0.131	0
8	unsafe	30	29	reset	198	0.12	0
8	unsafe	30	29	reset	199	0.13	0
8	unsafe	30	29	reset	200	0.13	0
8	unsafe	30	29	stall	1	0.0	0
8	unsafe	30	29	stall	2	1701.76	0
8	unsafe	30	29	stall	3	0.0	0
8	unsafe	30	29	stall	4	0.0	0
8	unsafe	30	29	stall	5	0.0	0
8	unsafe	30	29	stall	6	0.0	0
8	unsafe	30	29	stall	7	0.0	0
8	unsafe	30	29	stall	8	0.0	0
8	unsafe	30	29	stall	9	3004.829	0
8	unsafe	30	29	stall	10	0.0	0
8	unsafe	30	29	stall	11	4003.522	0
8	unsafe	30	29	stall	12	0.0	0
8	unsafe	30	29	stall	13	0.0	0
8	unsafe	30	29	stall	14	0.0	0
8	unsafe	30	29	stall	15	0.0	0
8	unsafe	30	29	stall	16	0.0	0
8	unsafe	30	29	stall	17	4003.02	0
8	unsafe	30	29	stall	18	3003.856	0
8	unsafe	30	29	stall	19	0.0	0
8	unsafe	30	29	stall	20	0.0	0
8	unsafe	30	29	stall	21	0.0	0
8	unsafe	30	29	stall	22	0.0	0
8	unsafe	30	29	stall	23	0.0	0
8	unsafe	30	29	stall	24	452.824	0
8	unsafe	30	29	stall	25	400.295	0
8	unsafe	30	29	stall	26	0.0	0
8	unsafe	30	29	stall	27	0.0	0
8	unsafe	30	29	stall	28	0.0	0
8	unsafe	30	29	stall	29	0.0	0
9	checked	1	0	reset	1	28.544	0
9	checked	1	0	reset	2	27.091	0
9	checked	1	0	reset	3	27.011	0
9	checked	1	0	reset	4	26.75	0
9	checked	1	0	reset	5	27.241	0
9	checked	1	0	reset	6	27.302	0
9	checked	1	0	reset	7	27.011	0
9	checked	1	0	reset	8	26.981	0
9	checked	1	0	reset	9	27.182	0
9	checked	1	0	reset	10	26.57	0
9	checked	1	0	reset	11	27.141	0
9	checked	1	0	reset	12	27.141	0
9	checked	1	0	reset	13	26.95	0
9	checked	1	0	reset	14	26.81	0
9	checked	1	0	reset	15	26.801	0
9	checked	1	0	reset	16	26.981	0
9	checked	1	0	reset	17	27.632	0
9	checked	1	0	reset	18	27.242	0
9	checked	1	0	reset	19	27.602	0
9	checked	1	0	reset	20	27.442	0
9	checked	1	0	reset	21	27.612	0
9	checked	1	0	reset	22	27.271	0
9	checked	1	0	reset	23	29.977	0
9	checked	1	0	reset	24	26.71	0
9	checked	1	0	reset	25	27.441	0
9	checked	1	0	reset	26	27.091	0
9	checked	1	0	reset	27	26.93	0
9	checked	1	0	reset	28	26.951	0
9	checked	1	0	reset	29	26.88	0
9	checked	1	0	reset	30	26.991	0
9	checked	1	0	reset	31	27.321	0
9	checked	1	0	reset	32	26.72	0
9	checked	1	0	reset	33	27.612	0
9	checked	1	0	reset	34	26.931	0
9	checked	1	0	reset	35	26.891	0
9	checked	1	0	reset	36	26.71	0
9	checked	1	0	reset	37	27.111	0
9	checked	1	0	reset	38	26.63	0
9	checked	1	0	reset	39	27.722	0
9	checked	1	0	reset	40	26.71	0
9	checked	1	0	reset	41	27.021	0
9	checked	1	0	reset	42	26.88	0
9	checked	1	0	reset	43	27.191	0
9	checked	1	0	reset	44	26.851	0
9	checked	1	0	reset	45	27.391	0
9	checked	1	0	reset	46	26.961	0
9	checked	1	0	reset	47	27.142	0
9	checked	1	0	reset	48	30.748	0
9	checked	1	0	reset	49	26.72	0
9	checked	1	0	reset	50	26.5	0
9	checked	1	0	reset	51	26.721	0
9	checked	1	0	reset	52	26.49	0
9	checked	1	0	reset	53	26.771	0
9	checked	1	0	reset	54	26.55	0
9	checked	1	0	reset	55	26.671	0
9	checked	1	0	reset	56	26.52	0
9	checked	1	0	reset	57	27.121	0
9	checked	1	0	reset	58	26.61	0
9	checked	1	0	reset	59	27.532	0
9	checked	1	0	reset	60	27.221	0
9	checked	1	0	reset	61	27.532	0
9	checked	1	0	reset	62	27.452	0
9	checked	1	0	reset	63	27.813	0
9	checked	1	0	reset	64	27.341	0
9	checked	1	0	reset	65	27.532	0
9	checked	1	0	reset	66	27.532	0
9	checked	1	0	reset	67	27.602	0
9	checked	1	0	reset	68	27.522	0
9	checked	1	0	reset	69	27.441	0
9	checked	1	0	reset	70	28.354	0
9	checked	1	0	reset	71	26.78	0
9	checked	1	0	reset	72	26.61	0
9	checked	1	0	reset	73	26.861	0
9	checked	1	0	reset	74	26.71	0
9	checked	1	0	reset	75	27.091	0
9	checked	1	0	reset	76	28.944	0
9	checked	1	0	reset	77	26.88	0
9	checked	1	0	reset	78	26.591	0
9	checked	1	0	reset	79	26.881	0
9	checked	1	0	reset	80	26.61	0
9	checked	1	0	reset	81	26.8	0
9	checked	1	0	reset	82	26.7	0
9	checked	1	0	reset	83	26.691	0
9	checked	1	0	reset	84	26.63	0
9	checked	1	0	reset	85	26.751	0
9	checked	1	0	reset	86	26.6	0
9	checked	1	0	reset	87	26.931	0
9	checked	1	0	reset	88	26.601	0
9	checked	1	0	reset	89	26.82	0
9	checked	1	0	reset	90	26.47	0
9	checked	1	0	reset	91	26.781	0
9	checked	1	0	reset	92	26.57	0
9	checked	1	0	reset	93	26.78	0
9	checked	1	0	reset	94	26.62	0
9	checked	1	0	reset	95	26.811	0
9	checked	1	0	reset	96	26.64	0
9	checked	1	0	reset	97	26.791	0
9	checked	1	0	reset	98	26.51	0
9	checked	1	0	reset	99	26.85	0
9	checked	1	0	reset	100	28.223	0
9	checked	1	0	reset	101	26.841	0
9	checked	1	0	reset	102	26.681	0
9	checked	1	0	reset	103	26.76	0
9	checked	1	0	reset	104	26.48	0
9	checked	1	0	reset	105	26.841	0
9	checked	1	0	reset	106	26.581	0
9	checked	1	0	reset	107	26.9	0
9	checked	1	0	reset	108	26.47	0
9	checked	1	0	reset	109	30.007	0
9	checked	1	0	reset	110	26.54	0
9	checked	1	0	reset	111	26.73	0
9	checked	1	0	reset	112	26.5	0
9	checked	1	0	reset	113	26.73	0
9	checked	1	0	reset	114	26.44	0
9	checked	1	0	reset	115	26.66	0
9	checked	1	0	reset	116	26.49	0
9	checked	1	0	reset	117	26.781	0
9	checked	1	0	reset	118	29.886	0
9	checked	1	0	reset	119	26.69	0
9	checked	1	0	reset	120	26.41	0
9	checked	1	0	reset	121	26.68	0
9	checked	1	0	reset	122	26.44	0
9	checked	1	0	reset	123	26.791	0
9	checked	1	0	reset	124	26.53	0
9	checked	1	0	reset	125	26.73	0
9	checked	1	0	reset	126	26.57	0
9	checked	1	0	reset	127	26.76	0
9	checked	1	0	reset	128	26.51	0
9	checked	1	0	reset	129	26.78	0
9	checked	1	0	reset	130	26.69	0
9	checked	1	0	reset	131	26.76	0
9	checked	1	0	reset	132	26.51	0
9	checked	1	0	reset	133	26.82	0
9	checked	1	0	reset	134	26.861	0
9	checked	1	0	reset	135	26.77	0
9	checked	1	0	reset	136	26.53	0
9	checked	1	0	reset	137	26.76	0
9	checked	1	0	reset	138	26.469	0
9	checked	1	0	reset	139	26.75	0
9	checked	1	0	reset	140	26.469	0
9	checked	1	0	reset	141	26.741	0
9	checked	1	0	reset	142	26.5	0
9	checked	1	0	reset	143	28.504	0
9	checked	1	0	reset	144	26.631	0
9	checked	1	0	reset	145	34.766	0
9	checked	1	0	reset	146	26.53	0
9	checked	1	0	reset	147	26.78	0
9	checked	1	0	reset	148	26.489	0
9	checked	1	0	reset	149	26.77	0
9	checked	1	0	reset	150	26.81	0
9	checked	1	0	reset	151	26.68	0
9	checked	1	0	reset	152	27.632	0
9	checked	1	0	reset	153	26.861	0
9	checked	1	0	reset	154	26.56	0
9	checked	1	0	reset	155	26.84	0
9	checked	1	0	reset	156	26.591	0
9	checked	1	0	reset	157	26.75	0
9	checked	1	0	reset	158	26.561	0
9	checked	1	0	reset	159	26.72	0
9	checked	1	0	reset	160	26.64	0
9	checked	1	0	reset	161	34.004	0
9	checked	1	0	reset	162	26.6	0
9	checked	1	0	reset	163	26.72	0
9	checked	1	0	reset	164	26.7	0
9	checked	1	0	reset	165	26.881	0
9	checked	1	0	reset	166	26.62	0
9	checked	1	0	reset	167	26.75	0
9	checked	1	0	reset	168	26.671	0
9	checked	1	0	reset	169	26.75	0
9	checked	1	0	reset	170	29.786	0
9	checked	1	0	reset	171	26.851	0
9	checked	1	0	reset	172	26.52	0
9	checked	1	0	reset	173	26.761	0
9	checked	1	0	reset	174	26.58	0
9	checked	1	0	reset	175	26.771	0
9	checked	1	0	reset	176	26.56	0
9	checked	1	0	reset	177	26.781	0
9	checked	1	0	reset	178	26.6	0
9	checked	1	0	reset	179	26.781	0
9	checked	1	0	reset	180	26.46	0
9	checked	1	0	reset	181	26.741	0
9	checked	1	0	reset	182	27.872	0
9	checked	1	0	reset	183	26.741	0
9	checked	1	0	reset	184	26.64	0
9	checked	1	0	reset	185	26.79	0
9	checked	1	0	reset	186	32.832	0
9	checked	1	0	reset	187	26.891	0
9	checked	1	0	reset	188	26.68	0
9	checked	1	0	reset	189	26.821	0
9	checked	1	0	reset	190	26.68	0
9	checked	1	0	reset	191	26.891	0
9	checked	1	0	reset	192	26.641	0
9	checked	1	0	reset	193	27.141	0
9	checked	1	0	reset	194	26.58	0
9	checked	1	0	reset	195	26.83	0
9	checked	1	0	reset	196	26.53	0
9	checked	1	0	reset	197	26.831	0
9	checked	1	0	reset	198	26.72	0
9	checked	1	0	reset	199	26.851	0
9	checked	1	0	reset	200	26.49	0
9	unsafe	1	0	reset	1	0.14	0
9	unsafe	1	0	reset	2	0.06	0
9	unsafe	1	0	reset	3	0.06	0
9	unsafe	1	0	reset	4	0.07	0
9	unsafe	1	0	reset	5	0.08	0
9	unsafe	1	0	reset	6	0.07	0
9	unsafe	1	0	reset	7	0.09	0
9	unsafe	1	0	reset	8	0.06	0
9	unsafe	1	0	reset	9	0.07	0
9	unsafe	1	0	reset	10	0.06	0
9	unsafe	1	0	reset	11	0.1	0
9	unsafe	1	0	reset	12	0.061	0
9	unsafe	1	0	reset	13	0.091	0
9	unsafe	1	0	reset	14	0.1	0
9	unsafe	1	0	reset	15	0.07	0
9	unsafe	1	0	reset	16	0.071	0
9	unsafe	1	0	reset	17	0.071	0
9	unsafe	1	0	reset	18	0.071	0
9	unsafe	1	0	reset	19	0.07	0
9	unsafe	1	0	reset	20	0.07	0
9	unsafe	1	0	reset	21	0.07	0
9	unsafe	1	0	reset	22	0.07	0
9	unsafe	1	0	reset	23	0.07	0
9	unsafe	1	0	reset	24	0.07	0
9	unsafe	1	0	reset	25	0.071	0
9	unsafe	1	0	reset	26	0.06	0
9	unsafe	1	0	reset	27	0.071	0
9	unsafe	1	0	reset	28	0.071	0
9	unsafe	1	0	reset	29	0.08	0
9	unsafe	1	0	reset	30	0.07	0
9	unsafe	1	0	reset	31	0.061	0
9	unsafe	1	0	reset	32	0.07	0
9	unsafe	1	0	reset	33	0.07	0
9	unsafe	1	0	reset	34	0.07	0
9	unsafe	1	0	reset	35	0.07	0
9	unsafe	1	0	reset	36	0.06	0
9	unsafe	1	0	reset	37	0.08	0
9	unsafe	1	0	reset	38	0.071	0
9	unsafe	1	0	reset	39	0.06	0
9	unsafe	1	0	reset	40	0.061	0
9	unsafe	1	0	reset	41	0.06	0
9	unsafe	1	0	reset	42	0.111	0
9	unsafe	1	0	reset	43	0.07	0
9	unsafe	1	0	reset	44	0.07	0
9	unsafe	1	0	reset	45	0.07	0
9	unsafe	1	0	reset	46	0.07	0
9	unsafe	1	0	reset	47	0.08	0
9	unsafe	1	0	reset	48	0.07	0
9	unsafe	1	0	reset	49	0.06	0
9	unsafe	1	0	reset	50	0.08	0
9	unsafe	1	0	reset	51	0.07	0
9	unsafe	1	0	reset	52	0.06	0
9	unsafe	1	0	reset	53	0.091	0
9	unsafe	1	0	reset	54	0.081	0
9	unsafe	1	0	reset	55	0.07	0
9	unsafe	1	0	reset	56	0.071	0
9	unsafe	1	0	reset	57	0.07	0
9	unsafe	1	0	reset	58	0.06	0
9	unsafe	1	0	reset	59	0.081	0
9	unsafe	1	0	reset	60	0.07	0
9	unsafe	1	0	reset	61	0.08	0
9	unsafe	1	0	reset	62	0.06	0
9	unsafe	1	0	reset	63	0.06	0
9	unsafe	1	0	reset	64	0.08	0
9	unsafe	1	0	reset	65	0.07	0
9	unsafe	1	0	reset	66	0.06	0
9	unsafe	1	0	reset	67	0.07	0
9	unsafe	1	0	reset	68	0.06	0
9	unsafe	1	0	reset	69	0.07	0
9	unsafe	1	0	reset	70	0.06	0
9	unsafe	1	0	reset	71	0.06	0
9	unsafe	1	0	reset	72	0.071	0
9	unsafe	1	0	reset	73	0.06	0
9	unsafe	1	0	reset	74	0.07	0
9	unsafe	1	0	reset	75	0.06	0
9	unsafe	1	0	reset	76	0.07	0
9	unsafe	1	0	reset	77	0.06	0
9	unsafe	1	0	reset	78	0.08	0
9	unsafe	1	0	reset	79	0.06	0
9	unsafe	1	0	reset	80	0.07	0
9	unsafe	1	0	reset	81	0.07	0
9	unsafe	1	0	reset	82	0.07	0
9	unsafe	1	0	reset	83	0.07	0
9	unsafe	1	0	reset	84	0.071	0
9	unsafe	1	0	reset	85	0.06	0
9	unsafe	1	0	reset	86	0.06	0
9	unsafe	1	0	reset	87	0.07	0
9	unsafe	1	0	reset	88	0.141	0
9	unsafe	1	0	reset	89	0.071	0
9	unsafe	1	0	reset	90	0.1	0
9	unsafe	1	0	reset	91	0.07	0
9	unsafe	1	0	reset	92	0.06	0
9	unsafe	1	0	reset	93	0.07	0
9	unsafe	1	0	reset	94	0.07	0
9	unsafe	1	0	reset	95	0.1	0
9	unsafe	1	0	reset	96	0.08	0
9	unsafe	1	0	reset	97	0.071	0
9	unsafe	1	0	reset	98	0.07	0
9	unsafe	1	0	reset	99	0.06	0
9	unsafe	1	0	reset	100	0.08	0
9	unsafe	1	0	reset	101	0.07	0
9	unsafe	1	0	reset	102	0.091	0
9	unsafe	1	0	reset	103	0.07	0
9	unsafe	1	0	reset	104	0.07	0
9	unsafe	1	0	reset	105	0.07	0
9	unsafe	1	0	reset	106	0.071	0
9	unsafe	1	0	reset	107	0.06	0
9	unsafe	1	0	reset	108	0.07	0
9	unsafe	1	0	reset	109	0.07	0
9	unsafe	1	0	reset	110	0.071	0
9	unsafe	1	0	reset	111	0.08	0
9	unsafe	1	0	reset	112	0.06	0
9	unsafe	1	0	reset	113	0.07	0
9	unsafe	1	0	reset	114	0.07	0
9	unsafe	1	0	reset	115	0.07	0
9	unsafe	1	0	reset	116	0.06	0
9	unsafe	1	0	reset	117	0.06	0
9	unsafe	1	0	reset	118	0.07	0
9	unsafe	1	0	reset	119	0.07	0
9	unsafe	1	0	reset	120	0.07	0
9	unsafe	1	0	reset	121	0.07	0
9	unsafe	1	0	reset	122	0.07	0
9	unsafe	1	0	reset	123	0.07	0
9	unsafe	1	0	reset	124	0.07	0
9	unsafe	1	0	reset	125	0.08	0
9	unsafe	1	0	reset	126	0.07	0
9	unsafe	1	0	reset	127	0.07	0
9	unsafe	1	0	reset	128	0.07	0
9	unsafe	1	0	reset	129	0.09	0
9	unsafe	1	0	reset	130	0.06	0
9	unsafe	1	0	reset	131	0.07	0
9	unsafe	1	0	reset	132	0.07	0
9	unsafe	1	0	reset	133	0.06	0
9	unsafe	1	0	reset	134	0.071	0
9	unsafe	1	0	reset	135	0.071	0
9	unsafe	1	0	reset	136	0.06	0
9	unsafe	1	0	reset	137	0.08	0
9	unsafe	1	0	reset	138	0.06	0
9	unsafe	1	0	reset	139	0.07	0
9	unsafe	1	0	reset	140	0.08	0
9	unsafe	1	0	reset	141	0.071	0
9	unsafe	1	0	reset	142	0.07	0
9	unsafe	1	0	reset	143	0.07	0
9	unsafe	1	0	reset	144	0.071	0
9	unsafe	1	0	reset	145	0.06	0
9	unsafe	1	0	reset	146	0.06	0
9	unsafe	1	0	reset	147	0.071	0
9	unsafe	1	0	reset	148	0.09	0
9	unsafe	1	0	reset	149	0.06	0
9	unsafe	1	0	reset	150	0.071	0
9	unsafe	1	0	reset	151	0.07	0
9	unsafe	1	0	reset	152	0.08	0
9	unsafe	1	0	reset	153	0.06	0
9	unsafe	1	0	reset	154	0.07	0
9	unsafe	1	0	reset	155	0.091	0
9	unsafe	1	0	reset	156	0.07	0
9	unsafe	1	0	reset	157	0.07	0
9	unsafe	1	0	reset	158	0.08	0
9	unsafe	1	0	reset	159	0.06	0
9	unsafe	1	0	reset	160	0.191	0
9	unsafe	1	0	reset	161	0.06	0
9	unsafe	1	0	reset	162	0.061	0
9	unsafe	1	0	reset	163	0.07	0
9	unsafe	1	0	reset	164	0.07	0
9	unsafe	1	0	reset	165	0.07	0
9	unsafe	1	0	reset	166	0.06	0
9	unsafe	1	0	reset	167	0.081	0
9	unsafe	1	0	reset	168	0.06	0
9	unsafe	1	0	reset	169	0.07	0
9	unsafe	1	0	reset	170	0.07	0
9	unsafe	1	0	reset	171	0.07	0
9	unsafe	1	0	reset	172	0.06	0
9	unsafe	1	0	reset	173	0.07	0
9	unsafe	1	0	reset	174	0.06	0
9	unsafe	1	0	reset	175	0.07	0
9	unsafe	1	0	reset	176	0.08	0
9	unsafe	1	0	reset	177	0.061	0
9	unsafe	1	0	reset	178	0.07	0
9	unsafe	1	0	reset	179	0.07	0
9	unsafe	1	0	reset	180	0.07	0
9	unsafe	1	0	reset	181	0.07	0
9	unsafe	1	0	reset	182	0.071	0
9	unsafe	1	0	reset	183	0.081	0
9	unsafe	1	0	reset	184	0.08	0
9	unsafe	1	0	reset	185	0.06	0
9	unsafe	1	0	reset	186	0.071	0
9	unsafe	1	0	reset	187	0.081	0
9	unsafe	1	0	reset	188	0.08	0
9	unsafe	1	0	reset	189	0.07	0
9	unsafe	1	0	reset	190	0.07	0
9	unsafe	1	0	reset	191	0.071	0
9	unsafe	1	0	reset	192	0.07	0
9	unsafe	1	0	reset	193	0.07	0
9	unsafe	1	0	reset	194	0.071	0
9	unsafe	1	0	reset	195	0.06	0
9	unsafe	1	0	reset	196	0.08	0
9	unsafe	1	0	reset	197	0.06	0
9	unsafe	1	0	reset	198	0.07	0
9	unsafe	1	0	reset	199	0.07	0
9	unsafe	1	0	reset	200	0.08	0
9	checked	4	3	reset	1	61.105	0
9	checked	4	3	reset	2	47.46	0
9	checked	4	3	reset	3	47.79	0
9	checked	4	3	reset	4	44.143	0
9	checked	4	3	reset	5	86.854	0
9	checked	4	3	reset	6	399.394	0
9	checked	4	3	reset	7	48.702	0
9	checked	4	3	reset	8	47.199	0
9	checked	4	3	reset	9	56.096	0
9	checked	4	3	reset	10	41.539	0
9	checked	4	3	reset	11	40.998	0
9	checked	4	3	reset	12	38.472	0
9	checked	4	3	reset	13	38.953	0
9	checked	4	3	reset	14	39.485	0
9	checked	4	3	reset	15	38.743	0
9	checked	4	3	reset	16	40.807	0
9	checked	4	3	reset	17	39.534	0
9	checked	4	3	reset	18	38.683	0
9	checked	4	3	reset	19	39.073	0
9	checked	4	3	reset	20	37.962	0
9	checked	4	3	reset	21	48.461	0
9	checked	4	3	reset	22	38.172	0
9	checked	4	3	reset	23	39.024	0
9	checked	4	3	reset	24	37.11	0
9	checked	4	3	reset	25	40.356	0
9	checked	4	3	reset	26	40.175	0
9	checked	4	3	reset	27	43.562	0
9	checked	4	3	reset	28	40.577	0
9	checked	4	3	reset	29	37.951	0
9	checked	4	3	reset	30	39.154	0
9	checked	4	3	reset	31	39.665	0
9	checked	4	3	reset	32	44.464	0
9	checked	4	3	reset	33	39.755	0
9	checked	4	3	reset	34	46.067	0
9	checked	4	3	reset	35	39.715	0
9	checked	4	3	reset	36	40.706	0
9	checked	4	3	reset	37	41.519	0
9	checked	4	3	reset	38	39.415	0
9	checked	4	3	reset	39	41.278	0
9	checked	4	3	reset	40	39.334	0
9	checked	4	3	reset	41	40.496	0
9	checked	4	3	reset	42	40.006	0
9	checked	4	3	reset	43	39.625	0
9	checked	4	3	reset	44	40.406	0
9	checked	4	3	reset	45	39.314	0
9	checked	4	3	reset	46	40.377	0
9	checked	4	3	reset	47	40.316	0
9	checked	4	3	reset	48	42.42	0
9	checked	4	3	reset	49	41.398	0
9	checked	4	3	reset	50	40.737	0
9	checked	4	3	reset	51	41.187	0
9	checked	4	3	reset	52	40.576	0
9	checked	4	3	reset	53	41.428	0
9	checked	4	3	reset	54	41.238	0
9	checked	4	3	reset	55	40.346	0
9	checked	4	3	reset	56	39.775	0
9	checked	4	3	reset	57	42.209	0
9	checked	4	3	reset	58	40.677	0
9	checked	4	3	reset	59	42.1	0
9	checked	4	3	reset	60	40.576	0
9	checked	4	3	reset	61	40.577	0
9	checked	4	3	reset	62	40.226	0
9	checked	4	3	reset	63	41.568	0
9	checked	4	3	reset	64	37.731	0
9	checked	4	3	reset	65	39.795	0
9	checked	4	3	reset	66	40.817	0
9	checked	4	3	reset	67	40.957	0
9	checked	4	3	reset	68	40.016	0
9	checked	4	3	reset	69	40.857	0
9	checked	4	3	reset	70	40.135	0
9	checked	4	3	reset	71	41.288	0
9	checked	4	3	reset	72	46.508	0
9	checked	4	3	reset	73	45.906	0
9	checked	4	3	reset	74	41.789	0
9	checked	4	3	reset	75	39.464	0
9	checked	4	3	reset	76	39.995	0
9	checked	4	3	reset	77	39.735	0
9	checked	4	3	reset	78	42.991	0
9	checked	4	3	reset	79	39.535	0
9	checked	4	3	reset	80	38.333	0
9	checked	4	3	reset	81	38.132	0
9	checked	4	3	reset	82	38.773	0
9	checked	4	3	reset	83	50.405	0
9	checked	4	3	reset	84	39.093	0
9	checked	4	3	reset	85	39.234	0
9	checked	4	3	reset	86	37.731	0
9	checked	4	3	reset	87	39.094	0
9	checked	4	3	reset	88	37.481	0
9	checked	4	3	reset	89	37.41	0
9	checked	4	3	reset	90	35.246	0
9	checked	4	3	reset	91	36.629	0
9	checked	4	3	reset	92	35.557	0
9	checked	4	3	reset	93	34.034	0
9	checked	4	3	reset	94	35.507	0
9	checked	4	3	reset	95	38.433	0
9	checked	4	3	reset	96	36.338	0
9	checked	4	3	reset	97	35.256	0
9	checked	4	3	reset	98	35.477	0
9	checked	4	3	reset	99	35.867	0
9	checked	4	3	reset	100	35.247	0
9	checked	4	3	reset	101	35.497	0
9	checked	4	3	reset	102	34.936	0
9	checked	4	3	reset	103	35.808	0
9	checked	4	3	reset	104	35.296	0
9	checked	4	3	reset	105	35.487	0
9	checked	4	3	reset	106	35.758	0
9	checked	4	3	reset	107	35.477	0
9	checked	4	3	reset	108	35.116	0
9	checked	4	3	reset	109	35.237	0
9	checked	4	3	reset	110	35.477	0
9	checked	4	3	reset	111	35.487	0
9	checked	4	3	reset	112	35.617	0
9	checked	4	3	reset	113	35.086	0
9	checked	4	3	reset	114	35.006	0
9	checked	4	3	reset	115	36.499	0
9	checked	4	3	reset	116	35.547	0
9	checked	4	3	reset	117	34.956	0
9	checked	4	3	reset	118	34.726	0
9	checked	4	3	reset	119	35.967	0
9	checked	4	3	reset	120	37.661	0
9	checked	4	3	reset	121	34.565	0
9	checked	4	3	reset	122	35.527	0
9	checked	4	3	reset	123	34.906	0
9	checked	4	3	reset	124	34.966	0
9	checked	4	3	reset	125	35.798	0
9	checked	4	3	reset	126	36.96	0
9	checked	4	3	reset	127	36.139	0
9	checked	4	3	reset	128	34.615	0
9	checked	4	3	reset	129	36.429	0
9	checked	4	3	reset	130	38.572	0
9	checked	4	3	reset	131	35.757	0
9	checked	4	3	reset	132	49.222	0
9	checked	4	3	reset	133	36.278	0
9	checked	4	3	reset	134	34.806	0
9	checked	4	3	reset	135	35.818	0
9	checked	4	3	reset	136	35.748	0
9	checked	4	3	reset	137	34.064	0
9	checked	4	3	reset	138	36.378	0
9	checked	4	3	reset	139	36.188	0
9	checked	4	3	reset	140	36.008	0
9	checked	4	3	reset	141	35.677	0
9	checked	4	3	reset	142	35.257	0
9	checked	4	3	reset	143	35.497	0
9	checked	4	3	reset	144	35.447	0
9	checked	4	3	reset	145	36.178	0
9	checked	4	3	reset	146	34.996	0
9	checked	4	3	reset	147	36.018	0
9	checked	4	3	reset	148	34.865	0
9	checked	4	3	reset	149	35.286	0
9	checked	4	3	reset	150	35.197	0
9	checked	4	3	reset	151	35.407	0
9	checked	4	3	reset	152	35.177	0
9	checked	4	3	reset	153	34.746	0
9	checked	4	3	reset	154	34.966	0
9	checked	4	3	reset	155	35.888	0
9	checked	4	3	reset	156	33.874	0
9	checked	4	3	reset	157	34.374	0
9	checked	4	3	reset	158	35.306	0
9	checked	4	3	reset	159	37.46	0
9	checked	4	3	reset	160	34.605	0
9	checked	4	3	reset	161	35.787	0
9	checked	4	3	reset	162	35.387	0
9	checked	4	3	reset	163	35.156	0
9	checked	4	3	reset	164	35.747	0
9	checked	4	3	reset	165	35.126	0
9	checked	4	3	reset	166	35.767	0
9	checked	4	3	reset	167	35.066	0
9	checked	4	3	reset	168	43.913	0
9	checked	4	3	reset	169	37.732	0
9	checked	4	3	reset	170	37.1	0
9	checked	4	3	reset	171	35.066	0
9	checked	4	3	reset	172	35.316	0
9	checked	4	3	reset	173	36.088	0
9	checked	4	3	reset	174	35.708	0
9	checked	4	3	reset	175	35.567	0
9	checked	4	3	reset	176	34.946	0
9	checked	4	3	reset	177	35.607	0
9	checked	4	3	reset	178	34.866	0
9	checked	4	3	reset	179	35.877	0
9	checked	4	3	reset	180	40.707	0
9	checked	4	3	reset	181	35.196	0
9	checked	4	3	reset	182	35.477	0
9	checked	4	3	reset	183	34.635	0
9	checked	4	3	reset	184	35.577	0
9	checked	4	3	reset	185	34.765	0
9	checked	4	3	reset	186	35.046	0
9	checked	4	3	reset	187	36.499	0
9	checked	4	3	reset	188	36.148	0
9	checked	4	3	reset	189	35.987	0
9	checked	4	3	reset	190	34.715	0
9	checked	4	3	reset	191	35.457	0
9	checked	4	3	reset	192	35.166	0
9	checked	4	3	reset	193	35.076	0
9	checked	4	3	reset	194	34.735	0
9	checked	4	3	reset	195	34.736	0
9	checked	4	3	reset	196	36.098	0
9	checked	4	3	reset	197	34.385	0
9	checked	4	3	reset	198	34.886	0
9	checked	4	3	reset	199	35.387	0
9	checked	4	3	reset	200	35.266	0
9	checked	4	3	stall	1	53.661	0
9	checked	4	3	stall	2	62.137	0
9	checked	4	3	stall	3	69.622	0
9	unsafe	4	3	reset	1	0.16	0
9	unsafe	4	3	reset	2	0.08	0
9	unsafe	4	3	reset	3	0.09	0
9	unsafe	4	3	reset	4	0.091	0
9	unsafe	4	3	reset	5	0.131	0
9	unsafe	4	3	reset	6	0.1	0
9	unsafe	4	3	reset	7	0.08	0
9	unsafe	4	3	reset	8	0.271	0
9	unsafe	4	3	reset	9	0.09	0
9	unsafe	4	3	reset	10	0.081	0
9	unsafe	4	3	reset	11	0.11	0
9	unsafe	4	3	reset	12	0.09	0
9	unsafe	4	3	reset	13	0.08	0
9	unsafe	4	3	reset	14	0.08	0
9	unsafe	4	3	reset	15	0.09	0
9	unsafe	4	3	reset	16	0.091	0
9	unsafe	4	3	reset	17	0.08	0
9	unsafe	4	3	reset	18	0.09	0
9	unsafe	4	3	reset	19	0.1	0
9	unsafe	4	3	reset	20	0.1	0
9	unsafe	4	3	reset	21	0.09	0
9	unsafe	4	3	reset	22	0.081	0
9	unsafe	4	3	reset	23	0.101	0
9	unsafe	4	3	reset	24	0.09	0
9	unsafe	4	3	reset	25	0.08	0
9	unsafe	4	3	reset	26	0.08	0
9	unsafe	4	3	reset	27	0.081	0
9	unsafe	4	3	reset	28	0.081	0
9	unsafe	4	3	reset	29	0.09	0
9	unsafe	4	3	reset	30	0.09	0
9	unsafe	4	3	reset	31	0.091	0
9	unsafe	4	3	reset	32	0.1	0
9	unsafe	4	3	reset	33	0.08	0
9	unsafe	4	3	reset	34	0.09	0
9	unsafe	4	3	reset	35	0.09	0
9	unsafe	4	3	reset	36	0.08	0
9	unsafe	4	3	reset	37	0.09	0
9	unsafe	4	3	reset	38	0.09	0
9	unsafe	4	3	reset	39	0.09	0
9	unsafe	4	3	reset	40	0.08	0
9	unsafe	4	3	reset	41	0.091	0
9	unsafe	4	3	reset	42	0.09	0
9	unsafe	4	3	reset	43	0.08	0
9	unsafe	4	3	reset	44	0.08	0
9	unsafe	4	3	reset	45	0.09	0
9	unsafe	4	3	reset	46	0.091	0
9	unsafe	4	3	reset	47	0.1	0
9	unsafe	4	3	reset	48	0.08	0
9	unsafe	4	3	reset	49	0.09	0
9	unsafe	4	3	reset	50	0.1	0
9	unsafe	4	3	reset	51	0.09	0
9	unsafe	4	3	reset	52	0.09	0
9	unsafe	4	3	reset	53	0.09	0
9	unsafe	4	3	reset	54	0.091	0
9	unsafe	4	3	reset	55	0.091	0
9	unsafe	4	3	reset	56	0.09	0
9	unsafe	4	3	reset	57	0.09	0
9	unsafe	4	3	reset	58	0.08	0
9	unsafe	4	3	reset	59	0.09	0
9	unsafe	4	3	reset	60	0.08	0
9	unsafe	4	3	reset	61	0.09	0
9	unsafe	4	3	reset	62	0.09	0
9	unsafe	4	3	reset	63	0.08	0
9	unsafe	4	3	reset	64	0.08	0
9	unsafe	4	3	reset	65	0.09	0
9	unsafe	4	3	reset	66	0.1	0
9	unsafe	4	3	reset	67	0.101	0
9	unsafe	4	3	reset	68	0.091	0
9	unsafe	4	3	reset	69	0.09	0
9	unsafe	4	3	reset	70	0.09	0
9	unsafe	4	3	reset	71	0.09	0
9	unsafe	4	3	reset	72	0.08	0
9	unsafe	4	3	reset	73	0.081	0
9	unsafe	4	3	reset	74	0.08	0
9	unsafe	4	3	reset	75	0.09	0
9	unsafe	4	3	reset	76	0.1	0
9	unsafe	4	3	reset	77	0.091	0
9	unsafe	4	3	reset	78	0.091	0
9	unsafe	4	3	reset	79	0.08	0
9	unsafe	4	3	reset	80	0.08	0
9	unsafe	4	3	reset	81	0.1	0
9	unsafe	4	3	reset	82	0.1	0
9	unsafe	4	3	reset	83	0.08	0
9	unsafe	4	3	reset	84	0.09	0
9	unsafe	4	3	reset	85	0.08	0
9	unsafe	4	3	reset	86	0.09	0
9	unsafe	4	3	reset	87	0.091	0
9	unsafe	4	3	reset	88	0.09	0
9	unsafe	4	3	reset	89	0.09	0
9	unsafe	4	3	reset	90	0.091	0
9	unsafe	4	3	reset	91	0.09	0
9	unsafe	4	3	reset	92	0.09	0
9	unsafe	4	3	reset	93	0.09	0
9	unsafe	4	3	reset	94	0.08	0
9	unsafe	4	3	reset	95	0.091	0
9	unsafe	4	3	reset	96	0.091	0
9	unsafe	4	3	reset	97	0.09	0
9	unsafe	4	3	reset	98	0.09	0
9	unsafe	4	3	reset	99	0.091	0
9	unsafe	4	3	reset	100	0.09	0
9	unsafe	4	3	reset	101	0.091	0
9	unsafe	4	3	reset	102	0.08	0
9	unsafe	4	3	reset	103	0.1	0
9	unsafe	4	3	reset	104	0.09	0
9	unsafe	4	3	reset	105	0.09	0
9	unsafe	4	3	reset	106	0.091	0
9	unsafe	4	3	reset	107	0.08	0
9	unsafe	4	3	reset	108	0.09	0
9	unsafe	4	3	reset	109	0.1	0
9	unsafe	4	3	reset	110	0.08	0
9	unsafe	4	3	reset	111	0.09	0
9	unsafe	4	3	reset	112	0.09	0
9	unsafe	4	3	reset	113	0.08	0
9	unsafe	4	3	reset	114	0.09	0
9	unsafe	4	3	reset	115	0.09	0
9	unsafe	4	3	reset	116	0.09	0
9	unsafe	4	3	reset	117	0.09	0
9	unsafe	4	3	reset	118	0.08	0
9	unsafe	4	3	reset	119	0.1	0
9	unsafe	4	3	reset	120	0.08	0
9	unsafe	4	3	reset	121	0.08	0
9	unsafe	4	3	reset	122	0.08	0
9	unsafe	4	3	reset	123	0.09	0
9	unsafe	4	3	reset	124	0.09	0
9	unsafe	4	3	reset	125	0.101	0
9	unsafe	4	3	reset	126	0.101	0
9	unsafe	4	3	reset	127	0.09	0
9	unsafe	4	3	reset	128	0.1	0
9	unsafe	4	3	reset	129	0.08	0
9	unsafe	4	3	reset	130	0.08	0
9	unsafe	4	3	reset	131	0.08	0
9	unsafe	4	3	reset	132	0.09	0
9	unsafe	4	3	reset	133	0.09	0
9	unsafe	4	3	reset	134	0.09	0
9	unsafe	4	3	reset	135	0.09	0
9	unsafe	4	3	reset	136	0.09	0
9	unsafe	4	3	reset	137	0.101	0
9	unsafe	4	3	reset	138	0.09	0
9	unsafe	4	3	reset	139	0.09	0
9	unsafe	4	3	reset	140	0.09	0
9	unsafe	4	3	reset	141	0.09	0
9	unsafe	4	3	reset	142	0.081	0
9	unsafe	4	3	reset	143	0.081	0
9	unsafe	4	3	reset	144	0.09	0
9	unsafe	4	3	reset	145	0.091	0
9	unsafe	4	3	reset	146	0.101	0
9	unsafe	4	3	reset	147	0.08	0
9	unsafe	4	3	reset	148	0.101	0
9	unsafe	4	3	reset	149	0.09	0
9	unsafe	4	3	reset	150	0.09	0
9	unsafe	4	3	reset	151	0.09	0
9	unsafe	4	3	reset	152	0.08	0
9	unsafe	4	3	reset	153	0.09	0
9	unsafe	4	3	reset	154	0.09	0
9	unsafe	4	3	reset	155	0.09	0
9	unsafe	4	3	reset	156	0.1	0
9	unsafe	4	3	reset	157	0.09	0
9	unsafe	4	3	reset	158	0.09	0
9	unsafe	4	3	reset	159	0.081	0
9	unsafe	4	3	reset	160	0.081	0
9	unsafe	4	3	reset	161	0.1	0
9	unsafe	4	3	reset	162	0.09	0
9	unsafe	4	3	reset	163	0.091	0
9	unsafe	4	3	reset	164	0.09	0
9	unsafe	4	3	reset	165	0.08	0
9	unsafe	4	3	reset	166	0.09	0
9	unsafe	4	3	reset	167	0.09	0
9	unsafe	4	3	reset	168	0.1	0
9	unsafe	4	3	reset	169	0.09	0
9	unsafe	4	3	reset	170	0.09	0
9	unsafe	4	3	reset	171	0.09	0
9	unsafe	4	3	reset	172	0.09	0
9	unsafe	4	3	reset	173	0.1	0
9	unsafe	4	3	reset	174	0.101	0
9	unsafe	4	3	reset	175	0.091	0
9	unsafe	4	3	reset	176	0.08	0
9	unsafe	4	3	reset	177	0.09	0
9	unsafe	4	3	reset	178	0.09	0
9	unsafe	4	3	reset	179	0.09	0
9	unsafe	4	3	reset	180	0.09	0
9	unsafe	4	3	reset	181	0.09	0
9	unsafe	4	3	reset	182	0.09	0
9	unsafe	4	3	reset	183	0.09	0
9	unsafe	4	3	reset	184	0.09	0
9	unsafe	4	3	reset	185	0.09	0
9	unsafe	4	3	reset	186	0.1	0
9	unsafe	4	3	reset	187	0.091	0
9	unsafe	4	3	reset	188	0.09	0
9	unsafe	4	3	reset	189	0.09	0
9	unsafe	4	3	reset	190	0.09	0
9	unsafe	4	3	reset	191	0.1	0
9	unsafe	4	3	reset	192	0.091	0
9	unsafe	4	3	reset	193	0.09	0
9	unsafe	4	3	reset	194	0.09	0
9	unsafe	4	3	reset	195	0.09	0
9	unsafe	4	3	reset	196	0.09	0
9	unsafe	4	3	reset	197	0.09	0
9	unsafe	4	3	reset	198	0.09	0
9	unsafe	4	3	reset	199	0.09	0
9	unsafe	4	3	reset	200	0.09	0
9	unsafe	4	3	stall	1	43.733	0
9	unsafe	4	3	stall	2	0.0	0
9	unsafe	4	3	stall	3	0.0	0
9	checked	8	7	reset	1	58.761	1
9	checked	8	7	reset	2	45.456	1
9	checked	8	7	reset	3	62.538	1
9	checked	8	7	reset	4	299.906	1
9	checked	8	7	reset	5	169.119	1
9	checked	8	7	reset	6	80.451	1
9	checked	8	7	reset	7	58.49	1
9	checked	8	7	reset	8	68.659	1
9	checked	8	7	reset	9	61.747	1
9	checked	8	7	reset	10	53.752	1
9	checked	8	7	reset	11	50.105	1
9	checked	8	7	reset	12	48.371	1
9	checked	8	7	reset	13	45.846	1
9	checked	8	7	reset	14	48.933	1
9	checked	8	7	reset	15	46.918	1
9	checked	8	7	reset	16	49.754	1
9	checked	8	7	reset	17	50.355	1
9	checked	8	7	reset	18	46.788	1
9	checked	8	7	reset	19	49.703	1
9	checked	8	7	reset	20	47.87	1
9	checked	8	7	reset	21	64.662	1
9	checked	8	7	reset	22	47.059	1
9	checked	8	7	reset	23	87.885	1
9	checked	8	7	reset	24	64.372	1
9	checked	8	7	reset	25	50.074	1
9	checked	8	7	reset	26	47.67	1
9	checked	8	7	reset	27	46.167	1
9	checked	8	7	reset	28	41.939	1
9	checked	8	7	reset	29	40.737	1
9	checked	8	7	reset	30	40.547	1
9	checked	8	7	reset	31	41.388	1
9	checked	8	7	reset	32	40.316	1
9	checked	8	7	reset	33	40.487	1
9	checked	8	7	reset	34	40.626	1
9	checked	8	7	reset	35	40.326	1
9	checked	8	7	reset	36	40.165	1
9	checked	8	7	reset	37	41.007	1
9	checked	8	7	reset	38	40.908	1
9	checked	8	7	reset	39	41.448	1
9	checked	8	7	reset	40	42.26	1
9	checked	8	7	reset	41	41.399	1
9	checked	8	7	reset	42	41.929	1
9	checked	8	7	reset	43	41.178	1
9	checked	8	7	reset	44	41.518	1
9	checked	8	7	reset	45	42.23	1
9	checked	8	7	reset	46	42.019	1
9	checked	8	7	reset	47	42.691	1
9	checked	8	7	reset	48	40.447	1
9	checked	8	7	reset	49	40.937	1
9	checked	8	7	reset	50	40.847	1
9	checked	8	7	reset	51	39.875	1
9	checked	8	7	reset	52	51.246	1
9	checked	8	7	reset	53	54.303	1
9	checked	8	7	reset	54	43.722	1
9	checked	8	7	reset	55	44.163	1
9	checked	8	7	reset	56	39.675	1
9	checked	8	7	reset	57	39.515	1
9	checked	8	7	reset	58	42.891	1
9	checked	8	7	reset	59	42.941	1
9	checked	8	7	reset	60	38.973	1
9	checked	8	7	reset	61	41.699	1
9	checked	8	7	reset	62	39.645	1
9	checked	8	7	reset	63	39.324	1
9	checked	8	7	reset	64	39.495	1
9	checked	8	7	reset	65	42.259	1
9	checked	8	7	reset	66	40.477	1
9	checked	8	7	reset	67	40.867	1
9	checked	8	7	reset	68	39.945	1
9	checked	8	7	reset	69	38.913	1
9	checked	8	7	reset	70	40.697	1
9	checked	8	7	reset	71	39.855	1
9	checked	8	7	reset	72	39.254	1
9	checked	8	7	reset	73	38.863	1
9	checked	8	7	reset	74	38.723	1
9	checked	8	7	reset	75	40.326	1
9	checked	8	7	reset	76	39.846	1
9	checked	8	7	reset	77	39.836	1
9	checked	8	7	reset	78	44.153	1
9	checked	8	7	reset	79	41.087	1
9	checked	8	7	reset	80	39.565	1
9	checked	8	7	reset	81	41.308	1
9	checked	8	7	reset	82	39.675	1
9	checked	8	7	reset	83	39.525	1
9	checked	8	7	reset	84	40.056	1
9	checked	8	7	reset	85	40.296	1
9	checked	8	7	reset	86	40.386	1
9	checked	8	7	reset	87	237.819	1
9	checked	8	7	reset	88	48.813	1
9	checked	8	7	reset	89	46.769	1
9	checked	8	7	reset	90	43.943	1
9	checked	8	7	reset	91	54.673	1
9	checked	8	7	reset	92	45.185	1
9	checked	8	7	reset	93	45.486	1
9	checked	8	7	reset	94	45.236	1
9	checked	8	7	reset	95	43.482	1
9	checked	8	7	reset	96	44.253	1
9	checked	8	7	reset	97	44.374	1
9	checked	8	7	reset	98	45.556	1
9	checked	8	7	reset	99	47.67	1
9	checked	8	7	reset	100	44.033	1
9	checked	8	7	reset	101	56.887	1
9	checked	8	7	reset	102	60.334	1
9	checked	8	7	reset	103	57.769	1
9	checked	8	7	reset	104	46.287	1
9	checked	8	7	reset	105	41.589	1
9	checked	8	7	reset	106	39.845	1
9	checked	8	7	reset	107	39.965	1
9	checked	8	7	reset	108	39.955	1
9	checked	8	7	reset	109	41.168	1
9	checked	8	7	reset	110	39.505	1
9	checked	8	7	reset	111	39.715	1
9	checked	8	7	reset	112	39.704	1
9	checked	8	7	reset	113	39.865	1
9	checked	8	7	reset	114	42.761	1
9	checked	8	7	reset	115	39.926	1
9	checked	8	7	reset	116	39.214	1
9	checked	8	7	reset	117	38.622	1
9	checked	8	7	reset	118	38.463	1
9	checked	8	7	reset	119	39.504	1
9	checked	8	7	reset	120	40.106	1
9	checked	8	7	reset	121	38.543	1
9	checked	8	7	reset	122	38.713	1
9	checked	8	7	reset	123	39.846	1
9	checked	8	7	reset	124	39.104	1
9	checked	8	7	reset	125	41.738	1
9	checked	8	7	reset	126	38.503	1
9	checked	8	7	reset	127	38.873	1
9	checked	8	7	reset	128	38.312	1
9	checked	8	7	reset	129	38.623	1
9	checked	8	7	reset	130	39.565	1
9	checked	8	7	reset	131	38.914	1
9	checked	8	7	reset	132	39.625	1
9	checked	8	7	reset	133	39.314	1
9	checked	8	7	reset	134	38.612	1
9	checked	8	7	reset	135	38.743	1
9	checked	8	7	reset	136	41.758	1
9	checked	8	7	reset	137	38.884	1
9	checked	8	7	reset	138	41.168	1
9	checked	8	7	reset	139	39.424	1
9	checked	8	7	reset	140	39.114	1
9	checked	8	7	reset	141	39.825	1
9	checked	8	7	reset	142	39.455	1
9	checked	8	7	reset	143	46.958	1
9	checked	8	7	reset	144	44.444	1
9	checked	8	7	reset	145	39.986	1
9	checked	8	7	reset	146	39.024	1
9	checked	8	7	reset	147	39.294	1
9	checked	8	7	reset	148	39.895	1
9	checked	8	7	reset	149	38.863	1
9	checked	8	7	reset	150	39.004	1
9	checked	8	7	reset	151	39.064	1
9	checked	8	7	reset	152	123.634	1
9	checked	8	7	reset	153	48.552	1
9	checked	8	7	reset	154	46.188	1
9	checked	8	7	reset	155	44.504	1
9	checked	8	7	reset	156	42.941	1
9	checked	8	7	reset	157	42.63	1
9	checked	8	7	reset	158	44.334	1
9	checked	8	7	reset	159	44.264	1
9	checked	8	7	reset	160	44.944	1
9	checked	8	7	reset	161	44.644	1
9	checked	8	7	reset	162	54.132	1
9	checked	8	7	reset	163	44.585	1
9	checked	8	7	reset	164	46.798	1
9	checked	8	7	reset	165	47.069	1
9	checked	8	7	reset	166	45.887	1
9	checked	8	7	reset	167	44.093	1
9	checked	8	7	reset	168	45.576	1
9	checked	8	7	reset	169	44.073	1
9	checked	8	7	reset	170	45.586	1
9	checked	8	7	reset	171	43.873	1
9	checked	8	7	reset	172	44.033	1
9	checked	8	7	reset	173	46.217	1
9	checked	8	7	reset	174	46.357	1
9	checked	8	7	reset	175	44.764	1
9	checked	8	7	reset	176	43.762	1
9	checked	8	7	reset	177	45.916	1
9	checked	8	7	reset	178	58.962	1
9	checked	8	7	reset	179	45.887	1
9	checked	8	7	reset	180	44.705	1
9	checked	8	7	reset	181	46.518	1
9	checked	8	7	reset	182	45.516	1
9	checked	8	7	reset	183	48.001	1
9	checked	8	7	reset	184	45.917	1
9	checked	8	7	reset	185	44.554	1
9	checked	8	7	reset	186	44.795	1
9	checked	8	7	reset	187	49.063	1
9	checked	8	7	reset	188	51.998	1
9	checked	8	7	reset	189	48.902	1
9	checked	8	7	reset	190	48.381	1
9	checked	8	7	reset	191	46.347	1
9	checked	8	7	reset	192	46.708	1
9	checked	8	7	reset	193	43.552	1
9	checked	8	7	reset	194	43.792	1
9	checked	8	7	reset	195	43.753	1
9	checked	8	7	reset	196	43.352	1
9	checked	8	7	reset	197	47.179	1
9	checked	8	7	reset	198	44.324	1
9	checked	8	7	reset	199	47.38	1
9	checked	8	7	reset	200	43.432	1
9	checked	8	7	stall	1	424.31	1
9	checked	8	7	stall	2	233.981	1
9	checked	8	7	stall	3	234.442	1
9	checked	8	7	stall	4	428.578	1
9	checked	8	7	stall	5	234.813	1
9	checked	8	7	stall	6	234.211	1
9	checked	8	7	stall	7	235.113	1
9	unsafe	8	7	reset	1	0.17	1
9	unsafe	8	7	reset	2	0.081	1
9	unsafe	8	7	reset	3	0.341	1
9	unsafe	8	7	reset	4	0.982	1
9	unsafe	8	7	reset	5	0.251	1
9	unsafe	8	7	reset	6	0.15	1
9	unsafe	8	7	reset	7	0.13	1
9	unsafe	8	7	reset	8	0.13	1
9	unsafe	8	7	reset	9	0.14	1
9	unsafe	8	7	reset	10	0.13	1
9	unsafe	8	7	reset	11	0.181	1
9	unsafe	8	7	reset	12	0.16	1
9	unsafe	8	7	reset	13	0.13	1
9	unsafe	8	7	reset	14	0.13	1
9	unsafe	8	7	reset	15	0.12	1
9	unsafe	8	7	reset	16	0.121	1
9	unsafe	8	7	reset	17	0.13	1
9	unsafe	8	7	reset	18	0.13	1
9	unsafe	8	7	reset	19	0.12	1
9	unsafe	8	7	reset	20	0.13	1
9	unsafe	8	7	reset	21	0.08	1
9	unsafe	8	7	reset	22	0.07	1
9	unsafe	8	7	reset	23	0.08	1
9	unsafe	8	7	reset	24	0.07	1
9	unsafe	8	7	reset	25	0.07	1
9	unsafe	8	7	reset	26	0.09	1
9	unsafe	8	7	reset	27	0.08	1
9	unsafe	8	7	reset	28	0.08	1
9	unsafe	8	7	reset	29	0.08	1
9	unsafe	8	7	reset	30	0.08	1
9	unsafe	8	7	reset	31	0.07	1
9	unsafe	8	7	reset	32	0.07	1
9	unsafe	8	7	reset	33	0.08	1
9	unsafe	8	7	reset	34	0.08	1
9	unsafe	8	7	reset	35	0.071	1
9	unsafe	8	7	reset	36	0.09	1
9	unsafe	8	7	reset	37	0.071	1
9	unsafe	8	7	reset	38	0.08	1
9	unsafe	8	7	reset	39	0.07	1
9	unsafe	8	7	reset	40	0.08	1
9	unsafe	8	7	reset	41	0.07	1
9	unsafe	8	7	reset	42	0.08	1
9	unsafe	8	7	reset	43	0.08	1
9	unsafe	8	7	reset	44	0.071	1
9	unsafe	8	7	reset	45	0.07	1
9	unsafe	8	7	reset	46	0.07	1
9	unsafe	8	7	reset	47	0.071	1
9	unsafe	8	7	reset	48	0.08	1
9	unsafe	8	7	reset	49	0.06	1
9	unsafe	8	7	reset	50	0.07	1
9	unsafe	8	7	reset	51	0.07	1
9	unsafe	8	7	reset	52	0.07	1
9	unsafe	8	7	reset	53	0.07	1
9	unsafe	8	7	reset	54	0.07	1
9	unsafe	8	7	reset	55	0.07	1
9	unsafe	8	7	reset	56	0.08	1
9	unsafe	8	7	reset	57	0.09	1
9	unsafe	8	7	reset	58	0.08	1
9	unsafe	8	7	reset	59	0.08	1
9	unsafe	8	7	reset	60	0.08	1
9	unsafe	8	7	reset	61	0.071	1
9	unsafe	8	7	reset	62	0.08	1
9	unsafe	8	7	reset	63	0.07	1
9	unsafe	8	7	reset	64	0.081	1
9	unsafe	8	7	reset	65	0.08	1
9	unsafe	8	7	reset	66	0.08	1
9	unsafe	8	7	reset	67	0.08	1
9	unsafe	8	7	reset	68	0.101	1
9	unsafe	8	7	reset	69	0.07	1
9	unsafe	8	7	reset	70	0.07	1
9	unsafe	8	7	reset	71	0.07	1
9	unsafe	8	7	reset	72	0.12	1
9	unsafe	8	7	reset	73	0.091	1
9	unsafe	8	7	reset	74	0.09	1
9	unsafe	8	7	reset	75	0.081	1
9	unsafe	8	7	reset	76	0.07	1
9	unsafe	8	7	reset	77	0.08	1
9	unsafe	8	7	reset	78	0.08	1
9	unsafe	8	7	reset	79	0.08	1
9	unsafe	8	7	reset	80	0.1	1
9	unsafe	8	7	reset	81	0.08	1
9	unsafe	8	7	reset	82	0.08	1
9	unsafe	8	7	reset	83	0.08	1
9	unsafe	8	7	reset	84	0.08	1
9	unsafe	8	7	reset	85	0.08	1
9	unsafe	8	7	reset	86	0.07	1
9	unsafe	8	7	reset	87	0.07	1
9	unsafe	8	7	reset	88	0.081	1
9	unsafe	8	7	reset	89	0.06	1
9	unsafe	8	7	reset	90	0.08	1
9	unsafe	8	7	reset	91	0.08	1
9	unsafe	8	7	reset	92	0.07	1
9	unsafe	8	7	reset	93	0.07	1
9	unsafe	8	7	reset	94	0.07	1
9	unsafe	8	7	reset	95	0.07	1
9	unsafe	8	7	reset	96	0.081	1
9	unsafe	8	7	reset	97	0.08	1
9	unsafe	8	7	reset	98	0.121	1
9	unsafe	8	7	reset	99	0.07	1
9	unsafe	8	7	reset	100	0.08	1
9	unsafe	8	7	reset	101	0.08	1
9	unsafe	8	7	reset	102	0.07	1
9	unsafe	8	7	reset	103	0.07	1
9	unsafe	8	7	reset	104	0.07	1
9	unsafe	8	7	reset	105	0.07	1
9	unsafe	8	7	reset	106	0.07	1
9	unsafe	8	7	reset	107	0.071	1
9	unsafe	8	7	reset	108	0.07	1
9	unsafe	8	7	reset	109	0.07	1
9	unsafe	8	7	reset	110	0.08	1
9	unsafe	8	7	reset	111	0.071	1
9	unsafe	8	7	reset	112	0.07	1
9	unsafe	8	7	reset	113	0.07	1
9	unsafe	8	7	reset	114	0.07	1
9	unsafe	8	7	reset	115	0.071	1
9	unsafe	8	7	reset	116	0.08	1
9	unsafe	8	7	reset	117	0.07	1
9	unsafe	8	7	reset	118	0.07	1
9	unsafe	8	7	reset	119	0.071	1
9	unsafe	8	7	reset	120	0.081	1
9	unsafe	8	7	reset	121	0.08	1
9	unsafe	8	7	reset	122	0.07	1
9	unsafe	8	7	reset	123	0.07	1
9	unsafe	8	7	reset	124	0.07	1
9	unsafe	8	7	reset	125	0.07	1
9	unsafe	8	7	reset	126	0.08	1
9	unsafe	8	7	reset	127	0.081	1
9	unsafe	8	7	reset	128	0.08	1
9	unsafe	8	7	reset	129	0.08	1
9	unsafe	8	7	reset	130	0.07	1
9	unsafe	8	7	reset	131	0.08	1
9	unsafe	8	7	reset	132	0.07	1
9	unsafe	8	7	reset	133	0.07	1
9	unsafe	8	7	reset	134	0.08	1
9	unsafe	8	7	reset	135	0.07	1
9	unsafe	8	7	reset	136	0.07	1
9	unsafe	8	7	reset	137	0.07	1
9	unsafe	8	7	reset	138	0.07	1
9	unsafe	8	7	reset	139	0.09	1
9	unsafe	8	7	reset	140	0.08	1
9	unsafe	8	7	reset	141	0.08	1
9	unsafe	8	7	reset	142	0.071	1
9	unsafe	8	7	reset	143	0.08	1
9	unsafe	8	7	reset	144	0.08	1
9	unsafe	8	7	reset	145	0.071	1
9	unsafe	8	7	reset	146	0.06	1
9	unsafe	8	7	reset	147	0.071	1
9	unsafe	8	7	reset	148	0.08	1
9	unsafe	8	7	reset	149	0.07	1
9	unsafe	8	7	reset	150	0.07	1
9	unsafe	8	7	reset	151	0.08	1
9	unsafe	8	7	reset	152	0.08	1
9	unsafe	8	7	reset	153	0.08	1
9	unsafe	8	7	reset	154	0.07	1
9	unsafe	8	7	reset	155	0.07	1
9	unsafe	8	7	reset	156	0.07	1
9	unsafe	8	7	reset	157	0.07	1
9	unsafe	8	7	reset	158	0.07	1
9	unsafe	8	7	reset	159	0.07	1
9	unsafe	8	7	reset	160	0.07	1
9	unsafe	8	7	reset	161	0.07	1
9	unsafe	8	7	reset	162	0.07	1
9	unsafe	8	7	reset	163	0.06	1
9	unsafe	8	7	reset	164	0.081	1
9	unsafe	8	7	reset	165	0.07	1
9	unsafe	8	7	reset	166	0.07	1
9	unsafe	8	7	reset	167	0.09	1
9	unsafe	8	7	reset	168	0.081	1
9	unsafe	8	7	reset	169	0.07	1
9	unsafe	8	7	reset	170	0.07	1
9	unsafe	8	7	reset	171	0.081	1
9	unsafe	8	7	reset	172	0.07	1
9	unsafe	8	7	reset	173	0.07	1
9	unsafe	8	7	reset	174	0.08	1
9	unsafe	8	7	reset	175	0.07	1
9	unsafe	8	7	reset	176	0.08	1
9	unsafe	8	7	reset	177	0.07	1
9	unsafe	8	7	reset	178	0.08	1
9	unsafe	8	7	reset	179	0.08	1
9	unsafe	8	7	reset	180	0.08	1
9	unsafe	8	7	reset	181	0.08	1
9	unsafe	8	7	reset	182	0.07	1
9	unsafe	8	7	reset	183	0.071	1
9	unsafe	8	7	reset	184	0.071	1
9	unsafe	8	7	reset	185	0.071	1
9	unsafe	8	7	reset	186	0.07	1
9	unsafe	8	7	reset	187	0.07	1
9	unsafe	8	7	reset	188	0.07	1
9	unsafe	8	7	reset	189	0.08	1
9	unsafe	8	7	reset	190	0.09	1
9	unsafe	8	7	reset	191	0.071	1
9	unsafe	8	7	reset	192	0.07	1
9	unsafe	8	7	reset	193	0.07	1
9	unsafe	8	7	reset	194	0.081	1
9	unsafe	8	7	reset	195	0.08	1
9	unsafe	8	7	reset	196	0.08	1
9	unsafe	8	7	reset	197	0.11	1
9	unsafe	8	7	reset	198	0.07	1
9	unsafe	8	7	reset	199	0.08	1
9	unsafe	8	7	reset	200	0.07	1
9	unsafe	8	7	stall	1	23.304	1
9	unsafe	8	7	stall	2	0.0	1
9	unsafe	8	7	stall	3	0.0	1
9	unsafe	8	7	stall	4	0.0	1
9	unsafe	8	7	stall	5	1095.927	1
9	unsafe	8	7	stall	6	0.0	1
9	unsafe	8	7	stall	7	0.0	1
9	checked	16	15	reset	1	59.392	0
9	checked	16	15	reset	2	49.934	0
9	checked	16	15	reset	3	427.566	0
9	checked	16	15	reset	4	252.898	0
9	checked	16	15	reset	5	87.295	0
9	checked	16	15	reset	6	77.035	0
9	checked	16	15	reset	7	79.48	0
9	checked	16	15	reset	8	79.15	0
9	checked	16	15	reset	9	89.309	0
9	checked	16	15	reset	10	75.663	0
9	checked	16	15	reset	11	73.028	0
9	checked	16	15	reset	12	76.905	0
9	checked	16	15	reset	13	76.204	0
9	checked	16	15	reset	14	76.855	0
9	checked	16	15	reset	15	85.872	0
9	checked	16	15	reset	16	75.422	0
9	checked	16	15	reset	17	75.483	0
9	checked	16	15	reset	18	75.302	0
9	checked	16	15	reset	19	73.719	0
9	checked	16	15	reset	20	73.839	0
9	checked	16	15	reset	21	81.654	0
9	checked	16	15	reset	22	71.425	0
9	checked	16	15	reset	23	71.294	0
9	checked	16	15	reset	24	76.684	0
9	checked	16	15	reset	25	92.675	0
9	checked	16	15	reset	26	74.971	0
9	checked	16	15	reset	27	74.541	0
9	checked	16	15	reset	28	75.001	0
9	checked	16	15	reset	29	74.33	0
9	checked	16	15	reset	30	78.878	0
9	checked	16	15	reset	31	76.004	0
9	checked	16	15	reset	32	72.998	0
9	checked	16	15	reset	33	76.014	0
9	checked	16	15	reset	34	75.592	0
9	checked	16	15	reset	35	91.924	0
9	checked	16	15	reset	36	72.146	0
9	checked	16	15	reset	37	76.916	0
9	checked	16	15	reset	38	79.95	0
9	checked	16	15	reset	39	71.514	0
9	checked	16	15	reset	40	70.684	0
9	checked	16	15	reset	41	71.645	0
9	checked	16	15	reset	42	76.144	0
9	checked	16	15	reset	43	73.869	0
9	checked	16	15	reset	44	72.777	0
9	checked	16	15	reset	45	68.279	0
9	checked	16	15	reset	46	72.166	0
9	checked	16	15	reset	47	70.463	0
9	checked	16	15	reset	48	77.836	0
9	checked	16	15	reset	49	86.613	0
9	checked	16	15	reset	50	85.782	0
9	checked	16	15	reset	51	75.873	0
9	checked	16	15	reset	52	71.695	0
9	checked	16	15	reset	53	66.716	0
9	checked	16	15	reset	54	70.483	0
9	checked	16	15	reset	55	68.359	0
9	checked	16	15	reset	56	67.838	0
9	checked	16	15	reset	57	71.064	0
9	checked	16	15	reset	58	71.175	0
9	checked	16	15	reset	59	76.855	0
9	checked	16	15	reset	60	72.026	0
9	checked	16	15	reset	61	74.4	0
9	checked	16	15	reset	62	75.112	0
9	checked	16	15	reset	63	75.553	0
9	checked	16	15	reset	64	74.531	0
9	checked	16	15	reset	65	72.186	0
9	checked	16	15	reset	66	68.489	0
9	checked	16	15	reset	67	67.077	0
9	checked	16	15	reset	68	72.517	0
9	checked	16	15	reset	69	70.202	0
9	checked	16	15	reset	70	69.872	0
9	checked	16	15	reset	71	71.715	0
9	checked	16	15	reset	72	71.986	0
9	checked	16	15	reset	73	65.463	0
9	checked	16	15	reset	74	71.124	0
9	checked	16	15	reset	75	68.65	0
9	checked	16	15	reset	76	66.395	0
9	checked	16	15	reset	77	65.213	0
9	checked	16	15	reset	78	69.652	0
9	checked	16	15	reset	79	74.09	0
9	checked	16	15	reset	80	140.185	0
9	checked	16	15	reset	81	100.78	0
9	checked	16	15	reset	82	74.12	0
9	checked	16	15	reset	83	74.871	0
9	checked	16	15	reset	84	66.626	0
9	checked	16	15	reset	85	71.675	0
9	checked	16	15	reset	86	68.93	0
9	checked	16	15	reset	87	68.88	0
9	checked	16	15	reset	88	66.946	0
9	checked	16	15	reset	89	65.524	0
9	checked	16	15	reset	90	67.728	0
9	checked	16	15	reset	91	69.781	0
9	checked	16	15	reset	92	71.395	0
9	checked	16	15	reset	93	63.039	0
9	checked	16	15	reset	94	62.988	0
9	checked	16	15	reset	95	68.79	0
9	checked	16	15	reset	96	66.446	0
9	checked	16	15	reset	97	65.965	0
9	checked	16	15	reset	98	68.62	0
9	checked	16	15	reset	99	63.069	0
9	checked	16	15	reset	100	71.875	0
9	checked	16	15	reset	101	67.697	0
9	checked	16	15	reset	102	63.61	0
9	checked	16	15	reset	103	64.271	0
9	checked	16	15	reset	104	64.482	0
9	checked	16	15	reset	105	64.912	0
9	checked	16	15	reset	106	66.535	0
9	checked	16	15	reset	107	69.05	0
9	checked	16	15	reset	108	67.687	0
9	checked	16	15	reset	109	68.559	0
9	checked	16	15	reset	110	66.807	0
9	checked	16	15	reset	111	70.943	0
9	checked	16	15	reset	112	70.463	0
9	checked	16	15	reset	113	70.222	0
9	checked	16	15	reset	114	69.852	0
9	checked	16	15	reset	115	64.712	0
9	checked	16	15	reset	116	68.019	0
9	checked	16	15	reset	117	67.938	0
9	checked	16	15	reset	118	66.245	0
9	checked	16	15	reset	119	68.249	0
9	checked	16	15	reset	120	66.034	0
9	checked	16	15	reset	121	63.389	0
9	checked	16	15	reset	122	61.797	0
9	checked	16	15	reset	123	61.847	0
9	checked	16	15	reset	124	67.989	0
9	checked	16	15	reset	125	68.93	0
9	checked	16	15	reset	126	67.567	0
9	checked	16	15	reset	127	70.714	0
9	checked	16	15	reset	128	69.081	0
9	checked	16	15	reset	129	65.183	0
9	checked	16	15	reset	130	69.041	0
9	checked	16	15	reset	131	69.311	0
9	checked	16	15	reset	132	69.752	0
9	checked	16	15	reset	133	61.907	0
9	checked	16	15	reset	134	70.073	0
9	checked	16	15	reset	135	68.739	0
9	checked	16	15	reset	136	62.107	0
9	checked	16	15	reset	137	65.283	0
9	checked	16	15	reset	138	63.911	0
9	checked	16	15	reset	139	65.483	0
9	checked	16	15	reset	140	66.164	0
9	checked	16	15	reset	141	68.91	0
9	checked	16	15	reset	142	66.455	0
9	checked	16	15	reset	143	67.177	0
9	checked	16	15	reset	144	69.221	0
9	checked	16	15	reset	145	74.14	0
9	checked	16	15	reset	146	66.065	0
9	checked	16	15	reset	147	72.267	0
9	checked	16	15	reset	148	63.78	0
9	checked	16	15	reset	149	70.442	0
9	checked	16	15	reset	150	67.196	0
9	checked	16	15	reset	151	68.87	0
9	checked	16	15	reset	152	64.732	0
9	checked	16	15	reset	153	70.232	0
9	checked	16	15	reset	154	66.776	0
9	checked	16	15	reset	155	73.268	0
9	checked	16	15	reset	156	69.602	0
9	checked	16	15	reset	157	62.128	0
9	checked	16	15	reset	158	65.113	0
9	checked	16	15	reset	159	66.906	0
9	checked	16	15	reset	160	64.993	0
9	checked	16	15	reset	161	67.959	0
9	checked	16	15	reset	162	65.133	0
9	checked	16	15	reset	163	65.213	0
9	checked	16	15	reset	164	70.262	0
9	checked	16	15	reset	165	63.009	0
9	checked	16	15	reset	166	64.251	0
9	checked	16	15	reset	167	64.041	0
9	checked	16	15	reset	168	61.937	0
9	checked	16	15	reset	169	67.818	0
9	checked	16	15	reset	170	71.755	0
9	checked	16	15	reset	171	72.597	0
9	checked	16	15	reset	172	71.956	0
9	checked	16	15	reset	173	66.916	0
9	checked	16	15	reset	174	76.003	0
9	checked	16	15	reset	175	69.591	0
9	checked	16	15	reset	176	70.363	0
9	checked	16	15	reset	177	67.517	0
9	checked	16	15	reset	178	69.751	0
9	checked	16	15	reset	179	68.659	0
9	checked	16	15	reset	180	72.487	0
9	checked	16	15	reset	181	70.814	0
9	checked	16	15	reset	182	501.156	0
9	checked	16	15	reset	183	82.345	0
9	checked	16	15	reset	184	89.689	0
9	checked	16	15	reset	185	71.735	0
9	checked	16	15	reset	186	84.059	0
9	checked	16	15	reset	187	73.358	0
9	checked	16	15	reset	188	84.229	0
9	checked	16	15	reset	189	72.787	0
9	checked	16	15	reset	190	81.263	0
9	checked	16	15	reset	191	78.558	0
9	checked	16	15	reset	192	76.515	0
9	checked	16	15	reset	193	74.441	0
9	checked	16	15	reset	194	74.069	0
9	checked	16	15	reset	195	71.404	0
9	checked	16	15	reset	196	79.881	0
9	checked	16	15	reset	197	73.068	0
9	checked	16	15	reset	198	71.495	0
9	checked	16	15	reset	199	71.324	0
9	checked	16	15	reset	200	82.155	0
9	checked	16	15	stall	1	232.399	0
9	checked	16	15	stall	2	228.18	0
9	checked	16	15	stall	3	221.728	0
9	checked	16	15	stall	4	245.052	0
9	checked	16	15	stall	5	231.166	0
9	checked	16	15	stall	6	237.177	0
9	checked	16	15	stall	7	228.15	0
9	checked	16	15	stall	8	226.968	0
9	checked	16	15	stall	9	227.96	0
9	checked	16	15	stall	10	151.145	0
9	checked	16	15	stall	11	223.782	0
9	checked	16	15	stall	12	228.101	0
9	checked	16	15	stall	13	236.917	0
9	checked	16	15	stall	14	245.463	0
9	checked	16	15	stall	15	232.339	0
9	unsafe	16	15	reset	1	0.17	0
9	unsafe	16	15	reset	2	0.08	0
9	unsafe	16	15	reset	3	0.181	0
9	unsafe	16	15	reset	4	0.08	0
9	unsafe	16	15	reset	5	0.07	0
9	unsafe	16	15	reset	6	0.08	0
9	unsafe	16	15	reset	7	0.251	0
9	unsafe	16	15	reset	8	0.13	0
9	unsafe	16	15	reset	9	0.12	0
9	unsafe	16	15	reset	10	0.13	0
9	unsafe	16	15	reset	11	0.13	0
9	unsafe	16	15	reset	12	0.121	0
9	unsafe	16	15	reset	13	0.121	0
9	unsafe	16	15	reset	14	0.12	0
9	unsafe	16	15	reset	15	0.12	0
9	unsafe	16	15	reset	16	0.13	0
9	unsafe	16	15	reset	17	0.13	0
9	unsafe	16	15	reset	18	0.13	0
9	unsafe	16	15	reset	19	0.131	0
9	unsafe	16	15	reset	20	0.12	0
9	unsafe	16	15	reset	21	0.12	0
9	unsafe	16	15	reset	22	0.13	0
9	unsafe	16	15	reset	23	0.13	0
9	unsafe	16	15	reset	24	0.13	0
9	unsafe	16	15	reset	25	0.13	0
9	unsafe	16	15	reset	26	0.12	0
9	unsafe	16	15	reset	27	0.131	0
9	unsafe	16	15	reset	28	0.131	0
9	unsafe	16	15	reset	29	0.13	0
9	unsafe	16	15	reset	30	0.13	0
9	unsafe	16	15	reset	31	0.14	0
9	unsafe	16	15	reset	32	0.12	0
9	unsafe	16	15	reset	33	0.13	0
9	unsafe	16	15	reset	34	2.215	0
9	unsafe	16	15	reset	35	0.1	0
9	unsafe	16	15	reset	36	0.07	0
9	unsafe	16	15	reset	37	0.1	0
9	unsafe	16	15	reset	38	0.081	0
9	unsafe	16	15	reset	39	0.08	0
9	unsafe	16	15	reset	40	0.08	0
9	unsafe	16	15	reset	41	0.07	0
9	unsafe	16	15	reset	42	0.08	0
9	unsafe	16	15	reset	43	0.081	0
9	unsafe	16	15	reset	44	0.08	0
9	unsafe	16	15	reset	45	0.07	0
9	unsafe	16	15	reset	46	0.081	0
9	unsafe	16	15	reset	47	0.07	0
9	unsafe	16	15	reset	48	0.08	0
9	unsafe	16	15	reset	49	0.071	0
9	unsafe	16	15	reset	50	0.08	0
9	unsafe	16	15	reset	51	0.07	0
9	unsafe	16	15	reset	52	0.08	0
9	unsafe	16	15	reset	53	0.09	0
9	unsafe	16	15	reset	54	0.08	0
9	unsafe	16	15	reset	55	0.08	0
9	unsafe	16	15	reset	56	0.09	0
9	unsafe	16	15	reset	57	0.07	0
9	unsafe	16	15	reset	58	0.071	0
9	unsafe	16	15	reset	59	0.07	0
9	unsafe	16	15	reset	60	0.07	0
9	unsafe	16	15	reset	61	0.08	0
9	unsafe	16	15	reset	62	0.08	0
9	unsafe	16	15	reset	63	0.08	0
9	unsafe	16	15	reset	64	0.09	0
9	unsafe	16	15	reset	65	0.08	0
9	unsafe	16	15	reset	66	0.08	0
9	unsafe	16	15	reset	67	0.081	0
9	unsafe	16	15	reset	68	0.07	0
9	unsafe	16	15	reset	69	0.08	0
9	unsafe	16	15	reset	70	0.071	0
9	unsafe	16	15	reset	71	0.081	0
9	unsafe	16	15	reset	72	0.08	0
9	unsafe	16	15	reset	73	0.08	0
9	unsafe	16	15	reset	74	0.07	0
9	unsafe	16	15	reset	75	0.08	0
9	unsafe	16	15	reset	76	0.08	0
9	unsafe	16	15	reset	77	0.071	0
9	unsafe	16	15	reset	78	0.09	0
9	unsafe	16	15	reset	79	0.07	0
9	unsafe	16	15	reset	80	0.08	0
9	unsafe	16	15	reset	81	0.07	0
9	unsafe	16	15	reset	82	0.07	0
9	unsafe	16	15	reset	83	0.07	0
9	unsafe	16	15	reset	84	0.08	0
9	unsafe	16	15	reset	85	0.081	0
9	unsafe	16	15	reset	86	0.08	0
9	unsafe	16	15	reset	87	0.08	0
9	unsafe	16	15	reset	88	0.09	0
9	unsafe	16	15	reset	89	0.07	0
9	unsafe	16	15	reset	90	0.081	0
9	unsafe	16	15	reset	91	0.07	0
9	unsafe	16	15	reset	92	0.081	0
9	unsafe	16	15	reset	93	0.07	0
9	unsafe	16	15	reset	94	0.07	0
9	unsafe	16	15	reset	95	0.09	0
9	unsafe	16	15	reset	96	0.08	0
9	unsafe	16	15	reset	97	0.081	0
9	unsafe	16	15	reset	98	0.08	0
9	unsafe	16	15	reset	99	0.08	0
9	unsafe	16	15	reset	100	0.07	0
9	unsafe	16	15	reset	101	0.07	0
9	unsafe	16	15	reset	102	0.08	0
9	unsafe	16	15	reset	103	0.07	0
9	unsafe	16	15	reset	104	0.08	0
9	unsafe	16	15	reset	105	0.08	0
9	unsafe	16	15	reset	106	0.07	0
9	unsafe	16	15	reset	107	0.07	0
9	unsafe	16	15	reset	108	0.08	0
9	unsafe	16	15	reset	109	0.09	0
9	unsafe	16	15	reset	110	0.08	0
9	unsafe	16	15	reset	111	0.08	0
9	unsafe	16	15	reset	112	0.08	0
9	unsafe	16	15	reset	113	0.08	0
9	unsafe	16	15	reset	114	0.08	0
9	unsafe	16	15	reset	115	0.08	0
9	unsafe	16	15	reset	116	0.07	0
9	unsafe	16	15	reset	117	0.08	0
9	unsafe	16	15	reset	118	0.08	0
9	unsafe	16	15	reset	119	0.07	0
9	unsafe	16	15	reset	120	0.07	0
9	unsafe	16	15	reset	121	0.08	0
9	unsafe	16	15	reset	122	0.08	0
9	unsafe	16	15	reset	123	0.07	0
9	unsafe	16	15	reset	124	0.08	0
9	unsafe	16	15	reset	125	0.08	0
9	unsafe	16	15	reset	126	0.07	0
9	unsafe	16	15	reset	127	0.101	0
9	unsafe	16	15	reset	128	0.08	0
9	unsafe	16	15	reset	129	0.08	0
9	unsafe	16	15	reset	130	0.091	0
9	unsafe	16	15	reset	131	0.07	0
9	unsafe	16	15	reset	132	0.091	0
9	unsafe	16	15	reset	133	0.071	0
9	unsafe	16	15	reset	134	0.08	0
9	unsafe	16	15	reset	135	0.091	0
9	unsafe	16	15	reset	136	0.08	0
9	unsafe	16	15	reset	137	0.08	0
9	unsafe	16	15	reset	138	0.08	0
9	unsafe	16	15	reset	139	0.08	0
9	unsafe	16	15	reset	140	0.07	0
9	unsafe	16	15	reset	141	0.08	0
9	unsafe	16	15	reset	142	0.08	0
9	unsafe	16	15	reset	143	0.07	0
9	unsafe	16	15	reset	144	0.08	0
9	unsafe	16	15	reset	145	0.07	0
9	unsafe	16	15	reset	146	0.161	0
9	unsafe	16	15	reset	147	0.071	0
9	unsafe	16	15	reset	148	0.08	0
9	unsafe	16	15	reset	149	0.07	0
9	unsafe	16	15	reset	150	0.08	0
9	unsafe	16	15	reset	151	0.09	0
9	unsafe	16	15	reset	152	0.07	0
9	unsafe	16	15	reset	153	0.07	0
9	unsafe	16	15	reset	154	0.07	0
9	unsafe	16	15	reset	155	0.08	0
9	unsafe	16	15	reset	156	0.08	0
9	unsafe	16	15	reset	157	0.08	0
9	unsafe	16	15	reset	158	0.07	0
9	unsafe	16	15	reset	159	0.081	0
9	unsafe	16	15	reset	160	0.08	0
9	unsafe	16	15	reset	161	0.1	0
9	unsafe	16	15	reset	162	0.07	0
9	unsafe	16	15	reset	163	0.08	0
9	unsafe	16	15	reset	164	0.08	0
9	unsafe	16	15	reset	165	0.07	0
9	unsafe	16	15	reset	166	0.08	0
9	unsafe	16	15	reset	167	0.08	0
9	unsafe	16	15	reset	168	0.08	0
9	unsafe	16	15	reset	169	0.07	0
9	unsafe	16	15	reset	170	0.071	0
9	unsafe	16	15	reset	171	0.08	0
9	unsafe	16	15	reset	172	0.08	0
9	unsafe	16	15	reset	173	0.09	0
9	unsafe	16	15	reset	174	0.081	0
9	unsafe	16	15	reset	175	0.08	0
9	unsafe	16	15	reset	176	0.08	0
9	unsafe	16	15	reset	177	0.08	0
9	unsafe	16	15	reset	178	0.08	0
9	unsafe	16	15	reset	179	0.07	0
9	unsafe	16	15	reset	180	0.08	0
9	unsafe	16	15	reset	181	0.08	0
9	unsafe	16	15	reset	182	0.08	0
9	unsafe	16	15	reset	183	0.07	0
9	unsafe	16	15	reset	184	0.08	0
9	unsafe	16	15	reset	185	0.08	0
9	unsafe	16	15	reset	186	0.08	0
9	unsafe	16	15	reset	187	0.08	0
9	unsafe	16	15	reset	188	0.09	0
9	unsafe	16	15	reset	189	0.07	0
9	unsafe	16	15	reset	190	0.08	0
9	unsafe	16	15	reset	191	0.09	0
9	unsafe	16	15	reset	192	0.091	0
9	unsafe	16	15	reset	193	0.08	0
9	unsafe	16	15	reset	194	0.07	0
9	unsafe	16	15	reset	195	0.08	0
9	unsafe	16	15	reset	196	0.08	0
9	unsafe	16	15	reset	197	0.09	0
9	unsafe	16	15	reset	198	0.08	0
9	unsafe	16	15	reset	199	0.08	0
9	unsafe	16	15	reset	200	0.081	0
9	unsafe	16	15	stall	1	0.0	0
9	unsafe	16	15	stall	2	0.0	0
9	unsafe	16	15	stall	3	0.0	0
9	unsafe	16	15	stall	4	0.0	0
9	unsafe	16	15	stall	5	0.0	0
9	unsafe	16	15	stall	6	0.0	0
9	unsafe	16	15	stall	7	0.0	0
9	unsafe	16	15	stall	8	136.337	0
9	unsafe	16	15	stall	9	0.0	0
9	unsafe	16	15	stall	10	0.0	0
9	unsafe	16	15	stall	11	0.0	0
9	unsafe	16	15	stall	12	0.0	0
9	unsafe	16	15	stall	13	0.0	0
9	unsafe	16	15	stall	14	0.0	0
9	unsafe	16	15	stall	15	0.0	0
9	checked	30	29	reset	1	87.895	0
9	checked	30	29	reset	2	67.167	0
9	checked	30	29	reset	3	68.138	0
9	checked	30	29	reset	4	171.754	0
9	checked	30	29	reset	5	94.178	0
9	checked	30	29	reset	6	106.731	0
9	checked	30	29	reset	7	66.435	0
9	checked	30	29	reset	8	149.231	0
9	checked	30	29	reset	9	113.143	0
9	checked	30	29	reset	10	107.423	0
9	checked	30	29	reset	11	107.262	0
9	checked	30	29	reset	12	106.2	0
9	checked	30	29	reset	13	106.04	0
9	checked	30	29	reset	14	105.719	0
9	checked	30	29	reset	15	104.738	0
9	checked	30	29	reset	16	100.129	0
9	checked	30	29	reset	17	98.456	0
9	checked	30	29	reset	18	99.237	0
9	checked	30	29	reset	19	127.861	0
9	checked	30	29	reset	20	95.901	0
9	checked	30	29	reset	21	106.411	0
9	checked	30	29	reset	22	119.946	0
9	checked	30	29	reset	23	101.341	0
9	checked	30	29	reset	24	127.46	0
9	checked	30	29	reset	25	104.988	0
9	checked	30	29	reset	26	108.354	0
9	checked	30	29	reset	27	98.886	0
9	checked	30	29	reset	28	108.184	0
9	checked	30	29	reset	29	99.248	0
9	checked	30	29	reset	30	107.713	0
9	checked	30	29	reset	31	105.569	0
9	checked	30	29	reset	32	98.586	0
9	checked	30	29	reset	33	99.066	0
9	checked	30	29	reset	34	95.0	0
9	checked	30	29	reset	35	111.06	0
9	checked	30	29	reset	36	114.987	0
9	checked	30	29	reset	37	114.496	0
9	checked	30	29	reset	38	113.164	0
9	checked	30	29	reset	39	116.77	0
9	checked	30	29	reset	40	117.061	0
9	checked	30	29	reset	41	104.006	0
9	checked	30	29	reset	42	98.606	0
9	checked	30	29	reset	43	104.568	0
9	checked	30	29	reset	44	96.512	0
9	checked	30	29	reset	45	105.869	0
9	checked	30	29	reset	46	105.208	0
9	checked	30	29	reset	47	100.199	0
9	checked	30	29	reset	48	102.554	0
9	checked	30	29	reset	49	103.184	0
9	checked	30	29	reset	50	97.213	0
9	checked	30	29	reset	51	98.736	0
9	checked	30	29	reset	52	101.943	0
9	checked	30	29	reset	53	95.08	0
9	checked	30	29	reset	54	102.493	0
9	checked	30	29	reset	55	97.554	0
9	checked	30	29	reset	56	103.145	0
9	checked	30	29	reset	57	106.521	0
9	checked	30	29	reset	58	104.878	0
9	checked	30	29	reset	59	108.895	0
9	checked	30	29	reset	60	99.037	0
9	checked	30	29	reset	61	140.846	0
9	checked	30	29	reset	62	105.81	0
9	checked	30	29	reset	63	92.795	0
9	checked	30	29	reset	64	95.079	0
9	checked	30	29	reset	65	104.778	0
9	checked	30	29	reset	66	101.522	0
9	checked	30	29	reset	67	100.159	0
9	checked	30	29	reset	68	96.812	0
9	checked	30	29	reset	69	103.495	0
9	checked	30	29	reset	70	99.277	0
9	checked	30	29	reset	71	105.84	0
9	checked	30	29	reset	72	105.469	0
9	checked	30	29	reset	73	102.664	0
9	checked	30	29	reset	74	100.139	0
9	checked	30	29	reset	75	98.055	0
9	checked	30	29	reset	76	99.537	0
9	checked	30	29	reset	77	106.501	0
9	checked	30	29	reset	78	102.614	0
9	checked	30	29	reset	79	104.807	0
9	checked	30	29	reset	80	103.475	0
9	checked	30	29	reset	81	92.565	0
9	checked	30	29	reset	82	100.33	0
9	checked	30	29	reset	83	95.17	0
9	checked	30	29	reset	84	99.678	0
9	checked	30	29	reset	85	103.815	0
9	checked	30	29	reset	86	120.397	0
9	checked	30	29	reset	87	99.367	0
9	checked	30	29	reset	88	98.095	0
9	checked	30	29	reset	89	99.988	0
9	checked	30	29	reset	90	96.552	0
9	checked	30	29	reset	91	2893.488	0
9	checked	30	29	reset	92	103.846	0
9	checked	30	29	reset	93	104.487	0
9	checked	30	29	reset	94	98.386	0
9	checked	30	29	reset	95	97.985	0
9	checked	30	29	reset	96	96.732	0
9	checked	30	29	reset	97	97.013	0
9	checked	30	29	reset	98	106.782	0
9	checked	30	29	reset	99	114.045	0
9	checked	30	29	reset	100	118.273	0
9	checked	30	29	reset	101	106.661	0
9	checked	30	29	reset	102	99.698	0
9	checked	30	29	reset	103	100.069	0
9	checked	30	29	reset	104	101.521	0
9	checked	30	29	reset	105	110.729	0
9	checked	30	29	reset	106	99.448	0
9	checked	30	29	reset	107	110.379	0
9	checked	30	29	reset	108	97.604	0
9	checked	30	29	reset	109	98.385	0
9	checked	30	29	reset	110	107.342	0
9	checked	30	29	reset	111	100.71	0
9	checked	30	29	reset	112	107.432	0
9	checked	30	29	reset	113	106.36	0
9	checked	30	29	reset	114	100.84	0
9	checked	30	29	reset	115	110.248	0
9	checked	30	29	reset	116	109.877	0
9	checked	30	29	reset	117	104.106	0
9	checked	30	29	reset	118	107.072	0
9	checked	30	29	reset	119	97.624	0
9	checked	30	29	reset	120	96.743	0
9	checked	30	29	reset	121	100.138	0
9	checked	30	29	reset	122	98.756	0
9	checked	30	29	reset	123	95.24	0
9	checked	30	29	reset	124	95.781	0
9	checked	30	29	reset	125	102.965	0
9	checked	30	29	reset	126	94.508	0
9	checked	30	29	reset	127	103.765	0
9	checked	30	29	reset	128	99.467	0
9	checked	30	29	reset	129	99.628	0
9	checked	30	29	reset	130	98.766	0
9	checked	30	29	reset	131	98.616	0
9	checked	30	29	reset	132	92.214	0
9	checked	30	29	reset	133	201.169	0
9	checked	30	29	reset	134	97.253	0
9	checked	30	29	reset	135	101.171	0
9	checked	30	29	reset	136	106.842	0
9	checked	30	29	reset	137	3269.798	0
9	checked	30	29	reset	138	111.35	0
9	checked	30	29	reset	139	2380.952	0
9	checked	30	29	reset	140	144.142	0
9	checked	30	29	reset	141	149.212	0
9	checked	30	29	reset	142	3309.292	0
9	checked	30	29	reset	143	129.875	0
9	checked	30	29	reset	144	398.872	0
9	checked	30	29	reset	145	314.283	0
9	checked	30	29	reset	146	107.653	0
9	checked	30	29	reset	147	100.73	0
9	checked	30	29	reset	148	98.375	0
9	checked	30	29	reset	149	95.05	0
9	checked	30	29	reset	150	102.243	0
9	checked	30	29	reset	151	91.773	0
9	checked	30	29	reset	152	92.775	0
9	checked	30	29	reset	153	89.098	0
9	checked	30	29	reset	154	97.794	0
9	checked	30	29	reset	155	96.262	0
9	checked	30	29	reset	156	93.918	0
9	checked	30	29	reset	157	102.684	0
9	checked	30	29	reset	158	91.583	0
9	checked	30	29	reset	159	97.514	0
9	checked	30	29	reset	160	99.197	0
9	checked	30	29	reset	161	114.005	0
9	checked	30	29	reset	162	117.762	0
9	checked	30	29	reset	163	102.003	0
9	checked	30	29	reset	164	109.787	0
9	checked	30	29	reset	165	107.923	0
9	checked	30	29	reset	166	216.438	0
9	checked	30	29	reset	167	108.004	0
9	checked	30	29	reset	168	105.69	0
9	checked	30	29	reset	169	100.059	0
9	checked	30	29	reset	170	93.707	0
9	checked	30	29	reset	171	104.667	0
9	checked	30	29	reset	172	97.123	0
9	checked	30	29	reset	173	108.865	0
9	checked	30	29	reset	174	116.86	0
9	checked	30	29	reset	175	113.154	0
9	checked	30	29	reset	176	110.268	0
9	checked	30	29	reset	177	100.72	0
9	checked	30	29	reset	178	97.905	0
9	checked	30	29	reset	179	3894.617	0
9	checked	30	29	reset	180	114.506	0
9	checked	30	29	reset	181	103.996	0
9	checked	30	29	reset	182	105.719	0
9	checked	30	29	reset	183	100.43	0
9	checked	30	29	reset	184	107.242	0
9	checked	30	29	reset	185	103.735	0
9	checked	30	29	reset	186	133.001	0
9	checked	30	29	reset	187	109.296	0
9	checked	30	29	reset	188	110.088	0
9	checked	30	29	reset	189	111.37	0
9	checked	30	29	reset	190	109.997	0
9	checked	30	29	reset	191	107.102	0
9	checked	30	29	reset	192	111.521	0
9	checked	30	29	reset	193	108.013	0
9	checked	30	29	reset	194	116.179	0
9	checked	30	29	reset	195	136.718	0
9	checked	30	29	reset	196	109.246	0
9	checked	30	29	reset	197	116.519	0
9	checked	30	29	reset	198	111.3	0
9	checked	30	29	reset	199	130.406	0
9	checked	30	29	reset	200	119.906	0
9	checked	30	29	stall	1	4204.341	0
9	checked	30	29	stall	2	3250.07	0
9	checked	30	29	stall	3	3251.935	0
9	checked	30	29	stall	4	4179.343	0
9	checked	30	29	stall	5	3260.43	0
9	checked	30	29	stall	6	3296.779	0
9	checked	30	29	stall	7	3754.943	0
9	checked	30	29	stall	8	4117.187	0
9	checked	30	29	stall	9	4180.837	0
9	checked	30	29	stall	10	3256.843	0
9	checked	30	29	stall	11	4178.952	0
9	checked	30	29	stall	12	3255.872	0
9	checked	30	29	stall	13	3250.281	0
9	checked	30	29	stall	14	3263.576	0
9	checked	30	29	stall	15	4783.914	0
9	checked	30	29	stall	16	4201.064	0
9	checked	30	29	stall	17	4114.572	0
9	checked	30	29	stall	18	3307.338	0
9	checked	30	29	stall	19	3257.595	0
9	checked	30	29	stall	20	3260.239	0
9	checked	30	29	stall	21	3261.382	0
9	checked	30	29	stall	22	3259.128	0
9	checked	30	29	stall	23	3299.925	0
9	checked	30	29	stall	24	3296.869	0
9	checked	30	29	stall	25	4179.484	0
9	checked	30	29	stall	26	3266.502	0
9	checked	30	29	stall	27	7273.761	0
9	checked	30	29	stall	28	3301.127	0
9	checked	30	29	stall	29	3243.759	0
9	unsafe	30	29	reset	1	0.16	0
9	unsafe	30	29	reset	2	0.08	0
9	unsafe	30	29	reset	3	0.07	0
9	unsafe	30	29	reset	4	0.081	0
9	unsafe	30	29	reset	5	0.061	0
9	unsafe	30	29	reset	6	0.161	0
9	unsafe	30	29	reset	7	0.161	0
9	unsafe	30	29	reset	8	0.13	0
9	unsafe	30	29	reset	9	0.13	0
9	unsafe	30	29	reset	10	0.13	0
9	unsafe	30	29	reset	11	0.13	0
9	unsafe	30	29	reset	12	0.13	0
9	unsafe	30	29	reset	13	0.131	0
9	unsafe	30	29	reset	14	0.13	0
9	unsafe	30	29	reset	15	0.131	0
9	unsafe	30	29	reset	16	0.131	0
9	unsafe	30	29	reset	17	0.13	0
9	unsafe	30	29	reset	18	0.13	0
9	unsafe	30	29	reset	19	0.131	0
9	unsafe	30	29	reset	20	0.13	0
9	unsafe	30	29	reset	21	0.121	0
9	unsafe	30	29	reset	22	0.13	0
9	unsafe	30	29	reset	23	0.131	0
9	unsafe	30	29	reset	24	0.13	0
9	unsafe	30	29	reset	25	0.13	0
9	unsafe	30	29	reset	26	0.131	0
9	unsafe	30	29	reset	27	0.13	0
9	unsafe	30	29	reset	28	0.13	0
9	unsafe	30	29	reset	29	0.13	0
9	unsafe	30	29	reset	30	0.13	0
9	unsafe	30	29	reset	31	0.14	0
9	unsafe	30	29	reset	32	0.13	0
9	unsafe	30	29	reset	33	0.14	0
9	unsafe	30	29	reset	34	0.14	0
9	unsafe	30	29	reset	35	0.13	0
9	unsafe	30	29	reset	36	0.13	0
9	unsafe	30	29	reset	37	0.13	0
9	unsafe	30	29	reset	38	0.13	0
9	unsafe	30	29	reset	39	0.13	0
9	unsafe	30	29	reset	40	0.151	0
9	unsafe	30	29	reset	41	0.131	0
9	unsafe	30	29	reset	42	0.131	0
9	unsafe	30	29	reset	43	0.13	0
9	unsafe	30	29	reset	44	0.14	0
9	unsafe	30	29	reset	45	0.13	0
9	unsafe	30	29	reset	46	0.13	0
9	unsafe	30	29	reset	47	0.131	0
9	unsafe	30	29	reset	48	0.13	0
9	unsafe	30	29	reset	49	0.13	0
9	unsafe	30	29	reset	50	0.131	0
9	unsafe	30	29	reset	51	0.13	0
9	unsafe	30	29	reset	52	0.131	0
9	unsafe	30	29	reset	53	0.13	0
9	unsafe	30	29	reset	54	0.13	0
9	unsafe	30	29	reset	55	0.15	0
9	unsafe	30	29	reset	56	0.131	0
9	unsafe	30	29	reset	57	0.131	0
9	unsafe	30	29	reset	58	0.13	0
9	unsafe	30	29	reset	59	0.13	0
9	unsafe	30	29	reset	60	0.13	0
9	unsafe	30	29	reset	61	0.13	0
9	unsafe	30	29	reset	62	0.14	0
9	unsafe	30	29	reset	63	0.13	0
9	unsafe	30	29	reset	64	0.13	0
9	unsafe	30	29	reset	65	0.13	0
9	unsafe	30	29	reset	66	0.13	0
9	unsafe	30	29	reset	67	0.13	0
9	unsafe	30	29	reset	68	0.13	0
9	unsafe	30	29	reset	69	0.141	0
9	unsafe	30	29	reset	70	0.13	0
9	unsafe	30	29	reset	71	0.13	0
9	unsafe	30	29	reset	72	0.13	0
9	unsafe	30	29	reset	73	0.13	0
9	unsafe	30	29	reset	74	0.13	0
9	unsafe	30	29	reset	75	0.13	0
9	unsafe	30	29	reset	76	0.131	0
9	unsafe	30	29	reset	77	0.13	0
9	unsafe	30	29	reset	78	0.13	0
9	unsafe	30	29	reset	79	0.13	0
9	unsafe	30	29	reset	80	0.13	0
9	unsafe	30	29	reset	81	0.14	0
9	unsafe	30	29	reset	82	0.13	0
9	unsafe	30	29	reset	83	0.141	0
9	unsafe	30	29	reset	84	0.131	0
9	unsafe	30	29	reset	85	0.12	0
9	unsafe	30	29	reset	86	0.13	0
9	unsafe	30	29	reset	87	0.13	0
9	unsafe	30	29	reset	88	0.13	0
9	unsafe	30	29	reset	89	0.14	0
9	unsafe	30	29	reset	90	0.141	0
9	unsafe	30	29	reset	91	0.14	0
9	unsafe	30	29	reset	92	0.13	0
9	unsafe	30	29	reset	93	0.14	0
9	unsafe	30	29	reset	94	0.14	0
9	unsafe	30	29	reset	95	0.13	0
9	unsafe	30	29	reset	96	0.13	0
9	unsafe	30	29	reset	97	0.15	0
9	unsafe	30	29	reset	98	0.13	0
9	unsafe	30	29	reset	99	0.13	0
9	unsafe	30	29	reset	100	0.131	0
9	unsafe	30	29	reset	101	0.131	0
9	unsafe	30	29	reset	102	0.131	0
9	unsafe	30	29	reset	103	0.131	0
9	unsafe	30	29	reset	104	0.151	0
9	unsafe	30	29	reset	105	0.13	0
9	unsafe	30	29	reset	106	0.131	0
9	unsafe	30	29	reset	107	0.13	0
9	unsafe	30	29	reset	108	0.13	0
9	unsafe	30	29	reset	109	0.13	0
9	unsafe	30	29	reset	110	0.13	0
9	unsafe	30	29	reset	111	0.13	0
9	unsafe	30	29	reset	112	0.131	0
9	unsafe	30	29	reset	113	0.13	0
9	unsafe	30	29	reset	114	0.151	0
9	unsafe	30	29	reset	115	0.13	0
9	unsafe	30	29	reset	116	0.15	0
9	unsafe	30	29	reset	117	0.13	0
9	unsafe	30	29	reset	118	0.13	0
9	unsafe	30	29	reset	119	0.121	0
9	unsafe	30	29	reset	120	0.13	0
9	unsafe	30	29	reset	121	0.151	0
9	unsafe	30	29	reset	122	0.13	0
9	unsafe	30	29	reset	123	0.13	0
9	unsafe	30	29	reset	124	0.131	0
9	unsafe	30	29	reset	125	0.15	0
9	unsafe	30	29	reset	126	0.13	0
9	unsafe	30	29	reset	127	0.141	0
9	unsafe	30	29	reset	128	0.13	0
9	unsafe	30	29	reset	129	0.13	0
9	unsafe	30	29	reset	130	0.131	0
9	unsafe	30	29	reset	131	0.13	0
9	unsafe	30	29	reset	132	0.13	0
9	unsafe	30	29	reset	133	0.13	0
9	unsafe	30	29	reset	134	0.14	0
9	unsafe	30	29	reset	135	0.131	0
9	unsafe	30	29	reset	136	0.13	0
9	unsafe	30	29	reset	137	0.13	0
9	unsafe	30	29	reset	138	0.131	0
9	unsafe	30	29	reset	139	0.13	0
9	unsafe	30	29	reset	140	0.13	0
9	unsafe	30	29	reset	141	0.13	0
9	unsafe	30	29	reset	142	0.13	0
9	unsafe	30	29	reset	143	0.131	0
9	unsafe	30	29	reset	144	0.13	0
9	unsafe	30	29	reset	145	0.131	0
9	unsafe	30	29	reset	146	0.131	0
9	unsafe	30	29	reset	147	0.131	0
9	unsafe	30	29	reset	148	0.13	0
9	unsafe	30	29	reset	149	0.14	0
9	unsafe	30	29	reset	150	0.14	0
9	unsafe	30	29	reset	151	0.13	0
9	unsafe	30	29	reset	152	0.13	0
9	unsafe	30	29	reset	153	0.16	0
9	unsafe	30	29	reset	154	0.13	0
9	unsafe	30	29	reset	155	0.13	0
9	unsafe	30	29	reset	156	0.13	0
9	unsafe	30	29	reset	157	0.13	0
9	unsafe	30	29	reset	158	0.13	0
9	unsafe	30	29	reset	159	0.13	0
9	unsafe	30	29	reset	160	0.13	0
9	unsafe	30	29	reset	161	0.13	0
9	unsafe	30	29	reset	162	0.14	0
9	unsafe	30	29	reset	163	0.14	0
9	unsafe	30	29	reset	164	0.13	0
9	unsafe	30	29	reset	165	0.131	0
9	unsafe	30	29	reset	166	0.12	0
9	unsafe	30	29	reset	167	0.13	0
9	unsafe	30	29	reset	168	0.13	0
9	unsafe	30	29	reset	169	0.12	0
9	unsafe	30	29	reset	170	0.13	0
9	unsafe	30	29	reset	171	0.14	0
9	unsafe	30	29	reset	172	0.13	0
9	unsafe	30	29	reset	173	0.13	0
9	unsafe	30	29	reset	174	0.13	0
9	unsafe	30	29	reset	175	0.13	0
9	unsafe	30	29	reset	176	0.14	0
9	unsafe	30	29	reset	177	0.13	0
9	unsafe	30	29	reset	178	0.131	0
9	unsafe	30	29	reset	179	0.13	0
9	unsafe	30	29	reset	180	0.13	0
9	unsafe	30	29	reset	181	0.13	0
9	unsafe	30	29	reset	182	0.13	0
9	unsafe	30	29	reset	183	0.13	0
9	unsafe	30	29	reset	184	0.131	0
9	unsafe	30	29	reset	185	0.14	0
9	unsafe	30	29	reset	186	0.13	0
9	unsafe	30	29	reset	187	0.13	0
9	unsafe	30	29	reset	188	0.13	0
9	unsafe	30	29	reset	189	0.13	0
9	unsafe	30	29	reset	190	0.13	0
9	unsafe	30	29	reset	191	0.13	0
9	unsafe	30	29	reset	192	0.16	0
9	unsafe	30	29	reset	193	0.13	0
9	unsafe	30	29	reset	194	0.13	0
9	unsafe	30	29	reset	195	0.13	0
9	unsafe	30	29	reset	196	0.13	0
9	unsafe	30	29	reset	197	0.12	0
9	unsafe	30	29	reset	198	0.13	0
9	unsafe	30	29	reset	199	0.141	0
9	unsafe	30	29	reset	200	0.13	0
9	unsafe	30	29	stall	1	0.0	0
9	unsafe	30	29	stall	2	0.0	0
9	unsafe	30	29	stall	3	0.0	0
9	unsafe	30	29	stall	4	739.695	0
9	unsafe	30	29	stall	5	393.713	0
9	unsafe	30	29	stall	6	0.0	0
9	unsafe	30	29	stall	7	394.474	0
9	unsafe	30	29	stall	8	0.0	0
9	unsafe	30	29	stall	9	0.0	0
9	unsafe	30	29	stall	10	109.687	0
9	unsafe	30	29	stall	11	583.721	0
9	unsafe	30	29	stall	12	0.0	0
9	unsafe	30	29	stall	13	0.0	0
9	unsafe	30	29	stall	14	0.0	0
9	unsafe	30	29	stall	15	0.0	0
9	unsafe	30	29	stall	16	0.0	0
9	unsafe	30	29	stall	17	0.0	0
9	unsafe	30	29	stall	18	0.0	0
9	unsafe	30	29	stall	19	316.016	0
9	unsafe	30	29	stall	20	82.726	0
9	unsafe	30	29	stall	21	0.0	0
9	unsafe	30	29	stall	22	209.595	0
9	unsafe	30	29	stall	23	461.772	0
9	unsafe	30	29	stall	24	0.0	0
9	unsafe	30	29	stall	25	0.0	0
9	unsafe	30	29	stall	26	0.0	0
9	unsafe	30	29	stall	27	3004.638	0
9	unsafe	30	29	stall	28	0.0	0
9	unsafe	30	29	stall	29	0.0	0
10	checked	1	0	reset	1	35.136	0
10	checked	1	0	reset	2	27.693	0
10	checked	1	0	reset	3	27.111	0
10	checked	1	0	reset	4	26.64	0
10	checked	1	0	reset	5	26.69	0
10	checked	1	0	reset	6	26.55	0
10	checked	1	0	reset	7	28.163	0
10	checked	1	0	reset	8	28.134	0
10	checked	1	0	reset	9	29.285	0
10	checked	1	0	reset	10	27.161	0
10	checked	1	0	reset	11	27.141	0
10	checked	1	0	reset	12	27.061	0
10	checked	1	0	reset	13	27.572	0
10	checked	1	0	reset	14	27.121	0
10	checked	1	0	reset	15	28.384	0
10	checked	1	0	reset	16	28.153	0
10	checked	1	0	reset	17	27.902	0
10	checked	1	0	reset	18	27.361	0
10	checked	1	0	reset	19	27.272	0
10	checked	1	0	reset	20	33.754	0
10	checked	1	0	reset	21	28.183	0
10	checked	1	0	reset	22	27.582	0
10	checked	1	0	reset	23	27.331	0
10	checked	1	0	reset	24	26.991	0
10	checked	1	0	reset	25	27.692	0
10	checked	1	0	reset	26	27.352	0
10	checked	1	0	reset	27	27.162	0
10	checked	1	0	reset	28	27.051	0
10	checked	1	0	reset	29	28.233	0
10	checked	1	0	reset	30	26.651	0
10	checked	1	0	reset	31	26.611	0
10	checked	1	0	reset	32	26.7	0
10	checked	1	0	reset	33	26.67	0
10	checked	1	0	reset	34	26.821	0
10	checked	1	0	reset	35	26.82	0
10	checked	1	0	reset	36	26.841	0
10	checked	1	0	reset	37	27.151	0
10	checked	1	0	reset	38	27.291	0
10	checked	1	0	reset	39	26.891	0
10	checked	1	0	reset	40	26.881	0
10	checked	1	0	reset	41	26.88	0
10	checked	1	0	reset	42	26.52	0
10	checked	1	0	reset	43	26.77	0
10	checked	1	0	reset	44	26.69	0
10	checked	1	0	reset	45	26.821	0
10	checked	1	0	reset	46	26.47	0
10	checked	1	0	reset	47	27.111	0
10	checked	1	0	reset	48	26.59	0
10	checked	1	0	reset	49	26.931	0
10	checked	1	0	reset	50	28.354	0
10	checked	1	0	reset	51	27.211	0
10	checked	1	0	reset	52	27.141	0
10	checked	1	0	reset	53	27.431	0
10	checked	1	0	reset	54	28.053	0
10	checked	1	0	reset	55	27.883	0
10	checked	1	0	reset	56	27.832	0
10	checked	1	0	reset	57	27.061	0
10	checked	1	0	reset	58	27.281	0
10	checked	1	0	reset	59	27.312	0
10	checked	1	0	reset	60	30.136	0
10	checked	1	0	reset	61	26.97	0
10	checked	1	0	reset	62	26.56	0
10	checked	1	0	reset	63	26.851	0
10	checked	1	0	reset	64	26.59	0
10	checked	1	0	reset	65	26.991	0
10	checked	1	0	reset	66	26.72	0
10	checked	1	0	reset	67	27.962	0
10	checked	1	0	reset	68	26.851	0
10	checked	1	0	reset	69	26.69	0
10	checked	1	0	reset	70	26.931	0
10	checked	1	0	reset	71	26.801	0
10	checked	1	0	reset	72	26.89	0
10	checked	1	0	reset	73	26.76	0
10	checked	1	0	reset	74	26.76	0
10	checked	1	0	reset	75	26.691	0
10	checked	1	0	reset	76	28.093	0
10	checked	1	0	reset	77	26.7	0
10	checked	1	0	reset	78	26.74	0
10	checked	1	0	reset	79	26.881	0
10	checked	1	0	reset	80	26.741	0
10	checked	1	0	reset	81	26.79	0
10	checked	1	0	reset	82	26.811	0
10	checked	1	0	reset	83	26.72	0
10	checked	1	0	reset	84	26.71	0
10	checked	1	0	reset	85	26.82	0
10	checked	1	0	reset	86	26.69	0
10	checked	1	0	reset	87	29.526	0
10	checked	1	0	reset	88	26.711	0
10	checked	1	0	reset	89	26.77	0
10	checked	1	0	reset	90	26.74	0
10	checked	1	0	reset	91	26.681	0
10	checked	1	0	reset	92	26.86	0
10	checked	1	0	reset	93	26.691	0
10	checked	1	0	reset	94	26.761	0
10	checked	1	0	reset	95	26.67	0
10	checked	1	0	reset	96	27.412	0
10	checked	1	0	reset	97	26.72	0
10	checked	1	0	reset	98	26.76	0
10	checked	1	0	reset	99	27.261	0
10	checked	1	0	reset	100	26.74	0
10	checked	1	0	reset	101	27.041	0
10	checked	1	0	reset	102	26.861	0
10	checked	1	0	reset	103	27.141	0
10	checked	1	0	reset	104	26.601	0
10	checked	1	0	reset	105	28.925	0
10	checked	1	0	reset	106	26.791	0
10	checked	1	0	reset	107	26.65	0
10	checked	1	0	reset	108	26.741	0
10	checked	1	0	reset	109	26.65	0
10	checked	1	0	reset	110	26.84	0
10	checked	1	0	reset	111	26.891	0
10	checked	1	0	reset	112	26.78	0
10	checked	1	0	reset	113	26.87	0
10	checked	1	0	reset	114	28.544	0
10	checked	1	0	reset	115	26.651	0
10	checked	1	0	reset	116	26.67	0
10	checked	1	0	reset	117	26.69	0
10	checked	1	0	reset	118	26.6	0
10	checked	1	0	reset	119	26.991	0
10	checked	1	0	reset	120	26.6	0
10	checked	1	0	reset	121	26.811	0
10	checked	1	0	reset	122	26.861	0
10	checked	1	0	reset	123	26.811	0
10	checked	1	0	reset	124	26.7	0
10	checked	1	0	reset	125	26.64	0
10	checked	1	0	reset	126	26.771	0
10	checked	1	0	reset	127	26.71	0
10	checked	1	0	reset	128	26.761	0
10	checked	1	0	reset	129	26.6	0
10	checked	1	0	reset	130	26.78	0
10	checked	1	0	reset	131	26.69	0
10	checked	1	0	reset	132	26.681	0
10	checked	1	0	reset	133	26.65	0
10	checked	1	0	reset	134	27.061	0
10	checked	1	0	reset	135	26.761	0
10	checked	1	0	reset	136	26.63	0
10	checked	1	0	reset	137	26.7	0
10	checked	1	0	reset	138	26.741	0
10	checked	1	0	reset	139	26.901	0
10	checked	1	0	reset	140	26.66	0
10	checked	1	0	reset	141	26.811	0
10	checked	1	0	reset	142	26.55	0
10	checked	1	0	reset	143	28.504	0
10	checked	1	0	reset	144	28.233	0
10	checked	1	0	reset	145	26.63	0
10	checked	1	0	reset	146	40.035	0
10	checked	1	0	reset	147	31.549	0
10	checked	1	0	reset	148	32.141	0
10	checked	1	0	reset	149	26.38	0
10	checked	1	0	reset	150	26.33	0
10	checked	1	0	reset	151	26.179	0
10	checked	1	0	reset	152	26.29	0
10	checked	1	0	reset	153	26.239	0
10	checked	1	0	reset	154	26.67	0
10	checked	1	0	reset	155	26.45	0
10	checked	1	0	reset	156	26.801	0
10	checked	1	0	reset	157	26.61	0
10	checked	1	0	reset	158	26.29	0
10	checked	1	0	reset	159	26.57	0
10	checked	1	0	reset	160	26.369	0
10	checked	1	0	reset	161	26.65	0
10	checked	1	0	reset	162	26.32	0
10	checked	1	0	reset	163	28.865	0
10	checked	1	0	reset	164	26.651	0
10	checked	1	0	reset	165	26.74	0
10	checked	1	0	reset	166	26.58	0
10	checked	1	0	reset	167	26.601	0
10	checked	1	0	reset	168	26.42	0
10	checked	1	0	reset	169	28.304	0
10	checked	1	0	reset	170	26.38	0
10	checked	1	0	reset	171	26.269	0
10	checked	1	0	reset	172	26.47	0
10	checked	1	0	reset	173	28.584	0
10	checked	1	0	reset	174	28.393	0
10	checked	1	0	reset	175	26.51	0
10	checked	1	0	reset	176	27.612	0
10	checked	1	0	reset	177	26.43	0
10	checked	1	0	reset	178	27.652	0
10	checked	1	0	reset	179	27.572	0
10	checked	1	0	reset	180	27.161	0
10	checked	1	0	reset	181	27.492	0
10	checked	1	0	reset	182	26.961	0
10	checked	1	0	reset	183	27.071	0
10	checked	1	0	reset	184	27.893	0
10	checked	1	0	reset	185	26.851	0
10	checked	1	0	reset	186	30.557	0
10	checked	1	0	reset	187	27.011	0
10	checked	1	0	reset	188	27.552	0
10	checked	1	0	reset	189	26.379	0
10	checked	1	0	reset	190	26.45	0
10	checked	1	0	reset	191	26.37	0
10	checked	1	0	reset	192	26.691	0
10	checked	1	0	reset	193	26.601	0
10	checked	1	0	reset	194	26.63	0
10	checked	1	0	reset	195	26.44	0
10	checked	1	0	reset	196	27.031	0
10	checked	1	0	reset	197	26.45	0
10	checked	1	0	reset	198	26.4	0
10	checked	1	0	reset	199	26.6	0
10	checked	1	0	reset	200	26.359	0
10	unsafe	1	0	reset	1	0.11	0
10	unsafe	1	0	reset	2	0.04	0
10	unsafe	1	0	reset	3	0.05	0
10	unsafe	1	0	reset	4	0.05	0
10	unsafe	1	0	reset	5	0.06	0
10	unsafe	1	0	reset	6	0.05	0
10	unsafe	1	0	reset	7	0.06	0
10	unsafe	1	0	reset	8	0.06	0
10	unsafe	1	0	reset	9	0.05	0
10	unsafe	1	0	reset	10	0.07	0
10	unsafe	1	0	reset	11	0.051	0
10	unsafe	1	0	reset	12	0.06	0
10	unsafe	1	0	reset	13	0.07	0
10	unsafe	1	0	reset	14	0.05	0
10	unsafe	1	0	reset	15	0.06	0
10	unsafe	1	0	reset	16	0.06	0
10	unsafe	1	0	reset	17	0.07	0
10	unsafe	1	0	reset	18	0.06	0
10	unsafe	1	0	reset	19	0.091	0
10	unsafe	1	0	reset	20	0.07	0
10	unsafe	1	0	reset	21	0.06	0
10	unsafe	1	0	reset	22	0.071	0
10	unsafe	1	0	reset	23	0.09	0
10	unsafe	1	0	reset	24	0.061	0
10	unsafe	1	0	reset	25	0.07	0
10	unsafe	1	0	reset	26	0.06	0
10	unsafe	1	0	reset	27	0.06	0
10	unsafe	1	0	reset	28	0.05	0
10	unsafe	1	0	reset	29	0.07	0
10	unsafe	1	0	reset	30	0.06	0
10	unsafe	1	0	reset	31	0.07	0
10	unsafe	1	0	reset	32	0.06	0
10	unsafe	1	0	reset	33	0.071	0
10	unsafe	1	0	reset	34	0.061	0
10	unsafe	1	0	reset	35	0.05	0
10	unsafe	1	0	reset	36	0.08	0
10	unsafe	1	0	reset	37	0.05	0
10	unsafe	1	0	reset	38	0.07	0
10	unsafe	1	0	reset	39	0.07	0
10	unsafe	1	0	reset	40	0.06	0
10	unsafe	1	0	reset	41	0.06	0
10	unsafe	1	0	reset	42	0.06	0
10	unsafe	1	0	reset	43	0.07	0
10	unsafe	1	0	reset	44	0.06	0
10	unsafe	1	0	reset	45	0.091	0
10	unsafe	1	0	reset	46	0.06	0
10	unsafe	1	0	reset	47	0.061	0
10	unsafe	1	0	reset	48	0.07	0
10	unsafe	1	0	reset	49	0.06	0
10	unsafe	1	0	reset	50	0.06	0
10	unsafe	1	0	reset	51	0.07	0
10	unsafe	1	0	reset	52	0.051	0
10	unsafe	1	0	reset	53	0.07	0
10	unsafe	1	0	reset	54	0.06	0
10	unsafe	1	0	reset	55	0.07	0
10	unsafe	1	0	reset	56	0.06	0
10	unsafe	1	0	reset	57	0.06	0
10	unsafe	1	0	reset	58	0.07	0
10	unsafe	1	0	reset	59	0.061	0
10	unsafe	1	0	reset	60	0.07	0
10	unsafe	1	0	reset	61	0.06	0
10	unsafe	1	0	reset	62	0.07	0
10	unsafe	1	0	reset	63	0.06	0
10	unsafe	1	0	reset	64	0.06	0
10	unsafe	1	0	reset	65	0.07	0
10	unsafe	1	0	reset	66	0.05	0
10	unsafe	1	0	reset	67	0.07	0
10	unsafe	1	0	reset	68	0.06	0
10	unsafe	1	0	reset	69	0.07	0
10	unsafe	1	0	reset	70	0.06	0
10	unsafe	1	0	reset	71	0.06	0
10	unsafe	1	0	reset	72	0.081	0
10	unsafe	1	0	reset	73	0.06	0
10	unsafe	1	0	reset	74	0.08	0
10	unsafe	1	0	reset	75	0.06	0
10	unsafe	1	0	reset	76	0.05	0
10	unsafe	1	0	reset	77	0.07	0
10	unsafe	1	0	reset	78	0.05	0
10	unsafe	1	0	reset	79	0.06	0
10	unsafe	1	0	reset	80	0.07	0
10	unsafe	1	0	reset	81	0.06	0
10	unsafe	1	0	reset	82	0.07	0
10	unsafe	1	0	reset	83	0.091	0
10	unsafe	1	0	reset	84	0.06	0
10	unsafe	1	0	reset	85	0.061	0
10	unsafe	1	0	reset	86	0.06	0
10	unsafe	1	0	reset	87	0.07	0
10	unsafe	1	0	reset	88	0.05	0
10	unsafe	1	0	reset	89	0.07	0
10	unsafe	1	0	reset	90	0.06	0
10	unsafe	1	0	reset	91	0.07	0
10	unsafe	1	0	reset	92	0.05	0
10	unsafe	1	0	reset	93	0.07	0
10	unsafe	1	0	reset	94	0.06	0
10	unsafe	1	0	reset	95	0.05	0
10	unsafe	1	0	reset	96	0.06	0
10	unsafe	1	0	reset	97	0.05	0
10	unsafe	1	0	reset	98	0.061	0
10	unsafe	1	0	reset	99	0.06	0
10	unsafe	1	0	reset	100	0.06	0
10	unsafe	1	0	reset	101	0.08	0
10	unsafe	1	0	reset	102	0.05	0
10	unsafe	1	0	reset	103	0.07	0
10	unsafe	1	0	reset	104	0.05	0
10	unsafe	1	0	reset	105	0.07	0
10	unsafe	1	0	reset	106	0.07	0
10	unsafe	1	0	reset	107	0.061	0
10	unsafe	1	0	reset	108	0.09	0
10	unsafe	1	0	reset	109	0.06	0
10	unsafe	1	0	reset	110	0.06	0
10	unsafe	1	0	reset	111	0.071	0
10	unsafe	1	0	reset	112	0.05	0
10	unsafe	1	0	reset	113	0.071	0
10	unsafe	1	0	reset	114	0.06	0
10	unsafe	1	0	reset	115	0.07	0
10	unsafe	1	0	reset	116	0.06	0
10	unsafe	1	0	reset	117	0.06	0
10	unsafe	1	0	reset	118	0.08	0
10	unsafe	1	0	reset	119	0.06	0
10	unsafe	1	0	reset	120	0.06	0
10	unsafe	1	0	reset	121	0.08	0
10	unsafe	1	0	reset	122	0.071	0
10	unsafe	1	0	reset	123	0.07	0
10	unsafe	1	0	reset	124	0.06	0
10	unsafe	1	0	reset	125	0.07	0
10	unsafe	1	0	reset	126	0.061	0
10	unsafe	1	0	reset	127	0.06	0
10	unsafe	1	0	reset	128	0.06	0
10	unsafe	1	0	reset	129	0.06	0
10	unsafe	1	0	reset	130	0.07	0
10	unsafe	1	0	reset	131	0.05	0
10	unsafe	1	0	reset	132	0.06	0
10	unsafe	1	0	reset	133	0.071	0
10	unsafe	1	0	reset	134	0.06	0
10	unsafe	1	0	reset	135	0.06	0
10	unsafe	1	0	reset	136	0.05	0
10	unsafe	1	0	reset	137	0.06	0
10	unsafe	1	0	reset	138	0.07	0
10	unsafe	1	0	reset	139	0.07	0
10	unsafe	1	0	reset	140	0.07	0
10	unsafe	1	0	reset	141	0.06	0
10	unsafe	1	0	reset	142	0.071	0
10	unsafe	1	0	reset	143	0.06	0
10	unsafe	1	0	reset	144	0.07	0
10	unsafe	1	0	reset	145	0.07	0
10	unsafe	1	0	reset	146	0.06	0
10	unsafe	1	0	reset	147	0.07	0
10	unsafe	1	0	reset	148	0.05	0
10	unsafe	1	0	reset	149	0.07	0
10	unsafe	1	0	reset	150	0.07	0
10	unsafe	1	0	reset	151	0.061	0
10	unsafe	1	0	reset	152	0.07	0
10	unsafe	1	0	reset	153	0.061	0
10	unsafe	1	0	reset	154	0.07	0
10	unsafe	1	0	reset	155	0.07	0
10	unsafe	1	0	reset	156	0.06	0
10	unsafe	1	0	reset	157	0.09	0
10	unsafe	1	0	reset	158	0.051	0
10	unsafe	1	0	reset	159	0.061	0
10	unsafe	1	0	reset	160	0.06	0
10	unsafe	1	0	reset	161	0.06	0
10	unsafe	1	0	reset	162	0.07	0
10	unsafe	1	0	reset	163	0.061	0
10	unsafe	1	0	reset	164	0.06	0
10	unsafe	1	0	reset	165	0.05	0
10	unsafe	1	0	reset	166	0.06	0
10	unsafe	1	0	reset	167	0.06	0
10	unsafe	1	0	reset	168	0.06	0
10	unsafe	1	0	reset	169	0.07	0
10	unsafe	1	0	reset	170	0.05	0
10	unsafe	1	0	reset	171	0.06	0
10	unsafe	1	0	reset	172	0.06	0
10	unsafe	1	0	reset	173	0.07	0
10	unsafe	1	0	reset	174	0.07	0
10	unsafe	1	0	reset	175	0.07	0
10	unsafe	1	0	reset	176	0.08	0
10	unsafe	1	0	reset	177	0.07	0
10	unsafe	1	0	reset	178	0.06	0
10	unsafe	1	0	reset	179	0.07	0
10	unsafe	1	0	reset	180	0.071	0
10	unsafe	1	0	reset	181	0.07	0
10	unsafe	1	0	reset	182	0.06	0
10	unsafe	1	0	reset	183	0.07	0
10	unsafe	1	0	reset	184	0.06	0
10	unsafe	1	0	reset	185	0.071	0
10	unsafe	1	0	reset	186	0.07	0
10	unsafe	1	0	reset	187	0.07	0
10	unsafe	1	0	reset	188	0.07	0
10	unsafe	1	0	reset	189	0.07	0
10	unsafe	1	0	reset	190	0.061	0
10	unsafe	1	0	reset	191	0.07	0
10	unsafe	1	0	reset	192	0.06	0
10	unsafe	1	0	reset	193	0.07	0
10	unsafe	1	0	reset	194	0.06	0
10	unsafe	1	0	reset	195	0.06	0
10	unsafe	1	0	reset	196	0.08	0
10	unsafe	1	0	reset	197	0.07	0
10	unsafe	1	0	reset	198	0.08	0
10	unsafe	1	0	reset	199	0.05	0
10	unsafe	1	0	reset	200	0.07	0
10	checked	4	3	reset	1	69.762	0
10	checked	4	3	reset	2	46.879	0
10	checked	4	3	reset	3	78.118	0
10	checked	4	3	reset	4	100.059	0
10	checked	4	3	reset	5	50.124	0
10	checked	4	3	reset	6	42.23	0
10	checked	4	3	reset	7	171.774	0
10	checked	4	3	reset	8	44.023	0
10	checked	4	3	reset	9	42.119	0
10	checked	4	3	reset	10	40.747	0
10	checked	4	3	reset	11	52.459	0
10	checked	4	3	reset	12	40.476	0
10	checked	4	3	reset	13	41.418	0
10	checked	4	3	reset	14	40.807	0
10	checked	4	3	reset	15	41.097	0
10	checked	4	3	reset	16	40.957	0
10	checked	4	3	reset	17	41.809	0
10	checked	4	3	reset	18	41.959	0
10	checked	4	3	reset	19	41.128	0
10	checked	4	3	reset	20	135.215	0
10	checked	4	3	reset	21	92.294	0
10	checked	4	3	reset	22	50.665	0
10	checked	4	3	reset	23	38.974	0
10	checked	4	3	reset	24	39.514	0
10	checked	4	3	reset	25	37.781	0
10	checked	4	3	reset	26	36.218	0
10	checked	4	3	reset	27	35.187	0
10	checked	4	3	reset	28	34.345	0
10	checked	4	3	reset	29	35.567	0
10	checked	4	3	reset	30	35.587	0
10	checked	4	3	reset	31	35.077	0
10	checked	4	3	reset	32	37.32	0
10	checked	4	3	reset	33	36.027	0
10	checked	4	3	reset	34	36.509	0
10	checked	4	3	reset	35	35.006	0
10	checked	4	3	reset	36	36.188	0
10	checked	4	3	reset	37	36.169	0
10	checked	4	3	reset	38	34.235	0
10	checked	4	3	reset	39	35.436	0
10	checked	4	3	reset	40	36.519	0
10	checked	4	3	reset	41	36.379	0
10	checked	4	3	reset	42	36.659	0
10	checked	4	3	reset	43	37.12	0
10	checked	4	3	reset	44	36.499	0
10	checked	4	3	reset	45	34.826	0
10	checked	4	3	reset	46	35.537	0
10	checked	4	3	reset	47	34.676	0
10	checked	4	3	reset	48	34.806	0
10	checked	4	3	reset	49	34.715	0
10	checked	4	3	reset	50	36.85	0
10	checked	4	3	reset	51	34.746	0
10	checked	4	3	reset	52	34.395	0
10	checked	4	3	reset	53	35.958	0
10	checked	4	3	reset	54	34.595	0
10	checked	4	3	reset	55	34.616	0
10	checked	4	3	reset	56	33.814	0
10	checked	4	3	reset	57	36.378	0
10	checked	4	3	reset	58	36.489	0
10	checked	4	3	reset	59	42.03	0
10	checked	4	3	reset	60	36.66	0
10	checked	4	3	reset	61	36.028	0
10	checked	4	3	reset	62	35.948	0
10	checked	4	3	reset	63	52.579	0
10	checked	4	3	reset	64	40.166	0
10	checked	4	3	reset	65	42.239	0
10	checked	4	3	reset	66	37.811	0
10	checked	4	3	reset	67	37.821	0
10	checked	4	3	reset	68	34.375	0
10	checked	4	3	reset	69	35.928	0
10	checked	4	3	reset	70	36.899	0
10	checked	4	3	reset	71	35.386	0
10	checked	4	3	reset	72	39.855	0
10	checked	4	3	reset	73	35.577	0
10	checked	4	3	reset	74	35.608	0
10	checked	4	3	reset	75	34.475	0
10	checked	4	3	reset	76	34.876	0
10	checked	4	3	reset	77	35.247	0
10	checked	4	3	reset	78	37.57	0
10	checked	4	3	reset	79	35.648	0
10	checked	4	3	reset	80	35.427	0
10	checked	4	3	reset	81	35.407	0
10	checked	4	3	reset	82	35.898	0
10	checked	4	3	reset	83	36.278	0
10	checked	4	3	reset	84	35.116	0
10	checked	4	3	reset	85	36.77	0
10	checked	4	3	reset	86	35.487	0
10	checked	4	3	reset	87	34.956	0
10	checked	4	3	reset	88	34.405	0
10	checked	4	3	reset	89	36.93	0
10	checked	4	3	reset	90	35.988	0
10	checked	4	3	reset	91	37.982	0
10	checked	4	3	reset	92	53.651	0
10	checked	4	3	reset	93	34.525	0
10	checked	4	3	reset	94	35.366	0
10	checked	4	3	reset	95	35.336	0
10	checked	4	3	reset	96	35.928	0
10	checked	4	3	reset	97	34.675	0
10	checked	4	3	reset	98	35.087	0
10	checked	4	3	reset	99	35.337	0
10	checked	4	3	reset	100	35.396	0
10	checked	4	3	reset	101	35.407	0
10	checked	4	3	reset	102	35.908	0
10	checked	4	3	reset	103	34.395	0
10	checked	4	3	reset	104	34.766	0
10	checked	4	3	reset	105	34.324	0
10	checked	4	3	reset	106	34.375	0
10	checked	4	3	reset	107	34.916	0
10	checked	4	3	reset	108	35.427	0
10	checked	4	3	reset	109	35.848	0
10	checked	4	3	reset	110	35.577	0
10	checked	4	3	reset	111	35.357	0
10	checked	4	3	reset	112	35.216	0
10	checked	4	3	reset	113	36.679	0
10	checked	4	3	reset	114	35.026	0
10	checked	4	3	reset	115	35.317	0
10	checked	4	3	reset	116	34.806	0
10	checked	4	3	reset	117	35.357	0
10	checked	4	3	reset	118	34.615	0
10	checked	4	3	reset	119	35.246	0
10	checked	4	3	reset	120	35.838	0
10	checked	4	3	reset	121	35.718	0
10	checked	4	3	reset	122	35.577	0
10	checked	4	3	reset	123	35.086	0
10	checked	4	3	reset	124	34.274	0
10	checked	4	3	reset	125	35.126	0
10	checked	4	3	reset	126	35.186	0
10	checked	4	3	reset	127	35.788	0
10	checked	4	3	reset	128	35.947	0
10	checked	4	3	reset	129	35.588	0
10	checked	4	3	reset	130	34.134	0
10	checked	4	3	reset	131	35.156	0
10	checked	4	3	reset	132	35.477	0
10	checked	4	3	reset	133	35.817	0
10	checked	4	3	reset	134	35.197	0
10	checked	4	3	reset	135	35.337	0
10	checked	4	3	reset	136	34.455	0
10	checked	4	3	reset	137	37.28	0
10	checked	4	3	reset	138	35.056	0
10	checked	4	3	reset	139	35.327	0
10	checked	4	3	reset	140	35.637	0
10	checked	4	3	reset	141	35.357	0
10	checked	4	3	reset	142	34.946	0
10	checked	4	3	reset	143	35.006	0
10	checked	4	3	reset	144	35.076	0
10	checked	4	3	reset	145	34.314	0
10	checked	4	3	reset	146	34.725	0
10	checked	4	3	reset	147	35.446	0
10	checked	4	3	reset	148	36.308	0
10	checked	4	3	reset	149	35.066	0
10	checked	4	3	reset	150	35.166	0
10	checked	4	3	reset	151	34.775	0
10	checked	4	3	reset	152	35.136	0
10	checked	4	3	reset	153	35.287	0
10	checked	4	3	reset	154	35.196	0
10	checked	4	3	reset	155	35.457	0
10	checked	4	3	reset	156	34.956	0
10	checked	4	3	reset	157	34.295	0
10	checked	4	3	reset	158	37.761	0
10	checked	4	3	reset	159	35.167	0
10	checked	4	3	reset	160	34.274	0
10	checked	4	3	reset	161	36.89	0
10	checked	4	3	reset	162	34.655	0
10	checked	4	3	reset	163	35.687	0
10	checked	4	3	reset	164	38.833	0
10	checked	4	3	reset	165	38.503	0
10	checked	4	3	reset	166	38.833	0
10	checked	4	3	reset	167	34.134	0
10	checked	4	3	reset	168	34.335	0
10	checked	4	3	reset	169	35.016	0
10	checked	4	3	reset	170	51.497	0
10	checked	4	3	reset	171	37.611	0
10	checked	4	3	reset	172	36.929	0
10	checked	4	3	reset	173	36.268	0
10	checked	4	3	reset	174	35.938	0
10	checked	4	3	reset	175	35.477	0
10	checked	4	3	reset	176	35.978	0
10	checked	4	3	reset	177	34.976	0
10	checked	4	3	reset	178	34.495	0
10	checked	4	3	reset	179	34.065	0
10	checked	4	3	reset	180	34.184	0
10	checked	4	3	reset	181	35.206	0
10	checked	4	3	reset	182	34.284	0
10	checked	4	3	reset	183	35.918	0
10	checked	4	3	reset	184	34.815	0
10	checked	4	3	reset	185	34.275	0
10	checked	4	3	reset	186	35.958	0
10	checked	4	3	reset	187	35.356	0
10	checked	4	3	reset	188	34.966	0
10	checked	4	3	reset	189	37.37	0
10	checked	4	3	reset	190	35.457	0
10	checked	4	3	reset	191	34.656	0
10	checked	4	3	reset	192	35.306	0
10	checked	4	3	reset	193	35.588	0
10	checked	4	3	reset	194	34.966	0
10	checked	4	3	reset	195	35.617	0
10	checked	4	3	reset	196	35.117	0
10	checked	4	3	reset	197	34.926	0
10	checked	4	3	reset	198	34.756	0
10	checked	4	3	reset	199	34.125	0
10	checked	4	3	reset	200	34.725	0
10	checked	4	3	stall	1	166.484	0
10	checked	4	3	stall	2	164.069	0
10	checked	4	3	stall	3	129.885	0
10	unsafe	4	3	reset	1	0.15	0
10	unsafe	4	3	reset	2	0.06	0
10	unsafe	4	3	reset	3	0.101	0
10	unsafe	4	3	reset	4	0.07	0
10	unsafe	4	3	reset	5	0.121	0
10	unsafe	4	3	reset	6	0.12	0
10	unsafe	4	3	reset	7	0.091	0
10	unsafe	4	3	reset	8	0.17	0
10	unsafe	4	3	reset	9	0.071	0
10	unsafe	4	3	reset	10	0.08	0
10	unsafe	4	3	reset	11	0.071	0
10	unsafe	4	3	reset	12	0.08	0
10	unsafe	4	3	reset	13	0.08	0
10	unsafe	4	3	reset	14	0.07	0
10	unsafe	4	3	reset	15	0.07	0
10	unsafe	4	3	reset	16	0.07	0
10	unsafe	4	3	reset	17	0.07	0
10	unsafe	4	3	reset	18	0.08	0
10	unsafe	4	3	reset	19	0.09	0
10	unsafe	4	3	reset	20	0.08	0
10	unsafe	4	3	reset	21	0.07	0
10	unsafe	4	3	reset	22	0.08	0
10	unsafe	4	3	reset	23	0.08	0
10	unsafe	4	3	reset	24	0.06	0
10	unsafe	4	3	reset	25	0.08	0
10	unsafe	4	3	reset	26	0.07	0
10	unsafe	4	3	reset	27	0.06	0
10	unsafe	4	3	reset	28	0.081	0
10	unsafe	4	3	reset	29	0.07	0
10	unsafe	4	3	reset	30	0.07	0
10	unsafe	4	3	reset	31	0.071	0
10	unsafe	4	3	reset	32	0.08	0
10	unsafe	4	3	reset	33	0.07	0
10	unsafe	4	3	reset	34	0.08	0
10	unsafe	4	3	reset	35	0.08	0
10	unsafe	4	3	reset	36	0.06	0
10	unsafe	4	3	reset	37	0.07	0
10	unsafe	4	3	reset	38	0.08	0
10	unsafe	4	3	reset	39	0.06	0
10	unsafe	4	3	reset	40	0.07	0
10	unsafe	4	3	reset	41	0.07	0
10	unsafe	4	3	reset	42	0.08	0
10	unsafe	4	3	reset	43	0.08	0
10	unsafe	4	3	reset	44	0.071	0
10	unsafe	4	3	reset	45	0.07	0
10	unsafe	4	3	reset	46	0.09	0
10	unsafe	4	3	reset	47	0.071	0
10	unsafe	4	3	reset	48	0.07	0
10	unsafe	4	3	reset	49	0.08	0
10	unsafe	4	3	reset	50	0.07	0
10	unsafe	4	3	reset	51	0.101	0
10	unsafe	4	3	reset	52	0.08	0
10	unsafe	4	3	reset	53	0.081	0
10	unsafe	4	3	reset	54	0.09	0
10	unsafe	4	3	reset	55	0.08	0
10	unsafe	4	3	reset	56	0.07	0
10	unsafe	4	3	reset	57	0.07	0
10	unsafe	4	3	reset	58	0.08	0
10	unsafe	4	3	reset	59	0.08	0
10	unsafe	4	3	reset	60	0.07	0
10	unsafe	4	3	reset	61	0.07	0
10	unsafe	4	3	reset	62	0.071	0
10	unsafe	4	3	reset	63	0.07	0
10	unsafe	4	3	reset	64	0.08	0
10	unsafe	4	3	reset	65	0.08	0
10	unsafe	4	3	reset	66	0.07	0
10	unsafe	4	3	reset	67	0.08	0
10	unsafe	4	3	reset	68	0.07	0
10	unsafe	4	3	reset	69	0.08	0
10	unsafe	4	3	reset	70	0.08	0
10	unsafe	4	3	reset	71	0.08	0
10	unsafe	4	3	reset	72	0.07	0
10	unsafe	4	3	reset	73	0.08	0
10	unsafe	4	3	reset	74	0.06	0
10	unsafe	4	3	reset	75	0.081	0
10	unsafe	4	3	reset	76	0.06	0
10	unsafe	4	3	reset	77	0.07	0
10	unsafe	4	3	reset	78	0.08	0
10	unsafe	4	3	reset	79	0.07	0
10	unsafe	4	3	reset	80	0.07	0
10	unsafe	4	3	reset	81	0.071	0
10	unsafe	4	3	reset	82	0.07	0
10	unsafe	4	3	reset	83	0.07	0
10	unsafe	4	3	reset	84	0.09	0
10	unsafe	4	3	reset	85	0.08	0
10	unsafe	4	3	reset	86	0.07	0
10	unsafe	4	3	reset	87	0.08	0
10	unsafe	4	3	reset	88	0.08	0
10	unsafe	4	3	reset	89	0.08	0
10	unsafe	4	3	reset	90	0.07	0
10	unsafe	4	3	reset	91	0.081	0
10	unsafe	4	3	reset	92	0.07	0
10	unsafe	4	3	reset	93	0.08	0
10	unsafe	4	3	reset	94	0.09	0
10	unsafe	4	3	reset	95	0.08	0
10	unsafe	4	3	reset	96	0.08	0
10	unsafe	4	3	reset	97	0.06	0
10	unsafe	4	3	reset	98	0.08	0
10	unsafe	4	3	reset	99	0.07	0
10	unsafe	4	3	reset	100	0.07	0
10	unsafe	4	3	reset	101	0.08	0
10	unsafe	4	3	reset	102	0.08	0
10	unsafe	4	3	reset	103	0.08	0
10	unsafe	4	3	reset	104	0.07	0
10	unsafe	4	3	reset	105	0.07	0
10	unsafe	4	3	reset	106	0.08	0
10	unsafe	4	3	reset	107	0.07	0
10	unsafe	4	3	reset	108	0.07	0
10	unsafe	4	3	reset	109	0.07	0
10	unsafe	4	3	reset	110	0.07	0
10	unsafe	4	3	reset	111	0.07	0
10	unsafe	4	3	reset	112	0.08	0
10	unsafe	4	3	reset	113	0.07	0
10	unsafe	4	3	reset	114	0.08	0
10	unsafe	4	3	reset	115	0.081	0
10	unsafe	4	3	reset	116	0.07	0
10	unsafe	4	3	reset	117	0.07	0
10	unsafe	4	3	reset	118	0.08	0
10	unsafe	4	3	reset	119	0.08	0
10	unsafe	4	3	reset	120	0.08	0
10	unsafe	4	3	reset	121	0.07	0
10	unsafe	4	3	reset	122	0.08	0
10	unsafe	4	3	reset	123	0.07	0
10	unsafe	4	3	reset	124	0.07	0
10	unsafe	4	3	reset	125	0.08	0
10	unsafe	4	3	reset	126	0.07	0
10	unsafe	4	3	reset	127	0.07	0
10	unsafe	4	3	reset	128	0.08	0
10	unsafe	4	3	reset	129	0.07	0
10	unsafe	4	3	reset	130	0.07	0
10	unsafe	4	3	reset	131	0.07	0
10	unsafe	4	3	reset	132	0.08	0
10	unsafe	4	3	reset	133	0.08	0
10	unsafe	4	3	reset	134	0.07	0
10	unsafe	4	3	reset	135	0.071	0
10	unsafe	4	3	reset	136	0.07	0
10	unsafe	4	3	reset	137	0.07	0
10	unsafe	4	3	reset	138	0.07	0
10	unsafe	4	3	reset	139	0.07	0
10	unsafe	4	3	reset	140	0.07	0
10	unsafe	4	3	reset	141	0.07	0
10	unsafe	4	3	reset	142	0.09	0
10	unsafe	4	3	reset	143	0.07	0
10	unsafe	4	3	reset	144	0.08	0
10	unsafe	4	3	reset	145	0.08	0
10	unsafe	4	3	reset	146	0.07	0
10	unsafe	4	3	reset	147	0.071	0
10	unsafe	4	3	reset	148	0.07	0
10	unsafe	4	3	reset	149	0.08	0
10	unsafe	4	3	reset	150	0.071	0
10	unsafe	4	3	reset	151	0.07	0
10	unsafe	4	3	reset	152	0.06	0
10	unsafe	4	3	reset	153	0.081	0
10	unsafe	4	3	reset	154	0.08	0
10	unsafe	4	3	reset	155	0.12	0
10	unsafe	4	3	reset	156	0.07	0
10	unsafe	4	3	reset	157	0.081	0
10	unsafe	4	3	reset	158	0.07	0
10	unsafe	4	3	reset	159	0.06	0
10	unsafe	4	3	reset	160	0.07	0
10	unsafe	4	3	reset	161	0.06	0
10	unsafe	4	3	reset	162	0.08	0
10	unsafe	4	3	reset	163	0.07	0
10	unsafe	4	3	reset	164	0.08	0
10	unsafe	4	3	reset	165	0.081	0
10	unsafe	4	3	reset	166	0.08	0
10	unsafe	4	3	reset	167	0.08	0
10	unsafe	4	3	reset	168	0.07	0
10	unsafe	4	3	reset	169	0.081	0
10	unsafe	4	3	reset	170	0.08	0
10	unsafe	4	3	reset	171	0.08	0
10	unsafe	4	3	reset	172	0.08	0
10	unsafe	4	3	reset	173	0.07	0
10	unsafe	4	3	reset	174	0.08	0
10	unsafe	4	3	reset	175	0.09	0
10	unsafe	4	3	reset	176	0.09	0
10	unsafe	4	3	reset	177	0.08	0
10	unsafe	4	3	reset	178	0.07	0
10	unsafe	4	3	reset	179	0.08	0
10	unsafe	4	3	reset	180	0.07	0
10	unsafe	4	3	reset	181	0.07	0
10	unsafe	4	3	reset	182	0.07	0
10	unsafe	4	3	reset	183	0.08	0
10	unsafe	4	3	reset	184	0.08	0
10	unsafe	4	3	reset	185	0.091	0
10	unsafe	4	3	reset	186	0.121	0
10	unsafe	4	3	reset	187	0.08	0
10	unsafe	4	3	reset	188	0.07	0
10	unsafe	4	3	reset	189	0.07	0
10	unsafe	4	3	reset	190	0.07	0
10	unsafe	4	3	reset	191	0.07	0
10	unsafe	4	3	reset	192	0.071	0
10	unsafe	4	3	reset	193	0.08	0
10	unsafe	4	3	reset	194	0.08	0
10	unsafe	4	3	reset	195	0.08	0
10	unsafe	4	3	reset	196	0.081	0
10	unsafe	4	3	reset	197	0.08	0
10	unsafe	4	3	reset	198	0.07	0
10	unsafe	4	3	reset	199	0.07	0
10	unsafe	4	3	reset	200	0.071	0
10	unsafe	4	3	stall	1	188.636	0
10	unsafe	4	3	stall	2	0.0	0
10	unsafe	4	3	stall	3	0.0	0
10	checked	8	7	reset	1	74.721	0
10	checked	8	7	reset	2	53.691	0
10	checked	8	7	reset	3	49.543	0
10	checked	8	7	reset	4	104.407	0
10	checked	8	7	reset	5	85.131	0
10	checked	8	7	reset	6	49.403	0
10	checked	8	7	reset	7	46.909	0
10	checked	8	7	reset	8	86.853	0
10	checked	8	7	reset	9	82.886	0
10	checked	8	7	reset	10	61.135	0
10	checked	8	7	reset	11	52.82	0
10	checked	8	7	reset	12	54.463	0
10	checked	8	7	reset	13	52.67	0
10	checked	8	7	reset	14	47.409	0
10	checked	8	7	reset	15	46.558	0
10	checked	8	7	reset	16	51.216	0
10	checked	8	7	reset	17	46.658	0
10	checked	8	7	reset	18	49.153	0
10	checked	8	7	reset	19	45.565	0
10	checked	8	7	reset	20	47.199	0
10	checked	8	7	reset	21	54.442	0
10	checked	8	7	reset	22	49.874	0
10	checked	8	7	reset	23	53.561	0
10	checked	8	7	reset	24	47.97	0
10	checked	8	7	reset	25	46.228	0
10	checked	8	7	reset	26	58.871	0
10	checked	8	7	reset	27	51.157	0
10	checked	8	7	reset	28	50.986	0
10	checked	8	7	reset	29	49.242	0
10	checked	8	7	reset	30	48.231	0
10	checked	8	7	reset	31	56.166	0
10	checked	8	7	reset	32	45.516	0
10	checked	8	7	reset	33	47.66	0
10	checked	8	7	reset	34	47.62	0
10	checked	8	7	reset	35	46.147	0
10	checked	8	7	reset	36	55.535	0
10	checked	8	7	reset	37	48.782	0
10	checked	8	7	reset	38	47.389	0
10	checked	8	7	reset	39	46.959	0
10	checked	8	7	reset	40	46.738	0
10	checked	8	7	reset	41	48.452	0
10	checked	8	7	reset	42	45.857	0
10	checked	8	7	reset	43	53.16	0
10	checked	8	7	reset	44	45.085	0
10	checked	8	7	reset	45	46.378	0
10	checked	8	7	reset	46	46.688	0
10	checked	8	7	reset	47	46.047	0
10	checked	8	7	reset	48	43.973	0
10	checked	8	7	reset	49	46.527	0
10	checked	8	7	reset	50	45.295	0
10	checked	8	7	reset	51	48.712	0
10	checked	8	7	reset	52	45.847	0
10	checked	8	7	reset	53	47.209	0
10	checked	8	7	reset	54	46.257	0
10	checked	8	7	reset	55	44.584	0
10	checked	8	7	reset	56	45.055	0
10	checked	8	7	reset	57	46.368	0
10	checked	8	7	reset	58	44.575	0
10	checked	8	7	reset	59	45.115	0
10	checked	8	7	reset	60	45.155	0
10	checked	8	7	reset	61	48.722	0
10	checked	8	7	reset	62	46.187	0
10	checked	8	7	reset	63	50.395	0
10	checked	8	7	reset	64	48.561	0
10	checked	8	7	reset	65	46.948	0
10	checked	8	7	reset	66	48.18	0
10	checked	8	7	reset	67	48.772	0
10	checked	8	7	reset	68	47.61	0
10	checked	8	7	reset	69	44.694	0
10	checked	8	7	reset	70	46.167	0
10	checked	8	7	reset	71	46.608	0
10	checked	8	7	reset	72	49.333	0
10	checked	8	7	reset	73	44.805	0
10	checked	8	7	reset	74	45.696	0
10	checked	8	7	reset	75	49.393	0
10	checked	8	7	reset	76	44.805	0
10	checked	8	7	reset	77	45.165	0
10	checked	8	7	reset	78	46.909	0
10	checked	8	7	reset	79	45.836	0
10	checked	8	7	reset	80	45.656	0
10	checked	8	7	reset	81	46.928	0
10	checked	8	7	reset	82	47.028	0
10	checked	8	7	reset	83	45.295	0
10	checked	8	7	reset	84	46.277	0
10	checked	8	7	reset	85	44.905	0
10	checked	8	7	reset	86	45.867	0
10	checked	8	7	reset	87	44.864	0
10	checked	8	7	reset	88	44.664	0
10	checked	8	7	reset	89	48.261	0
10	checked	8	7	reset	90	46.568	0
10	checked	8	7	reset	91	46.317	0
10	checked	8	7	reset	92	45.847	0
10	checked	8	7	reset	93	44.975	0
10	checked	8	7	reset	94	47.92	0
10	checked	8	7	reset	95	45.626	0
10	checked	8	7	reset	96	46.207	0
10	checked	8	7	reset	97	44.835	0
10	checked	8	7	reset	98	46.107	0
10	checked	8	7	reset	99	47.941	0
10	checked	8	7	reset	100	44.765	0
10	checked	8	7	reset	101	45.887	0
10	checked	8	7	reset	102	44.243	0
10	checked	8	7	reset	103	44.514	0
10	checked	8	7	reset	104	45.065	0
10	checked	8	7	reset	105	45.717	0
10	checked	8	7	reset	106	48.191	0
10	checked	8	7	reset	107	44.324	0
10	checked	8	7	reset	108	43.603	0
10	checked	8	7	reset	109	47.62	0
10	checked	8	7	reset	110	44.985	0
10	checked	8	7	reset	111	47.149	0
10	checked	8	7	reset	112	44.344	0
10	checked	8	7	reset	113	47.56	0
10	checked	8	7	reset	114	44.634	0
10	checked	8	7	reset	115	46.067	0
10	checked	8	7	reset	116	46.427	0
10	checked	8	7	reset	117	45.646	0
10	checked	8	7	reset	118	46.427	0
10	checked	8	7	reset	119	45.014	0
10	checked	8	7	reset	120	44.885	0
10	checked	8	7	reset	121	45.095	0
10	checked	8	7	reset	122	47.399	0
10	checked	8	7	reset	123	44.134	0
10	checked	8	7	reset	124	46.367	0
10	checked	8	7	reset	125	46.017	0
10	checked	8	7	reset	126	47.129	0
10	checked	8	7	reset	127	46.878	0
10	checked	8	7	reset	128	47.76	0
10	checked	8	7	reset	129	46.277	0
10	checked	8	7	reset	130	45.626	0
10	checked	8	7	reset	131	44.144	0
10	checked	8	7	reset	132	46.358	0
10	checked	8	7	reset	133	46.117	0
10	checked	8	7	reset	134	43.191	0
10	checked	8	7	reset	135	45.095	0
10	checked	8	7	reset	136	62.007	0
10	checked	8	7	reset	137	74.039	0
10	checked	8	7	reset	138	45.195	0
10	checked	8	7	reset	139	44.113	0
10	checked	8	7	reset	140	59.612	0
10	checked	8	7	reset	141	45.926	0
10	checked	8	7	reset	142	44.344	0
10	checked	8	7	reset	143	48.591	0
10	checked	8	7	reset	144	45.566	0
10	checked	8	7	reset	145	44.654	0
10	checked	8	7	reset	146	44.594	0
10	checked	8	7	reset	147	45.105	0
10	checked	8	7	reset	148	43.993	0
10	checked	8	7	reset	149	43.953	0
10	checked	8	7	reset	150	46.027	0
10	checked	8	7	reset	151	45.967	0
10	checked	8	7	reset	152	43.843	0
10	checked	8	7	reset	153	45.836	0
10	checked	8	7	reset	154	43.602	0
10	checked	8	7	reset	155	45.746	0
10	checked	8	7	reset	156	44.885	0
10	checked	8	7	reset	157	47.75	0
10	checked	8	7	reset	158	44.013	0
10	checked	8	7	reset	159	44.554	0
10	checked	8	7	reset	160	45.506	0
10	checked	8	7	reset	161	45.266	0
10	checked	8	7	reset	162	43.292	0
10	checked	8	7	reset	163	46.217	0
10	checked	8	7	reset	164	44.123	0
10	checked	8	7	reset	165	44.153	0
10	checked	8	7	reset	166	45.886	0
10	checked	8	7	reset	167	45.796	0
10	checked	8	7	reset	168	40.977	0
10	checked	8	7	reset	169	46.548	0
10	checked	8	7	reset	170	39.795	0
10	checked	8	7	reset	171	43.131	0
10	checked	8	7	reset	172	43.252	0
10	checked	8	7	reset	173	39.665	0
10	checked	8	7	reset	174	42.23	0
10	checked	8	7	reset	175	39.585	0
10	checked	8	7	reset	176	40.757	0
10	checked	8	7	reset	177	40.356	0
10	checked	8	7	reset	178	39.335	0
10	checked	8	7	reset	179	39.255	0
10	checked	8	7	reset	180	39.535	0
10	checked	8	7	reset	181	39.835	0
10	checked	8	7	reset	182	39.193	0
10	checked	8	7	reset	183	39.204	0
10	checked	8	7	reset	184	40.116	0
10	checked	8	7	reset	185	40.817	0
10	checked	8	7	reset	186	39.995	0
10	checked	8	7	reset	187	40.506	0
10	checked	8	7	reset	188	39.214	0
10	checked	8	7	reset	189	40.006	0
10	checked	8	7	reset	190	39.574	0
10	checked	8	7	reset	191	39.204	0
10	checked	8	7	reset	192	39.344	0
10	checked	8	7	reset	193	39.244	0
10	checked	8	7	reset	194	39.955	0
10	checked	8	7	reset	195	42.891	0
10	checked	8	7	reset	196	40.136	0
10	checked	8	7	reset	197	39.084	0
10	checked	8	7	reset	198	39.484	0
10	checked	8	7	reset	199	39.334	0
10	checked	8	7	reset	200	39.224	0
10	checked	8	7	stall	1	83.037	0
10	checked	8	7	stall	2	101.572	0
10	checked	8	7	stall	3	85.691	0
10	checked	8	7	stall	4	83.848	0
10	checked	8	7	stall	5	81.574	0
10	checked	8	7	stall	6	99.618	0
10	checked	8	7	stall	7	92.946	0
10	unsafe	8	7	reset	1	0.151	0
10	unsafe	8	7	reset	2	0.08	0
10	unsafe	8	7	reset	3	0.101	0
10	unsafe	8	7	reset	4	0.151	0
10	unsafe	8	7	reset	5	0.1	0
10	unsafe	8	7	reset	6	0.19	0
10	unsafe	8	7	reset	7	0.08	0
10	unsafe	8	7	reset	8	0.071	0
10	unsafe	8	7	reset	9	0.081	0
10	unsafe	8	7	reset	10	0.09	0
10	unsafe	8	7	reset	11	0.08	0
10	unsafe	8	7	reset	12	0.08	0
10	unsafe	8	7	reset	13	0.08	0
10	unsafe	8	7	reset	14	0.08	0
10	unsafe	8	7	reset	15	0.07	0
10	unsafe	8	7	reset	16	0.07	0
10	unsafe	8	7	reset	17	0.07	0
10	unsafe	8	7	reset	18	0.08	0
10	unsafe	8	7	reset	19	0.07	0
10	unsafe	8	7	reset	20	0.08	0
10	unsafe	8	7	reset	21	0.071	0
10	unsafe	8	7	reset	22	0.07	0
10	unsafe	8	7	reset	23	0.081	0
10	unsafe	8	7	reset	24	0.081	0
10	unsafe	8	7	reset	25	0.07	0
10	unsafe	8	7	reset	26	0.1	0
10	unsafe	8	7	reset	27	0.08	0
10	unsafe	8	7	reset	28	0.07	0
10	unsafe	8	7	reset	29	0.081	0
10	unsafe	8	7	reset	30	0.08	0
10	unsafe	8	7	reset	31	0.07	0
10	unsafe	8	7	reset	32	0.09	0
10	unsafe	8	7	reset	33	0.07	0
10	unsafe	8	7	reset	34	0.1	0
10	unsafe	8	7	reset	35	0.08	0
10	unsafe	8	7	reset	36	0.1	0
10	unsafe	8	7	reset	37	0.09	0
10	unsafe	8	7	reset	38	0.08	0
10	unsafe	8	7	reset	39	0.1	0
10	unsafe	8	7	reset	40	0.081	0
10	unsafe	8	7	reset	41	0.08	0
10	unsafe	8	7	reset	42	0.081	0
10	unsafe	8	7	reset	43	0.08	0
10	unsafe	8	7	reset	44	0.07	0
10	unsafe	8	7	reset	45	0.09	0
10	unsafe	8	7	reset	46	0.08	0
10	unsafe	8	7	reset	47	0.07	0
10	unsafe	8	7	reset	48	0.08	0
10	unsafe	8	7	reset	49	0.07	0
10	unsafe	8	7	reset	50	0.08	0
10	unsafe	8	7	reset	51	0.08	0
10	unsafe	8	7	reset	52	0.08	0
10	unsafe	8	7	reset	53	0.1	0
10	unsafe	8	7	reset	54	0.08	0
10	unsafe	8	7	reset	55	0.07	0
10	unsafe	8	7	reset	56	0.07	0
10	unsafe	8	7	reset	57	0.08	0
10	unsafe	8	7	reset	58	0.07	0
10	unsafe	8	7	reset	59	0.08	0
10	unsafe	8	7	reset	60	0.12	0
10	unsafe	8	7	reset	61	0.08	0
10	unsafe	8	7	reset	62	0.07	0
10	unsafe	8	7	reset	63	0.07	0
10	unsafe	8	7	reset	64	0.08	0
10	unsafe	8	7	reset	65	0.08	0
10	unsafe	8	7	reset	66	0.08	0
10	unsafe	8	7	reset	67	0.07	0
10	unsafe	8	7	reset	68	0.08	0
10	unsafe	8	7	reset	69	0.08	0
10	unsafe	8	7	reset	70	0.07	0
10	unsafe	8	7	reset	71	0.09	0
10	unsafe	8	7	reset	72	0.07	0
10	unsafe	8	7	reset	73	0.08	0
10	unsafe	8	7	reset	74	0.07	0
10	unsafe	8	7	reset	75	0.08	0
10	unsafe	8	7	reset	76	0.091	0
10	unsafe	8	7	reset	77	0.08	0
10	unsafe	8	7	reset	78	0.081	0
10	unsafe	8	7	reset	79	0.09	0
10	unsafe	8	7	reset	80	0.08	0
10	unsafe	8	7	reset	81	0.1	0
10	unsafe	8	7	reset	82	0.07	0
10	unsafe	8	7	reset	83	0.07	0
10	unsafe	8	7	reset	84	0.07	0
10	unsafe	8	7	reset	85	0.08	0
10	unsafe	8	7	reset	86	0.07	0
10	unsafe	8	7	reset	87	0.08	0
10	unsafe	8	7	reset	88	0.08	0
10	unsafe	8	7	reset	89	0.08	0
10	unsafe	8	7	reset	90	0.07	0
10	unsafe	8	7	reset	91	0.1	0
10	unsafe	8	7	reset	92	0.071	0
10	unsafe	8	7	reset	93	0.08	0
10	unsafe	8	7	reset	94	0.09	0
10	unsafe	8	7	reset	95	0.09	0
10	unsafe	8	7	reset	96	0.08	0
10	unsafe	8	7	reset	97	0.071	0
10	unsafe	8	7	reset	98	0.081	0
10	unsafe	8	7	reset	99	0.08	0
10	unsafe	8	7	reset	100	0.08	0
10	unsafe	8	7	reset	101	0.08	0
10	unsafe	8	7	reset	102	0.07	0
10	unsafe	8	7	reset	103	0.08	0
10	unsafe	8	7	reset	104	0.081	0
10	unsafe	8	7	reset	105	0.08	0
10	unsafe	8	7	reset	106	0.08	0
10	unsafe	8	7	reset	107	0.07	0
10	unsafe	8	7	reset	108	0.08	0
10	unsafe	8	7	reset	109	0.09	0
10	unsafe	8	7	reset	110	0.07	0
10	unsafe	8	7	reset	111	0.08	0
10	unsafe	8	7	reset	112	0.081	0
10	unsafe	8	7	reset	113	0.08	0
10	unsafe	8	7	reset	114	0.08	0
10	unsafe	8	7	reset	115	0.1	0
10	unsafe	8	7	reset	116	0.08	0
10	unsafe	8	7	reset	117	0.07	0
10	unsafe	8	7	reset	118	0.07	0
10	unsafe	8	7	reset	119	0.08	0
10	unsafe	8	7	reset	120	0.08	0
10	unsafe	8	7	reset	121	0.071	0
10	unsafe	8	7	reset	122	0.07	0
10	unsafe	8	7	reset	123	0.08	0
10	unsafe	8	7	reset	124	0.08	0
10	unsafe	8	7	reset	125	0.07	0
10	unsafe	8	7	reset	126	0.08	0
10	unsafe	8	7	reset	127	0.08	0
10	unsafe	8	7	reset	128	0.07	0
10	unsafe	8	7	reset	129	0.08	0
10	unsafe	8	7	reset	130	0.07	0
10	unsafe	8	7	reset	131	0.07	0
10	unsafe	8	7	reset	132	0.08	0
10	unsafe	8	7	reset	133	0.081	0
10	unsafe	8	7	reset	134	0.08	0
10	unsafe	8	7	reset	135	0.08	0
10	unsafe	8	7	reset	136	0.08	0
10	unsafe	8	7	reset	137	0.07	0
10	unsafe	8	7	reset	138	0.07	0
10	unsafe	8	7	reset	139	0.08	0
10	unsafe	8	7	reset	140	0.08	0
10	unsafe	8	7	reset	141	0.08	0
10	unsafe	8	7	reset	142	0.07	0
10	unsafe	8	7	reset	143	0.08	0
10	unsafe	8	7	reset	144	0.07	0
10	unsafe	8	7	reset	145	0.08	0
10	unsafe	8	7	reset	146	0.09	0
10	unsafe	8	7	reset	147	0.07	0
10	unsafe	8	7	reset	148	0.09	0
10	unsafe	8	7	reset	149	0.07	0
10	unsafe	8	7	reset	150	0.11	0
10	unsafe	8	7	reset	151	0.09	0
10	unsafe	8	7	reset	152	0.07	0
10	unsafe	8	7	reset	153	0.07	0
10	unsafe	8	7	reset	154	0.081	0
10	unsafe	8	7	reset	155	0.08	0
10	unsafe	8	7	reset	156	0.101	0
10	unsafe	8	7	reset	157	0.08	0
10	unsafe	8	7	reset	158	0.07	0
10	unsafe	8	7	reset	159	0.08	0
10	unsafe	8	7	reset	160	0.07	0
10	unsafe	8	7	reset	161	0.07	0
10	unsafe	8	7	reset	162	0.07	0
10	unsafe	8	7	reset	163	0.08	0
10	unsafe	8	7	reset	164	0.09	0
10	unsafe	8	7	reset	165	0.08	0
10	unsafe	8	7	reset	166	0.07	0
10	unsafe	8	7	reset	167	0.08	0
10	unsafe	8	7	reset	168	0.08	0
10	unsafe	8	7	reset	169	0.07	0
10	unsafe	8	7	reset	170	0.08	0
10	unsafe	8	7	reset	171	0.08	0
10	unsafe	8	7	reset	172	0.07	0
10	unsafe	8	7	reset	173	0.071	0
10	unsafe	8	7	reset	174	0.08	0
10	unsafe	8	7	reset	175	0.09	0
10	unsafe	8	7	reset	176	0.09	0
10	unsafe	8	7	reset	177	0.07	0
10	unsafe	8	7	reset	178	0.08	0
10	unsafe	8	7	reset	179	0.08	0
10	unsafe	8	7	reset	180	0.07	0
10	unsafe	8	7	reset	181	0.11	0
10	unsafe	8	7	reset	182	0.08	0
10	unsafe	8	7	reset	183	0.091	0
10	unsafe	8	7	reset	184	0.07	0
10	unsafe	8	7	reset	185	0.08	0
10	unsafe	8	7	reset	186	0.08	0
10	unsafe	8	7	reset	187	0.08	0
10	unsafe	8	7	reset	188	0.11	0
10	unsafe	8	7	reset	189	0.08	0
10	unsafe	8	7	reset	190	0.11	0
10	unsafe	8	7	reset	191	0.08	0
10	unsafe	8	7	reset	192	0.1	0
10	unsafe	8	7	reset	193	0.07	0
10	unsafe	8	7	reset	194	0.07	0
10	unsafe	8	7	reset	195	0.081	0
10	unsafe	8	7	reset	196	0.07	0
10	unsafe	8	7	reset	197	0.08	0
10	unsafe	8	7	reset	198	0.071	0
10	unsafe	8	7	reset	199	0.08	0
10	unsafe	8	7	reset	200	0.07	0
10	unsafe	8	7	stall	1	0.0	0
10	unsafe	8	7	stall	2	0.0	0
10	unsafe	8	7	stall	3	0.0	0
10	unsafe	8	7	stall	4	0.0	0
10	unsafe	8	7	stall	5	0.0	0
10	unsafe	8	7	stall	6	0.0	0
10	unsafe	8	7	stall	7	0.0	0
10	checked	16	15	reset	1	94.749	0
10	checked	16	15	reset	2	60.064	0
10	checked	16	15	reset	3	61.977	0
10	checked	16	15	reset	4	139.814	0
10	checked	16	15	reset	5	233.921	0
10	checked	16	15	reset	6	49.553	0
10	checked	16	15	reset	7	82.236	0
10	checked	16	15	reset	8	71.545	0
10	checked	16	15	reset	9	80.472	0
10	checked	16	15	reset	10	67.217	0
10	checked	16	15	reset	11	67.537	0
10	checked	16	15	reset	12	70.603	0
10	checked	16	15	reset	13	67.397	0
10	checked	16	15	reset	14	64.482	0
10	checked	16	15	reset	15	67.567	0
10	checked	16	15	reset	16	66.946	0
10	checked	16	15	reset	17	62.928	0
10	checked	16	15	reset	18	65.674	0
10	checked	16	15	reset	19	62.768	0
10	checked	16	15	reset	20	61.145	0
10	checked	16	15	reset	21	77.366	0
10	checked	16	15	reset	22	67.057	0
10	checked	16	15	reset	23	64.381	0
10	checked	16	15	reset	24	66.867	0
10	checked	16	15	reset	25	64.642	0
10	checked	16	15	reset	26	64.351	0
10	checked	16	15	reset	27	67.597	0
10	checked	16	15	reset	28	68.71	0
10	checked	16	15	reset	29	62.127	0
10	checked	16	15	reset	30	61.245	0
10	checked	16	15	reset	31	68.56	0
10	checked	16	15	reset	32	64.632	0
10	checked	16	15	reset	33	64.361	0
10	checked	16	15	reset	34	67.527	0
10	checked	16	15	reset	35	63.039	0
10	checked	16	15	reset	36	65.554	0
10	checked	16	15	reset	37	68.699	0
10	checked	16	15	reset	38	63.791	0
10	checked	16	15	reset	39	68.389	0
10	checked	16	15	reset	40	60.765	0
10	checked	16	15	reset	41	67.687	0
10	checked	16	15	reset	42	65.533	0
10	checked	16	15	reset	43	65.344	0
10	checked	16	15	reset	44	70.273	0
10	checked	16	15	reset	45	63.86	0
10	checked	16	15	reset	46	65.103	0
10	checked	16	15	reset	47	66.195	0
10	checked	16	15	reset	48	66.174	0
10	checked	16	15	reset	49	60.484	0
10	checked	16	15	reset	50	65.143	0
10	checked	16	15	reset	51	74.24	0
10	checked	16	15	reset	52	69.561	0
10	checked	16	15	reset	53	73.428	0
10	checked	16	15	reset	54	69.32	0
10	checked	16	15	reset	55	82.786	0
10	checked	16	15	reset	56	76.615	0
10	checked	16	15	reset	57	68.479	0
10	checked	16	15	reset	58	70.163	0
10	checked	16	15	reset	59	65.003	0
10	checked	16	15	reset	60	72.196	0
10	checked	16	15	reset	61	70.293	0
10	checked	16	15	reset	62	68.85	0
10	checked	16	15	reset	63	67.697	0
10	checked	16	15	reset	64	65.764	0
10	checked	16	15	reset	65	69.691	0
10	checked	16	15	reset	66	69.131	0
10	checked	16	15	reset	67	70.734	0
10	checked	16	15	reset	68	66.796	0
10	checked	16	15	reset	69	69.03	0
10	checked	16	15	reset	70	71.635	0
10	checked	16	15	reset	71	71.224	0
10	checked	16	15	reset	72	66.615	0
10	checked	16	15	reset	73	66.866	0
10	checked	16	15	reset	74	70.213	0
10	checked	16	15	reset	75	69.341	0
10	checked	16	15	reset	76	65.323	0
10	checked	16	15	reset	77	80.863	0
10	checked	16	15	reset	78	68.479	0
10	checked	16	15	reset	79	70.072	0
10	checked	16	15	reset	80	69.471	0
10	checked	16	15	reset	81	70.533	0
10	checked	16	15	reset	82	66.035	0
10	checked	16	15	reset	83	139.574	0
10	checked	16	15	reset	84	71.795	0
10	checked	16	15	reset	85	70.062	0
10	checked	16	15	reset	86	66.555	0
10	checked	16	15	reset	87	68.159	0
10	checked	16	15	reset	88	72.537	0
10	checked	16	15	reset	89	69.571	0
10	checked	16	15	reset	90	65.003	0
10	checked	16	15	reset	91	65.975	0
10	checked	16	15	reset	92	68.63	0
10	checked	16	15	reset	93	70.323	0
10	checked	16	15	reset	94	68.6	0
10	checked	16	15	reset	95	67.908	0
10	checked	16	15	reset	96	74.551	0
10	checked	16	15	reset	97	68.088	0
10	checked	16	15	reset	98	65.183	0
10	checked	16	15	reset	99	70.964	0
10	checked	16	15	reset	100	66.375	0
10	checked	16	15	reset	101	67.648	0
10	checked	16	15	reset	102	69.221	0
10	checked	16	15	reset	103	69.861	0
10	checked	16	15	reset	104	70.403	0
10	checked	16	15	reset	105	64.902	0
10	checked	16	15	reset	106	65.964	0
10	checked	16	15	reset	107	66.756	0
10	checked	16	15	reset	108	68.369	0
10	checked	16	15	reset	109	68.71	0
10	checked	16	15	reset	110	66.145	0
10	checked	16	15	reset	111	66.536	0
10	checked	16	15	reset	112	73.578	0
10	checked	16	15	reset	113	66.536	0
10	checked	16	15	reset	114	72.146	0
10	checked	16	15	reset	115	72.146	0
10	checked	16	15	reset	116	67.998	0
10	checked	16	15	reset	117	98.907	0
10	checked	16	15	reset	118	68.599	0
10	checked	16	15	reset	119	64.312	0
10	checked	16	15	reset	120	66.476	0
10	checked	16	15	reset	121	72.237	0
10	checked	16	15	reset	122	63.159	0
10	checked	16	15	reset	123	91.473	0
10	checked	16	15	reset	124	71.274	0
10	checked	16	15	reset	125	75.322	0
10	checked	16	15	reset	126	67.988	0
10	checked	16	15	reset	127	72.657	0
10	checked	16	15	reset	128	72.206	0
10	checked	16	15	reset	129	72.036	0
10	checked	16	15	reset	130	69.301	0
10	checked	16	15	reset	131	75.733	0
10	checked	16	15	reset	132	68.329	0
10	checked	16	15	reset	133	69.35	0
10	checked	16	15	reset	134	70.613	0
10	checked	16	15	reset	135	66.566	0
10	checked	16	15	reset	136	73.388	0
10	checked	16	15	reset	137	67.066	0
10	checked	16	15	reset	138	66.505	0
10	checked	16	15	reset	139	66.134	0
10	checked	16	15	reset	140	71.785	0
10	checked	16	15	reset	141	70.032	0
10	checked	16	15	reset	142	71.205	0
10	checked	16	15	reset	143	71.915	0
10	checked	16	15	reset	144	68.209	0
10	checked	16	15	reset	145	69.411	0
10	checked	16	15	reset	146	67.388	0
10	checked	16	15	reset	147	68.209	0
10	checked	16	15	reset	148	72.006	0
10	checked	16	15	reset	149	72.798	0
10	checked	16	15	reset	150	73.218	0
10	checked	16	15	reset	151	69.741	0
10	checked	16	15	reset	152	71.555	0
10	checked	16	15	reset	153	71.305	0
10	checked	16	15	reset	154	70.423	0
10	checked	16	15	reset	155	69.06	0
10	checked	16	15	reset	156	69.381	0
10	checked	16	15	reset	157	69.922	0
10	checked	16	15	reset	158	65.764	0
10	checked	16	15	reset	159	70.332	0
10	checked	16	15	reset	160	68.829	0
10	checked	16	15	reset	161	73.017	0
10	checked	16	15	reset	162	65.223	0
10	checked	16	15	reset	163	68.228	0
10	checked	16	15	reset	164	70.403	0
10	checked	16	15	reset	165	69.691	0
10	checked	16	15	reset	166	71.545	0
10	checked	16	15	reset	167	69.731	0
10	checked	16	15	reset	168	68.129	0
10	checked	16	15	reset	169	67.888	0
10	checked	16	15	reset	170	71.305	0
10	checked	16	15	reset	171	67.357	0
10	checked	16	15	reset	172	68.66	0
10	checked	16	15	reset	173	67.747	0
10	checked	16	15	reset	174	67.989	0
10	checked	16	15	reset	175	66.786	0
10	checked	16	15	reset	176	70.974	0
10	checked	16	15	reset	177	63.761	0
10	checked	16	15	reset	178	68.188	0
10	checked	16	15	reset	179	69.351	0
10	checked	16	15	reset	180	67.768	0
10	checked	16	15	reset	181	65.534	0
10	checked	16	15	reset	182	72.096	0
10	checked	16	15	reset	183	67.748	0
10	checked	16	15	reset	184	80.672	0
10	checked	16	15	reset	185	70.102	0
10	checked	16	15	reset	186	71.275	0
10	checked	16	15	reset	187	78.027	0
10	checked	16	15	reset	188	68.55	0
10	checked	16	15	reset	189	70.463	0
10	checked	16	15	reset	190	68.358	0
10	checked	16	15	reset	191	74.521	0
10	checked	16	15	reset	192	65.334	0
10	checked	16	15	reset	193	71.004	0
10	checked	16	15	reset	194	69.421	0
10	checked	16	15	reset	195	71.876	0
10	checked	16	15	reset	196	67.287	0
10	checked	16	15	reset	197	68.649	0
10	checked	16	15	reset	198	67.487	0
10	checked	16	15	reset	199	69.231	0
10	checked	16	15	reset	200	70.032	0
10	checked	16	15	stall	1	129.594	0
10	checked	16	15	stall	2	126.268	0
10	checked	16	15	stall	3	131.187	0
10	checked	16	15	stall	4	126.919	0
10	checked	16	15	stall	5	126.82	0
10	checked	16	15	stall	6	130.095	0
10	checked	16	15	stall	7	130.075	0
10	checked	16	15	stall	8	132.611	0
10	checked	16	15	stall	9	126.208	0
10	checked	16	15	stall	10	129.464	0
10	checked	16	15	stall	11	132.811	0
10	checked	16	15	stall	12	130.316	0
10	checked	16	15	stall	13	130.146	0
10	checked	16	15	stall	14	132.851	0
10	checked	16	15	stall	15	132.39	0
10	unsafe	16	15	reset	1	0.16	0
10	unsafe	16	15	reset	2	0.08	0
10	unsafe	16	15	reset	3	0.08	0
10	unsafe	16	15	reset	4	0.09	0
10	unsafe	16	15	reset	5	0.071	0
10	unsafe	16	15	reset	6	0.09	0
10	unsafe	16	15	reset	7	0.26	0
10	unsafe	16	15	reset	8	0.12	0
10	unsafe	16	15	reset	9	0.13	0
10	unsafe	16	15	reset	10	0.13	0
10	unsafe	16	15	reset	11	0.13	0
10	unsafe	16	15	reset	12	0.13	0
10	unsafe	16	15	reset	13	0.13	0
10	unsafe	16	15	reset	14	0.13	0
10	unsafe	16	15	reset	15	0.13	0
10	unsafe	16	15	reset	16	0.13	0
10	unsafe	16	15	reset	17	0.25	0
10	unsafe	16	15	reset	18	0.13	0
10	unsafe	16	15	reset	19	0.13	0
10	unsafe	16	15	reset	20	0.131	0
10	unsafe	16	15	reset	21	0.13	0
10	unsafe	16	15	reset	22	0.141	0
10	unsafe	16	15	reset	23	0.13	0
10	unsafe	16	15	reset	24	0.16	0
10	unsafe	16	15	reset	25	0.131	0
10	unsafe	16	15	reset	26	0.131	0
10	unsafe	16	15	reset	27	0.13	0
10	unsafe	16	15	reset	28	0.13	0
10	unsafe	16	15	reset	29	0.13	0
10	unsafe	16	15	reset	30	0.131	0
10	unsafe	16	15	reset	31	0.131	0
10	unsafe	16	15	reset	32	0.131	0
10	unsafe	16	15	reset	33	0.13	0
10	unsafe	16	15	reset	34	0.13	0
10	unsafe	16	15	reset	35	0.13	0
10	unsafe	16	15	reset	36	0.131	0
10	unsafe	16	15	reset	37	0.13	0
10	unsafe	16	15	reset	38	0.13	0
10	unsafe	16	15	reset	39	0.13	0
10	unsafe	16	15	reset	40	0.131	0
10	unsafe	16	15	reset	41	0.15	0
10	unsafe	16	15	reset	42	0.13	0
10	unsafe	16	15	reset	43	0.13	0
10	unsafe	16	15	reset	44	0.13	0
10	unsafe	16	15	reset	45	0.13	0
10	unsafe	16	15	reset	46	2.305	0
10	unsafe	16	15	reset	47	0.131	0
10	unsafe	16	15	reset	48	0.09	0
10	unsafe	16	15	reset	49	0.09	0
10	unsafe	16	15	reset	50	0.09	0
10	unsafe	16	15	reset	51	0.09	0
10	unsafe	16	15	reset	52	0.081	0
10	unsafe	16	15	reset	53	0.07	0
10	unsafe	16	15	reset	54	0.07	0
10	unsafe	16	15	reset	55	0.08	0
10	unsafe	16	15	reset	56	0.08	0
10	unsafe	16	15	reset	57	0.08	0
10	unsafe	16	15	reset	58	0.07	0
10	unsafe	16	15	reset	59	0.081	0
10	unsafe	16	15	reset	60	0.08	0
10	unsafe	16	15	reset	61	0.08	0
10	unsafe	16	15	reset	62	0.08	0
10	unsafe	16	15	reset	63	0.08	0
10	unsafe	16	15	reset	64	0.09	0
10	unsafe	16	15	reset	65	0.1	0
10	unsafe	16	15	reset	66	0.08	0
10	unsafe	16	15	reset	67	0.09	0
10	unsafe	16	15	reset	68	0.08	0
10	unsafe	16	15	reset	69	0.09	0
10	unsafe	16	15	reset	70	0.09	0
10	unsafe	16	15	reset	71	0.07	0
10	unsafe	16	15	reset	72	0.09	0
10	unsafe	16	15	reset	73	0.07	0
10	unsafe	16	15	reset	74	0.08	0
10	unsafe	16	15	reset	75	0.081	0
10	unsafe	16	15	reset	76	0.091	0
10	unsafe	16	15	reset	77	0.11	0
10	unsafe	16	15	reset	78	0.071	0
10	unsafe	16	15	reset	79	0.09	0
10	unsafe	16	15	reset	80	0.071	0
10	unsafe	16	15	reset	81	0.07	0
10	unsafe	16	15	reset	82	0.071	0
10	unsafe	16	15	reset	83	0.08	0
10	unsafe	16	15	reset	84	0.08	0
10	unsafe	16	15	reset	85	0.09	0
10	unsafe	16	15	reset	86	0.09	0
10	unsafe	16	15	reset	87	0.08	0
10	unsafe	16	15	reset	88	0.08	0
10	unsafe	16	15	reset	89	0.09	0
10	unsafe	16	15	reset	90	0.09	0
10	unsafe	16	15	reset	91	0.08	0
10	unsafe	16	15	reset	92	0.09	0
10	unsafe	16	15	reset	93	0.09	0
10	unsafe	16	15	reset	94	0.07	0
10	unsafe	16	15	reset	95	0.081	0
10	unsafe	16	15	reset	96	0.091	0
10	unsafe	16	15	reset	97	0.08	0
10	unsafe	16	15	reset	98	0.09	0
10	unsafe	16	15	reset	99	0.08	0
10	unsafe	16	15	reset	100	0.08	0
10	unsafe	16	15	reset	101	0.09	0
10	unsafe	16	15	reset	102	0.081	0
10	unsafe	16	15	reset	103	0.09	0
10	unsafe	16	15	reset	104	0.08	0
10	unsafe	16	15	reset	105	0.09	0
10	unsafe	16	15	reset	106	0.08	0
10	unsafe	16	15	reset	107	0.09	0
10	unsafe	16	15	reset	108	0.09	0
10	unsafe	16	15	reset	109	0.091	0
10	unsafe	16	15	reset	110	0.08	0
10	unsafe	16	15	reset	111	0.09	0
10	unsafe	16	15	reset	112	0.09	0
10	unsafe	16	15	reset	113	0.08	0
10	unsafe	16	15	reset	114	0.09	0
10	unsafe	16	15	reset	115	0.081	0
10	unsafe	16	15	reset	116	0.08	0
10	unsafe	16	15	reset	117	0.07	0
10	unsafe	16	15	reset	118	0.101	0
10	unsafe	16	15	reset	119	0.09	0
10	unsafe	16	15	reset	120	0.09	0
10	unsafe	16	15	reset	121	0.09	0
10	unsafe	16	15	reset	122	0.08	0
10	unsafe	16	15	reset	123	0.071	0
10	unsafe	16	15	reset	124	0.08	0
10	unsafe	16	15	reset	125	0.1	0
10	unsafe	16	15	reset	126	0.08	0
10	unsafe	16	15	reset	127	0.091	0
10	unsafe	16	15	reset	128	0.08	0
10	unsafe	16	15	reset	129	0.101	0
10	unsafe	16	15	reset	130	0.08	0
10	unsafe	16	15	reset	131	0.09	0
10	unsafe	16	15	reset	132	0.09	0
10	unsafe	16	15	reset	133	0.08	0
10	unsafe	16	15	reset	134	0.08	0
10	unsafe	16	15	reset	135	0.09	0
10	unsafe	16	15	reset	136	0.08	0
10	unsafe	16	15	reset	137	0.09	0
10	unsafe	16	15	reset	138	0.08	0
10	unsafe	16	15	reset	139	0.09	0
10	unsafe	16	15	reset	140	0.09	0
10	unsafe	16	15	reset	141	0.08	0
10	unsafe	16	15	reset	142	0.08	0
10	unsafe	16	15	reset	143	0.08	0
10	unsafe	16	15	reset	144	0.07	0
10	unsafe	16	15	reset	145	0.09	0
10	unsafe	16	15	reset	146	0.08	0
10	unsafe	16	15	reset	147	0.09	0
10	unsafe	16	15	reset	148	0.08	0
10	unsafe	16	15	reset	149	0.081	0
10	unsafe	16	15	reset	150	0.08	0
10	unsafe	16	15	reset	151	0.08	0
10	unsafe	16	15	reset	152	0.07	0
10	unsafe	16	15	reset	153	0.09	0
10	unsafe	16	15	reset	154	0.08	0
10	unsafe	16	15	reset	155	0.13	0
10	unsafe	16	15	reset	156	0.15	0
10	unsafe	16	15	reset	157	0.1	0
10	unsafe	16	15	reset	158	0.09	0
10	unsafe	16	15	reset	159	0.08	0
10	unsafe	16	15	reset	160	0.08	0
10	unsafe	16	15	reset	161	0.08	0
10	unsafe	16	15	reset	162	0.07	0
10	unsafe	16	15	reset	163	0.09	0
10	unsafe	16	15	reset	164	0.09	0
10	unsafe	16	15	reset	165	0.08	0
10	unsafe	16	15	reset	166	0.08	0
10	unsafe	16	15	reset	167	0.08	0
10	unsafe	16	15	reset	168	0.08	0
10	unsafe	16	15	reset	169	0.08	0
10	unsafe	16	15	reset	170	0.081	0
10	unsafe	16	15	reset	171	0.08	0
10	unsafe	16	15	reset	172	0.081	0
10	unsafe	16	15	reset	173	0.08	0
10	unsafe	16	15	reset	174	0.09	0
10	unsafe	16	15	reset	175	0.09	0
10	unsafe	16	15	reset	176	0.08	0
10	unsafe	16	15	reset	177	0.08	0
10	unsafe	16	15	reset	178	0.08	0
10	unsafe	16	15	reset	179	0.08	0
10	unsafe	16	15	reset	180	0.08	0
10	unsafe	16	15	reset	181	0.571	0
10	unsafe	16	15	reset	182	0.11	0
10	unsafe	16	15	reset	183	0.08	0
10	unsafe	16	15	reset	184	0.09	0
10	unsafe	16	15	reset	185	0.08	0
10	unsafe	16	15	reset	186	0.08	0
10	unsafe	16	15	reset	187	0.08	0
10	unsafe	16	15	reset	188	0.09	0
10	unsafe	16	15	reset	189	0.08	0
10	unsafe	16	15	reset	190	0.09	0
10	unsafe	16	15	reset	191	0.09	0
10	unsafe	16	15	reset	192	0.081	0
10	unsafe	16	15	reset	193	0.08	0
10	unsafe	16	15	reset	194	0.08	0
10	unsafe	16	15	reset	195	0.08	0
10	unsafe	16	15	reset	196	0.08	0
10	unsafe	16	15	reset	197	0.09	0
10	unsafe	16	15	reset	198	0.08	0
10	unsafe	16	15	reset	199	0.09	0
10	unsafe	16	15	reset	200	0.091	0
10	unsafe	16	15	stall	1	0.0	0
10	unsafe	16	15	stall	2	0.0	0
10	unsafe	16	15	stall	3	0.0	0
10	unsafe	16	15	stall	4	0.0	0
10	unsafe	16	15	stall	5	0.0	0
10	unsafe	16	15	stall	6	0.0	0
10	unsafe	16	15	stall	7	0.0	0
10	unsafe	16	15	stall	8	0.0	0
10	unsafe	16	15	stall	9	0.0	0
10	unsafe	16	15	stall	10	0.0	0
10	unsafe	16	15	stall	11	0.0	0
10	unsafe	16	15	stall	12	0.0	0
10	unsafe	16	15	stall	13	0.0	0
10	unsafe	16	15	stall	14	0.0	0
10	unsafe	16	15	stall	15	0.0	0
10	checked	30	29	reset	1	92.585	0
10	checked	30	29	reset	2	60.284	0
10	checked	30	29	reset	3	83.648	0
10	checked	30	29	reset	4	476.219	0
10	checked	30	29	reset	5	56.957	0
10	checked	30	29	reset	6	161.485	0
10	checked	30	29	reset	7	120.748	0
10	checked	30	29	reset	8	103.776	0
10	checked	30	29	reset	9	111.2	0
10	checked	30	29	reset	10	106.531	0
10	checked	30	29	reset	11	107.363	0
10	checked	30	29	reset	12	202.562	0
10	checked	30	29	reset	13	106.611	0
10	checked	30	29	reset	14	126.899	0
10	checked	30	29	reset	15	111.67	0
10	checked	30	29	reset	16	111.67	0
10	checked	30	29	reset	17	115.848	0
10	checked	30	29	reset	18	150.564	0
10	checked	30	29	reset	19	112.362	0
10	checked	30	29	reset	20	104.016	0
10	checked	30	29	reset	21	107.803	0
10	checked	30	29	reset	22	119.786	0
10	checked	30	29	reset	23	119.676	0
10	checked	30	29	reset	24	106.591	0
10	checked	30	29	reset	25	111.45	0
10	checked	30	29	reset	26	109.547	0
10	checked	30	29	reset	27	98.085	0
10	checked	30	29	reset	28	107.112	0
10	checked	30	29	reset	29	96.643	0
10	checked	30	29	reset	30	101.06	0
10	checked	30	29	reset	31	109.256	0
10	checked	30	29	reset	32	98.185	0
10	checked	30	29	reset	33	105.779	0
10	checked	30	29	reset	34	125.768	0
10	checked	30	29	reset	35	267.004	0
10	checked	30	29	reset	36	120.187	0
10	checked	30	29	reset	37	121.529	0
10	checked	30	29	reset	38	108.966	0
10	checked	30	29	reset	39	105.038	0
10	checked	30	29	reset	40	107.943	0
10	checked	30	29	reset	41	107.863	0
10	checked	30	29	reset	42	109.898	0
10	checked	30	29	reset	43	210.938	0
10	checked	30	29	reset	44	119.365	0
10	checked	30	29	reset	45	117.902	0
10	checked	30	29	reset	46	105.74	0
10	checked	30	29	reset	47	105.98	0
10	checked	30	29	reset	48	112.662	0
10	checked	30	29	reset	49	108.043	0
10	checked	30	29	reset	50	101.001	0
10	checked	30	29	reset	51	3841.937	0
10	checked	30	29	reset	52	104.046	0
10	checked	30	29	reset	53	117.662	0
10	checked	30	29	reset	54	107.283	0
10	checked	30	29	reset	55	204.686	0
10	checked	30	29	reset	56	116.971	0
10	checked	30	29	reset	57	132.219	0
10	checked	30	29	reset	58	185.57	0
10	checked	30	29	reset	59	117.782	0
10	checked	30	29	reset	60	2426.267	0
10	checked	30	29	reset	61	139.543	0
10	checked	30	29	reset	62	111.901	0
10	checked	30	29	reset	63	107.182	0
10	checked	30	29	reset	64	96.783	0
10	checked	30	29	reset	65	101.732	0
10	checked	30	29	reset	66	111.581	0
10	checked	30	29	reset	67	115.247	0
10	checked	30	29	reset	68	106.37	0
10	checked	30	29	reset	69	108.925	0
10	checked	30	29	reset	70	100.119	0
10	checked	30	29	reset	71	110.088	0
10	checked	30	29	reset	72	104.217	0
10	checked	30	29	reset	73	100.199	0
10	checked	30	29	reset	74	103.576	0
10	checked	30	29	reset	75	106.3	0
10	checked	30	29	reset	76	102.523	0
10	checked	30	29	reset	77	112.442	0
10	checked	30	29	reset	78	108.064	0
10	checked	30	29	reset	79	120.607	0
10	checked	30	29	reset	80	104.406	0
10	checked	30	29	reset	81	106.24	0
10	checked	30	29	reset	82	103.545	0
10	checked	30	29	reset	83	104.146	0
10	checked	30	29	reset	84	102.924	0
10	checked	30	29	reset	85	103.495	0
10	checked	30	29	reset	86	105.86	0
10	checked	30	29	reset	87	103.556	0
10	checked	30	29	reset	88	97.153	0
10	checked	30	29	reset	89	111.19	0
10	checked	30	29	reset	90	101.942	0
10	checked	30	29	reset	91	346.854	0
10	checked	30	29	reset	92	115.558	0
10	checked	30	29	reset	93	121.739	0
10	checked	30	29	reset	94	109.556	0
10	checked	30	29	reset	95	100.71	0
10	checked	30	29	reset	96	109.917	0
10	checked	30	29	reset	97	187.594	0
10	checked	30	29	reset	98	209.265	0
10	checked	30	29	reset	99	106.09	0
10	checked	30	29	reset	100	98.585	0
10	checked	30	29	reset	101	127.019	0
10	checked	30	29	reset	102	194.316	0
10	checked	30	29	reset	103	137.73	0
10	checked	30	29	reset	104	149.762	0
10	checked	30	29	reset	105	104.427	0
10	checked	30	29	reset	106	113.424	0
10	checked	30	29	reset	107	108.204	0
10	checked	30	29	reset	108	108.354	0
10	checked	30	29	reset	109	97.163	0
10	checked	30	29	reset	110	97.844	0
10	checked	30	29	reset	111	103.125	0
10	checked	30	29	reset	112	104.717	0
10	checked	30	29	reset	113	104.798	0
10	checked	30	29	reset	114	99.317	0
10	checked	30	29	reset	115	201.921	0
10	checked	30	29	reset	116	120.397	0
10	checked	30	29	reset	117	107.633	0
10	checked	30	29	reset	118	111.48	0
10	checked	30	29	reset	119	192.954	0
10	checked	30	29	reset	120	112.462	0
10	checked	30	29	reset	121	102.524	0
10	checked	30	29	reset	122	104.838	0
10	checked	30	29	reset	123	100.609	0
10	checked	30	29	reset	124	95.981	0
10	checked	30	29	reset	125	123.072	0
10	checked	30	29	reset	126	113.875	0
10	checked	30	29	reset	127	102.202	0
10	checked	30	29	reset	128	104.828	0
10	checked	30	29	reset	129	98.285	0
10	checked	30	29	reset	130	107.102	0
10	checked	30	29	reset	131	105.078	0
10	checked	30	29	reset	132	106.661	0
10	checked	30	29	reset	133	103.625	0
10	checked	30	29	reset	134	107.102	0
10	checked	30	29	reset	135	102.764	0
10	checked	30	29	reset	136	107.202	0
10	checked	30	29	reset	137	104.777	0
10	checked	30	29	reset	138	103.696	0
10	checked	30	29	reset	139	124.004	0
10	checked	30	29	reset	140	103.405	0
10	checked	30	29	reset	141	103.426	0
10	checked	30	29	reset	142	121.389	0
10	checked	30	29	reset	143	102.454	0
10	checked	30	29	reset	144	114.927	0
10	checked	30	29	reset	145	205.127	0
10	checked	30	29	reset	146	209.836	0
10	checked	30	29	reset	147	119.726	0
10	checked	30	29	reset	148	106.25	0
10	checked	30	29	reset	149	112.392	0
10	checked	30	29	reset	150	112.703	0
10	checked	30	29	reset	151	115.568	0
10	checked	30	29	reset	152	123.823	0
10	checked	30	29	reset	153	110.719	0
10	checked	30	29	reset	154	101.973	0
10	checked	30	29	reset	155	101.631	0
10	checked	30	29	reset	156	109.968	0
10	checked	30	29	reset	157	107.773	0
10	checked	30	29	reset	158	106.12	0
10	checked	30	29	reset	159	99.688	0
10	checked	30	29	reset	160	106.391	0
10	checked	30	29	reset	161	97.403	0
10	checked	30	29	reset	162	106.521	0
10	checked	30	29	reset	163	101.231	0
10	checked	30	29	reset	164	105.639	0
10	checked	30	29	reset	165	100.47	0
10	checked	30	29	reset	166	105.188	0
10	checked	30	29	reset	167	99.318	0
10	checked	30	29	reset	168	98.045	0
10	checked	30	29	reset	169	100.279	0
10	checked	30	29	reset	170	122.471	0
10	checked	30	29	reset	171	116.7	0
10	checked	30	29	reset	172	122.782	0
10	checked	30	29	reset	173	165.001	0
10	checked	30	29	reset	174	122.892	0
10	checked	30	29	reset	175	197.933	0
10	checked	30	29	reset	176	109.557	0
10	checked	30	29	reset	177	119.756	0
10	checked	30	29	reset	178	129.955	0
10	checked	30	29	reset	179	99.338	0
10	checked	30	29	reset	180	102.192	0
10	checked	30	29	reset	181	122.771	0
10	checked	30	29	reset	182	104.026	0
10	checked	30	29	reset	183	108.796	0
10	checked	30	29	reset	184	116.19	0
10	checked	30	29	reset	185	104.698	0
10	checked	30	29	reset	186	104.477	0
10	checked	30	29	reset	187	97.925	0
10	checked	30	29	reset	188	110.688	0
10	checked	30	29	reset	189	103.345	0
10	checked	30	29	reset	190	105.519	0
10	checked	30	29	reset	191	111.65	0
10	checked	30	29	reset	192	99.408	0
10	checked	30	29	reset	193	108.474	0
10	checked	30	29	reset	194	102.674	0
10	checked	30	29	reset	195	111.06	0
10	checked	30	29	reset	196	123.392	0
10	checked	30	29	reset	197	106.521	0
10	checked	30	29	reset	198	103.325	0
10	checked	30	29	reset	199	99.739	0
10	checked	30	29	reset	200	103.816	0
10	checked	30	29	stall	1	1999.873	0
10	checked	30	29	stall	2	1861.511	0
10	checked	30	29	stall	3	1006.068	0
10	checked	30	29	stall	4	2050.828	0
10	checked	30	29	stall	5	1072.603	0
10	checked	30	29	stall	6	1074.256	0
10	checked	30	29	stall	7	2724.249	0
10	checked	30	29	stall	8	2935.517	0
10	checked	30	29	stall	9	1218.378	0
10	checked	30	29	stall	10	1092.03	0
10	checked	30	29	stall	11	1858.445	0
10	checked	30	29	stall	12	1161.722	0
10	checked	30	29	stall	13	3830.565	0
10	checked	30	29	stall	14	1926.154	0
10	checked	30	29	stall	15	1928.257	0
10	checked	30	29	stall	16	4212.496	0
10	checked	30	29	stall	17	1077.031	0
10	checked	30	29	stall	18	1803.782	0
10	checked	30	29	stall	19	1014.273	0
10	checked	30	29	stall	20	3830.145	0
10	checked	30	29	stall	21	1882.852	0
10	checked	30	29	stall	22	4532.529	0
10	checked	30	29	stall	23	1133.589	0
10	checked	30	29	stall	24	1110.205	0
10	checked	30	29	stall	25	1892.75	0
10	checked	30	29	stall	26	1008.923	0
10	checked	30	29	stall	27	2787.639	0
10	checked	30	29	stall	28	1864.517	0
10	checked	30	29	stall	29	2033.055	0
10	unsafe	30	29	reset	1	0.32	0
10	unsafe	30	29	reset	2	0.071	0
10	unsafe	30	29	reset	3	0.07	0
10	unsafe	30	29	reset	4	0.071	0
10	unsafe	30	29	reset	5	0.071	0
10	unsafe	30	29	reset	6	0.08	0
10	unsafe	30	29	reset	7	0.39	0
10	unsafe	30	29	reset	8	0.12	0
10	unsafe	30	29	reset	9	0.12	0
10	unsafe	30	29	reset	10	0.14	0
10	unsafe	30	29	reset	11	0.121	0
10	unsafe	30	29	reset	12	0.13	0
10	unsafe	30	29	reset	13	0.131	0
10	unsafe	30	29	reset	14	0.131	0
10	unsafe	30	29	reset	15	0.13	0
10	unsafe	30	29	reset	16	0.13	0
10	unsafe	30	29	reset	17	0.131	0
10	unsafe	30	29	reset	18	0.13	0
10	unsafe	30	29	reset	19	0.141	0
10	unsafe	30	29	reset	20	0.13	0
10	unsafe	30	29	reset	21	0.121	0
10	unsafe	30	29	reset	22	0.13	0
10	unsafe	30	29	reset	23	0.141	0
10	unsafe	30	29	reset	24	0.121	0
10	unsafe	30	29	reset	25	0.13	0
10	unsafe	30	29	reset	26	0.13	0
10	unsafe	30	29	reset	27	0.13	0
10	unsafe	30	29	reset	28	0.121	0
10	unsafe	30	29	reset	29	0.13	0
10	unsafe	30	29	reset	30	0.13	0
10	unsafe	30	29	reset	31	0.13	0
10	unsafe	30	29	reset	32	0.13	0
10	unsafe	30	29	reset	33	0.13	0
10	unsafe	30	29	reset	34	0.12	0
10	unsafe	30	29	reset	35	0.13	0
10	unsafe	30	29	reset	36	0.13	0
10	unsafe	30	29	reset	37	0.12	0
10	unsafe	30	29	reset	38	0.13	0
10	unsafe	30	29	reset	39	0.131	0
10	unsafe	30	29	reset	40	0.131	0
10	unsafe	30	29	reset	41	0.12	0
10	unsafe	30	29	reset	42	0.13	0
10	unsafe	30	29	reset	43	0.14	0
10	unsafe	30	29	reset	44	0.131	0
10	unsafe	30	29	reset	45	0.131	0
10	unsafe	30	29	reset	46	0.121	0
10	unsafe	30	29	reset	47	0.13	0
10	unsafe	30	29	reset	48	0.131	0
10	unsafe	30	29	reset	49	0.13	0
10	unsafe	30	29	reset	50	0.13	0
10	unsafe	30	29	reset	51	0.131	0
10	unsafe	30	29	reset	52	0.13	0
10	unsafe	30	29	reset	53	0.13	0
10	unsafe	30	29	reset	54	0.13	0
10	unsafe	30	29	reset	55	0.12	0
10	unsafe	30	29	reset	56	0.13	0
10	unsafe	30	29	reset	57	0.13	0
10	unsafe	30	29	reset	58	0.13	0
10	unsafe	30	29	reset	59	0.12	0
10	unsafe	30	29	reset	60	0.13	0
10	unsafe	30	29	reset	61	0.13	0
10	unsafe	30	29	reset	62	0.13	0
10	unsafe	30	29	reset	63	0.13	0
10	unsafe	30	29	reset	64	0.131	0
10	unsafe	30	29	reset	65	0.141	0
10	unsafe	30	29	reset	66	0.13	0
10	unsafe	30	29	reset	67	0.131	0
10	unsafe	30	29	reset	68	0.12	0
10	unsafe	30	29	reset	69	0.13	0
10	unsafe	30	29	reset	70	0.12	0
10	unsafe	30	29	reset	71	0.14	0
10	unsafe	30	29	reset	72	0.13	0
10	unsafe	30	29	reset	73	0.13	0
10	unsafe	30	29	reset	74	0.131	0
10	unsafe	30	29	reset	75	0.13	0
10	unsafe	30	29	reset	76	0.13	0
10	unsafe	30	29	reset	77	0.13	0
10	unsafe	30	29	reset	78	0.15	0
10	unsafe	30	29	reset	79	0.15	0
10	unsafe	30	29	reset	80	0.13	0
10	unsafe	30	29	reset	81	0.13	0
10	unsafe	30	29	reset	82	0.14	0
10	unsafe	30	29	reset	83	0.131	0
10	unsafe	30	29	reset	84	0.131	0
10	unsafe	30	29	reset	85	0.121	0
10	unsafe	30	29	reset	86	0.13	0
10	unsafe	30	29	reset	87	0.13	0
10	unsafe	30	29	reset	88	0.151	0
10	unsafe	30	29	reset	89	0.13	0
10	unsafe	30	29	reset	90	0.12	0
10	unsafe	30	29	reset	91	0.12	0
10	unsafe	30	29	reset	92	0.13	0
10	unsafe	30	29	reset	93	0.12	0
10	unsafe	30	29	reset	94	0.131	0
10	unsafe	30	29	reset	95	0.13	0
10	unsafe	30	29	reset	96	0.13	0
10	unsafe	30	29	reset	97	0.13	0
10	unsafe	30	29	reset	98	0.131	0
10	unsafe	30	29	reset	99	0.14	0
10	unsafe	30	29	reset	100	0.131	0
10	unsafe	30	29	reset	101	0.13	0
10	unsafe	30	29	reset	102	0.13	0
10	unsafe	30	29	reset	103	0.13	0
10	unsafe	30	29	reset	104	0.13	0
10	unsafe	30	29	reset	105	0.12	0
10	unsafe	30	29	reset	106	0.131	0
10	unsafe	30	29	reset	107	0.131	0
10	unsafe	30	29	reset	108	0.131	0
10	unsafe	30	29	reset	109	0.13	0
10	unsafe	30	29	reset	110	0.131	0
10	unsafe	30	29	reset	111	0.12	0
10	unsafe	30	29	reset	112	0.12	0
10	unsafe	30	29	reset	113	0.13	0
10	unsafe	30	29	reset	114	0.131	0
10	unsafe	30	29	reset	115	0.131	0
10	unsafe	30	29	reset	116	0.13	0
10	unsafe	30	29	reset	117	0.13	0
10	unsafe	30	29	reset	118	0.13	0
10	unsafe	30	29	reset	119	0.12	0
10	unsafe	30	29	reset	120	0.141	0
10	unsafe	30	29	reset	121	0.13	0
10	unsafe	30	29	reset	122	0.12	0
10	unsafe	30	29	reset	123	0.131	0
10	unsafe	30	29	reset	124	0.13	0
10	unsafe	30	29	reset	125	0.13	0
10	unsafe	30	29	reset	126	0.12	0
10	unsafe	30	29	reset	127	0.13	0
10	unsafe	30	29	reset	128	0.131	0
10	unsafe	30	29	reset	129	0.13	0
10	unsafe	30	29	reset	130	0.13	0
10	unsafe	30	29	reset	131	0.13	0
10	unsafe	30	29	reset	132	0.13	0
10	unsafe	30	29	reset	133	0.131	0
10	unsafe	30	29	reset	134	0.13	0
10	unsafe	30	29	reset	135	0.131	0
10	unsafe	30	29	reset	136	0.13	0
10	unsafe	30	29	reset	137	0.12	0
10	unsafe	30	29	reset	138	0.12	0
10	unsafe	30	29	reset	139	0.13	0
10	unsafe	30	29	reset	140	0.12	0
10	unsafe	30	29	reset	141	0.12	0
10	unsafe	30	29	reset	142	0.13	0
10	unsafe	30	29	reset	143	0.13	0
10	unsafe	30	29	reset	144	0.12	0
10	unsafe	30	29	reset	145	0.13	0
10	unsafe	30	29	reset	146	0.14	0
10	unsafe	30	29	reset	147	0.13	0
10	unsafe	30	29	reset	148	0.131	0
10	unsafe	30	29	reset	149	0.13	0
10	unsafe	30	29	reset	150	0.12	0
10	unsafe	30	29	reset	151	0.13	0
10	unsafe	30	29	reset	152	0.121	0
10	unsafe	30	29	reset	153	0.13	0
10	unsafe	30	29	reset	154	0.13	0
10	unsafe	30	29	reset	155	0.12	0
10	unsafe	30	29	reset	156	0.121	0
10	unsafe	30	29	reset	157	0.13	0
10	unsafe	30	29	reset	158	0.131	0
10	unsafe	30	29	reset	159	0.13	0
10	unsafe	30	29	reset	160	0.13	0
10	unsafe	30	29	reset	161	0.121	0
10	unsafe	30	29	reset	162	0.13	0
10	unsafe	30	29	reset	163	0.13	0
10	unsafe	30	29	reset	164	0.131	0
10	unsafe	30	29	reset	165	0.131	0
10	unsafe	30	29	reset	166	0.13	0
10	unsafe	30	29	reset	167	0.13	0
10	unsafe	30	29	reset	168	0.121	0
10	unsafe	30	29	reset	169	0.141	0
10	unsafe	30	29	reset	170	0.13	0
10	unsafe	30	29	reset	171	0.13	0
10	unsafe	30	29	reset	172	0.13	0
10	unsafe	30	29	reset	173	0.181	0
10	unsafe	30	29	reset	174	0.12	0
10	unsafe	30	29	reset	175	0.12	0
10	unsafe	30	29	reset	176	0.13	0
10	unsafe	30	29	reset	177	0.12	0
10	unsafe	30	29	reset	178	0.131	0
10	unsafe	30	29	reset	179	0.13	0
10	unsafe	30	29	reset	180	0.131	0
10	unsafe	30	29	reset	181	0.131	0
10	unsafe	30	29	reset	182	0.131	0
10	unsafe	30	29	reset	183	0.131	0
10	unsafe	30	29	reset	184	0.12	0
10	unsafe	30	29	reset	185	0.12	0
10	unsafe	30	29	reset	186	0.131	0
10	unsafe	30	29	reset	187	0.13	0
10	unsafe	30	29	reset	188	0.13	0
10	unsafe	30	29	reset	189	0.13	0
10	unsafe	30	29	reset	190	0.13	0
10	unsafe	30	29	reset	191	0.13	0
10	unsafe	30	29	reset	192	0.13	0
10	unsafe	30	29	reset	193	0.13	0
10	unsafe	30	29	reset	194	0.13	0
10	unsafe	30	29	reset	195	0.131	0
10	unsafe	30	29	reset	196	0.131	0
10	unsafe	30	29	reset	197	0.12	0
10	unsafe	30	29	reset	198	0.13	0
10	unsafe	30	29	reset	199	0.12	0
10	unsafe	30	29	reset	200	0.121	0
10	unsafe	30	29	stall	1	0.0	0
10	unsafe	30	29	stall	2	0.0	0
10	unsafe	30	29	stall	3	0.0	0
10	unsafe	30	29	stall	4	0.0	0
10	unsafe	30	29	stall	5	0.0	0
10	unsafe	30	29	stall	6	0.0	0
10	unsafe	30	29	stall	7	0.0	0
10	unsafe	30	29	stall	8	0.0	0
10	unsafe	30	29	stall	9	3003.125	0
10	unsafe	30	29	stall	10	463.134	0
10	unsafe	30	29	stall	11	4003.933	0
10	unsafe	30	29	stall	12	0.0	0
10	unsafe	30	29	stall	13	294.155	0
10	unsafe	30	29	stall	14	3003.536	0
10	unsafe	30	29	stall	15	0.0	0
10	unsafe	30	29	stall	16	5002.597	0
10	unsafe	30	29	stall	17	774.251	0
10	unsafe	30	29	stall	18	0.0	0
10	unsafe	30	29	stall	19	0.0	0
10	unsafe	30	29	stall	20	0.0	0
10	unsafe	30	29	stall	21	1564.972	0
10	unsafe	30	29	stall	22	0.0	0
10	unsafe	30	29	stall	23	0.0	0
10	unsafe	30	29	stall	24	0.0	0
10	unsafe	30	29	stall	25	0.0	0
10	unsafe	30	29	stall	26	0.0	0
10	unsafe	30	29	stall	27	0.0	0
10	unsafe	30	29	stall	28	296.249	0
10	unsafe	30	29	stall	29	462.312	0
